BEGIN;

-- ═══════════════════════════════════════════════════════════════════════════════
-- CREACIÓN DE ESQUEMA (idempotente — funciona en instalación nueva y existente)
-- Si las tablas ya existen se omiten sin error. No es necesario correr las
-- migraciones de Prisma por separado antes de ejecutar este archivo.
-- ═══════════════════════════════════════════════════════════════════════════════

CREATE EXTENSION IF NOT EXISTS "pgcrypto";

-- Tipos enumerados
DO $$ BEGIN CREATE TYPE "Rol"              AS ENUM ('admin','director','vigilante','alumno','apoderado','docente');    EXCEPTION WHEN duplicate_object THEN NULL; END $$;
DO $$ BEGIN CREATE TYPE "Turno"            AS ENUM ('manana','tarde');                                                  EXCEPTION WHEN duplicate_object THEN NULL; END $$;
DO $$ BEGIN CREATE TYPE "Area"             AS ENUM ('ciencias','letras','medicas');                                     EXCEPTION WHEN duplicate_object THEN NULL; END $$;
DO $$ BEGIN CREATE TYPE "TipoPersona"      AS ENUM ('alumno','docente');                                               EXCEPTION WHEN duplicate_object THEN NULL; END $$;
DO $$ BEGIN CREATE TYPE "TipoRecurso"      AS ENUM ('pdf','video','enlace','iframe');                                  EXCEPTION WHEN duplicate_object THEN NULL; END $$;
DO $$ BEGIN CREATE TYPE "TipoDestinatario" AS ENUM ('todos','seccion','alumnos','apoderados','docentes','usuario');    EXCEPTION WHEN duplicate_object THEN NULL; END $$;
DO $$ BEGIN CREATE TYPE "CanalEnvio"       AS ENUM ('whatsapp','sms','sistema');                                       EXCEPTION WHEN duplicate_object THEN NULL; END $$;
DO $$ BEGIN CREATE TYPE "EstadoEnvio"      AS ENUM ('pendiente','enviado','fallido');                                  EXCEPTION WHEN duplicate_object THEN NULL; END $$;

-- Tablas
CREATE TABLE IF NOT EXISTS "usuarios" (
    "id"            UUID         NOT NULL DEFAULT gen_random_uuid(),
    "email"         VARCHAR(150) NOT NULL,
    "password_hash" VARCHAR(255) NOT NULL,
    "rol"           "Rol"        NOT NULL,
    "nombre"        VARCHAR(100),
    "apellidos"     VARCHAR(150),
    "dni"           VARCHAR(12),
    "activo"        BOOLEAN      NOT NULL DEFAULT true,
    "created_at"    TIMESTAMPTZ  NOT NULL DEFAULT NOW(),
    "updated_at"    TIMESTAMPTZ  NOT NULL DEFAULT NOW(),
    "deleted_at"    TIMESTAMPTZ,
    CONSTRAINT "usuarios_pkey" PRIMARY KEY ("id")
);
CREATE UNIQUE INDEX IF NOT EXISTS "usuarios_email_key" ON "usuarios"("email");
CREATE UNIQUE INDEX IF NOT EXISTS "usuarios_dni_key"   ON "usuarios"("dni");

CREATE TABLE IF NOT EXISTS "carreras" (
    "id"     UUID         NOT NULL DEFAULT gen_random_uuid(),
    "nombre" VARCHAR(100) NOT NULL,
    "area"   "Area"       NOT NULL,
    "activo" BOOLEAN      NOT NULL DEFAULT true,
    CONSTRAINT "carreras_pkey" PRIMARY KEY ("id")
);

CREATE TABLE IF NOT EXISTS "ciclos" (
    "id"           UUID         NOT NULL DEFAULT gen_random_uuid(),
    "nombre"       VARCHAR(100) NOT NULL,
    "fecha_inicio" DATE         NOT NULL,
    "fecha_fin"    DATE         NOT NULL,
    "activo"       BOOLEAN      NOT NULL DEFAULT false,
    "created_at"   TIMESTAMPTZ  NOT NULL DEFAULT NOW(),
    CONSTRAINT "ciclos_pkey" PRIMARY KEY ("id")
);

CREATE TABLE IF NOT EXISTS "aulas" (
    "id"          UUID        NOT NULL DEFAULT gen_random_uuid(),
    "ciclo_id"    UUID        NOT NULL,
    "nombre"      VARCHAR(20) NOT NULL,
    "turno"       "Turno"     NOT NULL,
    "area"        "Area"      NOT NULL,
    "cupo_maximo" INTEGER     NOT NULL DEFAULT 40,
    "created_at"  TIMESTAMPTZ NOT NULL DEFAULT NOW(),
    CONSTRAINT "aulas_pkey" PRIMARY KEY ("id")
);

CREATE TABLE IF NOT EXISTS "cursos" (
    "id"     UUID         NOT NULL DEFAULT gen_random_uuid(),
    "nombre" VARCHAR(100) NOT NULL,
    "codigo" VARCHAR(20)  NOT NULL,
    "activo" BOOLEAN      NOT NULL DEFAULT true,
    CONSTRAINT "cursos_pkey" PRIMARY KEY ("id")
);
CREATE UNIQUE INDEX IF NOT EXISTS "cursos_codigo_key" ON "cursos"("codigo");

CREATE TABLE IF NOT EXISTS "alumnos" (
    "id"               UUID         NOT NULL DEFAULT gen_random_uuid(),
    "usuario_id"       UUID         NOT NULL,
    "dni"              VARCHAR(12)  NOT NULL,
    "nombre"           VARCHAR(100) NOT NULL,
    "apellidos"        VARCHAR(150) NOT NULL,
    "fecha_nacimiento" DATE,
    "telefono"         VARCHAR(20),
    "codigo_barras"    VARCHAR(6)   NOT NULL,
    "foto_url"         VARCHAR(500),
    "aula_id"          UUID,
    "carrera_id"       UUID,
    "created_at"       TIMESTAMPTZ  NOT NULL DEFAULT NOW(),
    "updated_at"       TIMESTAMPTZ  NOT NULL DEFAULT NOW(),
    "deleted_at"       TIMESTAMPTZ,
    CONSTRAINT "alumnos_pkey" PRIMARY KEY ("id")
);
CREATE UNIQUE INDEX IF NOT EXISTS "alumnos_usuario_id_key"    ON "alumnos"("usuario_id");
CREATE UNIQUE INDEX IF NOT EXISTS "alumnos_dni_key"           ON "alumnos"("dni");
CREATE UNIQUE INDEX IF NOT EXISTS "alumnos_codigo_barras_key" ON "alumnos"("codigo_barras");

CREATE TABLE IF NOT EXISTS "apoderados" (
    "id"                UUID         NOT NULL DEFAULT gen_random_uuid(),
    "usuario_id"        UUID         NOT NULL,
    "nombre"            VARCHAR(100) NOT NULL,
    "apellidos"         VARCHAR(150) NOT NULL,
    "dni"               VARCHAR(12)  NOT NULL,
    "telefono_whatsapp" VARCHAR(20)  NOT NULL,
    "created_at"        TIMESTAMPTZ  NOT NULL DEFAULT NOW(),
    "deleted_at"        TIMESTAMPTZ,
    CONSTRAINT "apoderados_pkey" PRIMARY KEY ("id")
);
CREATE UNIQUE INDEX IF NOT EXISTS "apoderados_usuario_id_key" ON "apoderados"("usuario_id");
CREATE UNIQUE INDEX IF NOT EXISTS "apoderados_dni_key"        ON "apoderados"("dni");

CREATE TABLE IF NOT EXISTS "alumnos_apoderados" (
    "alumno_id"    UUID        NOT NULL,
    "apoderado_id" UUID        NOT NULL,
    "parentesco"   VARCHAR(50) NOT NULL,
    "es_principal" BOOLEAN     NOT NULL DEFAULT false,
    CONSTRAINT "alumnos_apoderados_pkey" PRIMARY KEY ("alumno_id", "apoderado_id")
);

CREATE TABLE IF NOT EXISTS "docentes" (
    "id"                UUID         NOT NULL DEFAULT gen_random_uuid(),
    "usuario_id"        UUID         NOT NULL,
    "dni"               VARCHAR(12)  NOT NULL,
    "nombre"            VARCHAR(100) NOT NULL,
    "apellidos"         VARCHAR(150) NOT NULL,
    "especialidad"      VARCHAR(100),
    "telefono_whatsapp" VARCHAR(20),
    "foto_url"          VARCHAR(500),
    "created_at"        TIMESTAMPTZ  NOT NULL DEFAULT NOW(),
    "deleted_at"        TIMESTAMPTZ,
    CONSTRAINT "docentes_pkey" PRIMARY KEY ("id")
);
CREATE UNIQUE INDEX IF NOT EXISTS "docentes_usuario_id_key" ON "docentes"("usuario_id");
CREATE UNIQUE INDEX IF NOT EXISTS "docentes_dni_key"        ON "docentes"("dni");

CREATE TABLE IF NOT EXISTS "horarios" (
    "id"          UUID        NOT NULL DEFAULT gen_random_uuid(),
    "aula_id"     UUID        NOT NULL,
    "curso_id"    UUID        NOT NULL,
    "docente_id"  UUID        NOT NULL,
    "dia_semana"  SMALLINT    NOT NULL,
    "hora_inicio" TIME        NOT NULL,
    "hora_fin"    TIME        NOT NULL,
    "publicado"   BOOLEAN     NOT NULL DEFAULT false,
    "created_at"  TIMESTAMPTZ NOT NULL DEFAULT NOW(),
    CONSTRAINT "horarios_pkey" PRIMARY KEY ("id")
);

-- Recesos: una pausa por aula y día (recurrente semana a semana). Bloquea la
-- asignación de clases que se solapen (validado en el backend).
CREATE TABLE IF NOT EXISTS "recesos" (
    "id"          UUID        NOT NULL DEFAULT gen_random_uuid(),
    "aula_id"     UUID        NOT NULL,
    "dia_semana"  SMALLINT    NOT NULL,
    "hora_inicio" TIME        NOT NULL,
    "hora_fin"    TIME        NOT NULL,
    "created_at"  TIMESTAMPTZ NOT NULL DEFAULT NOW(),
    CONSTRAINT "recesos_pkey" PRIMARY KEY ("id"),
    CONSTRAINT "recesos_aula_dia_unique" UNIQUE ("aula_id", "dia_semana"),
    CONSTRAINT "recesos_aula_fkey" FOREIGN KEY ("aula_id") REFERENCES "aulas"("id") ON DELETE CASCADE
);

CREATE TABLE IF NOT EXISTS "asistencias" (
    "id"                  UUID          NOT NULL DEFAULT gen_random_uuid(),
    "tipo_persona"        "TipoPersona" NOT NULL,
    "alumno_id"           UUID,
    "docente_id"          UUID,
    "fecha"               DATE          NOT NULL,
    "hora_ingreso"        TIMESTAMPTZ   NOT NULL,
    "es_tardanza"         BOOLEAN       NOT NULL DEFAULT false,
    "es_manual"           BOOLEAN       NOT NULL DEFAULT false,
    "es_ausente"          BOOLEAN       NOT NULL DEFAULT false,
    "motivo_manual"       TEXT,
    "justificacion_razon" TEXT,
    "justificacion_doc"   TEXT,
    "registrado_por"      UUID          NOT NULL,
    "created_at"          TIMESTAMPTZ   NOT NULL DEFAULT NOW(),
    CONSTRAINT "asistencias_pkey" PRIMARY KEY ("id")
);

CREATE TABLE IF NOT EXISTS "turnos_config" (
    "id"                  UUID    NOT NULL DEFAULT gen_random_uuid(),
    "turno"               "Turno" NOT NULL,
    "hora_entrada"        TIME(6) NOT NULL,
    "hora_limite_puntual" TIME(6) NOT NULL,
    "hora_fin"            TIME(6) NOT NULL,
    "activo"              BOOLEAN NOT NULL DEFAULT true,
    CONSTRAINT "turnos_config_pkey" PRIMARY KEY ("id")
);
CREATE UNIQUE INDEX IF NOT EXISTS "turnos_config_turno_key" ON "turnos_config"("turno");

CREATE TABLE IF NOT EXISTS "comunicados" (
    "id"                UUID               NOT NULL DEFAULT gen_random_uuid(),
    "titulo"            VARCHAR(200)       NOT NULL,
    "cuerpo"            TEXT               NOT NULL,
    "adjunto_url"       VARCHAR(500),
    "destinatario_tipo" "TipoDestinatario" NOT NULL,
    "aula_id"           UUID,
    "canal_sistema"     BOOLEAN            NOT NULL DEFAULT true,
    "canal_whatsapp"    BOOLEAN            NOT NULL DEFAULT false,
    "publicado_por"     UUID               NOT NULL,
    "publicado_at"      TIMESTAMPTZ,
    "created_at"        TIMESTAMPTZ        NOT NULL DEFAULT NOW(),
    CONSTRAINT "comunicados_pkey" PRIMARY KEY ("id")
);

CREATE TABLE IF NOT EXISTS "comunicados_envios" (
    "id"            UUID          NOT NULL DEFAULT gen_random_uuid(),
    "comunicado_id" UUID          NOT NULL,
    "usuario_id"    UUID          NOT NULL,
    "canal"         "CanalEnvio"  NOT NULL,
    "estado"        "EstadoEnvio" NOT NULL DEFAULT 'pendiente',
    "enviado_at"    TIMESTAMPTZ,
    "error_detalle" TEXT,
    CONSTRAINT "comunicados_envios_pkey" PRIMARY KEY ("id")
);

CREATE TABLE IF NOT EXISTS "recursos_biblioteca" (
    "id"          UUID          NOT NULL DEFAULT gen_random_uuid(),
    "titulo"      VARCHAR(200)  NOT NULL,
    "descripcion" TEXT,
    "tipo"        "TipoRecurso" NOT NULL,
    "url"         VARCHAR(500)  NOT NULL,
    "curso_id"    UUID,
    "nivel"       VARCHAR(50),
    "activo"      BOOLEAN       NOT NULL DEFAULT true,
    "descargas"   INTEGER       NOT NULL DEFAULT 0,
    "subido_por"  UUID          NOT NULL,
    "created_at"  TIMESTAMPTZ   NOT NULL DEFAULT NOW(),
    CONSTRAINT "recursos_biblioteca_pkey" PRIMARY KEY ("id")
);

CREATE TABLE IF NOT EXISTS "refresh_tokens" (
    "id"         UUID         NOT NULL DEFAULT gen_random_uuid(),
    "usuario_id" UUID         NOT NULL,
    "token_hash" VARCHAR(255) NOT NULL,
    "expires_at" TIMESTAMPTZ  NOT NULL,
    "created_at" TIMESTAMPTZ  NOT NULL DEFAULT NOW(),
    CONSTRAINT "refresh_tokens_pkey" PRIMARY KEY ("id")
);
CREATE INDEX IF NOT EXISTS "idx_refresh_tokens_usuario_id" ON "refresh_tokens"("usuario_id");

-- Claves foráneas
DO $$ BEGIN ALTER TABLE "aulas"               ADD CONSTRAINT "aulas_ciclo_id_fkey"                   FOREIGN KEY ("ciclo_id")       REFERENCES "ciclos"("id")       ON DELETE RESTRICT  ON UPDATE CASCADE; EXCEPTION WHEN duplicate_object THEN NULL; END $$;
DO $$ BEGIN ALTER TABLE "alumnos"             ADD CONSTRAINT "alumnos_usuario_id_fkey"               FOREIGN KEY ("usuario_id")     REFERENCES "usuarios"("id")     ON DELETE RESTRICT  ON UPDATE CASCADE; EXCEPTION WHEN duplicate_object THEN NULL; END $$;
DO $$ BEGIN ALTER TABLE "alumnos"             ADD CONSTRAINT "alumnos_aula_id_fkey"                  FOREIGN KEY ("aula_id")        REFERENCES "aulas"("id")        ON DELETE SET NULL  ON UPDATE CASCADE; EXCEPTION WHEN duplicate_object THEN NULL; END $$;
DO $$ BEGIN ALTER TABLE "alumnos"             ADD CONSTRAINT "alumnos_carrera_id_fkey"               FOREIGN KEY ("carrera_id")     REFERENCES "carreras"("id")     ON DELETE SET NULL  ON UPDATE CASCADE; EXCEPTION WHEN duplicate_object THEN NULL; END $$;
DO $$ BEGIN ALTER TABLE "apoderados"          ADD CONSTRAINT "apoderados_usuario_id_fkey"            FOREIGN KEY ("usuario_id")     REFERENCES "usuarios"("id")     ON DELETE RESTRICT  ON UPDATE CASCADE; EXCEPTION WHEN duplicate_object THEN NULL; END $$;
DO $$ BEGIN ALTER TABLE "alumnos_apoderados"  ADD CONSTRAINT "alumnos_apoderados_alumno_id_fkey"     FOREIGN KEY ("alumno_id")      REFERENCES "alumnos"("id")      ON DELETE RESTRICT  ON UPDATE CASCADE; EXCEPTION WHEN duplicate_object THEN NULL; END $$;
DO $$ BEGIN ALTER TABLE "alumnos_apoderados"  ADD CONSTRAINT "alumnos_apoderados_apoderado_id_fkey"  FOREIGN KEY ("apoderado_id")   REFERENCES "apoderados"("id")   ON DELETE RESTRICT  ON UPDATE CASCADE; EXCEPTION WHEN duplicate_object THEN NULL; END $$;
DO $$ BEGIN ALTER TABLE "docentes"            ADD CONSTRAINT "docentes_usuario_id_fkey"              FOREIGN KEY ("usuario_id")     REFERENCES "usuarios"("id")     ON DELETE RESTRICT  ON UPDATE CASCADE; EXCEPTION WHEN duplicate_object THEN NULL; END $$;
DO $$ BEGIN ALTER TABLE "horarios"            ADD CONSTRAINT "horarios_aula_id_fkey"                 FOREIGN KEY ("aula_id")        REFERENCES "aulas"("id")        ON DELETE RESTRICT  ON UPDATE CASCADE; EXCEPTION WHEN duplicate_object THEN NULL; END $$;
DO $$ BEGIN ALTER TABLE "horarios"            ADD CONSTRAINT "horarios_curso_id_fkey"                FOREIGN KEY ("curso_id")       REFERENCES "cursos"("id")       ON DELETE RESTRICT  ON UPDATE CASCADE; EXCEPTION WHEN duplicate_object THEN NULL; END $$;
DO $$ BEGIN ALTER TABLE "horarios"            ADD CONSTRAINT "horarios_docente_id_fkey"              FOREIGN KEY ("docente_id")     REFERENCES "docentes"("id")     ON DELETE RESTRICT  ON UPDATE CASCADE; EXCEPTION WHEN duplicate_object THEN NULL; END $$;
DO $$ BEGIN ALTER TABLE "asistencias"         ADD CONSTRAINT "asistencias_alumno_id_fkey"            FOREIGN KEY ("alumno_id")      REFERENCES "alumnos"("id")      ON DELETE SET NULL  ON UPDATE CASCADE; EXCEPTION WHEN duplicate_object THEN NULL; END $$;
DO $$ BEGIN ALTER TABLE "asistencias"         ADD CONSTRAINT "asistencias_docente_id_fkey"           FOREIGN KEY ("docente_id")     REFERENCES "docentes"("id")     ON DELETE SET NULL  ON UPDATE CASCADE; EXCEPTION WHEN duplicate_object THEN NULL; END $$;
DO $$ BEGIN ALTER TABLE "asistencias"         ADD CONSTRAINT "asistencias_registrado_por_fkey"       FOREIGN KEY ("registrado_por") REFERENCES "usuarios"("id")     ON DELETE RESTRICT  ON UPDATE CASCADE; EXCEPTION WHEN duplicate_object THEN NULL; END $$;
DO $$ BEGIN ALTER TABLE "comunicados"         ADD CONSTRAINT "comunicados_publicado_por_fkey"        FOREIGN KEY ("publicado_por")  REFERENCES "usuarios"("id")     ON DELETE RESTRICT  ON UPDATE CASCADE; EXCEPTION WHEN duplicate_object THEN NULL; END $$;
DO $$ BEGIN ALTER TABLE "comunicados"         ADD CONSTRAINT "comunicados_aula_id_fkey"              FOREIGN KEY ("aula_id")        REFERENCES "aulas"("id")        ON DELETE SET NULL  ON UPDATE CASCADE; EXCEPTION WHEN duplicate_object THEN NULL; END $$;
DO $$ BEGIN ALTER TABLE "comunicados_envios"  ADD CONSTRAINT "comunicados_envios_comunicado_id_fkey" FOREIGN KEY ("comunicado_id")  REFERENCES "comunicados"("id")  ON DELETE RESTRICT  ON UPDATE CASCADE; EXCEPTION WHEN duplicate_object THEN NULL; END $$;
DO $$ BEGIN ALTER TABLE "comunicados_envios"  ADD CONSTRAINT "comunicados_envios_usuario_id_fkey"    FOREIGN KEY ("usuario_id")     REFERENCES "usuarios"("id")     ON DELETE RESTRICT  ON UPDATE CASCADE; EXCEPTION WHEN duplicate_object THEN NULL; END $$;
DO $$ BEGIN ALTER TABLE "recursos_biblioteca" ADD CONSTRAINT "recursos_biblioteca_curso_id_fkey"     FOREIGN KEY ("curso_id")       REFERENCES "cursos"("id")       ON DELETE SET NULL  ON UPDATE CASCADE; EXCEPTION WHEN duplicate_object THEN NULL; END $$;
DO $$ BEGIN ALTER TABLE "recursos_biblioteca" ADD CONSTRAINT "recursos_biblioteca_subido_por_fkey"   FOREIGN KEY ("subido_por")     REFERENCES "usuarios"("id")     ON DELETE RESTRICT  ON UPDATE CASCADE; EXCEPTION WHEN duplicate_object THEN NULL; END $$;
DO $$ BEGIN ALTER TABLE "refresh_tokens"      ADD CONSTRAINT "refresh_tokens_usuario_id_fkey"        FOREIGN KEY ("usuario_id")     REFERENCES "usuarios"("id")     ON DELETE CASCADE   ON UPDATE CASCADE; EXCEPTION WHEN duplicate_object THEN NULL; END $$;

-- Configuración inicial de turnos (si no existe)
INSERT INTO "turnos_config" ("turno", "hora_entrada", "hora_limite_puntual", "hora_fin")
VALUES
    ('manana', '07:00:00', '07:15:00', '13:00:00'),
    ('tarde',  '13:00:00', '13:15:00', '20:00:00')
ON CONFLICT ("turno") DO NOTHING;

-- ═══════════════════════════════════════════════════════════════════════════════
-- LIMPIEZA
-- ═══════════════════════════════════════════════════════════════════════════════
DELETE FROM asistencias;
DELETE FROM alumnos_apoderados;
DELETE FROM horarios;
DELETE FROM alumnos;
DELETE FROM apoderados;
DELETE FROM docentes;
DELETE FROM recursos_biblioteca;
DELETE FROM comunicados_envios;
DELETE FROM comunicados;
DELETE FROM cursos;
DELETE FROM aulas;
DELETE FROM ciclos;
DELETE FROM usuarios WHERE rol IN ('alumno','docente','apoderado');

-- -------------------------------------------------------
-- CICLO 2026-I
-- -------------------------------------------------------
INSERT INTO ciclos (id, nombre, fecha_inicio, fecha_fin, activo) VALUES ('e364c2a5-7907-4afe-a044-de62ea326f86', '2026-I', '2026-04-13', '2026-07-17', true);

-- -------------------------------------------------------
-- AULAS (22 secciones)
-- -------------------------------------------------------
INSERT INTO aulas (id, ciclo_id, nombre, turno, area, cupo_maximo) VALUES ('5d340064-763d-4da2-b8e2-f9ecb57690f7', 'e364c2a5-7907-4afe-a044-de62ea326f86', 'C-001', 'manana', 'ciencias', 50);
INSERT INTO aulas (id, ciclo_id, nombre, turno, area, cupo_maximo) VALUES ('40017dfb-7699-40f7-b93a-77d5cc3cf3c1', 'e364c2a5-7907-4afe-a044-de62ea326f86', 'C-001', 'tarde', 'ciencias', 50);
INSERT INTO aulas (id, ciclo_id, nombre, turno, area, cupo_maximo) VALUES ('07ca152d-d6ff-4a97-948b-3b5b14600e7f', 'e364c2a5-7907-4afe-a044-de62ea326f86', 'C-002', 'manana', 'ciencias', 50);
INSERT INTO aulas (id, ciclo_id, nombre, turno, area, cupo_maximo) VALUES ('6a149f97-c02f-40e3-9b1d-d9e81ecd2fde', 'e364c2a5-7907-4afe-a044-de62ea326f86', 'C-002', 'tarde', 'ciencias', 50);
INSERT INTO aulas (id, ciclo_id, nombre, turno, area, cupo_maximo) VALUES ('60002c0f-9af2-4eae-ad04-7081e8206d43', 'e364c2a5-7907-4afe-a044-de62ea326f86', 'C-003', 'manana', 'ciencias', 50);
INSERT INTO aulas (id, ciclo_id, nombre, turno, area, cupo_maximo) VALUES ('c6d09c8f-eb21-470c-ae46-3417d311d49d', 'e364c2a5-7907-4afe-a044-de62ea326f86', 'C-003', 'tarde', 'ciencias', 50);
INSERT INTO aulas (id, ciclo_id, nombre, turno, area, cupo_maximo) VALUES ('d36bd60a-0da3-4c17-b6c1-3e38c71cc367', 'e364c2a5-7907-4afe-a044-de62ea326f86', 'C-004', 'manana', 'ciencias', 50);
INSERT INTO aulas (id, ciclo_id, nombre, turno, area, cupo_maximo) VALUES ('de66e925-5606-461b-b354-76d124a8551f', 'e364c2a5-7907-4afe-a044-de62ea326f86', 'C-004', 'tarde', 'ciencias', 50);
INSERT INTO aulas (id, ciclo_id, nombre, turno, area, cupo_maximo) VALUES ('e7c181ae-5f1e-461b-896d-513ef363846c', 'e364c2a5-7907-4afe-a044-de62ea326f86', 'C-005', 'manana', 'ciencias', 50);
INSERT INTO aulas (id, ciclo_id, nombre, turno, area, cupo_maximo) VALUES ('bd5ab907-e126-458b-958d-ad5e2cdc5983', 'e364c2a5-7907-4afe-a044-de62ea326f86', 'L-001', 'manana', 'letras', 50);
INSERT INTO aulas (id, ciclo_id, nombre, turno, area, cupo_maximo) VALUES ('27217163-1302-4bb0-af8c-99cbb63edc8d', 'e364c2a5-7907-4afe-a044-de62ea326f86', 'L-001', 'tarde', 'letras', 50);
INSERT INTO aulas (id, ciclo_id, nombre, turno, area, cupo_maximo) VALUES ('eb9e0c12-2e56-486e-a0a9-13678636efaf', 'e364c2a5-7907-4afe-a044-de62ea326f86', 'L-002', 'manana', 'letras', 50);
INSERT INTO aulas (id, ciclo_id, nombre, turno, area, cupo_maximo) VALUES ('f2d296a7-2c4f-43ce-8ec1-bb18013a2b51', 'e364c2a5-7907-4afe-a044-de62ea326f86', 'L-002', 'tarde', 'letras', 50);
INSERT INTO aulas (id, ciclo_id, nombre, turno, area, cupo_maximo) VALUES ('60d6ac5b-cae4-4b35-87c5-ff2dc938abc4', 'e364c2a5-7907-4afe-a044-de62ea326f86', 'L-003', 'manana', 'letras', 50);
INSERT INTO aulas (id, ciclo_id, nombre, turno, area, cupo_maximo) VALUES ('31fcb349-71e0-497a-b4e6-1046b81b2bc5', 'e364c2a5-7907-4afe-a044-de62ea326f86', 'L-003', 'tarde', 'letras', 50);
INSERT INTO aulas (id, ciclo_id, nombre, turno, area, cupo_maximo) VALUES ('675d5678-26c3-4c7f-a1b9-e5266c5c9589', 'e364c2a5-7907-4afe-a044-de62ea326f86', 'L-004', 'manana', 'letras', 50);
INSERT INTO aulas (id, ciclo_id, nombre, turno, area, cupo_maximo) VALUES ('26ba65e7-caac-4e15-9034-2fceed92b2f7', 'e364c2a5-7907-4afe-a044-de62ea326f86', 'L-004', 'tarde', 'letras', 50);
INSERT INTO aulas (id, ciclo_id, nombre, turno, area, cupo_maximo) VALUES ('dc8fd868-2042-4d11-8e5f-6a4f7802ef6a', 'e364c2a5-7907-4afe-a044-de62ea326f86', 'L-005', 'manana', 'letras', 50);
INSERT INTO aulas (id, ciclo_id, nombre, turno, area, cupo_maximo) VALUES ('2cf0b090-b557-4f7e-a172-c9612f6cee42', 'e364c2a5-7907-4afe-a044-de62ea326f86', 'M-001', 'manana', 'medicas', 50);
INSERT INTO aulas (id, ciclo_id, nombre, turno, area, cupo_maximo) VALUES ('5e06d776-d8cc-4cc2-9b61-29496876232e', 'e364c2a5-7907-4afe-a044-de62ea326f86', 'M-001', 'tarde', 'medicas', 50);
INSERT INTO aulas (id, ciclo_id, nombre, turno, area, cupo_maximo) VALUES ('7767ba63-2447-4759-b194-e411f2999b58', 'e364c2a5-7907-4afe-a044-de62ea326f86', 'M-002', 'manana', 'medicas', 50);
INSERT INTO aulas (id, ciclo_id, nombre, turno, area, cupo_maximo) VALUES ('c67ea921-05b3-4102-837f-e2c751c1fb52', 'e364c2a5-7907-4afe-a044-de62ea326f86', 'M-002', 'tarde', 'medicas', 50);

-- -------------------------------------------------------
-- CURSOS (18 materias)
-- -------------------------------------------------------
INSERT INTO cursos (id, nombre, codigo, activo) VALUES ('bd9dae36-6118-4548-a1bd-c624827f61d4', 'ANATOMÍA', 'ANA', true);
INSERT INTO cursos (id, nombre, codigo, activo) VALUES ('b2898425-7f36-4e1f-94b4-32077caa9dc7', 'ARITMÉTICA', 'ARI', true);
INSERT INTO cursos (id, nombre, codigo, activo) VALUES ('ecd31658-261b-4e56-99ae-fbd06520866d', 'BIOLOGÍA', 'BIO', true);
INSERT INTO cursos (id, nombre, codigo, activo) VALUES ('72ed9121-ca36-4ecb-a3f7-7f9b68a05c09', 'COMUNICACIÓN', 'COM', true);
INSERT INTO cursos (id, nombre, codigo, activo) VALUES ('a259e327-a341-43df-8439-5cd3857000d1', 'CÍVICA', 'CIV', true);
INSERT INTO cursos (id, nombre, codigo, activo) VALUES ('6c37b520-9a89-4089-a767-a7b299d1bd8a', 'ECONOMÍA', 'ECO', true);
INSERT INTO cursos (id, nombre, codigo, activo) VALUES ('638b85ac-22f2-42c4-bba0-2a1c4a30752f', 'EDUCACIÓN CÍVICA', 'EDC', true);
INSERT INTO cursos (id, nombre, codigo, activo) VALUES ('b1a47e73-d65f-443a-a15f-f540cfac952e', 'ESTADÍSTICA', 'EST', true);
INSERT INTO cursos (id, nombre, codigo, activo) VALUES ('2ff37091-d471-4637-a129-fa49ee152d1a', 'FÍSICA', 'FIS', true);
INSERT INTO cursos (id, nombre, codigo, activo) VALUES ('59d9e7a9-fe69-4ffa-8150-8869d6ab1fcf', 'GEOGRAFÍA', 'GEO', true);
INSERT INTO cursos (id, nombre, codigo, activo) VALUES ('a27931e6-64cc-4ec0-8f38-b76779c053a1', 'GEOMETRÍA', 'GEM', true);
INSERT INTO cursos (id, nombre, codigo, activo) VALUES ('4b46b6b9-8e31-4fad-91d5-4a3246a32306', 'HISTORIA', 'HIS', true);
INSERT INTO cursos (id, nombre, codigo, activo) VALUES ('3443265c-8432-4391-b052-c02c266d8f35', 'PSICOLOGÍA', 'PSI', true);
INSERT INTO cursos (id, nombre, codigo, activo) VALUES ('15a4cacb-f39b-4a3c-9fcf-8183e721e232', 'QUÍMICA', 'QUI', true);
INSERT INTO cursos (id, nombre, codigo, activo) VALUES ('25aa0da0-ba2a-43fb-b334-2b00dfd77e83', 'RAZONAMIENTO MATEMÁTICO', 'RMA', true);
INSERT INTO cursos (id, nombre, codigo, activo) VALUES ('e663cf8f-1d25-420d-8df9-1488622781a2', 'RAZONAMIENTO VERBAL', 'RVE', true);
INSERT INTO cursos (id, nombre, codigo, activo) VALUES ('882ad4e2-0c86-4859-9c98-ae730efd3d08', 'TRIGONOMETRÍA', 'TRI', true);
INSERT INTO cursos (id, nombre, codigo, activo) VALUES ('1cdc0c35-a4e8-45dc-869d-c2c00234915c', 'ÁLGEBRA', 'ALG', true);

-- -------------------------------------------------------
-- ALUMNOS (969 unicos)
-- -------------------------------------------------------
INSERT INTO usuarios (id, email, password_hash, rol, nombre, apellidos, dni, activo) VALUES ('8d38231e-db06-453a-91c2-3a7c4dc179da', '616414@academia.edu', '$2b$10$Kt1WXnRsFi4Ux.r1r8SQD.Ps1ksMrVyIVlHWg9o3Z/3N8hWuZV/3G', 'alumno', 'Viviana Noyra', 'Alvarado Arribasplata', '61643013', true);
INSERT INTO alumnos (id, usuario_id, dni, nombre, apellidos, codigo_barras, aula_id) VALUES ('77f819ba-d639-4786-8ddb-cff0ac028622', '8d38231e-db06-453a-91c2-3a7c4dc179da', '61643013', 'Viviana Noyra', 'Alvarado Arribasplata', '616414', '7767ba63-2447-4759-b194-e411f2999b58');
INSERT INTO usuarios (id, email, password_hash, rol, nombre, apellidos, dni, activo) VALUES ('0b610153-b221-4c50-8010-b8c817440afb', '605956@academia.edu', '$2b$10$Kt1WXnRsFi4Ux.r1r8SQD.Ps1ksMrVyIVlHWg9o3Z/3N8hWuZV/3G', 'alumno', 'Nayely Mayli', 'Antonio Morales', '60594833', true);
INSERT INTO alumnos (id, usuario_id, dni, nombre, apellidos, codigo_barras, aula_id) VALUES ('b98a0118-6f0b-433f-8158-092fc49f7909', '0b610153-b221-4c50-8010-b8c817440afb', '60594833', 'Nayely Mayli', 'Antonio Morales', '605956', '7767ba63-2447-4759-b194-e411f2999b58');
INSERT INTO usuarios (id, email, password_hash, rol, nombre, apellidos, dni, activo) VALUES ('fcc348c2-145d-47d7-b017-253e4336c597', '750562@academia.edu', '$2b$10$Kt1WXnRsFi4Ux.r1r8SQD.Ps1ksMrVyIVlHWg9o3Z/3N8hWuZV/3G', 'alumno', 'Nayely Gristel', 'Baltazar Amado', '75059841', true);
INSERT INTO alumnos (id, usuario_id, dni, nombre, apellidos, codigo_barras, aula_id) VALUES ('9460f420-1a43-4495-8e64-2851f3d08eb2', 'fcc348c2-145d-47d7-b017-253e4336c597', '75059841', 'Nayely Gristel', 'Baltazar Amado', '750562', '7767ba63-2447-4759-b194-e411f2999b58');
INSERT INTO usuarios (id, email, password_hash, rol, nombre, apellidos, dni, activo) VALUES ('19b9cf23-40d2-402f-baa1-1e55e4ec6f6a', '601291@academia.edu', '$2b$10$Kt1WXnRsFi4Ux.r1r8SQD.Ps1ksMrVyIVlHWg9o3Z/3N8hWuZV/3G', 'alumno', 'Gimena Angela', 'Broncano Torres', '60124131', true);
INSERT INTO alumnos (id, usuario_id, dni, nombre, apellidos, codigo_barras, aula_id) VALUES ('5beaaab5-8e7d-42c3-b413-499460d1e996', '19b9cf23-40d2-402f-baa1-1e55e4ec6f6a', '60124131', 'Gimena Angela', 'Broncano Torres', '601291', '7767ba63-2447-4759-b194-e411f2999b58');
INSERT INTO usuarios (id, email, password_hash, rol, nombre, apellidos, dni, activo) VALUES ('c5c96a9c-ad1f-469d-96b0-6f11c9fd3480', '602470@academia.edu', '$2b$10$Kt1WXnRsFi4Ux.r1r8SQD.Ps1ksMrVyIVlHWg9o3Z/3N8hWuZV/3G', 'alumno', 'Yosel', 'Buastos Martinez', '60242305', true);
INSERT INTO alumnos (id, usuario_id, dni, nombre, apellidos, codigo_barras, aula_id) VALUES ('6bd0eebd-9f0f-4e1b-b3a1-ba2eea8d5eea', 'c5c96a9c-ad1f-469d-96b0-6f11c9fd3480', '60242305', 'Yosel', 'Buastos Martinez', '602470', '7767ba63-2447-4759-b194-e411f2999b58');
INSERT INTO usuarios (id, email, password_hash, rol, nombre, apellidos, dni, activo) VALUES ('2d8ae66d-aff3-45cf-b137-67a79edae506', '603902@academia.edu', '$2b$10$Kt1WXnRsFi4Ux.r1r8SQD.Ps1ksMrVyIVlHWg9o3Z/3N8hWuZV/3G', 'alumno', 'Lizbeth Yuliana', 'Calixto Chaicha', '60395624', true);
INSERT INTO alumnos (id, usuario_id, dni, nombre, apellidos, codigo_barras, aula_id) VALUES ('f4954699-bb49-40e6-a1d9-cdc4ccdb8b2d', '2d8ae66d-aff3-45cf-b137-67a79edae506', '60395624', 'Lizbeth Yuliana', 'Calixto Chaicha', '603902', '7767ba63-2447-4759-b194-e411f2999b58');
INSERT INTO usuarios (id, email, password_hash, rol, nombre, apellidos, dni, activo) VALUES ('ead9a076-fcfa-4a96-8086-72fd35dcee78', '603779@academia.edu', '$2b$10$Kt1WXnRsFi4Ux.r1r8SQD.Ps1ksMrVyIVlHWg9o3Z/3N8hWuZV/3G', 'alumno', 'Mishely Yuly', 'Canares Soto', '60378139', true);
INSERT INTO alumnos (id, usuario_id, dni, nombre, apellidos, codigo_barras, aula_id) VALUES ('8cdaff1c-3017-4c8e-a4e7-82d94fd42949', 'ead9a076-fcfa-4a96-8086-72fd35dcee78', '60378139', 'Mishely Yuly', 'Canares Soto', '603779', '7767ba63-2447-4759-b194-e411f2999b58');
INSERT INTO usuarios (id, email, password_hash, rol, nombre, apellidos, dni, activo) VALUES ('2869b244-8825-491f-9b58-e9ebc32708f6', '603363@academia.edu', '$2b$10$Kt1WXnRsFi4Ux.r1r8SQD.Ps1ksMrVyIVlHWg9o3Z/3N8hWuZV/3G', 'alumno', 'Deyvid Diego', 'Castillo Moreno', '60338169', true);
INSERT INTO alumnos (id, usuario_id, dni, nombre, apellidos, codigo_barras, aula_id) VALUES ('ef750d5d-5871-4407-9ca7-22ae51c479ba', '2869b244-8825-491f-9b58-e9ebc32708f6', '60338169', 'Deyvid Diego', 'Castillo Moreno', '603363', '7767ba63-2447-4759-b194-e411f2999b58');
INSERT INTO usuarios (id, email, password_hash, rol, nombre, apellidos, dni, activo) VALUES ('6a4eaaee-4b87-4207-a981-8e73493d38ea', '711615@academia.edu', '$2b$10$Kt1WXnRsFi4Ux.r1r8SQD.Ps1ksMrVyIVlHWg9o3Z/3N8hWuZV/3G', 'alumno', 'Miguel Angel', 'Diaz Morales', '71166130', true);
INSERT INTO alumnos (id, usuario_id, dni, nombre, apellidos, codigo_barras, aula_id) VALUES ('cc97f1ab-ad53-4d16-8f82-f9e88bdf26ed', '6a4eaaee-4b87-4207-a981-8e73493d38ea', '71166130', 'Miguel Angel', 'Diaz Morales', '711615', '7767ba63-2447-4759-b194-e411f2999b58');
INSERT INTO usuarios (id, email, password_hash, rol, nombre, apellidos, dni, activo) VALUES ('86de7380-9a8b-4696-bde0-8e4fd58e3b05', '613196@academia.edu', '$2b$10$Kt1WXnRsFi4Ux.r1r8SQD.Ps1ksMrVyIVlHWg9o3Z/3N8hWuZV/3G', 'alumno', 'Eliana Hermelinda', 'Diaz Rosales', '61314359', true);
INSERT INTO alumnos (id, usuario_id, dni, nombre, apellidos, codigo_barras, aula_id) VALUES ('751864e2-3b3c-4c2f-853b-c40253763ebd', '86de7380-9a8b-4696-bde0-8e4fd58e3b05', '61314359', 'Eliana Hermelinda', 'Diaz Rosales', '613196', '7767ba63-2447-4759-b194-e411f2999b58');
INSERT INTO usuarios (id, email, password_hash, rol, nombre, apellidos, dni, activo) VALUES ('c49e2486-92db-4437-b21c-b0c836a0aec7', '620135@academia.edu', '$2b$10$Kt1WXnRsFi4Ux.r1r8SQD.Ps1ksMrVyIVlHWg9o3Z/3N8hWuZV/3G', 'alumno', 'Nicolas De Bari', 'Dionicio Chavez', '62014895', true);
INSERT INTO alumnos (id, usuario_id, dni, nombre, apellidos, codigo_barras, aula_id) VALUES ('47d4bab4-86af-48f7-b51b-f2d9d7879323', 'c49e2486-92db-4437-b21c-b0c836a0aec7', '62014895', 'Nicolas De Bari', 'Dionicio Chavez', '620135', '7767ba63-2447-4759-b194-e411f2999b58');
INSERT INTO usuarios (id, email, password_hash, rol, nombre, apellidos, dni, activo) VALUES ('2b815168-c34d-4e21-8e32-7ba99c30ea37', '603763@academia.edu', '$2b$10$Kt1WXnRsFi4Ux.r1r8SQD.Ps1ksMrVyIVlHWg9o3Z/3N8hWuZV/3G', 'alumno', 'Ruth Yeny', 'Espinoza Ramirez', '60378797', true);
INSERT INTO alumnos (id, usuario_id, dni, nombre, apellidos, codigo_barras, aula_id) VALUES ('c286e03b-287b-4807-92be-826ef66d3596', '2b815168-c34d-4e21-8e32-7ba99c30ea37', '60378797', 'Ruth Yeny', 'Espinoza Ramirez', '603763', '7767ba63-2447-4759-b194-e411f2999b58');
INSERT INTO usuarios (id, email, password_hash, rol, nombre, apellidos, dni, activo) VALUES ('b1bc5f4e-abf6-48fb-bcbc-c629065b454f', '612485@academia.edu', '$2b$10$Kt1WXnRsFi4Ux.r1r8SQD.Ps1ksMrVyIVlHWg9o3Z/3N8hWuZV/3G', 'alumno', 'Yameli Azumi', 'Espinoza Ramirez', '61245180', true);
INSERT INTO alumnos (id, usuario_id, dni, nombre, apellidos, codigo_barras, aula_id) VALUES ('7cf12b78-6c1c-49a0-8fb6-f7c0635e608f', 'b1bc5f4e-abf6-48fb-bcbc-c629065b454f', '61245180', 'Yameli Azumi', 'Espinoza Ramirez', '612485', '7767ba63-2447-4759-b194-e411f2999b58');
INSERT INTO usuarios (id, email, password_hash, rol, nombre, apellidos, dni, activo) VALUES ('2498527e-0be0-4407-9fb3-4be4a3ee7cc2', '607411@academia.edu', '$2b$10$Kt1WXnRsFi4Ux.r1r8SQD.Ps1ksMrVyIVlHWg9o3Z/3N8hWuZV/3G', 'alumno', 'Yajaira Rossey', 'Garcia Alarcon', '60740358', true);
INSERT INTO alumnos (id, usuario_id, dni, nombre, apellidos, codigo_barras, aula_id) VALUES ('e929c63d-f2fb-452a-b019-1cbd6c183348', '2498527e-0be0-4407-9fb3-4be4a3ee7cc2', '60740358', 'Yajaira Rossey', 'Garcia Alarcon', '607411', '7767ba63-2447-4759-b194-e411f2999b58');
INSERT INTO usuarios (id, email, password_hash, rol, nombre, apellidos, dni, activo) VALUES ('d1114244-658a-4708-a69f-31c91c0dbfc2', '604033@academia.edu', '$2b$10$Kt1WXnRsFi4Ux.r1r8SQD.Ps1ksMrVyIVlHWg9o3Z/3N8hWuZV/3G', 'alumno', 'Melisa Gimena', 'Garcia Lliuya', '60405078', true);
INSERT INTO alumnos (id, usuario_id, dni, nombre, apellidos, codigo_barras, aula_id) VALUES ('fec95bad-722d-4b4b-a06f-e08d23c3af07', 'd1114244-658a-4708-a69f-31c91c0dbfc2', '60405078', 'Melisa Gimena', 'Garcia Lliuya', '604033', '7767ba63-2447-4759-b194-e411f2999b58');
INSERT INTO usuarios (id, email, password_hash, rol, nombre, apellidos, dni, activo) VALUES ('d2299c70-b3cc-4799-9b97-3c56581291eb', '602468@academia.edu', '$2b$10$Kt1WXnRsFi4Ux.r1r8SQD.Ps1ksMrVyIVlHWg9o3Z/3N8hWuZV/3G', 'alumno', 'Brayan Kevin', 'Giraldo Mendoza', '60244586', true);
INSERT INTO alumnos (id, usuario_id, dni, nombre, apellidos, codigo_barras, aula_id) VALUES ('f466a967-169e-404d-a4c2-29ec89e96d3c', 'd2299c70-b3cc-4799-9b97-3c56581291eb', '60244586', 'Brayan Kevin', 'Giraldo Mendoza', '602468', '7767ba63-2447-4759-b194-e411f2999b58');
INSERT INTO usuarios (id, email, password_hash, rol, nombre, apellidos, dni, activo) VALUES ('ea792bfa-6b1f-4d31-9ce2-5557ea22fa29', '603291@academia.edu', '$2b$10$Kt1WXnRsFi4Ux.r1r8SQD.Ps1ksMrVyIVlHWg9o3Z/3N8hWuZV/3G', 'alumno', 'Paulina Flor', 'Huamaliano Dominguez', '60327286', true);
INSERT INTO alumnos (id, usuario_id, dni, nombre, apellidos, codigo_barras, aula_id) VALUES ('87e7624c-f891-4dd3-8706-63f8317b96f9', 'ea792bfa-6b1f-4d31-9ce2-5557ea22fa29', '60327286', 'Paulina Flor', 'Huamaliano Dominguez', '603291', '7767ba63-2447-4759-b194-e411f2999b58');
INSERT INTO usuarios (id, email, password_hash, rol, nombre, apellidos, dni, activo) VALUES ('b5d5bd96-91bd-4114-b1bb-c7be58797866', '618237@academia.edu', '$2b$10$Kt1WXnRsFi4Ux.r1r8SQD.Ps1ksMrVyIVlHWg9o3Z/3N8hWuZV/3G', 'alumno', 'Camila Guisel', 'Huaman Lirion', '61822254', true);
INSERT INTO alumnos (id, usuario_id, dni, nombre, apellidos, codigo_barras, aula_id) VALUES ('c74c1929-c659-440c-9d5e-0b5faa3db432', 'b5d5bd96-91bd-4114-b1bb-c7be58797866', '61822254', 'Camila Guisel', 'Huaman Lirion', '618237', '7767ba63-2447-4759-b194-e411f2999b58');
INSERT INTO usuarios (id, email, password_hash, rol, nombre, apellidos, dni, activo) VALUES ('1bddb50d-0073-43a9-b9b2-d2ac37cfc423', '734993@academia.edu', '$2b$10$Kt1WXnRsFi4Ux.r1r8SQD.Ps1ksMrVyIVlHWg9o3Z/3N8hWuZV/3G', 'alumno', 'Michel Chriss', 'Huanri Aguayo', '73496548', true);
INSERT INTO alumnos (id, usuario_id, dni, nombre, apellidos, codigo_barras, aula_id) VALUES ('08c5dc80-aa89-4a33-9075-e779233dcd0b', '1bddb50d-0073-43a9-b9b2-d2ac37cfc423', '73496548', 'Michel Chriss', 'Huanri Aguayo', '734993', '7767ba63-2447-4759-b194-e411f2999b58');
INSERT INTO usuarios (id, email, password_hash, rol, nombre, apellidos, dni, activo) VALUES ('1af2b358-d32c-4210-ad23-9748f5e81e7a', '614964@academia.edu', '$2b$10$Kt1WXnRsFi4Ux.r1r8SQD.Ps1ksMrVyIVlHWg9o3Z/3N8hWuZV/3G', 'alumno', 'Merly Adriana', 'Lagua Flores', '61490876', true);
INSERT INTO alumnos (id, usuario_id, dni, nombre, apellidos, codigo_barras, aula_id) VALUES ('1ab42774-f2f5-479f-864e-eb0aea66b2eb', '1af2b358-d32c-4210-ad23-9748f5e81e7a', '61490876', 'Merly Adriana', 'Lagua Flores', '614964', '7767ba63-2447-4759-b194-e411f2999b58');
INSERT INTO usuarios (id, email, password_hash, rol, nombre, apellidos, dni, activo) VALUES ('679d2ef5-90cf-434f-9341-4778b542eb6d', '616126@academia.edu', '$2b$10$Kt1WXnRsFi4Ux.r1r8SQD.Ps1ksMrVyIVlHWg9o3Z/3N8hWuZV/3G', 'alumno', 'Sarai Shamyra', 'Leon Caro', '61616197', true);
INSERT INTO alumnos (id, usuario_id, dni, nombre, apellidos, codigo_barras, aula_id) VALUES ('e75a97b6-b6b0-47d1-982a-2518837e30ea', '679d2ef5-90cf-434f-9341-4778b542eb6d', '61616197', 'Sarai Shamyra', 'Leon Caro', '616126', '7767ba63-2447-4759-b194-e411f2999b58');
INSERT INTO usuarios (id, email, password_hash, rol, nombre, apellidos, dni, activo) VALUES ('eeb3f78b-a568-42e2-8e7e-8961ecd9add3', '612938@academia.edu', '$2b$10$Kt1WXnRsFi4Ux.r1r8SQD.Ps1ksMrVyIVlHWg9o3Z/3N8hWuZV/3G', 'alumno', 'Marcela Alessandra', 'Leon Espiritu', '61298813', true);
INSERT INTO alumnos (id, usuario_id, dni, nombre, apellidos, codigo_barras, aula_id) VALUES ('67f97ad0-eb57-4a6c-b812-87c18ec169ae', 'eeb3f78b-a568-42e2-8e7e-8961ecd9add3', '61298813', 'Marcela Alessandra', 'Leon Espiritu', '612938', '7767ba63-2447-4759-b194-e411f2999b58');
INSERT INTO usuarios (id, email, password_hash, rol, nombre, apellidos, dni, activo) VALUES ('f1943211-32b8-49fb-b844-2afa4808f8a5', '603324@academia.edu', '$2b$10$Kt1WXnRsFi4Ux.r1r8SQD.Ps1ksMrVyIVlHWg9o3Z/3N8hWuZV/3G', 'alumno', 'Yuseth Nathaly', 'Llanos Santos', '60331054', true);
INSERT INTO alumnos (id, usuario_id, dni, nombre, apellidos, codigo_barras, aula_id) VALUES ('813b45f9-847f-4bfb-9dfc-855d761dd814', 'f1943211-32b8-49fb-b844-2afa4808f8a5', '60331054', 'Yuseth Nathaly', 'Llanos Santos', '603324', '7767ba63-2447-4759-b194-e411f2999b58');
INSERT INTO usuarios (id, email, password_hash, rol, nombre, apellidos, dni, activo) VALUES ('00b13b0e-d9b5-4542-906e-04136b517150', '600246@academia.edu', '$2b$10$Kt1WXnRsFi4Ux.r1r8SQD.Ps1ksMrVyIVlHWg9o3Z/3N8hWuZV/3G', 'alumno', 'Rosalinda Azucena', 'Matias Solorzano', '60022637', true);
INSERT INTO alumnos (id, usuario_id, dni, nombre, apellidos, codigo_barras, aula_id) VALUES ('e60639ad-be50-459d-9340-538bb4e1006f', '00b13b0e-d9b5-4542-906e-04136b517150', '60022637', 'Rosalinda Azucena', 'Matias Solorzano', '600246', '7767ba63-2447-4759-b194-e411f2999b58');
INSERT INTO usuarios (id, email, password_hash, rol, nombre, apellidos, dni, activo) VALUES ('e6f52774-cf75-4dc5-97c1-c03b5f1dfa02', '612989@academia.edu', '$2b$10$Kt1WXnRsFi4Ux.r1r8SQD.Ps1ksMrVyIVlHWg9o3Z/3N8hWuZV/3G', 'alumno', 'Evelyn Esmeralda', 'Mejia Leon', '61298800', true);
INSERT INTO alumnos (id, usuario_id, dni, nombre, apellidos, codigo_barras, aula_id) VALUES ('9a22b3ad-1b0d-4c0b-a208-cf7f06b2dc31', 'e6f52774-cf75-4dc5-97c1-c03b5f1dfa02', '61298800', 'Evelyn Esmeralda', 'Mejia Leon', '612989', '7767ba63-2447-4759-b194-e411f2999b58');
INSERT INTO usuarios (id, email, password_hash, rol, nombre, apellidos, dni, activo) VALUES ('71e6a66b-7d92-4e97-9e72-381b3109667f', '609547@academia.edu', '$2b$10$Kt1WXnRsFi4Ux.r1r8SQD.Ps1ksMrVyIVlHWg9o3Z/3N8hWuZV/3G', 'alumno', 'Rosario Esperanza', 'Molina Rosas', '60957871', true);
INSERT INTO alumnos (id, usuario_id, dni, nombre, apellidos, codigo_barras, aula_id) VALUES ('2bcbee27-1d65-46d3-a880-38e6d15cba3e', '71e6a66b-7d92-4e97-9e72-381b3109667f', '60957871', 'Rosario Esperanza', 'Molina Rosas', '609547', '7767ba63-2447-4759-b194-e411f2999b58');
INSERT INTO usuarios (id, email, password_hash, rol, nombre, apellidos, dni, activo) VALUES ('1228f5c0-8b4b-4c69-a138-57bd2e510c0e', '614823@academia.edu', '$2b$10$Kt1WXnRsFi4Ux.r1r8SQD.Ps1ksMrVyIVlHWg9o3Z/3N8hWuZV/3G', 'alumno', 'Maria Alejandra', 'Namay Colonia', '61480272', true);
INSERT INTO alumnos (id, usuario_id, dni, nombre, apellidos, codigo_barras, aula_id) VALUES ('7608337a-0e80-4d3b-9d62-9824c021d293', '1228f5c0-8b4b-4c69-a138-57bd2e510c0e', '61480272', 'Maria Alejandra', 'Namay Colonia', '614823', '7767ba63-2447-4759-b194-e411f2999b58');
INSERT INTO usuarios (id, email, password_hash, rol, nombre, apellidos, dni, activo) VALUES ('ffe08447-d30c-4452-8931-095c509fde89', '610669@academia.edu', '$2b$10$Kt1WXnRsFi4Ux.r1r8SQD.Ps1ksMrVyIVlHWg9o3Z/3N8hWuZV/3G', 'alumno', 'Yesica Patricia', 'Obregon Huanuco', '61064154', true);
INSERT INTO alumnos (id, usuario_id, dni, nombre, apellidos, codigo_barras, aula_id) VALUES ('a75a6054-414d-43f2-8feb-4c97ccc166c9', 'ffe08447-d30c-4452-8931-095c509fde89', '61064154', 'Yesica Patricia', 'Obregon Huanuco', '610669', '7767ba63-2447-4759-b194-e411f2999b58');
INSERT INTO usuarios (id, email, password_hash, rol, nombre, apellidos, dni, activo) VALUES ('bc1b35c7-9cdc-4626-91df-de61d3d8a9c9', '603374@academia.edu', '$2b$10$Kt1WXnRsFi4Ux.r1r8SQD.Ps1ksMrVyIVlHWg9o3Z/3N8hWuZV/3G', 'alumno', 'Nilda', 'Ortiz Huerta', '60336854', true);
INSERT INTO alumnos (id, usuario_id, dni, nombre, apellidos, codigo_barras, aula_id) VALUES ('b98eb9a0-75ed-4abe-8a3e-a89971a77e75', 'bc1b35c7-9cdc-4626-91df-de61d3d8a9c9', '60336854', 'Nilda', 'Ortiz Huerta', '603374', '7767ba63-2447-4759-b194-e411f2999b58');
INSERT INTO usuarios (id, email, password_hash, rol, nombre, apellidos, dni, activo) VALUES ('1e8fc33a-9b05-4cf9-a492-cde4632b9bc5', '615155@academia.edu', '$2b$10$Kt1WXnRsFi4Ux.r1r8SQD.Ps1ksMrVyIVlHWg9o3Z/3N8hWuZV/3G', 'alumno', 'Sandra Yamile', 'Ortiz Mautino', '61517222', true);
INSERT INTO alumnos (id, usuario_id, dni, nombre, apellidos, codigo_barras, aula_id) VALUES ('87ef1488-9e81-4e18-b195-06cbda129a37', '1e8fc33a-9b05-4cf9-a492-cde4632b9bc5', '61517222', 'Sandra Yamile', 'Ortiz Mautino', '615155', '7767ba63-2447-4759-b194-e411f2999b58');
INSERT INTO usuarios (id, email, password_hash, rol, nombre, apellidos, dni, activo) VALUES ('28927c77-89c4-4956-aa48-14a69ced73e7', '723483@academia.edu', '$2b$10$Kt1WXnRsFi4Ux.r1r8SQD.Ps1ksMrVyIVlHWg9o3Z/3N8hWuZV/3G', 'alumno', 'Stibel Williams', 'Pernia Mayta', '72343839', true);
INSERT INTO alumnos (id, usuario_id, dni, nombre, apellidos, codigo_barras, aula_id) VALUES ('c3311282-25c5-4294-acb1-c761a6076eee', '28927c77-89c4-4956-aa48-14a69ced73e7', '72343839', 'Stibel Williams', 'Pernia Mayta', '723483', '7767ba63-2447-4759-b194-e411f2999b58');
INSERT INTO usuarios (id, email, password_hash, rol, nombre, apellidos, dni, activo) VALUES ('31d7105c-c4d7-4032-a0ab-3ccbb14ec55e', '606873@academia.edu', '$2b$10$Kt1WXnRsFi4Ux.r1r8SQD.Ps1ksMrVyIVlHWg9o3Z/3N8hWuZV/3G', 'alumno', 'Jasmin Angela', 'Quiroz Casio', '60683088', true);
INSERT INTO alumnos (id, usuario_id, dni, nombre, apellidos, codigo_barras, aula_id) VALUES ('7f7b53aa-93a1-46e6-80dd-97e76d5ee1b4', '31d7105c-c4d7-4032-a0ab-3ccbb14ec55e', '60683088', 'Jasmin Angela', 'Quiroz Casio', '606873', '7767ba63-2447-4759-b194-e411f2999b58');
INSERT INTO usuarios (id, email, password_hash, rol, nombre, apellidos, dni, activo) VALUES ('32a1be3f-8ed7-4f5c-83f6-7e830cf67800', '606944@academia.edu', '$2b$10$Kt1WXnRsFi4Ux.r1r8SQD.Ps1ksMrVyIVlHWg9o3Z/3N8hWuZV/3G', 'alumno', 'Elizabeth Elvira', 'Ramirez Falcon', '60691888', true);
INSERT INTO alumnos (id, usuario_id, dni, nombre, apellidos, codigo_barras, aula_id) VALUES ('b2115db2-eb2f-4781-9532-1e4da4cb8e05', '32a1be3f-8ed7-4f5c-83f6-7e830cf67800', '60691888', 'Elizabeth Elvira', 'Ramirez Falcon', '606944', '7767ba63-2447-4759-b194-e411f2999b58');
INSERT INTO usuarios (id, email, password_hash, rol, nombre, apellidos, dni, activo) VALUES ('52a0ae84-20a2-4ab6-98b8-270b5232993b', '615861@academia.edu', '$2b$10$Kt1WXnRsFi4Ux.r1r8SQD.Ps1ksMrVyIVlHWg9o3Z/3N8hWuZV/3G', 'alumno', 'Artemio Fidencio', 'Reyes Baltazar', '61589928', true);
INSERT INTO alumnos (id, usuario_id, dni, nombre, apellidos, codigo_barras, aula_id) VALUES ('36a9742d-9145-4986-a9c9-21d3fe47c51f', '52a0ae84-20a2-4ab6-98b8-270b5232993b', '61589928', 'Artemio Fidencio', 'Reyes Baltazar', '615861', '7767ba63-2447-4759-b194-e411f2999b58');
INSERT INTO usuarios (id, email, password_hash, rol, nombre, apellidos, dni, activo) VALUES ('b7919a91-2a79-4aeb-a32a-dcd52c5ff500', '614057@academia.edu', '$2b$10$Kt1WXnRsFi4Ux.r1r8SQD.Ps1ksMrVyIVlHWg9o3Z/3N8hWuZV/3G', 'alumno', 'Diarly Yunly', 'Roque Garcia', '61409476', true);
INSERT INTO alumnos (id, usuario_id, dni, nombre, apellidos, codigo_barras, aula_id) VALUES ('7e41653e-cef6-4362-a890-91db10abadb2', 'b7919a91-2a79-4aeb-a32a-dcd52c5ff500', '61409476', 'Diarly Yunly', 'Roque Garcia', '614057', '7767ba63-2447-4759-b194-e411f2999b58');
INSERT INTO usuarios (id, email, password_hash, rol, nombre, apellidos, dni, activo) VALUES ('1a5870df-fec9-43ea-baf7-327c8f0926af', '614030@academia.edu', '$2b$10$Kt1WXnRsFi4Ux.r1r8SQD.Ps1ksMrVyIVlHWg9o3Z/3N8hWuZV/3G', 'alumno', 'Susie Nicolle', 'Rosales Jamanca', '61409348', true);
INSERT INTO alumnos (id, usuario_id, dni, nombre, apellidos, codigo_barras, aula_id) VALUES ('a34e0186-9d65-4089-82fa-291ec0a9117e', '1a5870df-fec9-43ea-baf7-327c8f0926af', '61409348', 'Susie Nicolle', 'Rosales Jamanca', '614030', '7767ba63-2447-4759-b194-e411f2999b58');
INSERT INTO usuarios (id, email, password_hash, rol, nombre, apellidos, dni, activo) VALUES ('f708ff73-e7b6-4904-b9b9-8ab31900e6ec', '711011@academia.edu', '$2b$10$Kt1WXnRsFi4Ux.r1r8SQD.Ps1ksMrVyIVlHWg9o3Z/3N8hWuZV/3G', 'alumno', 'Elmer André', 'Salas Celestino', '62518208', true);
INSERT INTO alumnos (id, usuario_id, dni, nombre, apellidos, codigo_barras, aula_id) VALUES ('2dd002d0-9956-4e18-bd98-95f13a1af75d', 'f708ff73-e7b6-4904-b9b9-8ab31900e6ec', '62518208', 'Elmer André', 'Salas Celestino', '711011', '7767ba63-2447-4759-b194-e411f2999b58');
INSERT INTO usuarios (id, email, password_hash, rol, nombre, apellidos, dni, activo) VALUES ('bb6adad1-f0f1-4cb3-a1ee-de9d712cb9d2', '614271@academia.edu', '$2b$10$Kt1WXnRsFi4Ux.r1r8SQD.Ps1ksMrVyIVlHWg9o3Z/3N8hWuZV/3G', 'alumno', 'Sayuri Meyli', 'Salazar Nolasco', '61429148', true);
INSERT INTO alumnos (id, usuario_id, dni, nombre, apellidos, codigo_barras, aula_id) VALUES ('e7d845b0-df76-4f05-8e5e-7e2636a82cf1', 'bb6adad1-f0f1-4cb3-a1ee-de9d712cb9d2', '61429148', 'Sayuri Meyli', 'Salazar Nolasco', '614271', '7767ba63-2447-4759-b194-e411f2999b58');
INSERT INTO usuarios (id, email, password_hash, rol, nombre, apellidos, dni, activo) VALUES ('b5cbce30-1c42-4b27-89d7-f8db8bf9da6d', '632649@academia.edu', '$2b$10$Kt1WXnRsFi4Ux.r1r8SQD.Ps1ksMrVyIVlHWg9o3Z/3N8hWuZV/3G', 'alumno', 'Paola Celina', 'Valentin Reyes', '63261082', true);
INSERT INTO alumnos (id, usuario_id, dni, nombre, apellidos, codigo_barras, aula_id) VALUES ('14e9ff5f-e332-4cfa-bfea-8498186442a3', 'b5cbce30-1c42-4b27-89d7-f8db8bf9da6d', '63261082', 'Paola Celina', 'Valentin Reyes', '632649', '7767ba63-2447-4759-b194-e411f2999b58');
INSERT INTO usuarios (id, email, password_hash, rol, nombre, apellidos, dni, activo) VALUES ('0430160c-4c44-4de2-9c10-f584e5134e1f', '607402@academia.edu', '$2b$10$Kt1WXnRsFi4Ux.r1r8SQD.Ps1ksMrVyIVlHWg9o3Z/3N8hWuZV/3G', 'alumno', 'Vaneza Yanela', 'Valenzuela Antunez', '60740240', true);
INSERT INTO alumnos (id, usuario_id, dni, nombre, apellidos, codigo_barras, aula_id) VALUES ('7ea68768-f04a-4a23-a533-b401bf249b01', '0430160c-4c44-4de2-9c10-f584e5134e1f', '60740240', 'Vaneza Yanela', 'Valenzuela Antunez', '607402', '7767ba63-2447-4759-b194-e411f2999b58');
INSERT INTO usuarios (id, email, password_hash, rol, nombre, apellidos, dni, activo) VALUES ('ddcea829-c668-4a7f-abd5-115c41566a56', '612991@academia.edu', '$2b$10$Kt1WXnRsFi4Ux.r1r8SQD.Ps1ksMrVyIVlHWg9o3Z/3N8hWuZV/3G', 'alumno', 'Brayahn Frank Duks', 'Valladares Requelme', '61298849', true);
INSERT INTO alumnos (id, usuario_id, dni, nombre, apellidos, codigo_barras, aula_id) VALUES ('c31e251d-56a3-433c-a72a-7ecadd12a4e7', 'ddcea829-c668-4a7f-abd5-115c41566a56', '61298849', 'Brayahn Frank Duks', 'Valladares Requelme', '612991', '7767ba63-2447-4759-b194-e411f2999b58');
INSERT INTO usuarios (id, email, password_hash, rol, nombre, apellidos, dni, activo) VALUES ('41a1901a-b020-4a10-ae70-2f7640f6603d', '606527@academia.edu', '$2b$10$Kt1WXnRsFi4Ux.r1r8SQD.Ps1ksMrVyIVlHWg9o3Z/3N8hWuZV/3G', 'alumno', 'Rossy Sofia', 'Vasquez Mego', '60655010', true);
INSERT INTO alumnos (id, usuario_id, dni, nombre, apellidos, codigo_barras, aula_id) VALUES ('16d9c2b3-4d7a-4755-bedc-78390f3d8ef8', '41a1901a-b020-4a10-ae70-2f7640f6603d', '60655010', 'Rossy Sofia', 'Vasquez Mego', '606527', '7767ba63-2447-4759-b194-e411f2999b58');
INSERT INTO usuarios (id, email, password_hash, rol, nombre, apellidos, dni, activo) VALUES ('3df68783-5c3f-4e17-8ea5-ba9f27dfe5f0', '602369@academia.edu', '$2b$10$Kt1WXnRsFi4Ux.r1r8SQD.Ps1ksMrVyIVlHWg9o3Z/3N8hWuZV/3G', 'alumno', 'Rosmeri Shanet', 'Yauri Lucero', '60233423', true);
INSERT INTO alumnos (id, usuario_id, dni, nombre, apellidos, codigo_barras, aula_id) VALUES ('963d4803-f198-466c-9f46-13ed3ad2db7b', '3df68783-5c3f-4e17-8ea5-ba9f27dfe5f0', '60233423', 'Rosmeri Shanet', 'Yauri Lucero', '602369', '7767ba63-2447-4759-b194-e411f2999b58');
INSERT INTO usuarios (id, email, password_hash, rol, nombre, apellidos, dni, activo) VALUES ('d3192a1a-9f76-4936-b000-d2692daad9cb', '723332@academia.edu', '$2b$10$Kt1WXnRsFi4Ux.r1r8SQD.Ps1ksMrVyIVlHWg9o3Z/3N8hWuZV/3G', 'alumno', 'Heydi Yerami', 'Alonzo Figueroa', '72339324', true);
INSERT INTO alumnos (id, usuario_id, dni, nombre, apellidos, codigo_barras, aula_id) VALUES ('526304fb-ae8e-46ea-9379-de6cb2abfc57', 'd3192a1a-9f76-4936-b000-d2692daad9cb', '72339324', 'Heydi Yerami', 'Alonzo Figueroa', '723332', '2cf0b090-b557-4f7e-a172-c9612f6cee42');
INSERT INTO usuarios (id, email, password_hash, rol, nombre, apellidos, dni, activo) VALUES ('6c68f883-4f40-4596-ad91-ed00207ac3d4', '602876@academia.edu', '$2b$10$Kt1WXnRsFi4Ux.r1r8SQD.Ps1ksMrVyIVlHWg9o3Z/3N8hWuZV/3G', 'alumno', 'Anabel Sayuri', 'Balabarca Norabuena', '60281982', true);
INSERT INTO alumnos (id, usuario_id, dni, nombre, apellidos, codigo_barras, aula_id) VALUES ('1da41633-01eb-40d2-aa93-0bc974522bc4', '6c68f883-4f40-4596-ad91-ed00207ac3d4', '60281982', 'Anabel Sayuri', 'Balabarca Norabuena', '602876', '2cf0b090-b557-4f7e-a172-c9612f6cee42');
INSERT INTO usuarios (id, email, password_hash, rol, nombre, apellidos, dni, activo) VALUES ('04bed526-b52f-41c4-b859-a4fd51e50d5a', '616109@academia.edu', '$2b$10$Kt1WXnRsFi4Ux.r1r8SQD.Ps1ksMrVyIVlHWg9o3Z/3N8hWuZV/3G', 'alumno', 'Yuli Jimena', 'Benancio Mendoza', '61612956', true);
INSERT INTO alumnos (id, usuario_id, dni, nombre, apellidos, codigo_barras, aula_id) VALUES ('c908352c-ee68-4fc4-a09e-87209f7b899c', '04bed526-b52f-41c4-b859-a4fd51e50d5a', '61612956', 'Yuli Jimena', 'Benancio Mendoza', '616109', '2cf0b090-b557-4f7e-a172-c9612f6cee42');
INSERT INTO usuarios (id, email, password_hash, rol, nombre, apellidos, dni, activo) VALUES ('42609a68-713a-4403-959f-9a852760d85d', '603702@academia.edu', '$2b$10$Kt1WXnRsFi4Ux.r1r8SQD.Ps1ksMrVyIVlHWg9o3Z/3N8hWuZV/3G', 'alumno', 'Karel Fernanda', 'Bravo Calero', '60374462', true);
INSERT INTO alumnos (id, usuario_id, dni, nombre, apellidos, codigo_barras, aula_id) VALUES ('d926d0a9-d596-426d-afb1-deda5e211588', '42609a68-713a-4403-959f-9a852760d85d', '60374462', 'Karel Fernanda', 'Bravo Calero', '603702', '2cf0b090-b557-4f7e-a172-c9612f6cee42');
INSERT INTO usuarios (id, email, password_hash, rol, nombre, apellidos, dni, activo) VALUES ('054a20ff-2f1a-4e1f-aeae-cd7afdd05e30', '613616@academia.edu', '$2b$10$Kt1WXnRsFi4Ux.r1r8SQD.Ps1ksMrVyIVlHWg9o3Z/3N8hWuZV/3G', 'alumno', 'Rosmery Luz', 'Bula Bonilla', '61363131', true);
INSERT INTO alumnos (id, usuario_id, dni, nombre, apellidos, codigo_barras, aula_id) VALUES ('d396b122-3a17-40cc-a542-5aada88b7c41', '054a20ff-2f1a-4e1f-aeae-cd7afdd05e30', '61363131', 'Rosmery Luz', 'Bula Bonilla', '613616', '2cf0b090-b557-4f7e-a172-c9612f6cee42');
INSERT INTO usuarios (id, email, password_hash, rol, nombre, apellidos, dni, activo) VALUES ('8d19755a-984c-4a3e-8435-e12355dd6c97', '616043@academia.edu', '$2b$10$Kt1WXnRsFi4Ux.r1r8SQD.Ps1ksMrVyIVlHWg9o3Z/3N8hWuZV/3G', 'alumno', 'Mariela Roci', 'Cadillo Alva', '61608270', true);
INSERT INTO alumnos (id, usuario_id, dni, nombre, apellidos, codigo_barras, aula_id) VALUES ('29a7dbf4-1dc5-484a-b75f-07505c9f32e9', '8d19755a-984c-4a3e-8435-e12355dd6c97', '61608270', 'Mariela Roci', 'Cadillo Alva', '616043', '2cf0b090-b557-4f7e-a172-c9612f6cee42');
INSERT INTO usuarios (id, email, password_hash, rol, nombre, apellidos, dni, activo) VALUES ('7089c01f-783f-4cdd-a3a3-e2f9ea0a0835', '612385@academia.edu', '$2b$10$Kt1WXnRsFi4Ux.r1r8SQD.Ps1ksMrVyIVlHWg9o3Z/3N8hWuZV/3G', 'alumno', 'Anjali Xiomara', 'Castro Vergara', '61233126', true);
INSERT INTO alumnos (id, usuario_id, dni, nombre, apellidos, codigo_barras, aula_id) VALUES ('7698b8c9-a1da-498e-8ba6-1f35706c3586', '7089c01f-783f-4cdd-a3a3-e2f9ea0a0835', '61233126', 'Anjali Xiomara', 'Castro Vergara', '612385', '2cf0b090-b557-4f7e-a172-c9612f6cee42');
INSERT INTO usuarios (id, email, password_hash, rol, nombre, apellidos, dni, activo) VALUES ('220ec662-4cd0-4f06-ab53-64bda7c7341a', '614748@academia.edu', '$2b$10$Kt1WXnRsFi4Ux.r1r8SQD.Ps1ksMrVyIVlHWg9o3Z/3N8hWuZV/3G', 'alumno', 'Carlos Andres', 'Chavez Linares', '61471475', true);
INSERT INTO alumnos (id, usuario_id, dni, nombre, apellidos, codigo_barras, aula_id) VALUES ('cc7d3ef0-8fea-47e5-b861-7ac01eaf2553', '220ec662-4cd0-4f06-ab53-64bda7c7341a', '61471475', 'Carlos Andres', 'Chavez Linares', '614748', '2cf0b090-b557-4f7e-a172-c9612f6cee42');
INSERT INTO usuarios (id, email, password_hash, rol, nombre, apellidos, dni, activo) VALUES ('44e07449-a041-4054-9bf7-69a5ea01bb55', '625118@academia.edu', '$2b$10$Kt1WXnRsFi4Ux.r1r8SQD.Ps1ksMrVyIVlHWg9o3Z/3N8hWuZV/3G', 'alumno', 'Germayony Leonor', 'Chinchay Ccari', '62518544', true);
INSERT INTO alumnos (id, usuario_id, dni, nombre, apellidos, codigo_barras, aula_id) VALUES ('e411d1a9-29d1-43f0-9d90-e9258d851f75', '44e07449-a041-4054-9bf7-69a5ea01bb55', '62518544', 'Germayony Leonor', 'Chinchay Ccari', '625118', '2cf0b090-b557-4f7e-a172-c9612f6cee42');
INSERT INTO usuarios (id, email, password_hash, rol, nombre, apellidos, dni, activo) VALUES ('6caa6495-90af-4eea-98ef-649e9a315ced', '607164@academia.edu', '$2b$10$Kt1WXnRsFi4Ux.r1r8SQD.Ps1ksMrVyIVlHWg9o3Z/3N8hWuZV/3G', 'alumno', 'Yocelina Karla', 'Cruz Cruz', '60711371', true);
INSERT INTO alumnos (id, usuario_id, dni, nombre, apellidos, codigo_barras, aula_id) VALUES ('99bde988-821d-4e73-844c-6b9f77ff4d92', '6caa6495-90af-4eea-98ef-649e9a315ced', '60711371', 'Yocelina Karla', 'Cruz Cruz', '607164', '2cf0b090-b557-4f7e-a172-c9612f6cee42');
INSERT INTO usuarios (id, email, password_hash, rol, nombre, apellidos, dni, activo) VALUES ('59274191-9640-4172-ab03-aca672552ebf', '618841@academia.edu', '$2b$10$Kt1WXnRsFi4Ux.r1r8SQD.Ps1ksMrVyIVlHWg9o3Z/3N8hWuZV/3G', 'alumno', 'Mauricio Javier', 'Depaz Yauri', '61880138', true);
INSERT INTO alumnos (id, usuario_id, dni, nombre, apellidos, codigo_barras, aula_id) VALUES ('ee182448-325d-4dcc-8dec-8a8b79ba2a0e', '59274191-9640-4172-ab03-aca672552ebf', '61880138', 'Mauricio Javier', 'Depaz Yauri', '618841', '2cf0b090-b557-4f7e-a172-c9612f6cee42');
INSERT INTO usuarios (id, email, password_hash, rol, nombre, apellidos, dni, activo) VALUES ('24aaa9bc-648c-4cdf-81fe-126b75a529a4', '604240@academia.edu', '$2b$10$Kt1WXnRsFi4Ux.r1r8SQD.Ps1ksMrVyIVlHWg9o3Z/3N8hWuZV/3G', 'alumno', 'Joshua Marcell', 'Enriquez Yauri', '61409381', true);
INSERT INTO alumnos (id, usuario_id, dni, nombre, apellidos, codigo_barras, aula_id) VALUES ('e5e4315c-8308-474e-82c4-ed668a8b438a', '24aaa9bc-648c-4cdf-81fe-126b75a529a4', '61409381', 'Joshua Marcell', 'Enriquez Yauri', '604240', '2cf0b090-b557-4f7e-a172-c9612f6cee42');
INSERT INTO usuarios (id, email, password_hash, rol, nombre, apellidos, dni, activo) VALUES ('0f7ca893-a098-428b-a370-88486e3b3cb3', '603732@academia.edu', '$2b$10$Kt1WXnRsFi4Ux.r1r8SQD.Ps1ksMrVyIVlHWg9o3Z/3N8hWuZV/3G', 'alumno', 'Luis Alberto', 'Fernandez Aira', '60378116', true);
INSERT INTO alumnos (id, usuario_id, dni, nombre, apellidos, codigo_barras, aula_id) VALUES ('387c72dd-e14b-4f78-aee3-083d9d20ed60', '0f7ca893-a098-428b-a370-88486e3b3cb3', '60378116', 'Luis Alberto', 'Fernandez Aira', '603732', '2cf0b090-b557-4f7e-a172-c9612f6cee42');
INSERT INTO usuarios (id, email, password_hash, rol, nombre, apellidos, dni, activo) VALUES ('b3298f14-2940-45c0-896f-73969c32cb7e', '603178@academia.edu', '$2b$10$Kt1WXnRsFi4Ux.r1r8SQD.Ps1ksMrVyIVlHWg9o3Z/3N8hWuZV/3G', 'alumno', 'Dayra Marela', 'Fernandez Condor', '60319586', true);
INSERT INTO alumnos (id, usuario_id, dni, nombre, apellidos, codigo_barras, aula_id) VALUES ('26c17b20-2c69-48aa-b08c-fa28b81c718e', 'b3298f14-2940-45c0-896f-73969c32cb7e', '60319586', 'Dayra Marela', 'Fernandez Condor', '603178', '2cf0b090-b557-4f7e-a172-c9612f6cee42');
INSERT INTO usuarios (id, email, password_hash, rol, nombre, apellidos, dni, activo) VALUES ('7a7c21e8-9e68-4846-b1a6-2fbd4cd77873', '612414@academia.edu', '$2b$10$Kt1WXnRsFi4Ux.r1r8SQD.Ps1ksMrVyIVlHWg9o3Z/3N8hWuZV/3G', 'alumno', 'Waleska Angelina', 'Flores Rosas', '61245258', true);
INSERT INTO alumnos (id, usuario_id, dni, nombre, apellidos, codigo_barras, aula_id) VALUES ('1fba0b5c-7f83-44d0-8a6a-727ab65bfea8', '7a7c21e8-9e68-4846-b1a6-2fbd4cd77873', '61245258', 'Waleska Angelina', 'Flores Rosas', '612414', '2cf0b090-b557-4f7e-a172-c9612f6cee42');
INSERT INTO usuarios (id, email, password_hash, rol, nombre, apellidos, dni, activo) VALUES ('24dfd049-f0ea-408d-8f76-caf79c890553', '615116@academia.edu', '$2b$10$Kt1WXnRsFi4Ux.r1r8SQD.Ps1ksMrVyIVlHWg9o3Z/3N8hWuZV/3G', 'alumno', 'Amy Kate', 'Granados Ramirez', '61517345', true);
INSERT INTO alumnos (id, usuario_id, dni, nombre, apellidos, codigo_barras, aula_id) VALUES ('478e292d-2751-4054-b24b-186fe90cf545', '24dfd049-f0ea-408d-8f76-caf79c890553', '61517345', 'Amy Kate', 'Granados Ramirez', '615116', '2cf0b090-b557-4f7e-a172-c9612f6cee42');
INSERT INTO usuarios (id, email, password_hash, rol, nombre, apellidos, dni, activo) VALUES ('ab02b35a-5d46-45d9-b131-d6c1b27aa760', '615176@academia.edu', '$2b$10$Kt1WXnRsFi4Ux.r1r8SQD.Ps1ksMrVyIVlHWg9o3Z/3N8hWuZV/3G', 'alumno', 'Erika Margarita', 'Guerrero Lopez', '61517384', true);
INSERT INTO alumnos (id, usuario_id, dni, nombre, apellidos, codigo_barras, aula_id) VALUES ('8025517c-f500-4ffb-9404-0d89056b9325', 'ab02b35a-5d46-45d9-b131-d6c1b27aa760', '61517384', 'Erika Margarita', 'Guerrero Lopez', '615176', '2cf0b090-b557-4f7e-a172-c9612f6cee42');
INSERT INTO usuarios (id, email, password_hash, rol, nombre, apellidos, dni, activo) VALUES ('ba4c2847-d056-4c0b-9d98-f39683d11b8a', '604038@academia.edu', '$2b$10$Kt1WXnRsFi4Ux.r1r8SQD.Ps1ksMrVyIVlHWg9o3Z/3N8hWuZV/3G', 'alumno', 'Deymi Maribel', 'Huamaliano Ocaña', '60407829', true);
INSERT INTO alumnos (id, usuario_id, dni, nombre, apellidos, codigo_barras, aula_id) VALUES ('9362562c-3f43-424e-ab51-ea75773c721f', 'ba4c2847-d056-4c0b-9d98-f39683d11b8a', '60407829', 'Deymi Maribel', 'Huamaliano Ocaña', '604038', '2cf0b090-b557-4f7e-a172-c9612f6cee42');
INSERT INTO usuarios (id, email, password_hash, rol, nombre, apellidos, dni, activo) VALUES ('c62f9f7a-8014-46f7-9310-1333e197ceb5', '603781@academia.edu', '$2b$10$Kt1WXnRsFi4Ux.r1r8SQD.Ps1ksMrVyIVlHWg9o3Z/3N8hWuZV/3G', 'alumno', 'Noris Noemi', 'Huaman Julca', '60374465', true);
INSERT INTO alumnos (id, usuario_id, dni, nombre, apellidos, codigo_barras, aula_id) VALUES ('35c75a7f-ff68-4397-90fa-f168d41302a8', 'c62f9f7a-8014-46f7-9310-1333e197ceb5', '60374465', 'Noris Noemi', 'Huaman Julca', '603781', '2cf0b090-b557-4f7e-a172-c9612f6cee42');
INSERT INTO usuarios (id, email, password_hash, rol, nombre, apellidos, dni, activo) VALUES ('0340514e-835a-408d-8d7b-5560dde41084', '606636@academia.edu', '$2b$10$Kt1WXnRsFi4Ux.r1r8SQD.Ps1ksMrVyIVlHWg9o3Z/3N8hWuZV/3G', 'alumno', 'Katte Kiomi', 'Julca Aranda', '60668666', true);
INSERT INTO alumnos (id, usuario_id, dni, nombre, apellidos, codigo_barras, aula_id) VALUES ('5b9cbe31-69ad-4d8f-a7a4-2df28a39621f', '0340514e-835a-408d-8d7b-5560dde41084', '60668666', 'Katte Kiomi', 'Julca Aranda', '606636', '2cf0b090-b557-4f7e-a172-c9612f6cee42');
INSERT INTO usuarios (id, email, password_hash, rol, nombre, apellidos, dni, activo) VALUES ('59ff674a-1b3a-49b4-a8ca-8680b4f89e0e', '602663@academia.edu', '$2b$10$Kt1WXnRsFi4Ux.r1r8SQD.Ps1ksMrVyIVlHWg9o3Z/3N8hWuZV/3G', 'alumno', 'Lucia Fatima', 'Lopez Amez', '60268050', true);
INSERT INTO alumnos (id, usuario_id, dni, nombre, apellidos, codigo_barras, aula_id) VALUES ('e90a1219-ea21-4d61-ab43-72f748395e0f', '59ff674a-1b3a-49b4-a8ca-8680b4f89e0e', '60268050', 'Lucia Fatima', 'Lopez Amez', '602663', '2cf0b090-b557-4f7e-a172-c9612f6cee42');
INSERT INTO usuarios (id, email, password_hash, rol, nombre, apellidos, dni, activo) VALUES ('871f2741-0036-4243-9193-cfec86f008b9', '603991@academia.edu', '$2b$10$Kt1WXnRsFi4Ux.r1r8SQD.Ps1ksMrVyIVlHWg9o3Z/3N8hWuZV/3G', 'alumno', 'Dayana Lisceline', 'Maguiña Chavez', '60395146', true);
INSERT INTO alumnos (id, usuario_id, dni, nombre, apellidos, codigo_barras, aula_id) VALUES ('4dd2e6ed-3d76-4a97-bc04-cd7c6d78f22d', '871f2741-0036-4243-9193-cfec86f008b9', '60395146', 'Dayana Lisceline', 'Maguiña Chavez', '603991', '2cf0b090-b557-4f7e-a172-c9612f6cee42');
INSERT INTO usuarios (id, email, password_hash, rol, nombre, apellidos, dni, activo) VALUES ('b08ba7e8-7413-4d09-b579-b3996e3129b5', '606817@academia.edu', '$2b$10$Kt1WXnRsFi4Ux.r1r8SQD.Ps1ksMrVyIVlHWg9o3Z/3N8hWuZV/3G', 'alumno', 'Elida Orfelinda', 'Mayo Sanchez', '60682941', true);
INSERT INTO alumnos (id, usuario_id, dni, nombre, apellidos, codigo_barras, aula_id) VALUES ('b90ad3c1-59e3-4174-a9c9-97b63f9de758', 'b08ba7e8-7413-4d09-b579-b3996e3129b5', '60682941', 'Elida Orfelinda', 'Mayo Sanchez', '606817', '2cf0b090-b557-4f7e-a172-c9612f6cee42');
INSERT INTO usuarios (id, email, password_hash, rol, nombre, apellidos, dni, activo) VALUES ('615ccbb6-5e94-4779-b1d5-2fff8fdaf879', '604056@academia.edu', '$2b$10$Kt1WXnRsFi4Ux.r1r8SQD.Ps1ksMrVyIVlHWg9o3Z/3N8hWuZV/3G', 'alumno', 'Nahelly Milagros', 'Mego Marchena', '60400566', true);
INSERT INTO alumnos (id, usuario_id, dni, nombre, apellidos, codigo_barras, aula_id) VALUES ('f387674f-695e-481c-a8f2-6f220cc11088', '615ccbb6-5e94-4779-b1d5-2fff8fdaf879', '60400566', 'Nahelly Milagros', 'Mego Marchena', '604056', '2cf0b090-b557-4f7e-a172-c9612f6cee42');
INSERT INTO usuarios (id, email, password_hash, rol, nombre, apellidos, dni, activo) VALUES ('957f07fe-3933-4b19-8c07-ff3d95ec999f', '616426@academia.edu', '$2b$10$Kt1WXnRsFi4Ux.r1r8SQD.Ps1ksMrVyIVlHWg9o3Z/3N8hWuZV/3G', 'alumno', 'Liliana Blanca Cristina', 'Mejia Carlos', '61644559', true);
INSERT INTO alumnos (id, usuario_id, dni, nombre, apellidos, codigo_barras, aula_id) VALUES ('9cc7be5a-f42b-4c58-9994-cc5fc076b5a3', '957f07fe-3933-4b19-8c07-ff3d95ec999f', '61644559', 'Liliana Blanca Cristina', 'Mejia Carlos', '616426', '2cf0b090-b557-4f7e-a172-c9612f6cee42');
INSERT INTO usuarios (id, email, password_hash, rol, nombre, apellidos, dni, activo) VALUES ('7e57957b-bb4c-46fb-993d-e5db64112c16', '603524@academia.edu', '$2b$10$Kt1WXnRsFi4Ux.r1r8SQD.Ps1ksMrVyIVlHWg9o3Z/3N8hWuZV/3G', 'alumno', 'Janeth Sonia', 'Mena Ramirez', '60357081', true);
INSERT INTO alumnos (id, usuario_id, dni, nombre, apellidos, codigo_barras, aula_id) VALUES ('c915fb86-408a-47d9-b66c-226c46f1c882', '7e57957b-bb4c-46fb-993d-e5db64112c16', '60357081', 'Janeth Sonia', 'Mena Ramirez', '603524', '2cf0b090-b557-4f7e-a172-c9612f6cee42');
INSERT INTO usuarios (id, email, password_hash, rol, nombre, apellidos, dni, activo) VALUES ('e684a4c1-f922-4c61-9f42-42499cfd086c', '600272@academia.edu', '$2b$10$Kt1WXnRsFi4Ux.r1r8SQD.Ps1ksMrVyIVlHWg9o3Z/3N8hWuZV/3G', 'alumno', 'Annie Yoli', 'Mendoza Mozombite', '60028222', true);
INSERT INTO alumnos (id, usuario_id, dni, nombre, apellidos, codigo_barras, aula_id) VALUES ('8f4a89e6-b92f-4e9b-9abf-53caeb30e78c', 'e684a4c1-f922-4c61-9f42-42499cfd086c', '60028222', 'Annie Yoli', 'Mendoza Mozombite', '600272', '2cf0b090-b557-4f7e-a172-c9612f6cee42');
INSERT INTO usuarios (id, email, password_hash, rol, nombre, apellidos, dni, activo) VALUES ('50642611-123f-4745-b36c-c7a8cdba6a3e', '601271@academia.edu', '$2b$10$Kt1WXnRsFi4Ux.r1r8SQD.Ps1ksMrVyIVlHWg9o3Z/3N8hWuZV/3G', 'alumno', 'Mery Yulissa', 'Morales Jimenez', '60128179', true);
INSERT INTO alumnos (id, usuario_id, dni, nombre, apellidos, codigo_barras, aula_id) VALUES ('45bc15d7-bc6e-41ec-8dac-85ee8ec85b43', '50642611-123f-4745-b36c-c7a8cdba6a3e', '60128179', 'Mery Yulissa', 'Morales Jimenez', '601271', '2cf0b090-b557-4f7e-a172-c9612f6cee42');
INSERT INTO usuarios (id, email, password_hash, rol, nombre, apellidos, dni, activo) VALUES ('9c9d98b4-560b-42a5-84fc-4b39030951c1', '601204@academia.edu', '$2b$10$Kt1WXnRsFi4Ux.r1r8SQD.Ps1ksMrVyIVlHWg9o3Z/3N8hWuZV/3G', 'alumno', 'Cristina Adela', 'Morales Solorzano', '60123461', true);
INSERT INTO alumnos (id, usuario_id, dni, nombre, apellidos, codigo_barras, aula_id) VALUES ('37e1ae85-cb73-4ae4-8cc8-5680f759729d', '9c9d98b4-560b-42a5-84fc-4b39030951c1', '60123461', 'Cristina Adela', 'Morales Solorzano', '601204', '2cf0b090-b557-4f7e-a172-c9612f6cee42');
INSERT INTO usuarios (id, email, password_hash, rol, nombre, apellidos, dni, activo) VALUES ('ed682235-0e22-4b81-abfd-c231b95acc86', '755800@academia.edu', '$2b$10$Kt1WXnRsFi4Ux.r1r8SQD.Ps1ksMrVyIVlHWg9o3Z/3N8hWuZV/3G', 'alumno', 'Yoselin Lorena', 'Moreno Chinchay', '75583608', true);
INSERT INTO alumnos (id, usuario_id, dni, nombre, apellidos, codigo_barras, aula_id) VALUES ('dfc657fe-a28f-4b9a-8f2c-c78d7b2ee8af', 'ed682235-0e22-4b81-abfd-c231b95acc86', '75583608', 'Yoselin Lorena', 'Moreno Chinchay', '755800', '2cf0b090-b557-4f7e-a172-c9612f6cee42');
INSERT INTO usuarios (id, email, password_hash, rol, nombre, apellidos, dni, activo) VALUES ('7692fe25-04e1-4549-845f-b7283c0d27cf', '723869@academia.edu', '$2b$10$Kt1WXnRsFi4Ux.r1r8SQD.Ps1ksMrVyIVlHWg9o3Z/3N8hWuZV/3G', 'alumno', 'Llioson Mayqui', 'Ñope Calzado', '72384751', true);
INSERT INTO alumnos (id, usuario_id, dni, nombre, apellidos, codigo_barras, aula_id) VALUES ('913554b6-cd79-42e0-b3cb-dab7ac241994', '7692fe25-04e1-4549-845f-b7283c0d27cf', '72384751', 'Llioson Mayqui', 'Ñope Calzado', '723869', '2cf0b090-b557-4f7e-a172-c9612f6cee42');
INSERT INTO usuarios (id, email, password_hash, rol, nombre, apellidos, dni, activo) VALUES ('1e9f7d19-e5fc-4c04-8cff-006ab1ff0cd8', '603316@academia.edu', '$2b$10$Kt1WXnRsFi4Ux.r1r8SQD.Ps1ksMrVyIVlHWg9o3Z/3N8hWuZV/3G', 'alumno', 'Karma Anali', 'Olivares Trujillo', '60336883', true);
INSERT INTO alumnos (id, usuario_id, dni, nombre, apellidos, codigo_barras, aula_id) VALUES ('f523940e-8990-4f01-b8e4-e401ee9d7591', '1e9f7d19-e5fc-4c04-8cff-006ab1ff0cd8', '60336883', 'Karma Anali', 'Olivares Trujillo', '603316', '2cf0b090-b557-4f7e-a172-c9612f6cee42');
INSERT INTO usuarios (id, email, password_hash, rol, nombre, apellidos, dni, activo) VALUES ('f02277ff-fc11-493f-badc-0f1a58cccbbf', '619402@academia.edu', '$2b$10$Kt1WXnRsFi4Ux.r1r8SQD.Ps1ksMrVyIVlHWg9o3Z/3N8hWuZV/3G', 'alumno', 'Yasmin', 'Osorio Herrera', '61943578', true);
INSERT INTO alumnos (id, usuario_id, dni, nombre, apellidos, codigo_barras, aula_id) VALUES ('0f97e5a6-115a-449b-8b11-c7b1ce9f2275', 'f02277ff-fc11-493f-badc-0f1a58cccbbf', '61943578', 'Yasmin', 'Osorio Herrera', '619402', '2cf0b090-b557-4f7e-a172-c9612f6cee42');
INSERT INTO usuarios (id, email, password_hash, rol, nombre, apellidos, dni, activo) VALUES ('590d4ff1-5633-4a09-bd1d-e157f6b14433', '731603@academia.edu', '$2b$10$Kt1WXnRsFi4Ux.r1r8SQD.Ps1ksMrVyIVlHWg9o3Z/3N8hWuZV/3G', 'alumno', 'Lizaret Isidora', 'Paira Cruz', '73162267', true);
INSERT INTO alumnos (id, usuario_id, dni, nombre, apellidos, codigo_barras, aula_id) VALUES ('319607e8-a744-4265-a7bf-540caf3e530a', '590d4ff1-5633-4a09-bd1d-e157f6b14433', '73162267', 'Lizaret Isidora', 'Paira Cruz', '731603', '2cf0b090-b557-4f7e-a172-c9612f6cee42');
INSERT INTO usuarios (id, email, password_hash, rol, nombre, apellidos, dni, activo) VALUES ('7a3171bd-ff37-4378-b2b2-1035befd6688', '603978@academia.edu', '$2b$10$Kt1WXnRsFi4Ux.r1r8SQD.Ps1ksMrVyIVlHWg9o3Z/3N8hWuZV/3G', 'alumno', 'Ayelen Amira', 'Poma Miñano', '60395111', true);
INSERT INTO alumnos (id, usuario_id, dni, nombre, apellidos, codigo_barras, aula_id) VALUES ('ac763bb1-f0de-40e0-8195-31558843565c', '7a3171bd-ff37-4378-b2b2-1035befd6688', '60395111', 'Ayelen Amira', 'Poma Miñano', '603978', '2cf0b090-b557-4f7e-a172-c9612f6cee42');
INSERT INTO usuarios (id, email, password_hash, rol, nombre, apellidos, dni, activo) VALUES ('612ed5db-84f6-4816-9e24-088f667a0095', '606973@academia.edu', '$2b$10$Kt1WXnRsFi4Ux.r1r8SQD.Ps1ksMrVyIVlHWg9o3Z/3N8hWuZV/3G', 'alumno', 'Claribel Ayelin', 'Ramos Buiza', '60695081', true);
INSERT INTO alumnos (id, usuario_id, dni, nombre, apellidos, codigo_barras, aula_id) VALUES ('c2a2b6a3-4c12-4f35-9cb1-6ecb53c2afec', '612ed5db-84f6-4816-9e24-088f667a0095', '60695081', 'Claribel Ayelin', 'Ramos Buiza', '606973', '2cf0b090-b557-4f7e-a172-c9612f6cee42');
INSERT INTO usuarios (id, email, password_hash, rol, nombre, apellidos, dni, activo) VALUES ('a6ba47c0-5f4b-4a70-a4a8-9995cf9d93e4', '601267@academia.edu', '$2b$10$Kt1WXnRsFi4Ux.r1r8SQD.Ps1ksMrVyIVlHWg9o3Z/3N8hWuZV/3G', 'alumno', 'Tatia Maribel', 'Retuerto Jaramillo', '60126481', true);
INSERT INTO alumnos (id, usuario_id, dni, nombre, apellidos, codigo_barras, aula_id) VALUES ('a644985c-ea1d-4b0c-8dbc-966cd17b517c', 'a6ba47c0-5f4b-4a70-a4a8-9995cf9d93e4', '60126481', 'Tatia Maribel', 'Retuerto Jaramillo', '601267', '2cf0b090-b557-4f7e-a172-c9612f6cee42');
INSERT INTO usuarios (id, email, password_hash, rol, nombre, apellidos, dni, activo) VALUES ('db7a31a5-34cb-45bf-aec0-9eeb22197a5a', '615197@academia.edu', '$2b$10$Kt1WXnRsFi4Ux.r1r8SQD.Ps1ksMrVyIVlHWg9o3Z/3N8hWuZV/3G', 'alumno', 'Nicoll Medalit', 'Rivas Barreto', '61517302', true);
INSERT INTO alumnos (id, usuario_id, dni, nombre, apellidos, codigo_barras, aula_id) VALUES ('83b73e58-faf3-4ad8-b691-da4c11db24d3', 'db7a31a5-34cb-45bf-aec0-9eeb22197a5a', '61517302', 'Nicoll Medalit', 'Rivas Barreto', '615197', '2cf0b090-b557-4f7e-a172-c9612f6cee42');
INSERT INTO usuarios (id, email, password_hash, rol, nombre, apellidos, dni, activo) VALUES ('81ea3a2a-553c-443d-9f79-162ad0c6b98a', '606957@academia.edu', '$2b$10$Kt1WXnRsFi4Ux.r1r8SQD.Ps1ksMrVyIVlHWg9o3Z/3N8hWuZV/3G', 'alumno', 'Anabel Paloma', 'Rivera Veramendi', '60691902', true);
INSERT INTO alumnos (id, usuario_id, dni, nombre, apellidos, codigo_barras, aula_id) VALUES ('0439b5c9-4801-4823-b123-265f80eb33cc', '81ea3a2a-553c-443d-9f79-162ad0c6b98a', '60691902', 'Anabel Paloma', 'Rivera Veramendi', '606957', '2cf0b090-b557-4f7e-a172-c9612f6cee42');
INSERT INTO usuarios (id, email, password_hash, rol, nombre, apellidos, dni, activo) VALUES ('67abdf88-44db-478c-9744-404fcb7edf08', '614045@academia.edu', '$2b$10$Kt1WXnRsFi4Ux.r1r8SQD.Ps1ksMrVyIVlHWg9o3Z/3N8hWuZV/3G', 'alumno', 'Alison Tatiana', 'Rosales Villanueva', '61409462', true);
INSERT INTO alumnos (id, usuario_id, dni, nombre, apellidos, codigo_barras, aula_id) VALUES ('62e0efd7-6d9d-45d5-a646-0280c528d693', '67abdf88-44db-478c-9744-404fcb7edf08', '61409462', 'Alison Tatiana', 'Rosales Villanueva', '614045', '2cf0b090-b557-4f7e-a172-c9612f6cee42');
INSERT INTO usuarios (id, email, password_hash, rol, nombre, apellidos, dni, activo) VALUES ('179c15f3-786e-4491-932e-e96cd088ff2d', '614226@academia.edu', '$2b$10$Kt1WXnRsFi4Ux.r1r8SQD.Ps1ksMrVyIVlHWg9o3Z/3N8hWuZV/3G', 'alumno', 'Susan Gabriela', 'Rosas Baylon', '61429133', true);
INSERT INTO alumnos (id, usuario_id, dni, nombre, apellidos, codigo_barras, aula_id) VALUES ('3f904d18-5101-40d5-beda-caba66739e3e', '179c15f3-786e-4491-932e-e96cd088ff2d', '61429133', 'Susan Gabriela', 'Rosas Baylon', '614226', '2cf0b090-b557-4f7e-a172-c9612f6cee42');
INSERT INTO usuarios (id, email, password_hash, rol, nombre, apellidos, dni, activo) VALUES ('2abbd8aa-b193-4e81-b25c-f505017fd766', '743891@academia.edu', '$2b$10$Kt1WXnRsFi4Ux.r1r8SQD.Ps1ksMrVyIVlHWg9o3Z/3N8hWuZV/3G', 'alumno', 'Harrison Sidane', 'Sanchez Morales', '74385985', true);
INSERT INTO alumnos (id, usuario_id, dni, nombre, apellidos, codigo_barras, aula_id) VALUES ('5d022dd9-47ed-4dc6-bee9-e0deef6a8aa3', '2abbd8aa-b193-4e81-b25c-f505017fd766', '74385985', 'Harrison Sidane', 'Sanchez Morales', '743891', '2cf0b090-b557-4f7e-a172-c9612f6cee42');
INSERT INTO usuarios (id, email, password_hash, rol, nombre, apellidos, dni, activo) VALUES ('2d0edbf8-ee3c-494b-8418-2fce8c8f099e', '600211@academia.edu', '$2b$10$Kt1WXnRsFi4Ux.r1r8SQD.Ps1ksMrVyIVlHWg9o3Z/3N8hWuZV/3G', 'alumno', 'Daen Maely', 'Torres Hurtado', '60022041', true);
INSERT INTO alumnos (id, usuario_id, dni, nombre, apellidos, codigo_barras, aula_id) VALUES ('82e730a0-1d16-4eeb-9e53-14b68c7f225c', '2d0edbf8-ee3c-494b-8418-2fce8c8f099e', '60022041', 'Daen Maely', 'Torres Hurtado', '600211', '2cf0b090-b557-4f7e-a172-c9612f6cee42');
INSERT INTO usuarios (id, email, password_hash, rol, nombre, apellidos, dni, activo) VALUES ('b2910066-6922-48ea-a257-d5187028a5b0', '606775@academia.edu', '$2b$10$Kt1WXnRsFi4Ux.r1r8SQD.Ps1ksMrVyIVlHWg9o3Z/3N8hWuZV/3G', 'alumno', 'Ximena Marisol', 'Trujillo Malvas', '60677230', true);
INSERT INTO alumnos (id, usuario_id, dni, nombre, apellidos, codigo_barras, aula_id) VALUES ('82b93c77-b1c9-443e-a8c7-3039e80e0565', 'b2910066-6922-48ea-a257-d5187028a5b0', '60677230', 'Ximena Marisol', 'Trujillo Malvas', '606775', '2cf0b090-b557-4f7e-a172-c9612f6cee42');
INSERT INTO usuarios (id, email, password_hash, rol, nombre, apellidos, dni, activo) VALUES ('e426774c-a148-415d-bee4-4973040755b9', '606184@academia.edu', '$2b$10$Kt1WXnRsFi4Ux.r1r8SQD.Ps1ksMrVyIVlHWg9o3Z/3N8hWuZV/3G', 'alumno', 'Yeral Monica', 'Veramendi Calancho', '60611373', true);
INSERT INTO alumnos (id, usuario_id, dni, nombre, apellidos, codigo_barras, aula_id) VALUES ('1941d714-94b9-459f-9772-2832dfad699a', 'e426774c-a148-415d-bee4-4973040755b9', '60611373', 'Yeral Monica', 'Veramendi Calancho', '606184', '2cf0b090-b557-4f7e-a172-c9612f6cee42');
INSERT INTO usuarios (id, email, password_hash, rol, nombre, apellidos, dni, activo) VALUES ('2a8d6842-5162-4999-8307-ada68877fbae', '613653@academia.edu', '$2b$10$Kt1WXnRsFi4Ux.r1r8SQD.Ps1ksMrVyIVlHWg9o3Z/3N8hWuZV/3G', 'alumno', 'Yudit Angela', 'Yucyuc Jimenez', '61363066', true);
INSERT INTO alumnos (id, usuario_id, dni, nombre, apellidos, codigo_barras, aula_id) VALUES ('68ab9c82-f009-4b9f-9612-796a69a48a71', '2a8d6842-5162-4999-8307-ada68877fbae', '61363066', 'Yudit Angela', 'Yucyuc Jimenez', '613653', '2cf0b090-b557-4f7e-a172-c9612f6cee42');
INSERT INTO usuarios (id, email, password_hash, rol, nombre, apellidos, dni, activo) VALUES ('4ecdc66d-63d8-4d24-9643-cbe2cf9eee79', '601235@academia.edu', '$2b$10$Kt1WXnRsFi4Ux.r1r8SQD.Ps1ksMrVyIVlHWg9o3Z/3N8hWuZV/3G', 'alumno', 'Nayely Nataly', 'Aguilar Bartolome', '60123628', true);
INSERT INTO alumnos (id, usuario_id, dni, nombre, apellidos, codigo_barras, aula_id) VALUES ('79e1cdfe-bde5-41c3-bdeb-23cbd8400178', '4ecdc66d-63d8-4d24-9643-cbe2cf9eee79', '60123628', 'Nayely Nataly', 'Aguilar Bartolome', '601235', 'dc8fd868-2042-4d11-8e5f-6a4f7802ef6a');
INSERT INTO usuarios (id, email, password_hash, rol, nombre, apellidos, dni, activo) VALUES ('ae2a8a93-ac6b-462e-89b5-b45faded86ef', '703659@academia.edu', '$2b$10$Kt1WXnRsFi4Ux.r1r8SQD.Ps1ksMrVyIVlHWg9o3Z/3N8hWuZV/3G', 'alumno', 'Rosli Sell', 'Alegre Espiritu', '70361695', true);
INSERT INTO alumnos (id, usuario_id, dni, nombre, apellidos, codigo_barras, aula_id) VALUES ('c160cf4b-ca0a-4f5a-9452-78ba1d3a2131', 'ae2a8a93-ac6b-462e-89b5-b45faded86ef', '70361695', 'Rosli Sell', 'Alegre Espiritu', '703659', 'dc8fd868-2042-4d11-8e5f-6a4f7802ef6a');
INSERT INTO usuarios (id, email, password_hash, rol, nombre, apellidos, dni, activo) VALUES ('5f3d337a-8687-4db1-ab83-eb213d25eb19', '763906@academia.edu', '$2b$10$Kt1WXnRsFi4Ux.r1r8SQD.Ps1ksMrVyIVlHWg9o3Z/3N8hWuZV/3G', 'alumno', 'Evelyn Angelica', 'Angeles Cabana', '76392205', true);
INSERT INTO alumnos (id, usuario_id, dni, nombre, apellidos, codigo_barras, aula_id) VALUES ('d548f246-21bd-46a8-9c73-4a0907fdbc8c', '5f3d337a-8687-4db1-ab83-eb213d25eb19', '76392205', 'Evelyn Angelica', 'Angeles Cabana', '763906', 'dc8fd868-2042-4d11-8e5f-6a4f7802ef6a');
INSERT INTO usuarios (id, email, password_hash, rol, nombre, apellidos, dni, activo) VALUES ('bd55ca0a-612f-40a0-9739-a414766f5d2d', '614838@academia.edu', '$2b$10$Kt1WXnRsFi4Ux.r1r8SQD.Ps1ksMrVyIVlHWg9o3Z/3N8hWuZV/3G', 'alumno', 'Alexandra Ibeth', 'Aponte Tadeo', '61480063', true);
INSERT INTO alumnos (id, usuario_id, dni, nombre, apellidos, codigo_barras, aula_id) VALUES ('a6cce2f9-98c5-40b8-9245-b38c6899d885', 'bd55ca0a-612f-40a0-9739-a414766f5d2d', '61480063', 'Alexandra Ibeth', 'Aponte Tadeo', '614838', 'dc8fd868-2042-4d11-8e5f-6a4f7802ef6a');
INSERT INTO usuarios (id, email, password_hash, rol, nombre, apellidos, dni, activo) VALUES ('67ffa84a-48fe-4345-92c0-c244108f1a95', '620103@academia.edu', '$2b$10$Kt1WXnRsFi4Ux.r1r8SQD.Ps1ksMrVyIVlHWg9o3Z/3N8hWuZV/3G', 'alumno', 'Sebastian Damon', 'Blanco Saenz', '62015017', true);
INSERT INTO alumnos (id, usuario_id, dni, nombre, apellidos, codigo_barras, aula_id) VALUES ('8388a0c8-3ab7-49af-be24-9e1bae17e66c', '67ffa84a-48fe-4345-92c0-c244108f1a95', '62015017', 'Sebastian Damon', 'Blanco Saenz', '620103', 'dc8fd868-2042-4d11-8e5f-6a4f7802ef6a');
INSERT INTO usuarios (id, email, password_hash, rol, nombre, apellidos, dni, activo) VALUES ('056f8233-57c9-4758-b84e-ab5777986f41', '613210@academia.edu', '$2b$10$Kt1WXnRsFi4Ux.r1r8SQD.Ps1ksMrVyIVlHWg9o3Z/3N8hWuZV/3G', 'alumno', 'Geampool Fernando', 'Casio Mendoza', '61321690', true);
INSERT INTO alumnos (id, usuario_id, dni, nombre, apellidos, codigo_barras, aula_id) VALUES ('f9c26f69-be74-4606-8ceb-aa6537ba7b35', '056f8233-57c9-4758-b84e-ab5777986f41', '61321690', 'Geampool Fernando', 'Casio Mendoza', '613210', 'dc8fd868-2042-4d11-8e5f-6a4f7802ef6a');
INSERT INTO usuarios (id, email, password_hash, rol, nombre, apellidos, dni, activo) VALUES ('4d2ebbdb-8c42-4076-90d8-030c039c4cdf', '613141@academia.edu', '$2b$10$Kt1WXnRsFi4Ux.r1r8SQD.Ps1ksMrVyIVlHWg9o3Z/3N8hWuZV/3G', 'alumno', 'Misky Paola', 'Celmi Gomez', '61314674', true);
INSERT INTO alumnos (id, usuario_id, dni, nombre, apellidos, codigo_barras, aula_id) VALUES ('d3c5ceef-936c-4459-9b6d-ca921842a3f7', '4d2ebbdb-8c42-4076-90d8-030c039c4cdf', '61314674', 'Misky Paola', 'Celmi Gomez', '613141', 'dc8fd868-2042-4d11-8e5f-6a4f7802ef6a');
INSERT INTO usuarios (id, email, password_hash, rol, nombre, apellidos, dni, activo) VALUES ('6a4d3f1d-8651-498a-aa51-43cf1007e428', '607434@academia.edu', '$2b$10$Kt1WXnRsFi4Ux.r1r8SQD.Ps1ksMrVyIVlHWg9o3Z/3N8hWuZV/3G', 'alumno', 'Valeria', 'Cerna Canon', '60740160', true);
INSERT INTO alumnos (id, usuario_id, dni, nombre, apellidos, codigo_barras, aula_id) VALUES ('312a10e5-38f1-474d-8081-e68993c8fb5e', '6a4d3f1d-8651-498a-aa51-43cf1007e428', '60740160', 'Valeria', 'Cerna Canon', '607434', 'dc8fd868-2042-4d11-8e5f-6a4f7802ef6a');
INSERT INTO usuarios (id, email, password_hash, rol, nombre, apellidos, dni, activo) VALUES ('30ecfae6-e2be-422c-a646-a9e6611e1ba0', '600253@academia.edu', '$2b$10$Kt1WXnRsFi4Ux.r1r8SQD.Ps1ksMrVyIVlHWg9o3Z/3N8hWuZV/3G', 'alumno', 'Evelin Zarai', 'Cerrate Copertino', '60024848', true);
INSERT INTO alumnos (id, usuario_id, dni, nombre, apellidos, codigo_barras, aula_id) VALUES ('1e717897-72d2-4668-a4bc-0493ed9da825', '30ecfae6-e2be-422c-a646-a9e6611e1ba0', '60024848', 'Evelin Zarai', 'Cerrate Copertino', '600253', 'dc8fd868-2042-4d11-8e5f-6a4f7802ef6a');
INSERT INTO usuarios (id, email, password_hash, rol, nombre, apellidos, dni, activo) VALUES ('0bbe8560-eccb-43a0-9d58-300c506dc6cc', '606978@academia.edu', '$2b$10$Kt1WXnRsFi4Ux.r1r8SQD.Ps1ksMrVyIVlHWg9o3Z/3N8hWuZV/3G', 'alumno', 'Ruth Zaray', 'Chavez Chavez', '60691865', true);
INSERT INTO alumnos (id, usuario_id, dni, nombre, apellidos, codigo_barras, aula_id) VALUES ('fab62590-7c7d-43e6-9fe6-53a9168431f3', '0bbe8560-eccb-43a0-9d58-300c506dc6cc', '60691865', 'Ruth Zaray', 'Chavez Chavez', '606978', 'dc8fd868-2042-4d11-8e5f-6a4f7802ef6a');
INSERT INTO usuarios (id, email, password_hash, rol, nombre, apellidos, dni, activo) VALUES ('20b0d22c-8c56-46fe-bc6d-921d8f9cd4b9', '606090@academia.edu', '$2b$10$Kt1WXnRsFi4Ux.r1r8SQD.Ps1ksMrVyIVlHWg9o3Z/3N8hWuZV/3G', 'alumno', 'Milagros Guadalupe', 'Chavez Nieto', '60609265', true);
INSERT INTO alumnos (id, usuario_id, dni, nombre, apellidos, codigo_barras, aula_id) VALUES ('b8db40b7-43ae-4d95-8735-68107d0ab4bb', '20b0d22c-8c56-46fe-bc6d-921d8f9cd4b9', '60609265', 'Milagros Guadalupe', 'Chavez Nieto', '606090', 'dc8fd868-2042-4d11-8e5f-6a4f7802ef6a');
INSERT INTO usuarios (id, email, password_hash, rol, nombre, apellidos, dni, activo) VALUES ('b93b11d2-5483-4e6e-80fc-bb1de17ed747', '606797@academia.edu', '$2b$10$Kt1WXnRsFi4Ux.r1r8SQD.Ps1ksMrVyIVlHWg9o3Z/3N8hWuZV/3G', 'alumno', 'Annay Asuncion', 'De La Cruz Chavez', '60672310', true);
INSERT INTO alumnos (id, usuario_id, dni, nombre, apellidos, codigo_barras, aula_id) VALUES ('9a942336-2a1b-4592-bafb-c36aa65dc057', 'b93b11d2-5483-4e6e-80fc-bb1de17ed747', '60672310', 'Annay Asuncion', 'De La Cruz Chavez', '606797', 'dc8fd868-2042-4d11-8e5f-6a4f7802ef6a');
INSERT INTO usuarios (id, email, password_hash, rol, nombre, apellidos, dni, activo) VALUES ('e9bd8434-4ec6-4b42-be7d-3c31693e1d58', '601265@academia.edu', '$2b$10$Kt1WXnRsFi4Ux.r1r8SQD.Ps1ksMrVyIVlHWg9o3Z/3N8hWuZV/3G', 'alumno', 'Yessi Alicia', 'Delgado Julca', '60123767', true);
INSERT INTO alumnos (id, usuario_id, dni, nombre, apellidos, codigo_barras, aula_id) VALUES ('0f9a41aa-40da-44cf-86fa-a3ae8222abe8', 'e9bd8434-4ec6-4b42-be7d-3c31693e1d58', '60123767', 'Yessi Alicia', 'Delgado Julca', '601265', 'dc8fd868-2042-4d11-8e5f-6a4f7802ef6a');
INSERT INTO usuarios (id, email, password_hash, rol, nombre, apellidos, dni, activo) VALUES ('0cd9dcb0-04fc-46b6-9501-8ecad0c5852f', '610817@academia.edu', '$2b$10$Kt1WXnRsFi4Ux.r1r8SQD.Ps1ksMrVyIVlHWg9o3Z/3N8hWuZV/3G', 'alumno', 'Sergio Derek', 'Depaz Gamarra', '61080736', true);
INSERT INTO alumnos (id, usuario_id, dni, nombre, apellidos, codigo_barras, aula_id) VALUES ('13d4cba1-13d6-435e-ac0e-314a76586f90', '0cd9dcb0-04fc-46b6-9501-8ecad0c5852f', '61080736', 'Sergio Derek', 'Depaz Gamarra', '610817', 'dc8fd868-2042-4d11-8e5f-6a4f7802ef6a');
INSERT INTO usuarios (id, email, password_hash, rol, nombre, apellidos, dni, activo) VALUES ('dcf865a1-7e37-49a0-95d0-9b8a32b93848', '729859@academia.edu', '$2b$10$Kt1WXnRsFi4Ux.r1r8SQD.Ps1ksMrVyIVlHWg9o3Z/3N8hWuZV/3G', 'alumno', 'Adriann', 'Dietrich Granda', '72987067', true);
INSERT INTO alumnos (id, usuario_id, dni, nombre, apellidos, codigo_barras, aula_id) VALUES ('0cad4d1f-2ea3-43da-8a2b-18e2aed81036', 'dcf865a1-7e37-49a0-95d0-9b8a32b93848', '72987067', 'Adriann', 'Dietrich Granda', '729859', 'dc8fd868-2042-4d11-8e5f-6a4f7802ef6a');
INSERT INTO usuarios (id, email, password_hash, rol, nombre, apellidos, dni, activo) VALUES ('1b0aeae1-b410-4713-917d-43f6b268978d', '614451@academia.edu', '$2b$10$Kt1WXnRsFi4Ux.r1r8SQD.Ps1ksMrVyIVlHWg9o3Z/3N8hWuZV/3G', 'alumno', 'Noemi Rosmery', 'Encarnacion Tolentino', '61447673', true);
INSERT INTO alumnos (id, usuario_id, dni, nombre, apellidos, codigo_barras, aula_id) VALUES ('d8b78af2-d42f-49ce-8290-5eacf87d1833', '1b0aeae1-b410-4713-917d-43f6b268978d', '61447673', 'Noemi Rosmery', 'Encarnacion Tolentino', '614451', 'dc8fd868-2042-4d11-8e5f-6a4f7802ef6a');
INSERT INTO usuarios (id, email, password_hash, rol, nombre, apellidos, dni, activo) VALUES ('f47364bf-9084-4f07-9b1b-6c5884e4e949', '616756@academia.edu', '$2b$10$Kt1WXnRsFi4Ux.r1r8SQD.Ps1ksMrVyIVlHWg9o3Z/3N8hWuZV/3G', 'alumno', 'Yanina Azumi', 'Enrique Asencios', '61678216', true);
INSERT INTO alumnos (id, usuario_id, dni, nombre, apellidos, codigo_barras, aula_id) VALUES ('a9445105-7cac-44c5-ab50-c03f5ad0a21f', 'f47364bf-9084-4f07-9b1b-6c5884e4e949', '61678216', 'Yanina Azumi', 'Enrique Asencios', '616756', 'dc8fd868-2042-4d11-8e5f-6a4f7802ef6a');
INSERT INTO usuarios (id, email, password_hash, rol, nombre, apellidos, dni, activo) VALUES ('a6d7d4b5-0544-47dc-bdf9-8c22208505f9', '610668@academia.edu', '$2b$10$Kt1WXnRsFi4Ux.r1r8SQD.Ps1ksMrVyIVlHWg9o3Z/3N8hWuZV/3G', 'alumno', 'David', 'Fernandez Cubos', '61064076', true);
INSERT INTO alumnos (id, usuario_id, dni, nombre, apellidos, codigo_barras, aula_id) VALUES ('637725bf-e1ce-472d-9bb3-033fc8bec956', 'a6d7d4b5-0544-47dc-bdf9-8c22208505f9', '61064076', 'David', 'Fernandez Cubos', '610668', 'dc8fd868-2042-4d11-8e5f-6a4f7802ef6a');
INSERT INTO usuarios (id, email, password_hash, rol, nombre, apellidos, dni, activo) VALUES ('4c34bad3-76d6-469e-85ee-20d09729c74d', '000001@academia.edu', '$2b$10$Kt1WXnRsFi4Ux.r1r8SQD.Ps1ksMrVyIVlHWg9o3Z/3N8hWuZV/3G', 'alumno', 'Demma Emily', 'Fernandez Canares', '62100346', true);
INSERT INTO alumnos (id, usuario_id, dni, nombre, apellidos, codigo_barras, aula_id) VALUES ('1325cb2c-cc6b-4ac8-b8c7-2688fec16e0c', '4c34bad3-76d6-469e-85ee-20d09729c74d', '62100346', 'Demma Emily', 'Fernandez Canares', '000001', 'dc8fd868-2042-4d11-8e5f-6a4f7802ef6a');
INSERT INTO usuarios (id, email, password_hash, rol, nombre, apellidos, dni, activo) VALUES ('20f1c2c6-bf24-4546-ad41-ea377090e9fb', '602728@academia.edu', '$2b$10$Kt1WXnRsFi4Ux.r1r8SQD.Ps1ksMrVyIVlHWg9o3Z/3N8hWuZV/3G', 'alumno', 'Maili Victoria', 'Garcia Paucar', '60274740', true);
INSERT INTO alumnos (id, usuario_id, dni, nombre, apellidos, codigo_barras, aula_id) VALUES ('9401df9a-5424-43da-ae27-aa693e771451', '20f1c2c6-bf24-4546-ad41-ea377090e9fb', '60274740', 'Maili Victoria', 'Garcia Paucar', '602728', 'dc8fd868-2042-4d11-8e5f-6a4f7802ef6a');
INSERT INTO usuarios (id, email, password_hash, rol, nombre, apellidos, dni, activo) VALUES ('32780495-b7c3-4e94-be84-7edca7a6ca29', '614026@academia.edu', '$2b$10$Kt1WXnRsFi4Ux.r1r8SQD.Ps1ksMrVyIVlHWg9o3Z/3N8hWuZV/3G', 'alumno', 'Pedro Antonio', 'Leyva Hurtado', '61409513', true);
INSERT INTO alumnos (id, usuario_id, dni, nombre, apellidos, codigo_barras, aula_id) VALUES ('91c1e104-9681-4024-8878-a7dc5432fe95', '32780495-b7c3-4e94-be84-7edca7a6ca29', '61409513', 'Pedro Antonio', 'Leyva Hurtado', '614026', 'dc8fd868-2042-4d11-8e5f-6a4f7802ef6a');
INSERT INTO usuarios (id, email, password_hash, rol, nombre, apellidos, dni, activo) VALUES ('c51239f3-ec45-4b0a-bc1b-5a7b44be3cb2', '614000@academia.edu', '$2b$10$Kt1WXnRsFi4Ux.r1r8SQD.Ps1ksMrVyIVlHWg9o3Z/3N8hWuZV/3G', 'alumno', 'Naysha Marilin', 'Loli Castillo', '61409286', true);
INSERT INTO alumnos (id, usuario_id, dni, nombre, apellidos, codigo_barras, aula_id) VALUES ('7cbf1982-175e-40c9-8a0f-63172cd677e8', 'c51239f3-ec45-4b0a-bc1b-5a7b44be3cb2', '61409286', 'Naysha Marilin', 'Loli Castillo', '614000', 'dc8fd868-2042-4d11-8e5f-6a4f7802ef6a');
INSERT INTO usuarios (id, email, password_hash, rol, nombre, apellidos, dni, activo) VALUES ('22c8e639-7e99-4532-bb63-50a33343c0b5', '709222@academia.edu', '$2b$10$Kt1WXnRsFi4Ux.r1r8SQD.Ps1ksMrVyIVlHWg9o3Z/3N8hWuZV/3G', 'alumno', 'Josue Alex', 'Lopez Apolinario', '70922671', true);
INSERT INTO alumnos (id, usuario_id, dni, nombre, apellidos, codigo_barras, aula_id) VALUES ('b9adecb7-f27e-49e1-94fe-fce8cac90e43', '22c8e639-7e99-4532-bb63-50a33343c0b5', '70922671', 'Josue Alex', 'Lopez Apolinario', '709222', 'dc8fd868-2042-4d11-8e5f-6a4f7802ef6a');
INSERT INTO usuarios (id, email, password_hash, rol, nombre, apellidos, dni, activo) VALUES ('c97b82d3-25e7-4bdd-90d4-6154c0e34ff3', '613111@academia.edu', '$2b$10$Kt1WXnRsFi4Ux.r1r8SQD.Ps1ksMrVyIVlHWg9o3Z/3N8hWuZV/3G', 'alumno', 'Anlly Ana Lucia', 'Lopez Paucar', '61314356', true);
INSERT INTO alumnos (id, usuario_id, dni, nombre, apellidos, codigo_barras, aula_id) VALUES ('8adffc95-c66f-4696-92e2-c53b7dc37cf4', 'c97b82d3-25e7-4bdd-90d4-6154c0e34ff3', '61314356', 'Anlly Ana Lucia', 'Lopez Paucar', '613111', 'dc8fd868-2042-4d11-8e5f-6a4f7802ef6a');
INSERT INTO usuarios (id, email, password_hash, rol, nombre, apellidos, dni, activo) VALUES ('cc05ff2d-7c9d-4741-98fb-6229c1e122ea', '760200@academia.edu', '$2b$10$Kt1WXnRsFi4Ux.r1r8SQD.Ps1ksMrVyIVlHWg9o3Z/3N8hWuZV/3G', 'alumno', 'Gimena Florcita', 'Maguiña Guerrero', '76025266', true);
INSERT INTO alumnos (id, usuario_id, dni, nombre, apellidos, codigo_barras, aula_id) VALUES ('c2aa3095-d757-4b6e-bb2f-50876957eb02', 'cc05ff2d-7c9d-4741-98fb-6229c1e122ea', '76025266', 'Gimena Florcita', 'Maguiña Guerrero', '760200', 'dc8fd868-2042-4d11-8e5f-6a4f7802ef6a');
INSERT INTO usuarios (id, email, password_hash, rol, nombre, apellidos, dni, activo) VALUES ('6f593ff5-72a0-48df-9bab-0ba9a5a5dfff', '616094@academia.edu', '$2b$10$Kt1WXnRsFi4Ux.r1r8SQD.Ps1ksMrVyIVlHWg9o3Z/3N8hWuZV/3G', 'alumno', 'Estrellita Marili', 'Medina Valenzuela', '61606301', true);
INSERT INTO alumnos (id, usuario_id, dni, nombre, apellidos, codigo_barras, aula_id) VALUES ('bdc875ce-80da-4c61-9b68-4d3a046e8d69', '6f593ff5-72a0-48df-9bab-0ba9a5a5dfff', '61606301', 'Estrellita Marili', 'Medina Valenzuela', '616094', 'dc8fd868-2042-4d11-8e5f-6a4f7802ef6a');
INSERT INTO usuarios (id, email, password_hash, rol, nombre, apellidos, dni, activo) VALUES ('4d70900b-44fe-434c-9220-16d73de82dc9', '614054@academia.edu', '$2b$10$Kt1WXnRsFi4Ux.r1r8SQD.Ps1ksMrVyIVlHWg9o3Z/3N8hWuZV/3G', 'alumno', 'Yefferson Jerardo', 'Mendez Tafur', '61409208', true);
INSERT INTO alumnos (id, usuario_id, dni, nombre, apellidos, codigo_barras, aula_id) VALUES ('9353f3b2-c201-465b-a1a9-68ab092e29fa', '4d70900b-44fe-434c-9220-16d73de82dc9', '61409208', 'Yefferson Jerardo', 'Mendez Tafur', '614054', 'dc8fd868-2042-4d11-8e5f-6a4f7802ef6a');
INSERT INTO usuarios (id, email, password_hash, rol, nombre, apellidos, dni, activo) VALUES ('d54628fa-3aeb-448f-a918-9a43a3d1179e', '614267@academia.edu', '$2b$10$Kt1WXnRsFi4Ux.r1r8SQD.Ps1ksMrVyIVlHWg9o3Z/3N8hWuZV/3G', 'alumno', 'Betsabe Guadalupe', 'Morales Moreno', '61429073', true);
INSERT INTO alumnos (id, usuario_id, dni, nombre, apellidos, codigo_barras, aula_id) VALUES ('defbeff4-4bf5-4c6b-b0dc-c98e9945ff80', 'd54628fa-3aeb-448f-a918-9a43a3d1179e', '61429073', 'Betsabe Guadalupe', 'Morales Moreno', '614267', 'dc8fd868-2042-4d11-8e5f-6a4f7802ef6a');
INSERT INTO usuarios (id, email, password_hash, rol, nombre, apellidos, dni, activo) VALUES ('ab3ce02f-e331-455e-8608-68b21f862d42', '763564@academia.edu', '$2b$10$Kt1WXnRsFi4Ux.r1r8SQD.Ps1ksMrVyIVlHWg9o3Z/3N8hWuZV/3G', 'alumno', 'Joans Cesar', 'Norabuena Arista', '76357579', true);
INSERT INTO alumnos (id, usuario_id, dni, nombre, apellidos, codigo_barras, aula_id) VALUES ('b328ed11-6a8f-4489-8c77-99848faf45fa', 'ab3ce02f-e331-455e-8608-68b21f862d42', '76357579', 'Joans Cesar', 'Norabuena Arista', '763564', 'dc8fd868-2042-4d11-8e5f-6a4f7802ef6a');
INSERT INTO usuarios (id, email, password_hash, rol, nombre, apellidos, dni, activo) VALUES ('7f453dba-f350-4244-bb9b-ad09c37872fa', '605202@academia.edu', '$2b$10$Kt1WXnRsFi4Ux.r1r8SQD.Ps1ksMrVyIVlHWg9o3Z/3N8hWuZV/3G', 'alumno', 'Mayquel Brayan', 'Obregon Piscoche', '60524535', true);
INSERT INTO alumnos (id, usuario_id, dni, nombre, apellidos, codigo_barras, aula_id) VALUES ('f9ce4e2b-f7da-4333-a502-51b9db35a970', '7f453dba-f350-4244-bb9b-ad09c37872fa', '60524535', 'Mayquel Brayan', 'Obregon Piscoche', '605202', 'dc8fd868-2042-4d11-8e5f-6a4f7802ef6a');
INSERT INTO usuarios (id, email, password_hash, rol, nombre, apellidos, dni, activo) VALUES ('68fab36c-1d09-4f9c-9354-6f34db3c01d0', '603642@academia.edu', '$2b$10$Kt1WXnRsFi4Ux.r1r8SQD.Ps1ksMrVyIVlHWg9o3Z/3N8hWuZV/3G', 'alumno', 'Diara Helen', 'Pallaca Flores', '60365009', true);
INSERT INTO alumnos (id, usuario_id, dni, nombre, apellidos, codigo_barras, aula_id) VALUES ('695b2d40-18a3-475a-a8dc-77ee9afe5bcd', '68fab36c-1d09-4f9c-9354-6f34db3c01d0', '60365009', 'Diara Helen', 'Pallaca Flores', '603642', 'dc8fd868-2042-4d11-8e5f-6a4f7802ef6a');
INSERT INTO usuarios (id, email, password_hash, rol, nombre, apellidos, dni, activo) VALUES ('0c229cd9-7193-44a7-b852-8c1d09e34337', '613681@academia.edu', '$2b$10$Kt1WXnRsFi4Ux.r1r8SQD.Ps1ksMrVyIVlHWg9o3Z/3N8hWuZV/3G', 'alumno', 'Daniela Velen', 'Paredes Milla', '61363196', true);
INSERT INTO alumnos (id, usuario_id, dni, nombre, apellidos, codigo_barras, aula_id) VALUES ('2bae7dc3-1898-4050-bc51-f51b3fa6a739', '0c229cd9-7193-44a7-b852-8c1d09e34337', '61363196', 'Daniela Velen', 'Paredes Milla', '613681', 'dc8fd868-2042-4d11-8e5f-6a4f7802ef6a');
INSERT INTO usuarios (id, email, password_hash, rol, nombre, apellidos, dni, activo) VALUES ('2347c207-b69f-4749-b352-14437ad8ecd4', '614040@academia.edu', '$2b$10$Kt1WXnRsFi4Ux.r1r8SQD.Ps1ksMrVyIVlHWg9o3Z/3N8hWuZV/3G', 'alumno', 'Janely Gabriela', 'Rodriguez Penadillo', '61409307', true);
INSERT INTO alumnos (id, usuario_id, dni, nombre, apellidos, codigo_barras, aula_id) VALUES ('dfefc605-80f8-40dc-a842-a31ace182a89', '2347c207-b69f-4749-b352-14437ad8ecd4', '61409307', 'Janely Gabriela', 'Rodriguez Penadillo', '614040', 'dc8fd868-2042-4d11-8e5f-6a4f7802ef6a');
INSERT INTO usuarios (id, email, password_hash, rol, nombre, apellidos, dni, activo) VALUES ('8be4317f-2599-4fa1-8630-160c2f41867f', '601230@academia.edu', '$2b$10$Kt1WXnRsFi4Ux.r1r8SQD.Ps1ksMrVyIVlHWg9o3Z/3N8hWuZV/3G', 'alumno', 'Tania Karen', 'Rodriguez Rosas', '60124005', true);
INSERT INTO alumnos (id, usuario_id, dni, nombre, apellidos, codigo_barras, aula_id) VALUES ('0c78d36b-ed47-45b2-af3e-ac1880e5a879', '8be4317f-2599-4fa1-8630-160c2f41867f', '60124005', 'Tania Karen', 'Rodriguez Rosas', '601230', 'dc8fd868-2042-4d11-8e5f-6a4f7802ef6a');
INSERT INTO usuarios (id, email, password_hash, rol, nombre, apellidos, dni, activo) VALUES ('49e97768-926e-4a5d-b725-b6a3e00c1e3e', '620484@academia.edu', '$2b$10$Kt1WXnRsFi4Ux.r1r8SQD.Ps1ksMrVyIVlHWg9o3Z/3N8hWuZV/3G', 'alumno', 'Rosalie Celine', 'Rosales Torres', '62042865', true);
INSERT INTO alumnos (id, usuario_id, dni, nombre, apellidos, codigo_barras, aula_id) VALUES ('b54169bd-aba7-4b11-8b1f-1be4b8903837', '49e97768-926e-4a5d-b725-b6a3e00c1e3e', '62042865', 'Rosalie Celine', 'Rosales Torres', '620484', 'dc8fd868-2042-4d11-8e5f-6a4f7802ef6a');
INSERT INTO usuarios (id, email, password_hash, rol, nombre, apellidos, dni, activo) VALUES ('0f59513a-7bb4-4aa6-8fd4-539a0711f88f', '000002@academia.edu', '$2b$10$Kt1WXnRsFi4Ux.r1r8SQD.Ps1ksMrVyIVlHWg9o3Z/3N8hWuZV/3G', 'alumno', 'Anehy Anays', 'Rosas Rondan', '60126842', true);
INSERT INTO alumnos (id, usuario_id, dni, nombre, apellidos, codigo_barras, aula_id) VALUES ('6a9a85e0-376d-45ee-8ff9-9ac5bbed5585', '0f59513a-7bb4-4aa6-8fd4-539a0711f88f', '60126842', 'Anehy Anays', 'Rosas Rondan', '000002', 'dc8fd868-2042-4d11-8e5f-6a4f7802ef6a');
INSERT INTO usuarios (id, email, password_hash, rol, nombre, apellidos, dni, activo) VALUES ('cccc7ddc-5989-4043-804c-400b03914fc0', '606418@academia.edu', '$2b$10$Kt1WXnRsFi4Ux.r1r8SQD.Ps1ksMrVyIVlHWg9o3Z/3N8hWuZV/3G', 'alumno', 'Linda Rosita', 'Tamariz Angeles', '60643305', true);
INSERT INTO alumnos (id, usuario_id, dni, nombre, apellidos, codigo_barras, aula_id) VALUES ('e599af77-11e2-4ce5-94d4-8cc935cb4064', 'cccc7ddc-5989-4043-804c-400b03914fc0', '60643305', 'Linda Rosita', 'Tamariz Angeles', '606418', 'dc8fd868-2042-4d11-8e5f-6a4f7802ef6a');
INSERT INTO usuarios (id, email, password_hash, rol, nombre, apellidos, dni, activo) VALUES ('403722cb-a84c-4990-a23f-2ab7f065270b', '617101@academia.edu', '$2b$10$Kt1WXnRsFi4Ux.r1r8SQD.Ps1ksMrVyIVlHWg9o3Z/3N8hWuZV/3G', 'alumno', 'Emely Mayte', 'Tapia Huaman', '61712251', true);
INSERT INTO alumnos (id, usuario_id, dni, nombre, apellidos, codigo_barras, aula_id) VALUES ('143f5acf-3b1d-4d17-891f-d78d96c665a5', '403722cb-a84c-4990-a23f-2ab7f065270b', '61712251', 'Emely Mayte', 'Tapia Huaman', '617101', 'dc8fd868-2042-4d11-8e5f-6a4f7802ef6a');
INSERT INTO usuarios (id, email, password_hash, rol, nombre, apellidos, dni, activo) VALUES ('80aab1e9-44a5-47e3-beca-3bc30bb9cc8a', '603273@academia.edu', '$2b$10$Kt1WXnRsFi4Ux.r1r8SQD.Ps1ksMrVyIVlHWg9o3Z/3N8hWuZV/3G', 'alumno', 'Anahi Rosario', 'Tolentino Dextre', '60320154', true);
INSERT INTO alumnos (id, usuario_id, dni, nombre, apellidos, codigo_barras, aula_id) VALUES ('f2a264d8-1534-42e1-93aa-e4291a0ff68e', '80aab1e9-44a5-47e3-beca-3bc30bb9cc8a', '60320154', 'Anahi Rosario', 'Tolentino Dextre', '603273', 'dc8fd868-2042-4d11-8e5f-6a4f7802ef6a');
INSERT INTO usuarios (id, email, password_hash, rol, nombre, apellidos, dni, activo) VALUES ('afa31f30-5a07-4295-9904-e4b0b80fac8c', '615813@academia.edu', '$2b$10$Kt1WXnRsFi4Ux.r1r8SQD.Ps1ksMrVyIVlHWg9o3Z/3N8hWuZV/3G', 'alumno', 'Sali Estrella', 'Urbano Vega', '61589941', true);
INSERT INTO alumnos (id, usuario_id, dni, nombre, apellidos, codigo_barras, aula_id) VALUES ('2afb265b-c919-4a44-abd5-60b22266fb1f', 'afa31f30-5a07-4295-9904-e4b0b80fac8c', '61589941', 'Sali Estrella', 'Urbano Vega', '615813', 'dc8fd868-2042-4d11-8e5f-6a4f7802ef6a');
INSERT INTO usuarios (id, email, password_hash, rol, nombre, apellidos, dni, activo) VALUES ('d9c3e683-aa61-4f80-b290-72fc958fb063', '614801@academia.edu', '$2b$10$Kt1WXnRsFi4Ux.r1r8SQD.Ps1ksMrVyIVlHWg9o3Z/3N8hWuZV/3G', 'alumno', 'Sthefany Nahomi', 'Vargas Garay', '61480081', true);
INSERT INTO alumnos (id, usuario_id, dni, nombre, apellidos, codigo_barras, aula_id) VALUES ('6322c50d-5015-4658-889c-065e1ca5a8e6', 'd9c3e683-aa61-4f80-b290-72fc958fb063', '61480081', 'Sthefany Nahomi', 'Vargas Garay', '614801', 'dc8fd868-2042-4d11-8e5f-6a4f7802ef6a');
INSERT INTO usuarios (id, email, password_hash, rol, nombre, apellidos, dni, activo) VALUES ('74dccc1d-2175-41a2-80a5-822b7efe3daa', '611525@academia.edu', '$2b$10$Kt1WXnRsFi4Ux.r1r8SQD.Ps1ksMrVyIVlHWg9o3Z/3N8hWuZV/3G', 'alumno', 'Alexandra Yasury', 'Vega Gamarra', '61155356', true);
INSERT INTO alumnos (id, usuario_id, dni, nombre, apellidos, codigo_barras, aula_id) VALUES ('658e4709-cf84-42e0-b7a5-2ff0d4bb4c44', '74dccc1d-2175-41a2-80a5-822b7efe3daa', '61155356', 'Alexandra Yasury', 'Vega Gamarra', '611525', 'dc8fd868-2042-4d11-8e5f-6a4f7802ef6a');
INSERT INTO usuarios (id, email, password_hash, rol, nombre, apellidos, dni, activo) VALUES ('b3dccef1-7ce8-4eaa-b448-3268969c7f5a', '613198@academia.edu', '$2b$10$Kt1WXnRsFi4Ux.r1r8SQD.Ps1ksMrVyIVlHWg9o3Z/3N8hWuZV/3G', 'alumno', 'Maria Clara', 'Vicencio Chucho', '61314699', true);
INSERT INTO alumnos (id, usuario_id, dni, nombre, apellidos, codigo_barras, aula_id) VALUES ('420a8132-f1d7-46bd-8291-f42f1fdbe248', 'b3dccef1-7ce8-4eaa-b448-3268969c7f5a', '61314699', 'Maria Clara', 'Vicencio Chucho', '613198', 'dc8fd868-2042-4d11-8e5f-6a4f7802ef6a');
INSERT INTO usuarios (id, email, password_hash, rol, nombre, apellidos, dni, activo) VALUES ('f3655be3-ab7d-4dd8-8fa5-817b04452cfd', '619881@academia.edu', '$2b$10$Kt1WXnRsFi4Ux.r1r8SQD.Ps1ksMrVyIVlHWg9o3Z/3N8hWuZV/3G', 'alumno', 'Sol Rubi', 'Villareal Garrido', '61989435', true);
INSERT INTO alumnos (id, usuario_id, dni, nombre, apellidos, codigo_barras, aula_id) VALUES ('aa60db37-b228-470c-aa52-224f9fbb3da8', 'f3655be3-ab7d-4dd8-8fa5-817b04452cfd', '61989435', 'Sol Rubi', 'Villareal Garrido', '619881', 'dc8fd868-2042-4d11-8e5f-6a4f7802ef6a');
INSERT INTO usuarios (id, email, password_hash, rol, nombre, apellidos, dni, activo) VALUES ('8f69f4b8-19f3-41f0-8c39-3e5480f225fa', '614012@academia.edu', '$2b$10$Kt1WXnRsFi4Ux.r1r8SQD.Ps1ksMrVyIVlHWg9o3Z/3N8hWuZV/3G', 'alumno', 'Brayan Alexander', 'Aguedo Leon', '61409398', true);
INSERT INTO alumnos (id, usuario_id, dni, nombre, apellidos, codigo_barras, aula_id) VALUES ('bbb39f19-5f6e-403d-abbf-a09cd539e8ad', '8f69f4b8-19f3-41f0-8c39-3e5480f225fa', '61409398', 'Brayan Alexander', 'Aguedo Leon', '614012', '675d5678-26c3-4c7f-a1b9-e5266c5c9589');
INSERT INTO usuarios (id, email, password_hash, rol, nombre, apellidos, dni, activo) VALUES ('34045a3d-cb54-4e45-a36a-1be295a4c842', '754244@academia.edu', '$2b$10$Kt1WXnRsFi4Ux.r1r8SQD.Ps1ksMrVyIVlHWg9o3Z/3N8hWuZV/3G', 'alumno', 'Nicmar Rolando', 'Aparicio Mishti', '75420220', true);
INSERT INTO alumnos (id, usuario_id, dni, nombre, apellidos, codigo_barras, aula_id) VALUES ('d75a7f1b-5461-41ef-8ef8-217fca64a3f3', '34045a3d-cb54-4e45-a36a-1be295a4c842', '75420220', 'Nicmar Rolando', 'Aparicio Mishti', '754244', '675d5678-26c3-4c7f-a1b9-e5266c5c9589');
INSERT INTO usuarios (id, email, password_hash, rol, nombre, apellidos, dni, activo) VALUES ('2e83d47b-d9bf-4893-a268-8515c75a310a', '620128@academia.edu', '$2b$10$Kt1WXnRsFi4Ux.r1r8SQD.Ps1ksMrVyIVlHWg9o3Z/3N8hWuZV/3G', 'alumno', 'Mariana Yulisa', 'Blacido Morales', '62015143', true);
INSERT INTO alumnos (id, usuario_id, dni, nombre, apellidos, codigo_barras, aula_id) VALUES ('cb5ce50c-ef4a-4260-bffc-349bd3d064ff', '2e83d47b-d9bf-4893-a268-8515c75a310a', '62015143', 'Mariana Yulisa', 'Blacido Morales', '620128', '675d5678-26c3-4c7f-a1b9-e5266c5c9589');
INSERT INTO usuarios (id, email, password_hash, rol, nombre, apellidos, dni, activo) VALUES ('08a5b5c9-92a1-4962-86e0-96f95c7d1567', '613153@academia.edu', '$2b$10$Kt1WXnRsFi4Ux.r1r8SQD.Ps1ksMrVyIVlHWg9o3Z/3N8hWuZV/3G', 'alumno', 'Susan Tatiana', 'Chavez Campos', '61314617', true);
INSERT INTO alumnos (id, usuario_id, dni, nombre, apellidos, codigo_barras, aula_id) VALUES ('c7140667-b475-4c20-8159-42b5e634e083', '08a5b5c9-92a1-4962-86e0-96f95c7d1567', '61314617', 'Susan Tatiana', 'Chavez Campos', '613153', '675d5678-26c3-4c7f-a1b9-e5266c5c9589');
INSERT INTO usuarios (id, email, password_hash, rol, nombre, apellidos, dni, activo) VALUES ('a9281f7b-5ebc-4c0e-b112-97c1c553a101', '615681@academia.edu', '$2b$10$Kt1WXnRsFi4Ux.r1r8SQD.Ps1ksMrVyIVlHWg9o3Z/3N8hWuZV/3G', 'alumno', 'Yanela Dayana', 'Chavez Flores', '61568018', true);
INSERT INTO alumnos (id, usuario_id, dni, nombre, apellidos, codigo_barras, aula_id) VALUES ('3207f5de-8986-45eb-a6c2-b8c0a248184b', 'a9281f7b-5ebc-4c0e-b112-97c1c553a101', '61568018', 'Yanela Dayana', 'Chavez Flores', '615681', '675d5678-26c3-4c7f-a1b9-e5266c5c9589');
INSERT INTO usuarios (id, email, password_hash, rol, nombre, apellidos, dni, activo) VALUES ('658527e8-f4d6-4d35-8926-0893b0dd581d', '613103@academia.edu', '$2b$10$Kt1WXnRsFi4Ux.r1r8SQD.Ps1ksMrVyIVlHWg9o3Z/3N8hWuZV/3G', 'alumno', 'Brritny Nikool', 'Chavez Robles', '61314472', true);
INSERT INTO alumnos (id, usuario_id, dni, nombre, apellidos, codigo_barras, aula_id) VALUES ('6ea72e7c-081c-4ee1-a0d1-4009616db070', '658527e8-f4d6-4d35-8926-0893b0dd581d', '61314472', 'Brritny Nikool', 'Chavez Robles', '613103', '675d5678-26c3-4c7f-a1b9-e5266c5c9589');
INSERT INTO usuarios (id, email, password_hash, rol, nombre, apellidos, dni, activo) VALUES ('965c0cde-48e4-40f2-ab9b-8e9487ff274c', '604090@academia.edu', '$2b$10$Kt1WXnRsFi4Ux.r1r8SQD.Ps1ksMrVyIVlHWg9o3Z/3N8hWuZV/3G', 'alumno', 'Patricia Baella', 'Chinchay Arellan', '60405089', true);
INSERT INTO alumnos (id, usuario_id, dni, nombre, apellidos, codigo_barras, aula_id) VALUES ('52d2461f-97a8-487a-9faf-1d2ca55b75bc', '965c0cde-48e4-40f2-ab9b-8e9487ff274c', '60405089', 'Patricia Baella', 'Chinchay Arellan', '604090', '675d5678-26c3-4c7f-a1b9-e5266c5c9589');
INSERT INTO usuarios (id, email, password_hash, rol, nombre, apellidos, dni, activo) VALUES ('a50033ab-0081-4e46-91b2-dbdce869bb8f', '615595@academia.edu', '$2b$10$Kt1WXnRsFi4Ux.r1r8SQD.Ps1ksMrVyIVlHWg9o3Z/3N8hWuZV/3G', 'alumno', 'Jhon Gustavo', 'Cochachin Cadillo', '61558974', true);
INSERT INTO alumnos (id, usuario_id, dni, nombre, apellidos, codigo_barras, aula_id) VALUES ('f85deb22-1c44-47f5-9209-406105744062', 'a50033ab-0081-4e46-91b2-dbdce869bb8f', '61558974', 'Jhon Gustavo', 'Cochachin Cadillo', '615595', '675d5678-26c3-4c7f-a1b9-e5266c5c9589');
INSERT INTO usuarios (id, email, password_hash, rol, nombre, apellidos, dni, activo) VALUES ('824cadb3-0448-451e-b0d6-a208751f3415', '602062@academia.edu', '$2b$10$Kt1WXnRsFi4Ux.r1r8SQD.Ps1ksMrVyIVlHWg9o3Z/3N8hWuZV/3G', 'alumno', 'Santiago Franco', 'Collapa Villanueva', '60206093', true);
INSERT INTO alumnos (id, usuario_id, dni, nombre, apellidos, codigo_barras, aula_id) VALUES ('ed28e25b-c154-4d1c-bf3f-2b8c775d90f0', '824cadb3-0448-451e-b0d6-a208751f3415', '60206093', 'Santiago Franco', 'Collapa Villanueva', '602062', '675d5678-26c3-4c7f-a1b9-e5266c5c9589');
INSERT INTO usuarios (id, email, password_hash, rol, nombre, apellidos, dni, activo) VALUES ('3480b6fb-f672-4fa8-a1dd-e09d6bf80ca4', '609324@academia.edu', '$2b$10$Kt1WXnRsFi4Ux.r1r8SQD.Ps1ksMrVyIVlHWg9o3Z/3N8hWuZV/3G', 'alumno', 'Cindy Romina', 'Flores Machoa', '60937900', true);
INSERT INTO alumnos (id, usuario_id, dni, nombre, apellidos, codigo_barras, aula_id) VALUES ('2ea60f2f-6117-4b52-b544-3229aeffd0a9', '3480b6fb-f672-4fa8-a1dd-e09d6bf80ca4', '60937900', 'Cindy Romina', 'Flores Machoa', '609324', '675d5678-26c3-4c7f-a1b9-e5266c5c9589');
INSERT INTO usuarios (id, email, password_hash, rol, nombre, apellidos, dni, activo) VALUES ('2580685c-d862-4b85-854a-1eaac774c3b9', '614028@academia.edu', '$2b$10$Kt1WXnRsFi4Ux.r1r8SQD.Ps1ksMrVyIVlHWg9o3Z/3N8hWuZV/3G', 'alumno', 'Soledad Angeles', 'Garcia Baylon', '61409107', true);
INSERT INTO alumnos (id, usuario_id, dni, nombre, apellidos, codigo_barras, aula_id) VALUES ('bee625df-b2b4-45c6-8e81-0b27b5cc7abc', '2580685c-d862-4b85-854a-1eaac774c3b9', '61409107', 'Soledad Angeles', 'Garcia Baylon', '614028', '675d5678-26c3-4c7f-a1b9-e5266c5c9589');
INSERT INTO usuarios (id, email, password_hash, rol, nombre, apellidos, dni, activo) VALUES ('e0d5c818-6e79-4f80-8632-039a6de607ec', '614086@academia.edu', '$2b$10$Kt1WXnRsFi4Ux.r1r8SQD.Ps1ksMrVyIVlHWg9o3Z/3N8hWuZV/3G', 'alumno', 'Rosmeri Jhoana', 'Gonzales Chavez', '61409412', true);
INSERT INTO alumnos (id, usuario_id, dni, nombre, apellidos, codigo_barras, aula_id) VALUES ('49766291-ea3f-4870-808a-683c956bd50c', 'e0d5c818-6e79-4f80-8632-039a6de607ec', '61409412', 'Rosmeri Jhoana', 'Gonzales Chavez', '614086', '675d5678-26c3-4c7f-a1b9-e5266c5c9589');
INSERT INTO usuarios (id, email, password_hash, rol, nombre, apellidos, dni, activo) VALUES ('c5bfd7a6-7e48-4465-bf4e-f52466dfbc4f', '787220@academia.edu', '$2b$10$Kt1WXnRsFi4Ux.r1r8SQD.Ps1ksMrVyIVlHWg9o3Z/3N8hWuZV/3G', 'alumno', 'Kristian Jair', 'Javier Ciriaco', '78721250', true);
INSERT INTO alumnos (id, usuario_id, dni, nombre, apellidos, codigo_barras, aula_id) VALUES ('5dc1e069-122e-403a-85b8-263a870cad22', 'c5bfd7a6-7e48-4465-bf4e-f52466dfbc4f', '78721250', 'Kristian Jair', 'Javier Ciriaco', '787220', '675d5678-26c3-4c7f-a1b9-e5266c5c9589');
INSERT INTO usuarios (id, email, password_hash, rol, nombre, apellidos, dni, activo) VALUES ('7e7c05a0-05f4-42d4-b2f7-8f92cbeb80ad', '603107@academia.edu', '$2b$10$Kt1WXnRsFi4Ux.r1r8SQD.Ps1ksMrVyIVlHWg9o3Z/3N8hWuZV/3G', 'alumno', 'Leonel Anhelo', 'Kaqui Flores', '60316061', true);
INSERT INTO alumnos (id, usuario_id, dni, nombre, apellidos, codigo_barras, aula_id) VALUES ('65dde635-b2b6-483b-89fe-8c8b6485179a', '7e7c05a0-05f4-42d4-b2f7-8f92cbeb80ad', '60316061', 'Leonel Anhelo', 'Kaqui Flores', '603107', '675d5678-26c3-4c7f-a1b9-e5266c5c9589');
INSERT INTO usuarios (id, email, password_hash, rol, nombre, apellidos, dni, activo) VALUES ('0ce22e92-b481-4574-b70a-367e823aa5c2', '711603@academia.edu', '$2b$10$Kt1WXnRsFi4Ux.r1r8SQD.Ps1ksMrVyIVlHWg9o3Z/3N8hWuZV/3G', 'alumno', 'Yasmin Milagros', 'Lavado Ramos', '71163393', true);
INSERT INTO alumnos (id, usuario_id, dni, nombre, apellidos, codigo_barras, aula_id) VALUES ('4b685eb7-4a89-4645-bcbb-f4ae9dd0905f', '0ce22e92-b481-4574-b70a-367e823aa5c2', '71163393', 'Yasmin Milagros', 'Lavado Ramos', '711603', '675d5678-26c3-4c7f-a1b9-e5266c5c9589');
INSERT INTO usuarios (id, email, password_hash, rol, nombre, apellidos, dni, activo) VALUES ('4882b193-72b4-4fb5-a374-85c1bff4aa07', '608747@academia.edu', '$2b$10$Kt1WXnRsFi4Ux.r1r8SQD.Ps1ksMrVyIVlHWg9o3Z/3N8hWuZV/3G', 'alumno', 'Nil Antony', 'Leandro Minaya', '60875950', true);
INSERT INTO alumnos (id, usuario_id, dni, nombre, apellidos, codigo_barras, aula_id) VALUES ('4db7f693-7718-4e04-b39e-32b0b54f5932', '4882b193-72b4-4fb5-a374-85c1bff4aa07', '60875950', 'Nil Antony', 'Leandro Minaya', '608747', '675d5678-26c3-4c7f-a1b9-e5266c5c9589');
INSERT INTO usuarios (id, email, password_hash, rol, nombre, apellidos, dni, activo) VALUES ('8cefdf34-dcc6-4432-8efc-d5fdaa972746', '611569@academia.edu', '$2b$10$Kt1WXnRsFi4Ux.r1r8SQD.Ps1ksMrVyIVlHWg9o3Z/3N8hWuZV/3G', 'alumno', 'Luis Gustavo', 'Lopez Lazaro', '61155463', true);
INSERT INTO alumnos (id, usuario_id, dni, nombre, apellidos, codigo_barras, aula_id) VALUES ('d14c0067-fbc6-4ee1-9daa-3904415cbf15', '8cefdf34-dcc6-4432-8efc-d5fdaa972746', '61155463', 'Luis Gustavo', 'Lopez Lazaro', '611569', '675d5678-26c3-4c7f-a1b9-e5266c5c9589');
INSERT INTO usuarios (id, email, password_hash, rol, nombre, apellidos, dni, activo) VALUES ('1db87fcf-cd8e-4903-8a9e-775729cca185', '612340@academia.edu', '$2b$10$Kt1WXnRsFi4Ux.r1r8SQD.Ps1ksMrVyIVlHWg9o3Z/3N8hWuZV/3G', 'alumno', 'Dayli Yunzu', 'Macedo Guerrero', '61233116', true);
INSERT INTO alumnos (id, usuario_id, dni, nombre, apellidos, codigo_barras, aula_id) VALUES ('b7b0ec25-d831-443e-a1de-3e5a418f5787', '1db87fcf-cd8e-4903-8a9e-775729cca185', '61233116', 'Dayli Yunzu', 'Macedo Guerrero', '612340', '675d5678-26c3-4c7f-a1b9-e5266c5c9589');
INSERT INTO usuarios (id, email, password_hash, rol, nombre, apellidos, dni, activo) VALUES ('14eb4adc-11e4-4d7a-abe5-9192d0df3349', '614273@academia.edu', '$2b$10$Kt1WXnRsFi4Ux.r1r8SQD.Ps1ksMrVyIVlHWg9o3Z/3N8hWuZV/3G', 'alumno', 'Nelly Mercedes', 'Maguiña Haro', '61429251', true);
INSERT INTO alumnos (id, usuario_id, dni, nombre, apellidos, codigo_barras, aula_id) VALUES ('f41c2eb8-15c2-43f5-aafd-cade0c091e30', '14eb4adc-11e4-4d7a-abe5-9192d0df3349', '61429251', 'Nelly Mercedes', 'Maguiña Haro', '614273', '675d5678-26c3-4c7f-a1b9-e5266c5c9589');
INSERT INTO usuarios (id, email, password_hash, rol, nombre, apellidos, dni, activo) VALUES ('05bb781f-edea-4edf-83c1-d904827f528f', '615135@academia.edu', '$2b$10$Kt1WXnRsFi4Ux.r1r8SQD.Ps1ksMrVyIVlHWg9o3Z/3N8hWuZV/3G', 'alumno', 'Rodrigo Paul', 'Maguiña Huarac', '61517256', true);
INSERT INTO alumnos (id, usuario_id, dni, nombre, apellidos, codigo_barras, aula_id) VALUES ('f1ae3f45-e596-45f8-a2df-80591bce8334', '05bb781f-edea-4edf-83c1-d904827f528f', '61517256', 'Rodrigo Paul', 'Maguiña Huarac', '615135', '675d5678-26c3-4c7f-a1b9-e5266c5c9589');
INSERT INTO usuarios (id, email, password_hash, rol, nombre, apellidos, dni, activo) VALUES ('f4c0b6a4-2537-48ce-9d1e-f2b812d99638', '620059@academia.edu', '$2b$10$Kt1WXnRsFi4Ux.r1r8SQD.Ps1ksMrVyIVlHWg9o3Z/3N8hWuZV/3G', 'alumno', 'Cristopher Ricardo', 'Mejia Alegre', '62009985', true);
INSERT INTO alumnos (id, usuario_id, dni, nombre, apellidos, codigo_barras, aula_id) VALUES ('b34c4c32-7864-4611-abed-6d35bf5eebac', 'f4c0b6a4-2537-48ce-9d1e-f2b812d99638', '62009985', 'Cristopher Ricardo', 'Mejia Alegre', '620059', '675d5678-26c3-4c7f-a1b9-e5266c5c9589');
INSERT INTO usuarios (id, email, password_hash, rol, nombre, apellidos, dni, activo) VALUES ('afc25a2e-dd70-4c52-86f8-54ec5a4b9a54', '603628@academia.edu', '$2b$10$Kt1WXnRsFi4Ux.r1r8SQD.Ps1ksMrVyIVlHWg9o3Z/3N8hWuZV/3G', 'alumno', 'Florecita Fabiana', 'Mendez Milla', '60363356', true);
INSERT INTO alumnos (id, usuario_id, dni, nombre, apellidos, codigo_barras, aula_id) VALUES ('e01f30c5-47f8-44b9-97ba-b37a149bc591', 'afc25a2e-dd70-4c52-86f8-54ec5a4b9a54', '60363356', 'Florecita Fabiana', 'Mendez Milla', '603628', '675d5678-26c3-4c7f-a1b9-e5266c5c9589');
INSERT INTO usuarios (id, email, password_hash, rol, nombre, apellidos, dni, activo) VALUES ('9baea320-96da-42fa-b1d9-06f1d699b401', '604068@academia.edu', '$2b$10$Kt1WXnRsFi4Ux.r1r8SQD.Ps1ksMrVyIVlHWg9o3Z/3N8hWuZV/3G', 'alumno', 'Joselin Greysi', 'Mendoza Sanchez', '60405080', true);
INSERT INTO alumnos (id, usuario_id, dni, nombre, apellidos, codigo_barras, aula_id) VALUES ('d1fc8405-be52-4694-aacc-eb44e31dcdb2', '9baea320-96da-42fa-b1d9-06f1d699b401', '60405080', 'Joselin Greysi', 'Mendoza Sanchez', '604068', '675d5678-26c3-4c7f-a1b9-e5266c5c9589');
INSERT INTO usuarios (id, email, password_hash, rol, nombre, apellidos, dni, activo) VALUES ('867c4838-9bf3-4203-888d-aa2552e4edb9', '620181@academia.edu', '$2b$10$Kt1WXnRsFi4Ux.r1r8SQD.Ps1ksMrVyIVlHWg9o3Z/3N8hWuZV/3G', 'alumno', 'Valery Alexandra', 'Miranda Moreno', '62014831', true);
INSERT INTO alumnos (id, usuario_id, dni, nombre, apellidos, codigo_barras, aula_id) VALUES ('8914000c-0cd0-4604-8e2f-a061d076597c', '867c4838-9bf3-4203-888d-aa2552e4edb9', '62014831', 'Valery Alexandra', 'Miranda Moreno', '620181', '675d5678-26c3-4c7f-a1b9-e5266c5c9589');
INSERT INTO usuarios (id, email, password_hash, rol, nombre, apellidos, dni, activo) VALUES ('b57c9f87-63bc-4bc9-af87-375c7e527da1', '615776@academia.edu', '$2b$10$Kt1WXnRsFi4Ux.r1r8SQD.Ps1ksMrVyIVlHWg9o3Z/3N8hWuZV/3G', 'alumno', 'Angely Kiara', 'Mori Maypu', '61572683', true);
INSERT INTO alumnos (id, usuario_id, dni, nombre, apellidos, codigo_barras, aula_id) VALUES ('d0bca536-2364-4342-bf81-2825d80e6645', 'b57c9f87-63bc-4bc9-af87-375c7e527da1', '61572683', 'Angely Kiara', 'Mori Maypu', '615776', '675d5678-26c3-4c7f-a1b9-e5266c5c9589');
INSERT INTO usuarios (id, email, password_hash, rol, nombre, apellidos, dni, activo) VALUES ('dbba37ad-2e47-43e9-9c3f-c3397cc63486', '612926@academia.edu', '$2b$10$Kt1WXnRsFi4Ux.r1r8SQD.Ps1ksMrVyIVlHWg9o3Z/3N8hWuZV/3G', 'alumno', 'Sheyla Milagrita', 'Morillo Ayala', '60331077', true);
INSERT INTO alumnos (id, usuario_id, dni, nombre, apellidos, codigo_barras, aula_id) VALUES ('55291c01-453e-4adf-a421-60529ba37920', 'dbba37ad-2e47-43e9-9c3f-c3397cc63486', '60331077', 'Sheyla Milagrita', 'Morillo Ayala', '612926', '60d6ac5b-cae4-4b35-87c5-ff2dc938abc4');
INSERT INTO usuarios (id, email, password_hash, rol, nombre, apellidos, dni, activo) VALUES ('c904e316-4206-4ce8-859d-2a8c08c86f0d', '603719@academia.edu', '$2b$10$Kt1WXnRsFi4Ux.r1r8SQD.Ps1ksMrVyIVlHWg9o3Z/3N8hWuZV/3G', 'alumno', 'Zayra Sadhit', 'Muñoz Somoza', '60377956', true);
INSERT INTO alumnos (id, usuario_id, dni, nombre, apellidos, codigo_barras, aula_id) VALUES ('f2013d0a-a1e3-49c2-94d9-52d6e7089757', 'c904e316-4206-4ce8-859d-2a8c08c86f0d', '60377956', 'Zayra Sadhit', 'Muñoz Somoza', '603719', '675d5678-26c3-4c7f-a1b9-e5266c5c9589');
INSERT INTO usuarios (id, email, password_hash, rol, nombre, apellidos, dni, activo) VALUES ('72e8959c-45cb-4e65-8d12-8ad2abeef2c3', '601296@academia.edu', '$2b$10$Kt1WXnRsFi4Ux.r1r8SQD.Ps1ksMrVyIVlHWg9o3Z/3N8hWuZV/3G', 'alumno', 'Sayra Reyna', 'Ocsha Garcia', '60128168', true);
INSERT INTO alumnos (id, usuario_id, dni, nombre, apellidos, codigo_barras, aula_id) VALUES ('9987d5c2-39b7-43a5-a2ee-268fd34c6408', '72e8959c-45cb-4e65-8d12-8ad2abeef2c3', '60128168', 'Sayra Reyna', 'Ocsha Garcia', '601296', '675d5678-26c3-4c7f-a1b9-e5266c5c9589');
INSERT INTO usuarios (id, email, password_hash, rol, nombre, apellidos, dni, activo) VALUES ('32799e24-00ca-4115-b9bf-2961c812a2f7', '620027@academia.edu', '$2b$10$Kt1WXnRsFi4Ux.r1r8SQD.Ps1ksMrVyIVlHWg9o3Z/3N8hWuZV/3G', 'alumno', 'Sharlott Princs Leysy', 'Olivo Rodriguez', '62009943', true);
INSERT INTO alumnos (id, usuario_id, dni, nombre, apellidos, codigo_barras, aula_id) VALUES ('4a97c996-9656-4d98-88d9-5db4b3f3cb4c', '32799e24-00ca-4115-b9bf-2961c812a2f7', '62009943', 'Sharlott Princs Leysy', 'Olivo Rodriguez', '620027', '675d5678-26c3-4c7f-a1b9-e5266c5c9589');
INSERT INTO usuarios (id, email, password_hash, rol, nombre, apellidos, dni, activo) VALUES ('6a643359-15f6-44a4-b922-c2ba817aa7f6', '725672@academia.edu', '$2b$10$Kt1WXnRsFi4Ux.r1r8SQD.Ps1ksMrVyIVlHWg9o3Z/3N8hWuZV/3G', 'alumno', 'Heydi Xiomara', 'Ramirez Alamo', '72569795', true);
INSERT INTO alumnos (id, usuario_id, dni, nombre, apellidos, codigo_barras, aula_id) VALUES ('23548c9c-b0b1-4713-b2eb-c7eaec361b71', '6a643359-15f6-44a4-b922-c2ba817aa7f6', '72569795', 'Heydi Xiomara', 'Ramirez Alamo', '725672', '675d5678-26c3-4c7f-a1b9-e5266c5c9589');
INSERT INTO usuarios (id, email, password_hash, rol, nombre, apellidos, dni, activo) VALUES ('5d978132-78e6-4d72-85ad-e08378f3cece', '716774@academia.edu', '$2b$10$Kt1WXnRsFi4Ux.r1r8SQD.Ps1ksMrVyIVlHWg9o3Z/3N8hWuZV/3G', 'alumno', 'Paul Gabriel', 'Ramirez Quispe', '71670450', true);
INSERT INTO alumnos (id, usuario_id, dni, nombre, apellidos, codigo_barras, aula_id) VALUES ('60efeaf4-5f4d-406a-bb55-4a1f213cce4f', '5d978132-78e6-4d72-85ad-e08378f3cece', '71670450', 'Paul Gabriel', 'Ramirez Quispe', '716774', '675d5678-26c3-4c7f-a1b9-e5266c5c9589');
INSERT INTO usuarios (id, email, password_hash, rol, nombre, apellidos, dni, activo) VALUES ('51a79f20-81b7-4255-b388-562f45090268', '612935@academia.edu', '$2b$10$Kt1WXnRsFi4Ux.r1r8SQD.Ps1ksMrVyIVlHWg9o3Z/3N8hWuZV/3G', 'alumno', 'Analy Jhosary', 'Romero Casimiro', '61298625', true);
INSERT INTO alumnos (id, usuario_id, dni, nombre, apellidos, codigo_barras, aula_id) VALUES ('40e1007b-7307-44a5-a645-60d451a30e3c', '51a79f20-81b7-4255-b388-562f45090268', '61298625', 'Analy Jhosary', 'Romero Casimiro', '612935', '675d5678-26c3-4c7f-a1b9-e5266c5c9589');
INSERT INTO usuarios (id, email, password_hash, rol, nombre, apellidos, dni, activo) VALUES ('e78f6815-2b39-41b4-8c07-a834a8e89eac', '711036@academia.edu', '$2b$10$Kt1WXnRsFi4Ux.r1r8SQD.Ps1ksMrVyIVlHWg9o3Z/3N8hWuZV/3G', 'alumno', 'Maycol Jesus', 'Salas Colonia', '71104751', true);
INSERT INTO alumnos (id, usuario_id, dni, nombre, apellidos, codigo_barras, aula_id) VALUES ('4f60692e-d7db-45d9-a0b0-c2f7fc3ecd7f', 'e78f6815-2b39-41b4-8c07-a834a8e89eac', '71104751', 'Maycol Jesus', 'Salas Colonia', '711036', '675d5678-26c3-4c7f-a1b9-e5266c5c9589');
INSERT INTO usuarios (id, email, password_hash, rol, nombre, apellidos, dni, activo) VALUES ('f77c7960-6f4f-4346-80e2-6d8dbb16820f', '612963@academia.edu', '$2b$10$Kt1WXnRsFi4Ux.r1r8SQD.Ps1ksMrVyIVlHWg9o3Z/3N8hWuZV/3G', 'alumno', 'Letizia Alessandra', 'Salazar Rodriguez', '61298785', true);
INSERT INTO alumnos (id, usuario_id, dni, nombre, apellidos, codigo_barras, aula_id) VALUES ('f6d8e5e7-445f-46f7-a896-5d2201e9aebc', 'f77c7960-6f4f-4346-80e2-6d8dbb16820f', '61298785', 'Letizia Alessandra', 'Salazar Rodriguez', '612963', '675d5678-26c3-4c7f-a1b9-e5266c5c9589');
INSERT INTO usuarios (id, email, password_hash, rol, nombre, apellidos, dni, activo) VALUES ('7f920d3a-8c06-436f-b42f-8c77d31fc474', '610634@academia.edu', '$2b$10$Kt1WXnRsFi4Ux.r1r8SQD.Ps1ksMrVyIVlHWg9o3Z/3N8hWuZV/3G', 'alumno', 'Anamile Valentina', 'Salvador Chavez', '61064362', true);
INSERT INTO alumnos (id, usuario_id, dni, nombre, apellidos, codigo_barras, aula_id) VALUES ('32a23b39-3132-4658-807b-6574c449b53b', '7f920d3a-8c06-436f-b42f-8c77d31fc474', '61064362', 'Anamile Valentina', 'Salvador Chavez', '610634', '675d5678-26c3-4c7f-a1b9-e5266c5c9589');
INSERT INTO usuarios (id, email, password_hash, rol, nombre, apellidos, dni, activo) VALUES ('d24ac237-9258-47dc-8634-00d081644ebb', '600226@academia.edu', '$2b$10$Kt1WXnRsFi4Ux.r1r8SQD.Ps1ksMrVyIVlHWg9o3Z/3N8hWuZV/3G', 'alumno', 'Rodrigo Carlos', 'Salvador Solis', '60025188', true);
INSERT INTO alumnos (id, usuario_id, dni, nombre, apellidos, codigo_barras, aula_id) VALUES ('2470e82a-80b7-4cd8-a20c-84746c0d18e9', 'd24ac237-9258-47dc-8634-00d081644ebb', '60025188', 'Rodrigo Carlos', 'Salvador Solis', '600226', '675d5678-26c3-4c7f-a1b9-e5266c5c9589');
INSERT INTO usuarios (id, email, password_hash, rol, nombre, apellidos, dni, activo) VALUES ('0c706030-8937-44a8-bec4-5ed2c35c674d', '614068@academia.edu', '$2b$10$Kt1WXnRsFi4Ux.r1r8SQD.Ps1ksMrVyIVlHWg9o3Z/3N8hWuZV/3G', 'alumno', 'Joel Farid', 'Sanchez Leiva', '61409424', true);
INSERT INTO alumnos (id, usuario_id, dni, nombre, apellidos, codigo_barras, aula_id) VALUES ('f0c7d8cf-1fae-4113-ab85-a9d75dcc5951', '0c706030-8937-44a8-bec4-5ed2c35c674d', '61409424', 'Joel Farid', 'Sanchez Leiva', '614068', '675d5678-26c3-4c7f-a1b9-e5266c5c9589');
INSERT INTO usuarios (id, email, password_hash, rol, nombre, apellidos, dni, activo) VALUES ('c523c776-1162-43cb-9d48-1d2813bf9e55', '615181@academia.edu', '$2b$10$Kt1WXnRsFi4Ux.r1r8SQD.Ps1ksMrVyIVlHWg9o3Z/3N8hWuZV/3G', 'alumno', 'Isabella Danna', 'Shuan Torres', '61517197', true);
INSERT INTO alumnos (id, usuario_id, dni, nombre, apellidos, codigo_barras, aula_id) VALUES ('0129d475-d777-4ada-b40b-bd2025963900', 'c523c776-1162-43cb-9d48-1d2813bf9e55', '61517197', 'Isabella Danna', 'Shuan Torres', '615181', '675d5678-26c3-4c7f-a1b9-e5266c5c9589');
INSERT INTO usuarios (id, email, password_hash, rol, nombre, apellidos, dni, activo) VALUES ('23b98ccc-cc34-49c7-ac3e-cec264e538d3', '614219@academia.edu', '$2b$10$Kt1WXnRsFi4Ux.r1r8SQD.Ps1ksMrVyIVlHWg9o3Z/3N8hWuZV/3G', 'alumno', 'Lidia Daniela', 'Tarazona Avendaño', '61429191', true);
INSERT INTO alumnos (id, usuario_id, dni, nombre, apellidos, codigo_barras, aula_id) VALUES ('3abdc323-7c48-4d93-a2c7-52c7b881cf8b', '23b98ccc-cc34-49c7-ac3e-cec264e538d3', '61429191', 'Lidia Daniela', 'Tarazona Avendaño', '614219', '675d5678-26c3-4c7f-a1b9-e5266c5c9589');
INSERT INTO usuarios (id, email, password_hash, rol, nombre, apellidos, dni, activo) VALUES ('a8ff97ee-ef76-4873-ba75-f75b5973bfd0', '612320@academia.edu', '$2b$10$Kt1WXnRsFi4Ux.r1r8SQD.Ps1ksMrVyIVlHWg9o3Z/3N8hWuZV/3G', 'alumno', 'Juan Diego', 'Tolentino Alvarado', '61232906', true);
INSERT INTO alumnos (id, usuario_id, dni, nombre, apellidos, codigo_barras, aula_id) VALUES ('600cf071-b6c7-4952-b446-574d1a77076e', 'a8ff97ee-ef76-4873-ba75-f75b5973bfd0', '61232906', 'Juan Diego', 'Tolentino Alvarado', '612320', '675d5678-26c3-4c7f-a1b9-e5266c5c9589');
INSERT INTO usuarios (id, email, password_hash, rol, nombre, apellidos, dni, activo) VALUES ('ac97a1f0-6348-442a-b290-df7c161dfc20', '606221@academia.edu', '$2b$10$Kt1WXnRsFi4Ux.r1r8SQD.Ps1ksMrVyIVlHWg9o3Z/3N8hWuZV/3G', 'alumno', 'Miguel Antonio', 'Torres Martinez', '60626467', true);
INSERT INTO alumnos (id, usuario_id, dni, nombre, apellidos, codigo_barras, aula_id) VALUES ('77525aff-d7f2-4beb-938f-8e183a7b53fa', 'ac97a1f0-6348-442a-b290-df7c161dfc20', '60626467', 'Miguel Antonio', 'Torres Martinez', '606221', '675d5678-26c3-4c7f-a1b9-e5266c5c9589');
INSERT INTO usuarios (id, email, password_hash, rol, nombre, apellidos, dni, activo) VALUES ('518a6d3b-cb40-4917-8cb4-43ae6333ef0d', '612957@academia.edu', '$2b$10$Kt1WXnRsFi4Ux.r1r8SQD.Ps1ksMrVyIVlHWg9o3Z/3N8hWuZV/3G', 'alumno', 'Brillet Yajayra', 'Urbano Dionicio', '61298678', true);
INSERT INTO alumnos (id, usuario_id, dni, nombre, apellidos, codigo_barras, aula_id) VALUES ('47fe88d9-4464-4cc7-8819-a05c56665e15', '518a6d3b-cb40-4917-8cb4-43ae6333ef0d', '61298678', 'Brillet Yajayra', 'Urbano Dionicio', '612957', '675d5678-26c3-4c7f-a1b9-e5266c5c9589');
INSERT INTO usuarios (id, email, password_hash, rol, nombre, apellidos, dni, activo) VALUES ('55a50dd7-4eba-45fd-98f0-05a947289558', '606704@academia.edu', '$2b$10$Kt1WXnRsFi4Ux.r1r8SQD.Ps1ksMrVyIVlHWg9o3Z/3N8hWuZV/3G', 'alumno', 'Esmith Alexander', 'Vega Blas', '60677206', true);
INSERT INTO alumnos (id, usuario_id, dni, nombre, apellidos, codigo_barras, aula_id) VALUES ('036e6fbf-7e82-4815-915c-800d814b15df', '55a50dd7-4eba-45fd-98f0-05a947289558', '60677206', 'Esmith Alexander', 'Vega Blas', '606704', '675d5678-26c3-4c7f-a1b9-e5266c5c9589');
INSERT INTO usuarios (id, email, password_hash, rol, nombre, apellidos, dni, activo) VALUES ('07210e85-bfe5-4521-b857-fae2374cd2c9', '601214@academia.edu', '$2b$10$Kt1WXnRsFi4Ux.r1r8SQD.Ps1ksMrVyIVlHWg9o3Z/3N8hWuZV/3G', 'alumno', 'Sherly', 'Villanueva Rosales', '60127696', true);
INSERT INTO alumnos (id, usuario_id, dni, nombre, apellidos, codigo_barras, aula_id) VALUES ('5acf7851-36df-4639-baa4-5d4298338da1', '07210e85-bfe5-4521-b857-fae2374cd2c9', '60127696', 'Sherly', 'Villanueva Rosales', '601214', '675d5678-26c3-4c7f-a1b9-e5266c5c9589');
INSERT INTO usuarios (id, email, password_hash, rol, nombre, apellidos, dni, activo) VALUES ('6ef01621-88eb-466f-9555-5bd74921d70f', '603136@academia.edu', '$2b$10$Kt1WXnRsFi4Ux.r1r8SQD.Ps1ksMrVyIVlHWg9o3Z/3N8hWuZV/3G', 'alumno', 'Franco Dubeck', 'Yupanqui Dimas', '60316092', true);
INSERT INTO alumnos (id, usuario_id, dni, nombre, apellidos, codigo_barras, aula_id) VALUES ('b2c61c3a-60b8-473c-bc69-3dde99043e33', '6ef01621-88eb-466f-9555-5bd74921d70f', '60316092', 'Franco Dubeck', 'Yupanqui Dimas', '603136', '675d5678-26c3-4c7f-a1b9-e5266c5c9589');
INSERT INTO usuarios (id, email, password_hash, rol, nombre, apellidos, dni, activo) VALUES ('f685872c-9e49-4428-8650-ce1eaaa6387d', '604525@academia.edu', '$2b$10$Kt1WXnRsFi4Ux.r1r8SQD.Ps1ksMrVyIVlHWg9o3Z/3N8hWuZV/3G', 'alumno', 'Yoselin Mercedes', 'Alcantara Pineda', '60453718', true);
INSERT INTO alumnos (id, usuario_id, dni, nombre, apellidos, codigo_barras, aula_id) VALUES ('698ba5c0-3810-4498-82b9-91ab1b7fd3f1', 'f685872c-9e49-4428-8650-ce1eaaa6387d', '60453718', 'Yoselin Mercedes', 'Alcantara Pineda', '604525', '60d6ac5b-cae4-4b35-87c5-ff2dc938abc4');
INSERT INTO usuarios (id, email, password_hash, rol, nombre, apellidos, dni, activo) VALUES ('50df5f20-7cfe-4714-a3be-d88270589686', '604022@academia.edu', '$2b$10$Kt1WXnRsFi4Ux.r1r8SQD.Ps1ksMrVyIVlHWg9o3Z/3N8hWuZV/3G', 'alumno', 'Yenifer Yaneth', 'Alonzo Maldonado', '60407976', true);
INSERT INTO alumnos (id, usuario_id, dni, nombre, apellidos, codigo_barras, aula_id) VALUES ('4fe61f41-8f05-478f-989f-6a03fcc0193d', '50df5f20-7cfe-4714-a3be-d88270589686', '60407976', 'Yenifer Yaneth', 'Alonzo Maldonado', '604022', '60d6ac5b-cae4-4b35-87c5-ff2dc938abc4');
INSERT INTO usuarios (id, email, password_hash, rol, nombre, apellidos, dni, activo) VALUES ('31eabf44-d449-45d7-aaf9-b43f42f70194', '616118@academia.edu', '$2b$10$Kt1WXnRsFi4Ux.r1r8SQD.Ps1ksMrVyIVlHWg9o3Z/3N8hWuZV/3G', 'alumno', 'Angiely Estefany', 'Alvarado Cadillo', '61616182', true);
INSERT INTO alumnos (id, usuario_id, dni, nombre, apellidos, codigo_barras, aula_id) VALUES ('b8e4127a-cc66-4a23-a355-4b8273746ae5', '31eabf44-d449-45d7-aaf9-b43f42f70194', '61616182', 'Angiely Estefany', 'Alvarado Cadillo', '616118', '60d6ac5b-cae4-4b35-87c5-ff2dc938abc4');
INSERT INTO usuarios (id, email, password_hash, rol, nombre, apellidos, dni, activo) VALUES ('419ee18d-81fa-4178-9992-8b51480f942c', '616637@academia.edu', '$2b$10$Kt1WXnRsFi4Ux.r1r8SQD.Ps1ksMrVyIVlHWg9o3Z/3N8hWuZV/3G', 'alumno', 'Mayori Briguitte', 'Amado Espinoza', '61662353', true);
INSERT INTO alumnos (id, usuario_id, dni, nombre, apellidos, codigo_barras, aula_id) VALUES ('271fdc21-6cd8-4632-a2c7-93511e51072d', '419ee18d-81fa-4178-9992-8b51480f942c', '61662353', 'Mayori Briguitte', 'Amado Espinoza', '616637', '60d6ac5b-cae4-4b35-87c5-ff2dc938abc4');
INSERT INTO usuarios (id, email, password_hash, rol, nombre, apellidos, dni, activo) VALUES ('4c85e13c-bedc-4259-9525-c19883eee5c0', '602838@academia.edu', '$2b$10$Kt1WXnRsFi4Ux.r1r8SQD.Ps1ksMrVyIVlHWg9o3Z/3N8hWuZV/3G', 'alumno', 'Lleraldine Milagros', 'Anchirayco Vega', '60282575', true);
INSERT INTO alumnos (id, usuario_id, dni, nombre, apellidos, codigo_barras, aula_id) VALUES ('1f3351c8-43a2-47c4-9019-5848a63fbed6', '4c85e13c-bedc-4259-9525-c19883eee5c0', '60282575', 'Lleraldine Milagros', 'Anchirayco Vega', '602838', '60d6ac5b-cae4-4b35-87c5-ff2dc938abc4');
INSERT INTO usuarios (id, email, password_hash, rol, nombre, apellidos, dni, activo) VALUES ('5b85004f-8aca-43fe-bf61-4a1026e4a81a', '620123@academia.edu', '$2b$10$Kt1WXnRsFi4Ux.r1r8SQD.Ps1ksMrVyIVlHWg9o3Z/3N8hWuZV/3G', 'alumno', 'Francko Emanuel', 'Aramburu Ramirez', '62014753', true);
INSERT INTO alumnos (id, usuario_id, dni, nombre, apellidos, codigo_barras, aula_id) VALUES ('583b8cc6-c560-4965-ad3c-32950aaca0b0', '5b85004f-8aca-43fe-bf61-4a1026e4a81a', '62014753', 'Francko Emanuel', 'Aramburu Ramirez', '620123', '60d6ac5b-cae4-4b35-87c5-ff2dc938abc4');
INSERT INTO usuarios (id, email, password_hash, rol, nombre, apellidos, dni, activo) VALUES ('f27e1e40-e332-4e33-8479-1140843e10b5', '603174@academia.edu', '$2b$10$Kt1WXnRsFi4Ux.r1r8SQD.Ps1ksMrVyIVlHWg9o3Z/3N8hWuZV/3G', 'alumno', 'Saul Joan', 'Aranibar Chavez', '60316081', true);
INSERT INTO alumnos (id, usuario_id, dni, nombre, apellidos, codigo_barras, aula_id) VALUES ('f37cbd39-3f91-4b3e-8ed5-ce4e7aa94fc8', 'f27e1e40-e332-4e33-8479-1140843e10b5', '60316081', 'Saul Joan', 'Aranibar Chavez', '603174', '60d6ac5b-cae4-4b35-87c5-ff2dc938abc4');
INSERT INTO usuarios (id, email, password_hash, rol, nombre, apellidos, dni, activo) VALUES ('8c35e36e-5dbb-4eca-944a-6cd1fdf94718', '610123@academia.edu', '$2b$10$Kt1WXnRsFi4Ux.r1r8SQD.Ps1ksMrVyIVlHWg9o3Z/3N8hWuZV/3G', 'alumno', 'Heidi Daiana', 'Avelino Trejo', '61013187', true);
INSERT INTO alumnos (id, usuario_id, dni, nombre, apellidos, codigo_barras, aula_id) VALUES ('1b12104f-8a09-44d8-89f8-2df9cad65bcf', '8c35e36e-5dbb-4eca-944a-6cd1fdf94718', '61013187', 'Heidi Daiana', 'Avelino Trejo', '610123', '60d6ac5b-cae4-4b35-87c5-ff2dc938abc4');
INSERT INTO usuarios (id, email, password_hash, rol, nombre, apellidos, dni, activo) VALUES ('d9c741e6-7024-4887-a63c-5a1a83e5f3fc', '616740@academia.edu', '$2b$10$Kt1WXnRsFi4Ux.r1r8SQD.Ps1ksMrVyIVlHWg9o3Z/3N8hWuZV/3G', 'alumno', 'Diner Donato', 'Calderon Saenz', '61678218', true);
INSERT INTO alumnos (id, usuario_id, dni, nombre, apellidos, codigo_barras, aula_id) VALUES ('96863a2b-1a77-46b8-8855-05981d49cd76', 'd9c741e6-7024-4887-a63c-5a1a83e5f3fc', '61678218', 'Diner Donato', 'Calderon Saenz', '616740', '60d6ac5b-cae4-4b35-87c5-ff2dc938abc4');
INSERT INTO usuarios (id, email, password_hash, rol, nombre, apellidos, dni, activo) VALUES ('3c9b7927-d8c2-4319-9f11-7beac75179c5', '601200@academia.edu', '$2b$10$Kt1WXnRsFi4Ux.r1r8SQD.Ps1ksMrVyIVlHWg9o3Z/3N8hWuZV/3G', 'alumno', 'Richard Roosvelt', 'Carbajal Chicchis', '60124450', true);
INSERT INTO alumnos (id, usuario_id, dni, nombre, apellidos, codigo_barras, aula_id) VALUES ('1f7fbb3e-1ac9-4169-b2dd-d579fee5ba90', '3c9b7927-d8c2-4319-9f11-7beac75179c5', '60124450', 'Richard Roosvelt', 'Carbajal Chicchis', '601200', '60d6ac5b-cae4-4b35-87c5-ff2dc938abc4');
INSERT INTO usuarios (id, email, password_hash, rol, nombre, apellidos, dni, activo) VALUES ('a66b23f8-ffc8-4cb9-bcef-90c03344983d', '614806@academia.edu', '$2b$10$Kt1WXnRsFi4Ux.r1r8SQD.Ps1ksMrVyIVlHWg9o3Z/3N8hWuZV/3G', 'alumno', 'Pablo Daniel', 'Cerda Haro', '61480453', true);
INSERT INTO alumnos (id, usuario_id, dni, nombre, apellidos, codigo_barras, aula_id) VALUES ('7c7487df-7fe5-466d-a97b-7f8636b1fa0b', 'a66b23f8-ffc8-4cb9-bcef-90c03344983d', '61480453', 'Pablo Daniel', 'Cerda Haro', '614806', '60d6ac5b-cae4-4b35-87c5-ff2dc938abc4');
INSERT INTO usuarios (id, email, password_hash, rol, nombre, apellidos, dni, activo) VALUES ('698c177a-cb05-4fe3-8fee-4306e3e140aa', '619535@academia.edu', '$2b$10$Kt1WXnRsFi4Ux.r1r8SQD.Ps1ksMrVyIVlHWg9o3Z/3N8hWuZV/3G', 'alumno', 'Leydi Sayumi', 'Chavez Villacorta', '61957686', true);
INSERT INTO alumnos (id, usuario_id, dni, nombre, apellidos, codigo_barras, aula_id) VALUES ('a2d98bf6-d065-4669-8429-9ee5daeed53f', '698c177a-cb05-4fe3-8fee-4306e3e140aa', '61957686', 'Leydi Sayumi', 'Chavez Villacorta', '619535', '60d6ac5b-cae4-4b35-87c5-ff2dc938abc4');
INSERT INTO usuarios (id, email, password_hash, rol, nombre, apellidos, dni, activo) VALUES ('1c97af31-c432-4419-8153-a1ed8fa04421', '611953@academia.edu', '$2b$10$Kt1WXnRsFi4Ux.r1r8SQD.Ps1ksMrVyIVlHWg9o3Z/3N8hWuZV/3G', 'alumno', 'Angel Jesus', 'Chucho Gomez', '61191473', true);
INSERT INTO alumnos (id, usuario_id, dni, nombre, apellidos, codigo_barras, aula_id) VALUES ('e6779172-b693-47d1-8d6e-6bae5b5cdc87', '1c97af31-c432-4419-8153-a1ed8fa04421', '61191473', 'Angel Jesus', 'Chucho Gomez', '611953', '60d6ac5b-cae4-4b35-87c5-ff2dc938abc4');
INSERT INTO usuarios (id, email, password_hash, rol, nombre, apellidos, dni, activo) VALUES ('5aebe6d4-ebbc-406e-978e-1bd1d7016d27', '614244@academia.edu', '$2b$10$Kt1WXnRsFi4Ux.r1r8SQD.Ps1ksMrVyIVlHWg9o3Z/3N8hWuZV/3G', 'alumno', 'Katherine Yulisa', 'Ciriaco Celmi', '61429306', true);
INSERT INTO alumnos (id, usuario_id, dni, nombre, apellidos, codigo_barras, aula_id) VALUES ('1bfec422-6f6e-468a-8b72-38715a274488', '5aebe6d4-ebbc-406e-978e-1bd1d7016d27', '61429306', 'Katherine Yulisa', 'Ciriaco Celmi', '614244', '60d6ac5b-cae4-4b35-87c5-ff2dc938abc4');
INSERT INTO usuarios (id, email, password_hash, rol, nombre, apellidos, dni, activo) VALUES ('45771475-2937-475e-8a7e-935ca6f6a83b', '605883@academia.edu', '$2b$10$Kt1WXnRsFi4Ux.r1r8SQD.Ps1ksMrVyIVlHWg9o3Z/3N8hWuZV/3G', 'alumno', 'Joscelyn Anet', 'Diestra Calixto', '60584040', true);
INSERT INTO alumnos (id, usuario_id, dni, nombre, apellidos, codigo_barras, aula_id) VALUES ('8c4df583-5df0-4d80-84b9-01e66c3d8412', '45771475-2937-475e-8a7e-935ca6f6a83b', '60584040', 'Joscelyn Anet', 'Diestra Calixto', '605883', '60d6ac5b-cae4-4b35-87c5-ff2dc938abc4');
INSERT INTO usuarios (id, email, password_hash, rol, nombre, apellidos, dni, activo) VALUES ('6db3e97d-e284-45d7-a79d-6a8662169207', '606477@academia.edu', '$2b$10$Kt1WXnRsFi4Ux.r1r8SQD.Ps1ksMrVyIVlHWg9o3Z/3N8hWuZV/3G', 'alumno', 'Mileni Soledad', 'Espinoza Luna', '60642838', true);
INSERT INTO alumnos (id, usuario_id, dni, nombre, apellidos, codigo_barras, aula_id) VALUES ('fd2b695b-0385-4743-883b-4e97c09cc385', '6db3e97d-e284-45d7-a79d-6a8662169207', '60642838', 'Mileni Soledad', 'Espinoza Luna', '606477', '60d6ac5b-cae4-4b35-87c5-ff2dc938abc4');
INSERT INTO usuarios (id, email, password_hash, rol, nombre, apellidos, dni, activo) VALUES ('ec17f606-22c4-4434-ab2e-396c1749de86', '757211@academia.edu', '$2b$10$Kt1WXnRsFi4Ux.r1r8SQD.Ps1ksMrVyIVlHWg9o3Z/3N8hWuZV/3G', 'alumno', 'Xiclaly Andreita', 'Falcon Leyva', '75724655', true);
INSERT INTO alumnos (id, usuario_id, dni, nombre, apellidos, codigo_barras, aula_id) VALUES ('ef392f15-702d-40ea-9ed4-b9b43560626c', 'ec17f606-22c4-4434-ab2e-396c1749de86', '75724655', 'Xiclaly Andreita', 'Falcon Leyva', '757211', '60d6ac5b-cae4-4b35-87c5-ff2dc938abc4');
INSERT INTO usuarios (id, email, password_hash, rol, nombre, apellidos, dni, activo) VALUES ('c3c099e9-2c6a-4197-a787-d73205718b6b', '603417@academia.edu', '$2b$10$Kt1WXnRsFi4Ux.r1r8SQD.Ps1ksMrVyIVlHWg9o3Z/3N8hWuZV/3G', 'alumno', 'Yubel Camilo', 'Gambini Domingo', '60342225', true);
INSERT INTO alumnos (id, usuario_id, dni, nombre, apellidos, codigo_barras, aula_id) VALUES ('542786d5-36a7-437c-9d74-a62719ed10e1', 'c3c099e9-2c6a-4197-a787-d73205718b6b', '60342225', 'Yubel Camilo', 'Gambini Domingo', '603417', '60d6ac5b-cae4-4b35-87c5-ff2dc938abc4');
INSERT INTO usuarios (id, email, password_hash, rol, nombre, apellidos, dni, activo) VALUES ('51a7f24b-b7cc-4329-8d84-75d71d6598f9', '612352@academia.edu', '$2b$10$Kt1WXnRsFi4Ux.r1r8SQD.Ps1ksMrVyIVlHWg9o3Z/3N8hWuZV/3G', 'alumno', 'Ever Raymond', 'Guillermo Castro', '61233155', true);
INSERT INTO alumnos (id, usuario_id, dni, nombre, apellidos, codigo_barras, aula_id) VALUES ('8a1bc6be-122a-4e1d-a0f4-1815992fdc92', '51a7f24b-b7cc-4329-8d84-75d71d6598f9', '61233155', 'Ever Raymond', 'Guillermo Castro', '612352', '60d6ac5b-cae4-4b35-87c5-ff2dc938abc4');
INSERT INTO usuarios (id, email, password_hash, rol, nombre, apellidos, dni, activo) VALUES ('0c733cf8-1048-4082-a99b-8157cb1e7248', '612330@academia.edu', '$2b$10$Kt1WXnRsFi4Ux.r1r8SQD.Ps1ksMrVyIVlHWg9o3Z/3N8hWuZV/3G', 'alumno', 'Oliver Romario', 'Guillermo Castro', '61233154', true);
INSERT INTO alumnos (id, usuario_id, dni, nombre, apellidos, codigo_barras, aula_id) VALUES ('02897b86-a0a3-41ec-a3ba-6eb64f2df2c0', '0c733cf8-1048-4082-a99b-8157cb1e7248', '61233154', 'Oliver Romario', 'Guillermo Castro', '612330', '60d6ac5b-cae4-4b35-87c5-ff2dc938abc4');
INSERT INTO usuarios (id, email, password_hash, rol, nombre, apellidos, dni, activo) VALUES ('8204d1ed-6abe-4baa-802a-cea04dd47575', '734158@academia.edu', '$2b$10$Kt1WXnRsFi4Ux.r1r8SQD.Ps1ksMrVyIVlHWg9o3Z/3N8hWuZV/3G', 'alumno', 'Rodrigo Antonio', 'Huaman Castillo', '73411620', true);
INSERT INTO alumnos (id, usuario_id, dni, nombre, apellidos, codigo_barras, aula_id) VALUES ('dd838d8b-1fd9-459e-8d01-af6ab1f95490', '8204d1ed-6abe-4baa-802a-cea04dd47575', '73411620', 'Rodrigo Antonio', 'Huaman Castillo', '734158', '60d6ac5b-cae4-4b35-87c5-ff2dc938abc4');
INSERT INTO usuarios (id, email, password_hash, rol, nombre, apellidos, dni, activo) VALUES ('e1ed4067-a6cb-4024-95c2-3e702a3d3168', '629945@academia.edu', '$2b$10$Kt1WXnRsFi4Ux.r1r8SQD.Ps1ksMrVyIVlHWg9o3Z/3N8hWuZV/3G', 'alumno', 'Luis Miguel', 'Jacome Broncano', '62994011', true);
INSERT INTO alumnos (id, usuario_id, dni, nombre, apellidos, codigo_barras, aula_id) VALUES ('9eee1e47-26f9-4624-bf19-bbe2210b8638', 'e1ed4067-a6cb-4024-95c2-3e702a3d3168', '62994011', 'Luis Miguel', 'Jacome Broncano', '629945', '60d6ac5b-cae4-4b35-87c5-ff2dc938abc4');
INSERT INTO usuarios (id, email, password_hash, rol, nombre, apellidos, dni, activo) VALUES ('8de2b96b-e5b2-447f-b13f-5dd16effafe8', '614892@academia.edu', '$2b$10$Kt1WXnRsFi4Ux.r1r8SQD.Ps1ksMrVyIVlHWg9o3Z/3N8hWuZV/3G', 'alumno', 'Anghely Juanita', 'Jamanca Ellisca', '61480133', true);
INSERT INTO alumnos (id, usuario_id, dni, nombre, apellidos, codigo_barras, aula_id) VALUES ('0a5e12f7-72bb-4d28-8bdb-1b2d93327715', '8de2b96b-e5b2-447f-b13f-5dd16effafe8', '61480133', 'Anghely Juanita', 'Jamanca Ellisca', '614892', '60d6ac5b-cae4-4b35-87c5-ff2dc938abc4');
INSERT INTO usuarios (id, email, password_hash, rol, nombre, apellidos, dni, activo) VALUES ('79f9e426-8a82-443c-a853-2f05fe5389e5', '604030@academia.edu', '$2b$10$Kt1WXnRsFi4Ux.r1r8SQD.Ps1ksMrVyIVlHWg9o3Z/3N8hWuZV/3G', 'alumno', 'Juan Danilo', 'Jara Requez', '60400565', true);
INSERT INTO alumnos (id, usuario_id, dni, nombre, apellidos, codigo_barras, aula_id) VALUES ('97c5708e-3100-41f9-abad-49b94d89ba8e', '79f9e426-8a82-443c-a853-2f05fe5389e5', '60400565', 'Juan Danilo', 'Jara Requez', '604030', '60d6ac5b-cae4-4b35-87c5-ff2dc938abc4');
INSERT INTO usuarios (id, email, password_hash, rol, nombre, apellidos, dni, activo) VALUES ('a56bf5d3-5e31-483e-8993-5d9e37322fe4', '603135@academia.edu', '$2b$10$Kt1WXnRsFi4Ux.r1r8SQD.Ps1ksMrVyIVlHWg9o3Z/3N8hWuZV/3G', 'alumno', 'Katherine Rosario', 'Jaramillo Giraldo', '60316083', true);
INSERT INTO alumnos (id, usuario_id, dni, nombre, apellidos, codigo_barras, aula_id) VALUES ('6eda4c6a-732c-4cd8-aea1-c50e43debe8f', 'a56bf5d3-5e31-483e-8993-5d9e37322fe4', '60316083', 'Katherine Rosario', 'Jaramillo Giraldo', '603135', '60d6ac5b-cae4-4b35-87c5-ff2dc938abc4');
INSERT INTO usuarios (id, email, password_hash, rol, nombre, apellidos, dni, activo) VALUES ('f982d022-bcba-44f6-b2e1-7b0b9289289f', '603699@academia.edu', '$2b$10$Kt1WXnRsFi4Ux.r1r8SQD.Ps1ksMrVyIVlHWg9o3Z/3N8hWuZV/3G', 'alumno', 'Jose Antonio', 'Medina Gamarra', '60363934', true);
INSERT INTO alumnos (id, usuario_id, dni, nombre, apellidos, codigo_barras, aula_id) VALUES ('7c0a0745-e0e8-4b26-8a97-faf424d3be0f', 'f982d022-bcba-44f6-b2e1-7b0b9289289f', '60363934', 'Jose Antonio', 'Medina Gamarra', '603699', '60d6ac5b-cae4-4b35-87c5-ff2dc938abc4');
INSERT INTO usuarios (id, email, password_hash, rol, nombre, apellidos, dni, activo) VALUES ('9a90cb67-44a1-48d7-a329-d5adf143cc0d', '749398@academia.edu', '$2b$10$Kt1WXnRsFi4Ux.r1r8SQD.Ps1ksMrVyIVlHWg9o3Z/3N8hWuZV/3G', 'alumno', 'Rosiñho Alexis', 'Meyhuay Isidro', '74937622', true);
INSERT INTO alumnos (id, usuario_id, dni, nombre, apellidos, codigo_barras, aula_id) VALUES ('a3f7d94a-cbf8-422c-9dfd-8dbe74b8ae3b', '9a90cb67-44a1-48d7-a329-d5adf143cc0d', '74937622', 'Rosiñho Alexis', 'Meyhuay Isidro', '749398', '60d6ac5b-cae4-4b35-87c5-ff2dc938abc4');
INSERT INTO usuarios (id, email, password_hash, rol, nombre, apellidos, dni, activo) VALUES ('d957736f-f6bf-433c-b022-6e0680d0b776', '614821@academia.edu', '$2b$10$Kt1WXnRsFi4Ux.r1r8SQD.Ps1ksMrVyIVlHWg9o3Z/3N8hWuZV/3G', 'alumno', 'Kamila Lucia', 'Milla Henostroza', '61480330', true);
INSERT INTO alumnos (id, usuario_id, dni, nombre, apellidos, codigo_barras, aula_id) VALUES ('2ca0d7ee-2b91-4178-a09d-131770cbfa96', 'd957736f-f6bf-433c-b022-6e0680d0b776', '61480330', 'Kamila Lucia', 'Milla Henostroza', '614821', '60d6ac5b-cae4-4b35-87c5-ff2dc938abc4');
INSERT INTO usuarios (id, email, password_hash, rol, nombre, apellidos, dni, activo) VALUES ('46e814b1-4705-4ca3-893a-e618b3460fec', '620028@academia.edu', '$2b$10$Kt1WXnRsFi4Ux.r1r8SQD.Ps1ksMrVyIVlHWg9o3Z/3N8hWuZV/3G', 'alumno', 'Ronald Alfredo', 'Moreno Rosas', '62009912', true);
INSERT INTO alumnos (id, usuario_id, dni, nombre, apellidos, codigo_barras, aula_id) VALUES ('6e375df6-dba6-4cec-8f7b-c9d8bb25a297', '46e814b1-4705-4ca3-893a-e618b3460fec', '62009912', 'Ronald Alfredo', 'Moreno Rosas', '620028', '60d6ac5b-cae4-4b35-87c5-ff2dc938abc4');
INSERT INTO usuarios (id, email, password_hash, rol, nombre, apellidos, dni, activo) VALUES ('b284b632-8ac4-4aad-9297-d2ed50f24f78', '615160@academia.edu', '$2b$10$Kt1WXnRsFi4Ux.r1r8SQD.Ps1ksMrVyIVlHWg9o3Z/3N8hWuZV/3G', 'alumno', 'Camila Del Rosario', 'Osorio Araya', '61517194', true);
INSERT INTO alumnos (id, usuario_id, dni, nombre, apellidos, codigo_barras, aula_id) VALUES ('6786c489-a4e1-44dc-b829-cd71cf6adba7', 'b284b632-8ac4-4aad-9297-d2ed50f24f78', '61517194', 'Camila Del Rosario', 'Osorio Araya', '615160', '60d6ac5b-cae4-4b35-87c5-ff2dc938abc4');
INSERT INTO usuarios (id, email, password_hash, rol, nombre, apellidos, dni, activo) VALUES ('f881789c-3f7b-4cf8-a5bc-2c8fc8b8994e', '620138@academia.edu', '$2b$10$Kt1WXnRsFi4Ux.r1r8SQD.Ps1ksMrVyIVlHWg9o3Z/3N8hWuZV/3G', 'alumno', 'Antony Raul', 'Quito Mory', '62015089', true);
INSERT INTO alumnos (id, usuario_id, dni, nombre, apellidos, codigo_barras, aula_id) VALUES ('28706e8c-a6b7-4bae-b712-0a65cc45d8de', 'f881789c-3f7b-4cf8-a5bc-2c8fc8b8994e', '62015089', 'Antony Raul', 'Quito Mory', '620138', '60d6ac5b-cae4-4b35-87c5-ff2dc938abc4');
INSERT INTO usuarios (id, email, password_hash, rol, nombre, apellidos, dni, activo) VALUES ('777c39da-46bd-4bdf-bd64-c26231a5f3d8', '603999@academia.edu', '$2b$10$Kt1WXnRsFi4Ux.r1r8SQD.Ps1ksMrVyIVlHWg9o3Z/3N8hWuZV/3G', 'alumno', 'Donely Luana', 'Reyes Medina', '60396627', true);
INSERT INTO alumnos (id, usuario_id, dni, nombre, apellidos, codigo_barras, aula_id) VALUES ('e76e96d6-ea45-4688-a378-f0a0836047af', '777c39da-46bd-4bdf-bd64-c26231a5f3d8', '60396627', 'Donely Luana', 'Reyes Medina', '603999', '60d6ac5b-cae4-4b35-87c5-ff2dc938abc4');
INSERT INTO usuarios (id, email, password_hash, rol, nombre, apellidos, dni, activo) VALUES ('f94cb2e9-6be9-4f5c-84c8-9c275c4a511d', '606951@academia.edu', '$2b$10$Kt1WXnRsFi4Ux.r1r8SQD.Ps1ksMrVyIVlHWg9o3Z/3N8hWuZV/3G', 'alumno', 'Analy Andrea', 'Rimac Bravo', '60691856', true);
INSERT INTO alumnos (id, usuario_id, dni, nombre, apellidos, codigo_barras, aula_id) VALUES ('579ef1f3-5411-4074-959d-c49c7be39cf3', 'f94cb2e9-6be9-4f5c-84c8-9c275c4a511d', '60691856', 'Analy Andrea', 'Rimac Bravo', '606951', '60d6ac5b-cae4-4b35-87c5-ff2dc938abc4');
INSERT INTO usuarios (id, email, password_hash, rol, nombre, apellidos, dni, activo) VALUES ('a61b9407-2781-4d4c-ac0a-b6c8cd28c1e5', '603658@academia.edu', '$2b$10$Kt1WXnRsFi4Ux.r1r8SQD.Ps1ksMrVyIVlHWg9o3Z/3N8hWuZV/3G', 'alumno', 'Marilin Mayra', 'Rivera Barrionuevo', '60369162', true);
INSERT INTO alumnos (id, usuario_id, dni, nombre, apellidos, codigo_barras, aula_id) VALUES ('4ecc26ed-0f06-42c4-87c0-f32d16c21af4', 'a61b9407-2781-4d4c-ac0a-b6c8cd28c1e5', '60369162', 'Marilin Mayra', 'Rivera Barrionuevo', '603658', '60d6ac5b-cae4-4b35-87c5-ff2dc938abc4');
INSERT INTO usuarios (id, email, password_hash, rol, nombre, apellidos, dni, activo) VALUES ('661b567d-c53d-4aff-8136-507adaccb43c', '603747@academia.edu', '$2b$10$Kt1WXnRsFi4Ux.r1r8SQD.Ps1ksMrVyIVlHWg9o3Z/3N8hWuZV/3G', 'alumno', 'Crisly Jazmin', 'Rodriguez Espinoza', '60374841', true);
INSERT INTO alumnos (id, usuario_id, dni, nombre, apellidos, codigo_barras, aula_id) VALUES ('e2fb074a-c6e2-492b-aac0-2b4c58a22efc', '661b567d-c53d-4aff-8136-507adaccb43c', '60374841', 'Crisly Jazmin', 'Rodriguez Espinoza', '603747', '60d6ac5b-cae4-4b35-87c5-ff2dc938abc4');
INSERT INTO usuarios (id, email, password_hash, rol, nombre, apellidos, dni, activo) VALUES ('63e43b73-aa77-4888-91d9-0e21c4f03771', '613619@academia.edu', '$2b$10$Kt1WXnRsFi4Ux.r1r8SQD.Ps1ksMrVyIVlHWg9o3Z/3N8hWuZV/3G', 'alumno', 'Luana Marycielo', 'Rodriguez Perez', '61364911', true);
INSERT INTO alumnos (id, usuario_id, dni, nombre, apellidos, codigo_barras, aula_id) VALUES ('87484c53-e1cf-4478-818a-2af1370dad45', '63e43b73-aa77-4888-91d9-0e21c4f03771', '61364911', 'Luana Marycielo', 'Rodriguez Perez', '613619', '60d6ac5b-cae4-4b35-87c5-ff2dc938abc4');
INSERT INTO usuarios (id, email, password_hash, rol, nombre, apellidos, dni, activo) VALUES ('ed23190a-890b-4eb5-ae3f-cda40036ce34', '725821@academia.edu', '$2b$10$Kt1WXnRsFi4Ux.r1r8SQD.Ps1ksMrVyIVlHWg9o3Z/3N8hWuZV/3G', 'alumno', 'Lidia Rosmeri', 'Rojas Aparicio', '72588091', true);
INSERT INTO alumnos (id, usuario_id, dni, nombre, apellidos, codigo_barras, aula_id) VALUES ('460429bf-7848-474d-b388-2b9c54802b94', 'ed23190a-890b-4eb5-ae3f-cda40036ce34', '72588091', 'Lidia Rosmeri', 'Rojas Aparicio', '725821', '60d6ac5b-cae4-4b35-87c5-ff2dc938abc4');
INSERT INTO usuarios (id, email, password_hash, rol, nombre, apellidos, dni, activo) VALUES ('e9c9e283-5414-4f03-ba44-9ba5e4f434ef', '615172@academia.edu', '$2b$10$Kt1WXnRsFi4Ux.r1r8SQD.Ps1ksMrVyIVlHWg9o3Z/3N8hWuZV/3G', 'alumno', 'Pablo Diego', 'Roller Arpasi', '61517191', true);
INSERT INTO alumnos (id, usuario_id, dni, nombre, apellidos, codigo_barras, aula_id) VALUES ('b0394f06-985f-4908-a9cf-9409cb6c1e71', 'e9c9e283-5414-4f03-ba44-9ba5e4f434ef', '61517191', 'Pablo Diego', 'Roller Arpasi', '615172', '60d6ac5b-cae4-4b35-87c5-ff2dc938abc4');
INSERT INTO usuarios (id, email, password_hash, rol, nombre, apellidos, dni, activo) VALUES ('596d7376-b150-43fd-9dee-7793fb030284', '616857@academia.edu', '$2b$10$Kt1WXnRsFi4Ux.r1r8SQD.Ps1ksMrVyIVlHWg9o3Z/3N8hWuZV/3G', 'alumno', 'Cosett Elcida', 'Romero Cotrina', '61681916', true);
INSERT INTO alumnos (id, usuario_id, dni, nombre, apellidos, codigo_barras, aula_id) VALUES ('1c07d669-ed88-4e9e-97a5-8ce0e98782dc', '596d7376-b150-43fd-9dee-7793fb030284', '61681916', 'Cosett Elcida', 'Romero Cotrina', '616857', '60d6ac5b-cae4-4b35-87c5-ff2dc938abc4');
INSERT INTO usuarios (id, email, password_hash, rol, nombre, apellidos, dni, activo) VALUES ('ef9f18e4-b7d5-4d50-be0c-1a2650027172', '605724@academia.edu', '$2b$10$Kt1WXnRsFi4Ux.r1r8SQD.Ps1ksMrVyIVlHWg9o3Z/3N8hWuZV/3G', 'alumno', 'Wear', 'Salinas Asencios', '60579587', true);
INSERT INTO alumnos (id, usuario_id, dni, nombre, apellidos, codigo_barras, aula_id) VALUES ('4b1f2961-22b0-437e-9695-a8af335a01c8', 'ef9f18e4-b7d5-4d50-be0c-1a2650027172', '60579587', 'Wear', 'Salinas Asencios', '605724', '60d6ac5b-cae4-4b35-87c5-ff2dc938abc4');
INSERT INTO usuarios (id, email, password_hash, rol, nombre, apellidos, dni, activo) VALUES ('34a65680-8d07-43bf-9f52-e401b4cb9daf', '609508@academia.edu', '$2b$10$Kt1WXnRsFi4Ux.r1r8SQD.Ps1ksMrVyIVlHWg9o3Z/3N8hWuZV/3G', 'alumno', 'Paola Fatima', 'Salvador Chavez', '60957661', true);
INSERT INTO alumnos (id, usuario_id, dni, nombre, apellidos, codigo_barras, aula_id) VALUES ('359bc562-e593-4109-9aee-7df61734a965', '34a65680-8d07-43bf-9f52-e401b4cb9daf', '60957661', 'Paola Fatima', 'Salvador Chavez', '609508', '60d6ac5b-cae4-4b35-87c5-ff2dc938abc4');
INSERT INTO usuarios (id, email, password_hash, rol, nombre, apellidos, dni, activo) VALUES ('6f87af76-f095-45cf-a6de-7de7b042d8d5', '604358@academia.edu', '$2b$10$Kt1WXnRsFi4Ux.r1r8SQD.Ps1ksMrVyIVlHWg9o3Z/3N8hWuZV/3G', 'alumno', 'Joe Daddy', 'Sota Lopez', '60433713', true);
INSERT INTO alumnos (id, usuario_id, dni, nombre, apellidos, codigo_barras, aula_id) VALUES ('108c68f9-aa27-4c38-adcb-cf1998d366d5', '6f87af76-f095-45cf-a6de-7de7b042d8d5', '60433713', 'Joe Daddy', 'Sota Lopez', '604358', '60d6ac5b-cae4-4b35-87c5-ff2dc938abc4');
INSERT INTO usuarios (id, email, password_hash, rol, nombre, apellidos, dni, activo) VALUES ('5cf43443-08d9-47d6-b724-08ea5868de68', '620037@academia.edu', '$2b$10$Kt1WXnRsFi4Ux.r1r8SQD.Ps1ksMrVyIVlHWg9o3Z/3N8hWuZV/3G', 'alumno', 'Avril Maria Jesus', 'Teodor Villafana', '62009872', true);
INSERT INTO alumnos (id, usuario_id, dni, nombre, apellidos, codigo_barras, aula_id) VALUES ('b75ed011-052d-4b3c-a0a3-f72a53785bac', '5cf43443-08d9-47d6-b724-08ea5868de68', '62009872', 'Avril Maria Jesus', 'Teodor Villafana', '620037', '60d6ac5b-cae4-4b35-87c5-ff2dc938abc4');
INSERT INTO usuarios (id, email, password_hash, rol, nombre, apellidos, dni, activo) VALUES ('5e96c3bd-d5af-43eb-b50b-fe3a7badf923', '604419@academia.edu', '$2b$10$Kt1WXnRsFi4Ux.r1r8SQD.Ps1ksMrVyIVlHWg9o3Z/3N8hWuZV/3G', 'alumno', 'Kelver Jhoan', 'Vega Lopez', '60442159', true);
INSERT INTO alumnos (id, usuario_id, dni, nombre, apellidos, codigo_barras, aula_id) VALUES ('340c0e30-cbea-4f24-b8bb-02f2f5e11272', '5e96c3bd-d5af-43eb-b50b-fe3a7badf923', '60442159', 'Kelver Jhoan', 'Vega Lopez', '604419', '60d6ac5b-cae4-4b35-87c5-ff2dc938abc4');
INSERT INTO usuarios (id, email, password_hash, rol, nombre, apellidos, dni, activo) VALUES ('9f91fdad-d553-4a4b-8783-d83a73183a97', '605440@academia.edu', '$2b$10$Kt1WXnRsFi4Ux.r1r8SQD.Ps1ksMrVyIVlHWg9o3Z/3N8hWuZV/3G', 'alumno', 'Alex Nino', 'Velasquez Flores', '60540530', true);
INSERT INTO alumnos (id, usuario_id, dni, nombre, apellidos, codigo_barras, aula_id) VALUES ('3078ba08-fe15-4769-ae77-bdd4c97e4dd5', '9f91fdad-d553-4a4b-8783-d83a73183a97', '60540530', 'Alex Nino', 'Velasquez Flores', '605440', '60d6ac5b-cae4-4b35-87c5-ff2dc938abc4');
INSERT INTO usuarios (id, email, password_hash, rol, nombre, apellidos, dni, activo) VALUES ('e73831bf-d5a4-4913-a72a-03f57b076fb2', '615124@academia.edu', '$2b$10$Kt1WXnRsFi4Ux.r1r8SQD.Ps1ksMrVyIVlHWg9o3Z/3N8hWuZV/3G', 'alumno', 'Yamira Bellaluz', 'Acuña Cardenas', '61517392', true);
INSERT INTO alumnos (id, usuario_id, dni, nombre, apellidos, codigo_barras, aula_id) VALUES ('696da857-4371-435d-a787-089d39a37f70', 'e73831bf-d5a4-4913-a72a-03f57b076fb2', '61517392', 'Yamira Bellaluz', 'Acuña Cardenas', '615124', 'eb9e0c12-2e56-486e-a0a9-13678636efaf');
INSERT INTO usuarios (id, email, password_hash, rol, nombre, apellidos, dni, activo) VALUES ('c76fbdbf-cfa7-4d9a-bf60-2fdd4894c92e', '615163@academia.edu', '$2b$10$Kt1WXnRsFi4Ux.r1r8SQD.Ps1ksMrVyIVlHWg9o3Z/3N8hWuZV/3G', 'alumno', 'Nayely Alexandra', 'Barreto Toledo', '61517234', true);
INSERT INTO alumnos (id, usuario_id, dni, nombre, apellidos, codigo_barras, aula_id) VALUES ('c56847cd-9a9f-4045-81c5-105092cf0564', 'c76fbdbf-cfa7-4d9a-bf60-2fdd4894c92e', '61517234', 'Nayely Alexandra', 'Barreto Toledo', '615163', 'eb9e0c12-2e56-486e-a0a9-13678636efaf');
INSERT INTO usuarios (id, email, password_hash, rol, nombre, apellidos, dni, activo) VALUES ('c54c4e1f-e19b-40a4-af8a-68e0cc58e7d9', '602830@academia.edu', '$2b$10$Kt1WXnRsFi4Ux.r1r8SQD.Ps1ksMrVyIVlHWg9o3Z/3N8hWuZV/3G', 'alumno', 'Nilver Orlando', 'Bayona Principe', '60281334', true);
INSERT INTO alumnos (id, usuario_id, dni, nombre, apellidos, codigo_barras, aula_id) VALUES ('b9368901-792e-4110-89a6-64335cde5305', 'c54c4e1f-e19b-40a4-af8a-68e0cc58e7d9', '60281334', 'Nilver Orlando', 'Bayona Principe', '602830', 'eb9e0c12-2e56-486e-a0a9-13678636efaf');
INSERT INTO usuarios (id, email, password_hash, rol, nombre, apellidos, dni, activo) VALUES ('42f2ee4c-77cf-4b7e-944f-a47c03e326af', '615199@academia.edu', '$2b$10$Kt1WXnRsFi4Ux.r1r8SQD.Ps1ksMrVyIVlHWg9o3Z/3N8hWuZV/3G', 'alumno', 'Maria Fernanda Valentina', 'Castro Leon', '61517190', true);
INSERT INTO alumnos (id, usuario_id, dni, nombre, apellidos, codigo_barras, aula_id) VALUES ('c3b2529e-3e5c-43fb-a734-8859457b14e9', '42f2ee4c-77cf-4b7e-944f-a47c03e326af', '61517190', 'Maria Fernanda Valentina', 'Castro Leon', '615199', 'eb9e0c12-2e56-486e-a0a9-13678636efaf');
INSERT INTO usuarios (id, email, password_hash, rol, nombre, apellidos, dni, activo) VALUES ('b6dbab3b-6fee-4f64-8acb-19b436abddda', '620131@academia.edu', '$2b$10$Kt1WXnRsFi4Ux.r1r8SQD.Ps1ksMrVyIVlHWg9o3Z/3N8hWuZV/3G', 'alumno', 'Francisco Uriel', 'Chavez Jamanca', '62014973', true);
INSERT INTO alumnos (id, usuario_id, dni, nombre, apellidos, codigo_barras, aula_id) VALUES ('f1f80e71-6114-4acf-b522-41a7515cef52', 'b6dbab3b-6fee-4f64-8acb-19b436abddda', '62014973', 'Francisco Uriel', 'Chavez Jamanca', '620131', 'eb9e0c12-2e56-486e-a0a9-13678636efaf');
INSERT INTO usuarios (id, email, password_hash, rol, nombre, apellidos, dni, activo) VALUES ('436b59ca-4c50-4e3a-ad5e-d9f17f567453', '610812@academia.edu', '$2b$10$Kt1WXnRsFi4Ux.r1r8SQD.Ps1ksMrVyIVlHWg9o3Z/3N8hWuZV/3G', 'alumno', 'Cristel Valentina', 'Cochachin Ashnate', '61080837', true);
INSERT INTO alumnos (id, usuario_id, dni, nombre, apellidos, codigo_barras, aula_id) VALUES ('d7b7ac26-9eb4-4de6-a6fd-57271555b811', '436b59ca-4c50-4e3a-ad5e-d9f17f567453', '61080837', 'Cristel Valentina', 'Cochachin Ashnate', '610812', 'eb9e0c12-2e56-486e-a0a9-13678636efaf');
INSERT INTO usuarios (id, email, password_hash, rol, nombre, apellidos, dni, activo) VALUES ('2c49c5e4-9e6c-4cc2-8aaa-b479f3aada23', '602906@academia.edu', '$2b$10$Kt1WXnRsFi4Ux.r1r8SQD.Ps1ksMrVyIVlHWg9o3Z/3N8hWuZV/3G', 'alumno', 'Kelsi Maditain', 'Collazos Rojas', '60290293', true);
INSERT INTO alumnos (id, usuario_id, dni, nombre, apellidos, codigo_barras, aula_id) VALUES ('be89ce40-4d7c-414a-b41f-52edcf8b2f5f', '2c49c5e4-9e6c-4cc2-8aaa-b479f3aada23', '60290293', 'Kelsi Maditain', 'Collazos Rojas', '602906', 'eb9e0c12-2e56-486e-a0a9-13678636efaf');
INSERT INTO usuarios (id, email, password_hash, rol, nombre, apellidos, dni, activo) VALUES ('41a79873-31c0-4de3-90ee-78da203081d2', '613143@academia.edu', '$2b$10$Kt1WXnRsFi4Ux.r1r8SQD.Ps1ksMrVyIVlHWg9o3Z/3N8hWuZV/3G', 'alumno', 'Eric Yamil', 'Crispin Perez', '61314502', true);
INSERT INTO alumnos (id, usuario_id, dni, nombre, apellidos, codigo_barras, aula_id) VALUES ('23d29704-e782-4ef1-9447-548a453e8cb8', '41a79873-31c0-4de3-90ee-78da203081d2', '61314502', 'Eric Yamil', 'Crispin Perez', '613143', 'eb9e0c12-2e56-486e-a0a9-13678636efaf');
INSERT INTO usuarios (id, email, password_hash, rol, nombre, apellidos, dni, activo) VALUES ('9b7bef64-dfe3-4c43-9cb2-17de807fb504', '604099@academia.edu', '$2b$10$Kt1WXnRsFi4Ux.r1r8SQD.Ps1ksMrVyIVlHWg9o3Z/3N8hWuZV/3G', 'alumno', 'Yoselyn Magaly', 'Crispin Rodriguez', '60404915', true);
INSERT INTO alumnos (id, usuario_id, dni, nombre, apellidos, codigo_barras, aula_id) VALUES ('9747b553-8b84-4ef3-ac2e-6607374f2d72', '9b7bef64-dfe3-4c43-9cb2-17de807fb504', '60404915', 'Yoselyn Magaly', 'Crispin Rodriguez', '604099', 'eb9e0c12-2e56-486e-a0a9-13678636efaf');
INSERT INTO usuarios (id, email, password_hash, rol, nombre, apellidos, dni, activo) VALUES ('e976c06d-0e17-4070-bbf6-d3cc729382ec', '615789@academia.edu', '$2b$10$Kt1WXnRsFi4Ux.r1r8SQD.Ps1ksMrVyIVlHWg9o3Z/3N8hWuZV/3G', 'alumno', 'Hugo Oracio', 'Cueva Moreno', '61577165', true);
INSERT INTO alumnos (id, usuario_id, dni, nombre, apellidos, codigo_barras, aula_id) VALUES ('c1862b4b-88d8-4dfe-98b4-b48c5400c3e9', 'e976c06d-0e17-4070-bbf6-d3cc729382ec', '61577165', 'Hugo Oracio', 'Cueva Moreno', '615789', 'eb9e0c12-2e56-486e-a0a9-13678636efaf');
INSERT INTO usuarios (id, email, password_hash, rol, nombre, apellidos, dni, activo) VALUES ('19808a20-ce34-4577-9a79-f58901ca22ad', '620493@academia.edu', '$2b$10$Kt1WXnRsFi4Ux.r1r8SQD.Ps1ksMrVyIVlHWg9o3Z/3N8hWuZV/3G', 'alumno', 'Ariana Solange', 'De La Cruz Olortegui', '62042817', true);
INSERT INTO alumnos (id, usuario_id, dni, nombre, apellidos, codigo_barras, aula_id) VALUES ('b1fae198-3fcd-470d-95d8-1a90a11abbd8', '19808a20-ce34-4577-9a79-f58901ca22ad', '62042817', 'Ariana Solange', 'De La Cruz Olortegui', '620493', 'eb9e0c12-2e56-486e-a0a9-13678636efaf');
INSERT INTO usuarios (id, email, password_hash, rol, nombre, apellidos, dni, activo) VALUES ('f206b1e8-0d2e-412b-bf5b-71ef789bf8d0', '615947@academia.edu', '$2b$10$Kt1WXnRsFi4Ux.r1r8SQD.Ps1ksMrVyIVlHWg9o3Z/3N8hWuZV/3G', 'alumno', 'Rosa Milagros', 'Fernandez Perez', '61591976', true);
INSERT INTO alumnos (id, usuario_id, dni, nombre, apellidos, codigo_barras, aula_id) VALUES ('a570dc4e-32f8-452f-9246-272843cefede', 'f206b1e8-0d2e-412b-bf5b-71ef789bf8d0', '61591976', 'Rosa Milagros', 'Fernandez Perez', '615947', 'eb9e0c12-2e56-486e-a0a9-13678636efaf');
INSERT INTO usuarios (id, email, password_hash, rol, nombre, apellidos, dni, activo) VALUES ('10180cb4-8697-48bf-85a3-af8b8a882c59', '604185@academia.edu', '$2b$10$Kt1WXnRsFi4Ux.r1r8SQD.Ps1ksMrVyIVlHWg9o3Z/3N8hWuZV/3G', 'alumno', 'Jair Isaac', 'Flores Avelino', '60411908', true);
INSERT INTO alumnos (id, usuario_id, dni, nombre, apellidos, codigo_barras, aula_id) VALUES ('d11ae4b8-f74d-4a9a-b546-8e8227e5224c', '10180cb4-8697-48bf-85a3-af8b8a882c59', '60411908', 'Jair Isaac', 'Flores Avelino', '604185', 'eb9e0c12-2e56-486e-a0a9-13678636efaf');
INSERT INTO usuarios (id, email, password_hash, rol, nombre, apellidos, dni, activo) VALUES ('c04a2cb7-ccaf-4f28-a491-f4b8d94504d6', '602865@academia.edu', '$2b$10$Kt1WXnRsFi4Ux.r1r8SQD.Ps1ksMrVyIVlHWg9o3Z/3N8hWuZV/3G', 'alumno', 'Deysy Yamely', 'Godo Cantaro', '60286685', true);
INSERT INTO alumnos (id, usuario_id, dni, nombre, apellidos, codigo_barras, aula_id) VALUES ('80b40de7-e55b-43e3-95b2-5ad7874c20f9', 'c04a2cb7-ccaf-4f28-a491-f4b8d94504d6', '60286685', 'Deysy Yamely', 'Godo Cantaro', '602865', 'eb9e0c12-2e56-486e-a0a9-13678636efaf');
INSERT INTO usuarios (id, email, password_hash, rol, nombre, apellidos, dni, activo) VALUES ('2293b250-74b7-4136-ab3f-6687d3176f24', '602614@academia.edu', '$2b$10$Kt1WXnRsFi4Ux.r1r8SQD.Ps1ksMrVyIVlHWg9o3Z/3N8hWuZV/3G', 'alumno', 'Yanely Milagros', 'Guerra Castro', '60260162', true);
INSERT INTO alumnos (id, usuario_id, dni, nombre, apellidos, codigo_barras, aula_id) VALUES ('891de3f6-b03b-4868-8a10-3ca385c49558', '2293b250-74b7-4136-ab3f-6687d3176f24', '60260162', 'Yanely Milagros', 'Guerra Castro', '602614', 'eb9e0c12-2e56-486e-a0a9-13678636efaf');
INSERT INTO usuarios (id, email, password_hash, rol, nombre, apellidos, dni, activo) VALUES ('0b58456e-4764-46e3-ba3d-57674cb3d6f3', '752635@academia.edu', '$2b$10$Kt1WXnRsFi4Ux.r1r8SQD.Ps1ksMrVyIVlHWg9o3Z/3N8hWuZV/3G', 'alumno', 'Alessandra Aurea Angel', 'Guerrero Cerna', '75268812', true);
INSERT INTO alumnos (id, usuario_id, dni, nombre, apellidos, codigo_barras, aula_id) VALUES ('5e237d5a-e2c4-4aff-bd81-cc2620700dd5', '0b58456e-4764-46e3-ba3d-57674cb3d6f3', '75268812', 'Alessandra Aurea Angel', 'Guerrero Cerna', '752635', 'eb9e0c12-2e56-486e-a0a9-13678636efaf');
INSERT INTO usuarios (id, email, password_hash, rol, nombre, apellidos, dni, activo) VALUES ('651cf92c-28d5-45e6-af32-d23cdfb7c37c', '620196@academia.edu', '$2b$10$Kt1WXnRsFi4Ux.r1r8SQD.Ps1ksMrVyIVlHWg9o3Z/3N8hWuZV/3G', 'alumno', 'Angela Diana', 'Guerrero Cerna', '62015090', true);
INSERT INTO alumnos (id, usuario_id, dni, nombre, apellidos, codigo_barras, aula_id) VALUES ('ccee9778-b821-4ff8-a64a-8268b5798459', '651cf92c-28d5-45e6-af32-d23cdfb7c37c', '62015090', 'Angela Diana', 'Guerrero Cerna', '620196', 'eb9e0c12-2e56-486e-a0a9-13678636efaf');
INSERT INTO usuarios (id, email, password_hash, rol, nombre, apellidos, dni, activo) VALUES ('43764658-8ae7-46f8-a8b8-0fb33858236d', '613192@academia.edu', '$2b$10$Kt1WXnRsFi4Ux.r1r8SQD.Ps1ksMrVyIVlHWg9o3Z/3N8hWuZV/3G', 'alumno', 'Marioly Esli', 'Huanca Isidro', '61314725', true);
INSERT INTO alumnos (id, usuario_id, dni, nombre, apellidos, codigo_barras, aula_id) VALUES ('8cc4d62f-59d8-427f-8344-711d8640304c', '43764658-8ae7-46f8-a8b8-0fb33858236d', '61314725', 'Marioly Esli', 'Huanca Isidro', '613192', 'eb9e0c12-2e56-486e-a0a9-13678636efaf');
INSERT INTO usuarios (id, email, password_hash, rol, nombre, apellidos, dni, activo) VALUES ('d2de9157-61eb-4b87-b5d1-7f75d50c15ec', '614853@academia.edu', '$2b$10$Kt1WXnRsFi4Ux.r1r8SQD.Ps1ksMrVyIVlHWg9o3Z/3N8hWuZV/3G', 'alumno', 'Leonel Mario', 'Huaromo Jamanca', '61480225', true);
INSERT INTO alumnos (id, usuario_id, dni, nombre, apellidos, codigo_barras, aula_id) VALUES ('5e1eb33b-bb92-4765-a6ff-3f59be790b40', 'd2de9157-61eb-4b87-b5d1-7f75d50c15ec', '61480225', 'Leonel Mario', 'Huaromo Jamanca', '614853', 'eb9e0c12-2e56-486e-a0a9-13678636efaf');
INSERT INTO usuarios (id, email, password_hash, rol, nombre, apellidos, dni, activo) VALUES ('aeae6866-9596-4dda-8f60-2f03c85e2169', '604007@academia.edu', '$2b$10$Kt1WXnRsFi4Ux.r1r8SQD.Ps1ksMrVyIVlHWg9o3Z/3N8hWuZV/3G', 'alumno', 'Giancarlos Yenner', 'Hueyta Lliuya', '60407800', true);
INSERT INTO alumnos (id, usuario_id, dni, nombre, apellidos, codigo_barras, aula_id) VALUES ('112df7f0-440b-472e-8db0-3b4a34c70f0a', 'aeae6866-9596-4dda-8f60-2f03c85e2169', '60407800', 'Giancarlos Yenner', 'Hueyta Lliuya', '604007', 'eb9e0c12-2e56-486e-a0a9-13678636efaf');
INSERT INTO usuarios (id, email, password_hash, rol, nombre, apellidos, dni, activo) VALUES ('acb4ade3-22c2-4dcc-8c81-32e8a619cfdc', '606707@academia.edu', '$2b$10$Kt1WXnRsFi4Ux.r1r8SQD.Ps1ksMrVyIVlHWg9o3Z/3N8hWuZV/3G', 'alumno', 'Erick Jhordy', 'Inocente Ortega', '60675722', true);
INSERT INTO alumnos (id, usuario_id, dni, nombre, apellidos, codigo_barras, aula_id) VALUES ('da6c1c10-49d2-4dea-912e-87e94a400a07', 'acb4ade3-22c2-4dcc-8c81-32e8a619cfdc', '60675722', 'Erick Jhordy', 'Inocente Ortega', '606707', 'eb9e0c12-2e56-486e-a0a9-13678636efaf');
INSERT INTO usuarios (id, email, password_hash, rol, nombre, apellidos, dni, activo) VALUES ('017cc643-f5ec-43ce-951b-a552b53750a2', '615759@academia.edu', '$2b$10$Kt1WXnRsFi4Ux.r1r8SQD.Ps1ksMrVyIVlHWg9o3Z/3N8hWuZV/3G', 'alumno', 'Daysi Dalmira', 'Laguna Castro', '61577477', true);
INSERT INTO alumnos (id, usuario_id, dni, nombre, apellidos, codigo_barras, aula_id) VALUES ('b4f6ef4c-9355-4e77-8001-9341283d4ac4', '017cc643-f5ec-43ce-951b-a552b53750a2', '61577477', 'Daysi Dalmira', 'Laguna Castro', '615759', 'eb9e0c12-2e56-486e-a0a9-13678636efaf');
INSERT INTO usuarios (id, email, password_hash, rol, nombre, apellidos, dni, activo) VALUES ('494debd2-887d-4a43-b5b6-9f129d81fd36', '615800@academia.edu', '$2b$10$Kt1WXnRsFi4Ux.r1r8SQD.Ps1ksMrVyIVlHWg9o3Z/3N8hWuZV/3G', 'alumno', 'Deysi Alexandra', 'Leon Sanchez', '61589906', true);
INSERT INTO alumnos (id, usuario_id, dni, nombre, apellidos, codigo_barras, aula_id) VALUES ('d735bf3d-1607-439e-961e-fe5516b6bbd3', '494debd2-887d-4a43-b5b6-9f129d81fd36', '61589906', 'Deysi Alexandra', 'Leon Sanchez', '615800', 'eb9e0c12-2e56-486e-a0a9-13678636efaf');
INSERT INTO usuarios (id, email, password_hash, rol, nombre, apellidos, dni, activo) VALUES ('8b6639c6-a397-4646-85ac-207cb52a1efa', '602967@academia.edu', '$2b$10$Kt1WXnRsFi4Ux.r1r8SQD.Ps1ksMrVyIVlHWg9o3Z/3N8hWuZV/3G', 'alumno', 'Meyling Kety', 'Llanos Soto', '60291717', true);
INSERT INTO alumnos (id, usuario_id, dni, nombre, apellidos, codigo_barras, aula_id) VALUES ('ba7d9e71-aa15-49b5-995b-051dbb6e46a0', '8b6639c6-a397-4646-85ac-207cb52a1efa', '60291717', 'Meyling Kety', 'Llanos Soto', '602967', 'eb9e0c12-2e56-486e-a0a9-13678636efaf');
INSERT INTO usuarios (id, email, password_hash, rol, nombre, apellidos, dni, activo) VALUES ('df70d302-a69f-4f08-a04f-e417bd05dbb6', '602802@academia.edu', '$2b$10$Kt1WXnRsFi4Ux.r1r8SQD.Ps1ksMrVyIVlHWg9o3Z/3N8hWuZV/3G', 'alumno', 'Jhuverly Talia', 'Luis Olortegui', '60287546', true);
INSERT INTO alumnos (id, usuario_id, dni, nombre, apellidos, codigo_barras, aula_id) VALUES ('1be6954e-df8b-4427-9667-514b9c549433', 'df70d302-a69f-4f08-a04f-e417bd05dbb6', '60287546', 'Jhuverly Talia', 'Luis Olortegui', '602802', 'eb9e0c12-2e56-486e-a0a9-13678636efaf');
INSERT INTO usuarios (id, email, password_hash, rol, nombre, apellidos, dni, activo) VALUES ('e91033d7-cf93-4a8d-9f56-e7bf5fc95631', '620494@academia.edu', '$2b$10$Kt1WXnRsFi4Ux.r1r8SQD.Ps1ksMrVyIVlHWg9o3Z/3N8hWuZV/3G', 'alumno', 'Alvaro Aaron', 'Macedo Gutierrez', '62042901', true);
INSERT INTO alumnos (id, usuario_id, dni, nombre, apellidos, codigo_barras, aula_id) VALUES ('d0fd843a-4abc-47cd-93d3-8ace2a110f01', 'e91033d7-cf93-4a8d-9f56-e7bf5fc95631', '62042901', 'Alvaro Aaron', 'Macedo Gutierrez', '620494', 'eb9e0c12-2e56-486e-a0a9-13678636efaf');
INSERT INTO usuarios (id, email, password_hash, rol, nombre, apellidos, dni, activo) VALUES ('4af3a4f6-fddd-44a3-ae0d-b811ac4ccb8d', '614063@academia.edu', '$2b$10$Kt1WXnRsFi4Ux.r1r8SQD.Ps1ksMrVyIVlHWg9o3Z/3N8hWuZV/3G', 'alumno', 'Deysi Juana', 'Mendez Perez', '61409243', true);
INSERT INTO alumnos (id, usuario_id, dni, nombre, apellidos, codigo_barras, aula_id) VALUES ('23b1a1de-f473-496d-9ce9-a63d14c620b5', '4af3a4f6-fddd-44a3-ae0d-b811ac4ccb8d', '61409243', 'Deysi Juana', 'Mendez Perez', '614063', 'eb9e0c12-2e56-486e-a0a9-13678636efaf');
INSERT INTO usuarios (id, email, password_hash, rol, nombre, apellidos, dni, activo) VALUES ('3c53a53c-f63e-40c1-bde3-665365834008', '605327@academia.edu', '$2b$10$Kt1WXnRsFi4Ux.r1r8SQD.Ps1ksMrVyIVlHWg9o3Z/3N8hWuZV/3G', 'alumno', 'Minerba Heidi', 'Montes Paucar', '60533516', true);
INSERT INTO alumnos (id, usuario_id, dni, nombre, apellidos, codigo_barras, aula_id) VALUES ('19a7f303-e068-4cf9-9977-8471e423b902', '3c53a53c-f63e-40c1-bde3-665365834008', '60533516', 'Minerba Heidi', 'Montes Paucar', '605327', 'eb9e0c12-2e56-486e-a0a9-13678636efaf');
INSERT INTO usuarios (id, email, password_hash, rol, nombre, apellidos, dni, activo) VALUES ('b376abd0-c8e1-424c-a2c2-674dcfb62711', '603814@academia.edu', '$2b$10$Kt1WXnRsFi4Ux.r1r8SQD.Ps1ksMrVyIVlHWg9o3Z/3N8hWuZV/3G', 'alumno', 'Yadhira Sayuri', 'Oropeza Herrera', '60388135', true);
INSERT INTO alumnos (id, usuario_id, dni, nombre, apellidos, codigo_barras, aula_id) VALUES ('899a79f3-9cf0-4fdd-af83-13754fa987f7', 'b376abd0-c8e1-424c-a2c2-674dcfb62711', '60388135', 'Yadhira Sayuri', 'Oropeza Herrera', '603814', 'eb9e0c12-2e56-486e-a0a9-13678636efaf');
INSERT INTO usuarios (id, email, password_hash, rol, nombre, apellidos, dni, activo) VALUES ('979bd539-ad38-42ac-87ef-8370a7bfc58a', '611980@academia.edu', '$2b$10$Kt1WXnRsFi4Ux.r1r8SQD.Ps1ksMrVyIVlHWg9o3Z/3N8hWuZV/3G', 'alumno', 'Blanca Flor', 'Oropeza Yanac', '61191370', true);
INSERT INTO alumnos (id, usuario_id, dni, nombre, apellidos, codigo_barras, aula_id) VALUES ('53870ac2-f7af-466a-a5c9-b144bd2f6f2a', '979bd539-ad38-42ac-87ef-8370a7bfc58a', '61191370', 'Blanca Flor', 'Oropeza Yanac', '611980', 'eb9e0c12-2e56-486e-a0a9-13678636efaf');
INSERT INTO usuarios (id, email, password_hash, rol, nombre, apellidos, dni, activo) VALUES ('f004a6ff-2b1f-4989-95ee-e74d38630b44', '602047@academia.edu', '$2b$10$Kt1WXnRsFi4Ux.r1r8SQD.Ps1ksMrVyIVlHWg9o3Z/3N8hWuZV/3G', 'alumno', 'Zaira Anahi', 'Paredes Yupan', '60206096', true);
INSERT INTO alumnos (id, usuario_id, dni, nombre, apellidos, codigo_barras, aula_id) VALUES ('757ae5ac-8fae-4833-908e-1754a571b3cc', 'f004a6ff-2b1f-4989-95ee-e74d38630b44', '60206096', 'Zaira Anahi', 'Paredes Yupan', '602047', 'eb9e0c12-2e56-486e-a0a9-13678636efaf');
INSERT INTO usuarios (id, email, password_hash, rol, nombre, apellidos, dni, activo) VALUES ('2e7fa9a0-70a9-4130-bcb9-67c7676156eb', '603921@academia.edu', '$2b$10$Kt1WXnRsFi4Ux.r1r8SQD.Ps1ksMrVyIVlHWg9o3Z/3N8hWuZV/3G', 'alumno', 'Esvilda Yanila', 'Paulino Espinoza', '60399222', true);
INSERT INTO alumnos (id, usuario_id, dni, nombre, apellidos, codigo_barras, aula_id) VALUES ('c018e4bd-72ab-4ebc-a59e-5fc54cd72893', '2e7fa9a0-70a9-4130-bcb9-67c7676156eb', '60399222', 'Esvilda Yanila', 'Paulino Espinoza', '603921', 'eb9e0c12-2e56-486e-a0a9-13678636efaf');
INSERT INTO usuarios (id, email, password_hash, rol, nombre, apellidos, dni, activo) VALUES ('fadd3898-760d-4ff6-830c-a0530f90963c', '607465@academia.edu', '$2b$10$Kt1WXnRsFi4Ux.r1r8SQD.Ps1ksMrVyIVlHWg9o3Z/3N8hWuZV/3G', 'alumno', 'Christian Yeyson', 'Pinto Rimac', '60740148', true);
INSERT INTO alumnos (id, usuario_id, dni, nombre, apellidos, codigo_barras, aula_id) VALUES ('fb0e93e1-d6c6-42be-a312-9cf69ceb0c88', 'fadd3898-760d-4ff6-830c-a0530f90963c', '60740148', 'Christian Yeyson', 'Pinto Rimac', '607465', 'eb9e0c12-2e56-486e-a0a9-13678636efaf');
INSERT INTO usuarios (id, email, password_hash, rol, nombre, apellidos, dni, activo) VALUES ('a93031c4-78c7-47d2-8e52-a978ba605629', '713664@academia.edu', '$2b$10$Kt1WXnRsFi4Ux.r1r8SQD.Ps1ksMrVyIVlHWg9o3Z/3N8hWuZV/3G', 'alumno', 'Leonel Sevastian', 'Rivera Caballero', '71364190', true);
INSERT INTO alumnos (id, usuario_id, dni, nombre, apellidos, codigo_barras, aula_id) VALUES ('0ca021d0-2db7-4310-9b82-6b4a2ed7bd22', 'a93031c4-78c7-47d2-8e52-a978ba605629', '71364190', 'Leonel Sevastian', 'Rivera Caballero', '713664', 'eb9e0c12-2e56-486e-a0a9-13678636efaf');
INSERT INTO usuarios (id, email, password_hash, rol, nombre, apellidos, dni, activo) VALUES ('3482c07e-99ee-42c1-8c23-9b103ec8b2b4', '620270@academia.edu', '$2b$10$Kt1WXnRsFi4Ux.r1r8SQD.Ps1ksMrVyIVlHWg9o3Z/3N8hWuZV/3G', 'alumno', 'Lelis Jhayr', 'Robles Marquez', '62028745', true);
INSERT INTO alumnos (id, usuario_id, dni, nombre, apellidos, codigo_barras, aula_id) VALUES ('26b573c8-3993-44ae-93ef-7a1ef8ed48fd', '3482c07e-99ee-42c1-8c23-9b103ec8b2b4', '62028745', 'Lelis Jhayr', 'Robles Marquez', '620270', 'eb9e0c12-2e56-486e-a0a9-13678636efaf');
INSERT INTO usuarios (id, email, password_hash, rol, nombre, apellidos, dni, activo) VALUES ('35441c11-7938-46d2-a55c-f7d63ac49edb', '614486@academia.edu', '$2b$10$Kt1WXnRsFi4Ux.r1r8SQD.Ps1ksMrVyIVlHWg9o3Z/3N8hWuZV/3G', 'alumno', 'Yuliet Vanessa', 'Rodriguez Cantaro', '61447754', true);
INSERT INTO alumnos (id, usuario_id, dni, nombre, apellidos, codigo_barras, aula_id) VALUES ('c2249463-7c7b-46bd-bfa4-9525017d1b83', '35441c11-7938-46d2-a55c-f7d63ac49edb', '61447754', 'Yuliet Vanessa', 'Rodriguez Cantaro', '614486', 'eb9e0c12-2e56-486e-a0a9-13678636efaf');
INSERT INTO usuarios (id, email, password_hash, rol, nombre, apellidos, dni, activo) VALUES ('242cbf6a-e235-4a7c-9a0b-7ca2031f57da', '602227@academia.edu', '$2b$10$Kt1WXnRsFi4Ux.r1r8SQD.Ps1ksMrVyIVlHWg9o3Z/3N8hWuZV/3G', 'alumno', 'Kelly Yassira', 'Rodriguez Flores', '60228152', true);
INSERT INTO alumnos (id, usuario_id, dni, nombre, apellidos, codigo_barras, aula_id) VALUES ('eff5e5a6-291f-4a82-88bb-bb173431d897', '242cbf6a-e235-4a7c-9a0b-7ca2031f57da', '60228152', 'Kelly Yassira', 'Rodriguez Flores', '602227', 'eb9e0c12-2e56-486e-a0a9-13678636efaf');
INSERT INTO usuarios (id, email, password_hash, rol, nombre, apellidos, dni, activo) VALUES ('5e87b1a1-9dec-4248-b42b-b9d00c4f390d', '603244@academia.edu', '$2b$10$Kt1WXnRsFi4Ux.r1r8SQD.Ps1ksMrVyIVlHWg9o3Z/3N8hWuZV/3G', 'alumno', 'Cindy Gimena', 'Rosas Vega', '60326629', true);
INSERT INTO alumnos (id, usuario_id, dni, nombre, apellidos, codigo_barras, aula_id) VALUES ('9a94aba7-41fa-4fba-b725-1b7e9a6c9efa', '5e87b1a1-9dec-4248-b42b-b9d00c4f390d', '60326629', 'Cindy Gimena', 'Rosas Vega', '603244', 'eb9e0c12-2e56-486e-a0a9-13678636efaf');
INSERT INTO usuarios (id, email, password_hash, rol, nombre, apellidos, dni, activo) VALUES ('7f0b5016-12c5-428a-b95c-ff20616ee663', '605181@academia.edu', '$2b$10$Kt1WXnRsFi4Ux.r1r8SQD.Ps1ksMrVyIVlHWg9o3Z/3N8hWuZV/3G', 'alumno', 'Johan Franz', 'Rubina Leiva', '60517377', true);
INSERT INTO alumnos (id, usuario_id, dni, nombre, apellidos, codigo_barras, aula_id) VALUES ('92a52b20-65ac-4162-bbc0-c8a9e7e7ce07', '7f0b5016-12c5-428a-b95c-ff20616ee663', '60517377', 'Johan Franz', 'Rubina Leiva', '605181', 'eb9e0c12-2e56-486e-a0a9-13678636efaf');
INSERT INTO usuarios (id, email, password_hash, rol, nombre, apellidos, dni, activo) VALUES ('9af2e876-58cd-40f6-8636-f37b74dcf054', '611183@academia.edu', '$2b$10$Kt1WXnRsFi4Ux.r1r8SQD.Ps1ksMrVyIVlHWg9o3Z/3N8hWuZV/3G', 'alumno', 'Jeanpol Daniel', 'Sanchez Norauena', '61119803', true);
INSERT INTO alumnos (id, usuario_id, dni, nombre, apellidos, codigo_barras, aula_id) VALUES ('788b7295-deb8-48c6-94be-fd826a92f7c9', '9af2e876-58cd-40f6-8636-f37b74dcf054', '61119803', 'Jeanpol Daniel', 'Sanchez Norauena', '611183', 'eb9e0c12-2e56-486e-a0a9-13678636efaf');
INSERT INTO usuarios (id, email, password_hash, rol, nombre, apellidos, dni, activo) VALUES ('afb3d4a3-e01b-4a5e-8229-2440b7ed5653', '614831@academia.edu', '$2b$10$Kt1WXnRsFi4Ux.r1r8SQD.Ps1ksMrVyIVlHWg9o3Z/3N8hWuZV/3G', 'alumno', 'Farid Jefferson', 'Silva Huerta', '61480362', true);
INSERT INTO alumnos (id, usuario_id, dni, nombre, apellidos, codigo_barras, aula_id) VALUES ('43cabe08-b896-46e4-bf11-d94895f7e85b', 'afb3d4a3-e01b-4a5e-8229-2440b7ed5653', '61480362', 'Farid Jefferson', 'Silva Huerta', '614831', 'eb9e0c12-2e56-486e-a0a9-13678636efaf');
INSERT INTO usuarios (id, email, password_hash, rol, nombre, apellidos, dni, activo) VALUES ('096c90a6-22d6-469d-8cf4-d9d8d46afb7c', '614819@academia.edu', '$2b$10$Kt1WXnRsFi4Ux.r1r8SQD.Ps1ksMrVyIVlHWg9o3Z/3N8hWuZV/3G', 'alumno', 'Jeremy Sebastian', 'Sulca Quiñones', '61480076', true);
INSERT INTO alumnos (id, usuario_id, dni, nombre, apellidos, codigo_barras, aula_id) VALUES ('d3ae2627-c2a3-4146-8ab2-23f8c72b821d', '096c90a6-22d6-469d-8cf4-d9d8d46afb7c', '61480076', 'Jeremy Sebastian', 'Sulca Quiñones', '614819', 'eb9e0c12-2e56-486e-a0a9-13678636efaf');
INSERT INTO usuarios (id, email, password_hash, rol, nombre, apellidos, dni, activo) VALUES ('7e3dc14d-8eab-4904-b43a-2c4e5623dd00', '765869@academia.edu', '$2b$10$Kt1WXnRsFi4Ux.r1r8SQD.Ps1ksMrVyIVlHWg9o3Z/3N8hWuZV/3G', 'alumno', 'Paloma Maria Jose', 'Vargas Arribasplata', '76584334', true);
INSERT INTO alumnos (id, usuario_id, dni, nombre, apellidos, codigo_barras, aula_id) VALUES ('ce00e4a9-bcb5-4d80-b7f4-3e94ff5f1a3a', '7e3dc14d-8eab-4904-b43a-2c4e5623dd00', '76584334', 'Paloma Maria Jose', 'Vargas Arribasplata', '765869', 'eb9e0c12-2e56-486e-a0a9-13678636efaf');
INSERT INTO usuarios (id, email, password_hash, rol, nombre, apellidos, dni, activo) VALUES ('798362c2-39ec-48b2-8100-488172b37516', '907239@academia.edu', '$2b$10$Kt1WXnRsFi4Ux.r1r8SQD.Ps1ksMrVyIVlHWg9o3Z/3N8hWuZV/3G', 'alumno', 'Melina Maribella', 'Vega Condor', '90726956', true);
INSERT INTO alumnos (id, usuario_id, dni, nombre, apellidos, codigo_barras, aula_id) VALUES ('639b98d9-9ce2-4c82-a8a6-865850097c93', '798362c2-39ec-48b2-8100-488172b37516', '90726956', 'Melina Maribella', 'Vega Condor', '907239', 'eb9e0c12-2e56-486e-a0a9-13678636efaf');
INSERT INTO usuarios (id, email, password_hash, rol, nombre, apellidos, dni, activo) VALUES ('9ed76692-acf1-43f5-9119-bd5f346b2186', '620184@academia.edu', '$2b$10$Kt1WXnRsFi4Ux.r1r8SQD.Ps1ksMrVyIVlHWg9o3Z/3N8hWuZV/3G', 'alumno', 'Yhoselin Estefani', 'Vega Cruz', '62014991', true);
INSERT INTO alumnos (id, usuario_id, dni, nombre, apellidos, codigo_barras, aula_id) VALUES ('ce7f464c-3f10-4338-85b5-6864973c68c2', '9ed76692-acf1-43f5-9119-bd5f346b2186', '62014991', 'Yhoselin Estefani', 'Vega Cruz', '620184', 'eb9e0c12-2e56-486e-a0a9-13678636efaf');
INSERT INTO usuarios (id, email, password_hash, rol, nombre, apellidos, dni, activo) VALUES ('24881bcf-f064-432c-adf0-235196994fc5', '601252@academia.edu', '$2b$10$Kt1WXnRsFi4Ux.r1r8SQD.Ps1ksMrVyIVlHWg9o3Z/3N8hWuZV/3G', 'alumno', 'Jasmin Anyheli', 'Alvarez Salazar', '60124898', true);
INSERT INTO alumnos (id, usuario_id, dni, nombre, apellidos, codigo_barras, aula_id) VALUES ('24a2e489-a058-431c-b96d-551f677f9b86', '24881bcf-f064-432c-adf0-235196994fc5', '60124898', 'Jasmin Anyheli', 'Alvarez Salazar', '601252', 'bd5ab907-e126-458b-958d-ad5e2cdc5983');
INSERT INTO usuarios (id, email, password_hash, rol, nombre, apellidos, dni, activo) VALUES ('70ae4728-3f51-46c4-b703-62a898fe1886', '610875@academia.edu', '$2b$10$Kt1WXnRsFi4Ux.r1r8SQD.Ps1ksMrVyIVlHWg9o3Z/3N8hWuZV/3G', 'alumno', 'Marcela Stefany', 'Alvaron Moreno', '61080727', true);
INSERT INTO alumnos (id, usuario_id, dni, nombre, apellidos, codigo_barras, aula_id) VALUES ('14b1486d-c883-497e-a3b5-a034d922dff2', '70ae4728-3f51-46c4-b703-62a898fe1886', '61080727', 'Marcela Stefany', 'Alvaron Moreno', '610875', 'bd5ab907-e126-458b-958d-ad5e2cdc5983');
INSERT INTO usuarios (id, email, password_hash, rol, nombre, apellidos, dni, activo) VALUES ('117a1c27-e847-460a-8a3b-4d1274f0eb07', '616183@academia.edu', '$2b$10$Kt1WXnRsFi4Ux.r1r8SQD.Ps1ksMrVyIVlHWg9o3Z/3N8hWuZV/3G', 'alumno', 'Gerardo Tomas', 'Apeña Salvador', '61611678', true);
INSERT INTO alumnos (id, usuario_id, dni, nombre, apellidos, codigo_barras, aula_id) VALUES ('9f39297b-d888-4b9a-926b-4cfbd7d41194', '117a1c27-e847-460a-8a3b-4d1274f0eb07', '61611678', 'Gerardo Tomas', 'Apeña Salvador', '616183', 'bd5ab907-e126-458b-958d-ad5e2cdc5983');
INSERT INTO usuarios (id, email, password_hash, rol, nombre, apellidos, dni, activo) VALUES ('55fe2cac-70c4-4ae7-92b8-d558a95317ab', '606162@academia.edu', '$2b$10$Kt1WXnRsFi4Ux.r1r8SQD.Ps1ksMrVyIVlHWg9o3Z/3N8hWuZV/3G', 'alumno', 'Liz Camila', 'Bello Cerna', '60613598', true);
INSERT INTO alumnos (id, usuario_id, dni, nombre, apellidos, codigo_barras, aula_id) VALUES ('16a7beb0-c431-4148-ae3e-bbf47b9813fa', '55fe2cac-70c4-4ae7-92b8-d558a95317ab', '60613598', 'Liz Camila', 'Bello Cerna', '606162', 'bd5ab907-e126-458b-958d-ad5e2cdc5983');
INSERT INTO usuarios (id, email, password_hash, rol, nombre, apellidos, dni, activo) VALUES ('e4234557-f2d0-4454-ba25-fbed19b914c2', '622871@academia.edu', '$2b$10$Kt1WXnRsFi4Ux.r1r8SQD.Ps1ksMrVyIVlHWg9o3Z/3N8hWuZV/3G', 'alumno', 'Alexandra Yamile', 'Bernuy Asis', '62287111', true);
INSERT INTO alumnos (id, usuario_id, dni, nombre, apellidos, codigo_barras, aula_id) VALUES ('9d15ef11-0045-4630-9e13-492d95bc4abf', 'e4234557-f2d0-4454-ba25-fbed19b914c2', '62287111', 'Alexandra Yamile', 'Bernuy Asis', '622871', 'bd5ab907-e126-458b-958d-ad5e2cdc5983');
INSERT INTO usuarios (id, email, password_hash, rol, nombre, apellidos, dni, activo) VALUES ('64e49466-2801-4bf4-a446-ccb1eb61105e', '615103@academia.edu', '$2b$10$Kt1WXnRsFi4Ux.r1r8SQD.Ps1ksMrVyIVlHWg9o3Z/3N8hWuZV/3G', 'alumno', 'Ariana Yazmin', 'Cacha Cajaleon', '61517356', true);
INSERT INTO alumnos (id, usuario_id, dni, nombre, apellidos, codigo_barras, aula_id) VALUES ('5f9f6b96-9471-4278-a25b-85177abd7ed0', '64e49466-2801-4bf4-a446-ccb1eb61105e', '61517356', 'Ariana Yazmin', 'Cacha Cajaleon', '615103', 'bd5ab907-e126-458b-958d-ad5e2cdc5983');
INSERT INTO usuarios (id, email, password_hash, rol, nombre, apellidos, dni, activo) VALUES ('fe77d79f-0bf9-4d72-8f93-915159f848ba', '615177@academia.edu', '$2b$10$Kt1WXnRsFi4Ux.r1r8SQD.Ps1ksMrVyIVlHWg9o3Z/3N8hWuZV/3G', 'alumno', 'Diego Valentin', 'Cadillo Leyva', '61517323', true);
INSERT INTO alumnos (id, usuario_id, dni, nombre, apellidos, codigo_barras, aula_id) VALUES ('8aa96756-6bc5-4820-8481-b29a0663d18b', 'fe77d79f-0bf9-4d72-8f93-915159f848ba', '61517323', 'Diego Valentin', 'Cadillo Leyva', '615177', 'bd5ab907-e126-458b-958d-ad5e2cdc5983');
INSERT INTO usuarios (id, email, password_hash, rol, nombre, apellidos, dni, activo) VALUES ('c0582861-85b4-483a-984d-63983b408cc3', '620557@academia.edu', '$2b$10$Kt1WXnRsFi4Ux.r1r8SQD.Ps1ksMrVyIVlHWg9o3Z/3N8hWuZV/3G', 'alumno', 'Lurdes Jimena', 'Capellan Calvo', '62058263', true);
INSERT INTO alumnos (id, usuario_id, dni, nombre, apellidos, codigo_barras, aula_id) VALUES ('ebca37ec-5983-48f9-8cc7-c814629c6ea0', 'c0582861-85b4-483a-984d-63983b408cc3', '62058263', 'Lurdes Jimena', 'Capellan Calvo', '620557', 'bd5ab907-e126-458b-958d-ad5e2cdc5983');
INSERT INTO usuarios (id, email, password_hash, rol, nombre, apellidos, dni, activo) VALUES ('9b48d60e-a503-4658-99fa-1fed1f5705a7', '614096@academia.edu', '$2b$10$Kt1WXnRsFi4Ux.r1r8SQD.Ps1ksMrVyIVlHWg9o3Z/3N8hWuZV/3G', 'alumno', 'Angela Rosario', 'Carrion Rosario', '61409354', true);
INSERT INTO alumnos (id, usuario_id, dni, nombre, apellidos, codigo_barras, aula_id) VALUES ('82f8bfc2-646d-40fd-b243-03e3f2ebe84e', '9b48d60e-a503-4658-99fa-1fed1f5705a7', '61409354', 'Angela Rosario', 'Carrion Rosario', '614096', 'bd5ab907-e126-458b-958d-ad5e2cdc5983');
INSERT INTO usuarios (id, email, password_hash, rol, nombre, apellidos, dni, activo) VALUES ('bd1eebda-a7b3-44eb-92f8-7c4e8cc26aa6', '611919@academia.edu', '$2b$10$Kt1WXnRsFi4Ux.r1r8SQD.Ps1ksMrVyIVlHWg9o3Z/3N8hWuZV/3G', 'alumno', 'Heydi Samira', 'Castillo Urbano', '61191547', true);
INSERT INTO alumnos (id, usuario_id, dni, nombre, apellidos, codigo_barras, aula_id) VALUES ('1596a217-b61f-4d6f-9f7b-c12406dc3503', 'bd1eebda-a7b3-44eb-92f8-7c4e8cc26aa6', '61191547', 'Heydi Samira', 'Castillo Urbano', '611919', 'bd5ab907-e126-458b-958d-ad5e2cdc5983');
INSERT INTO usuarios (id, email, password_hash, rol, nombre, apellidos, dni, activo) VALUES ('9a984c88-b826-47e0-91b9-08ece6a0e145', '600300@academia.edu', '$2b$10$Kt1WXnRsFi4Ux.r1r8SQD.Ps1ksMrVyIVlHWg9o3Z/3N8hWuZV/3G', 'alumno', 'Teresita De Jesus', 'Chapa Ynga', '60031958', true);
INSERT INTO alumnos (id, usuario_id, dni, nombre, apellidos, codigo_barras, aula_id) VALUES ('05d6201f-2e16-439f-817e-0f62ecb86419', '9a984c88-b826-47e0-91b9-08ece6a0e145', '60031958', 'Teresita De Jesus', 'Chapa Ynga', '600300', 'bd5ab907-e126-458b-958d-ad5e2cdc5983');
INSERT INTO usuarios (id, email, password_hash, rol, nombre, apellidos, dni, activo) VALUES ('f9f1f9ee-b1b8-4e8b-968b-861061029dd3', '614018@academia.edu', '$2b$10$Kt1WXnRsFi4Ux.r1r8SQD.Ps1ksMrVyIVlHWg9o3Z/3N8hWuZV/3G', 'alumno', 'Yamile Paola', 'Choque Contreras', '61409423', true);
INSERT INTO alumnos (id, usuario_id, dni, nombre, apellidos, codigo_barras, aula_id) VALUES ('fa2fc7db-c8cb-487a-bb95-d537e02154f8', 'f9f1f9ee-b1b8-4e8b-968b-861061029dd3', '61409423', 'Yamile Paola', 'Choque Contreras', '614018', 'bd5ab907-e126-458b-958d-ad5e2cdc5983');
INSERT INTO usuarios (id, email, password_hash, rol, nombre, apellidos, dni, activo) VALUES ('82a5882a-bf95-49cc-9da6-223973e8b36a', '601269@academia.edu', '$2b$10$Kt1WXnRsFi4Ux.r1r8SQD.Ps1ksMrVyIVlHWg9o3Z/3N8hWuZV/3G', 'alumno', 'Willy Hayser', 'Copitan Leon', '60121816', true);
INSERT INTO alumnos (id, usuario_id, dni, nombre, apellidos, codigo_barras, aula_id) VALUES ('b0d1d4e3-fb2a-400b-9ae9-7155c2b22cf2', '82a5882a-bf95-49cc-9da6-223973e8b36a', '60121816', 'Willy Hayser', 'Copitan Leon', '601269', 'bd5ab907-e126-458b-958d-ad5e2cdc5983');
INSERT INTO usuarios (id, email, password_hash, rol, nombre, apellidos, dni, activo) VALUES ('88fd2d2c-866a-4899-a4b5-00dbba1c6c56', '614019@academia.edu', '$2b$10$Kt1WXnRsFi4Ux.r1r8SQD.Ps1ksMrVyIVlHWg9o3Z/3N8hWuZV/3G', 'alumno', 'Diego Adriano', 'Diaz Moreno', '61409299', true);
INSERT INTO alumnos (id, usuario_id, dni, nombre, apellidos, codigo_barras, aula_id) VALUES ('a2cd136d-48fd-4ef3-9789-33e593edcffa', '88fd2d2c-866a-4899-a4b5-00dbba1c6c56', '61409299', 'Diego Adriano', 'Diaz Moreno', '614019', 'bd5ab907-e126-458b-958d-ad5e2cdc5983');
INSERT INTO usuarios (id, email, password_hash, rol, nombre, apellidos, dni, activo) VALUES ('ef6c365b-8e9c-4644-92ca-7da8630d8a04', '620109@academia.edu', '$2b$10$Kt1WXnRsFi4Ux.r1r8SQD.Ps1ksMrVyIVlHWg9o3Z/3N8hWuZV/3G', 'alumno', 'Letizia Valery', 'Espada Tarazona', '62015093', true);
INSERT INTO alumnos (id, usuario_id, dni, nombre, apellidos, codigo_barras, aula_id) VALUES ('ba6b9d53-234a-45ed-aec8-13666a3e96e3', 'ef6c365b-8e9c-4644-92ca-7da8630d8a04', '62015093', 'Letizia Valery', 'Espada Tarazona', '620109', 'bd5ab907-e126-458b-958d-ad5e2cdc5983');
INSERT INTO usuarios (id, email, password_hash, rol, nombre, apellidos, dni, activo) VALUES ('b9d95254-745f-4d2e-8899-885f7f134f22', '603865@academia.edu', '$2b$10$Kt1WXnRsFi4Ux.r1r8SQD.Ps1ksMrVyIVlHWg9o3Z/3N8hWuZV/3G', 'alumno', 'Ederly Jeanfranko', 'Figueroa Arozpide', '60386765', true);
INSERT INTO alumnos (id, usuario_id, dni, nombre, apellidos, codigo_barras, aula_id) VALUES ('f0c278ce-b7b6-4401-a46f-0f3b1f6678bc', 'b9d95254-745f-4d2e-8899-885f7f134f22', '60386765', 'Ederly Jeanfranko', 'Figueroa Arozpide', '603865', 'bd5ab907-e126-458b-958d-ad5e2cdc5983');
INSERT INTO usuarios (id, email, password_hash, rol, nombre, apellidos, dni, activo) VALUES ('a6b2f2bc-22b0-4731-89bb-1bd1f0e22882', '600274@academia.edu', '$2b$10$Kt1WXnRsFi4Ux.r1r8SQD.Ps1ksMrVyIVlHWg9o3Z/3N8hWuZV/3G', 'alumno', 'Lesli Anali', 'Flores Valencia', '60025643', true);
INSERT INTO alumnos (id, usuario_id, dni, nombre, apellidos, codigo_barras, aula_id) VALUES ('c2b5749a-a23f-4195-b151-9c21f4922a97', 'a6b2f2bc-22b0-4731-89bb-1bd1f0e22882', '60025643', 'Lesli Anali', 'Flores Valencia', '600274', 'bd5ab907-e126-458b-958d-ad5e2cdc5983');
INSERT INTO usuarios (id, email, password_hash, rol, nombre, apellidos, dni, activo) VALUES ('6b8b4313-c5e1-4c08-9d30-93e4c53d6477', '614816@academia.edu', '$2b$10$Kt1WXnRsFi4Ux.r1r8SQD.Ps1ksMrVyIVlHWg9o3Z/3N8hWuZV/3G', 'alumno', 'Diana Sarai', 'Gonzales Rivera', '61480447', true);
INSERT INTO alumnos (id, usuario_id, dni, nombre, apellidos, codigo_barras, aula_id) VALUES ('347639f1-c5be-4395-99d5-7f141e287f98', '6b8b4313-c5e1-4c08-9d30-93e4c53d6477', '61480447', 'Diana Sarai', 'Gonzales Rivera', '614816', 'bd5ab907-e126-458b-958d-ad5e2cdc5983');
INSERT INTO usuarios (id, email, password_hash, rol, nombre, apellidos, dni, activo) VALUES ('fbca19ce-747c-4dc6-8f33-c804a5363801', '606249@academia.edu', '$2b$10$Kt1WXnRsFi4Ux.r1r8SQD.Ps1ksMrVyIVlHWg9o3Z/3N8hWuZV/3G', 'alumno', 'Neymely Deysi', 'Guerrero Miranda', '60626488', true);
INSERT INTO alumnos (id, usuario_id, dni, nombre, apellidos, codigo_barras, aula_id) VALUES ('45a00f42-1aff-49e7-903e-2d0661708aab', 'fbca19ce-747c-4dc6-8f33-c804a5363801', '60626488', 'Neymely Deysi', 'Guerrero Miranda', '606249', 'bd5ab907-e126-458b-958d-ad5e2cdc5983');
INSERT INTO usuarios (id, email, password_hash, rol, nombre, apellidos, dni, activo) VALUES ('0af0b95a-ae04-4ace-a18c-fee2f23c0ead', '614474@academia.edu', '$2b$10$Kt1WXnRsFi4Ux.r1r8SQD.Ps1ksMrVyIVlHWg9o3Z/3N8hWuZV/3G', 'alumno', 'Sharon Nikol', 'Huacanca Coral', '61447787', true);
INSERT INTO alumnos (id, usuario_id, dni, nombre, apellidos, codigo_barras, aula_id) VALUES ('0da22caa-5991-4ce0-9123-700db1360d95', '0af0b95a-ae04-4ace-a18c-fee2f23c0ead', '61447787', 'Sharon Nikol', 'Huacanca Coral', '614474', 'bd5ab907-e126-458b-958d-ad5e2cdc5983');
INSERT INTO usuarios (id, email, password_hash, rol, nombre, apellidos, dni, activo) VALUES ('97bfc56c-7989-4359-9c8a-9b2696b3eb2b', '614011@academia.edu', '$2b$10$Kt1WXnRsFi4Ux.r1r8SQD.Ps1ksMrVyIVlHWg9o3Z/3N8hWuZV/3G', 'alumno', 'Angela Andrea', 'Huerto Cadillo', '61409140', true);
INSERT INTO alumnos (id, usuario_id, dni, nombre, apellidos, codigo_barras, aula_id) VALUES ('49bad5e5-a66c-49d3-8b27-923a400aad76', '97bfc56c-7989-4359-9c8a-9b2696b3eb2b', '61409140', 'Angela Andrea', 'Huerto Cadillo', '614011', 'bd5ab907-e126-458b-958d-ad5e2cdc5983');
INSERT INTO usuarios (id, email, password_hash, rol, nombre, apellidos, dni, activo) VALUES ('a88e2eb9-61bf-45e0-ad9e-e942838a0b0d', '614463@academia.edu', '$2b$10$Kt1WXnRsFi4Ux.r1r8SQD.Ps1ksMrVyIVlHWg9o3Z/3N8hWuZV/3G', 'alumno', 'Jeraldine Marisol', 'Lazaro Quito', '61447661', true);
INSERT INTO alumnos (id, usuario_id, dni, nombre, apellidos, codigo_barras, aula_id) VALUES ('50d2365d-8ffa-4b0a-9322-9a5e29f194db', 'a88e2eb9-61bf-45e0-ad9e-e942838a0b0d', '61447661', 'Jeraldine Marisol', 'Lazaro Quito', '614463', 'bd5ab907-e126-458b-958d-ad5e2cdc5983');
INSERT INTO usuarios (id, email, password_hash, rol, nombre, apellidos, dni, activo) VALUES ('714cc015-7c62-4759-89fb-98bda190ff19', '614258@academia.edu', '$2b$10$Kt1WXnRsFi4Ux.r1r8SQD.Ps1ksMrVyIVlHWg9o3Z/3N8hWuZV/3G', 'alumno', 'Solaine Jimena', 'Llanque Broncano', '61429218', true);
INSERT INTO alumnos (id, usuario_id, dni, nombre, apellidos, codigo_barras, aula_id) VALUES ('dc31cb81-8b44-4983-9b8e-a8d06d88d825', '714cc015-7c62-4759-89fb-98bda190ff19', '61429218', 'Solaine Jimena', 'Llanque Broncano', '614258', 'bd5ab907-e126-458b-958d-ad5e2cdc5983');
INSERT INTO usuarios (id, email, password_hash, rol, nombre, apellidos, dni, activo) VALUES ('16409a37-0896-43d8-adf8-f803d2325ffc', '606964@academia.edu', '$2b$10$Kt1WXnRsFi4Ux.r1r8SQD.Ps1ksMrVyIVlHWg9o3Z/3N8hWuZV/3G', 'alumno', 'Valery Azumi Gianella', 'Lopez Benites', '60691894', true);
INSERT INTO alumnos (id, usuario_id, dni, nombre, apellidos, codigo_barras, aula_id) VALUES ('130eb87e-ebc0-4dc0-9b41-21a4f33dcc7a', '16409a37-0896-43d8-adf8-f803d2325ffc', '60691894', 'Valery Azumi Gianella', 'Lopez Benites', '606964', 'bd5ab907-e126-458b-958d-ad5e2cdc5983');
INSERT INTO usuarios (id, email, password_hash, rol, nombre, apellidos, dni, activo) VALUES ('5366b6a4-a32d-4a88-b76a-5111a0169a1e', '606181@academia.edu', '$2b$10$Kt1WXnRsFi4Ux.r1r8SQD.Ps1ksMrVyIVlHWg9o3Z/3N8hWuZV/3G', 'alumno', 'Ingrid Luz', 'Lopez Cerna', '60613596', true);
INSERT INTO alumnos (id, usuario_id, dni, nombre, apellidos, codigo_barras, aula_id) VALUES ('207c68ef-cee0-421f-a022-1980934b5df7', '5366b6a4-a32d-4a88-b76a-5111a0169a1e', '60613596', 'Ingrid Luz', 'Lopez Cerna', '606181', 'bd5ab907-e126-458b-958d-ad5e2cdc5983');
INSERT INTO usuarios (id, email, password_hash, rol, nombre, apellidos, dni, activo) VALUES ('52a0f6db-e9b1-4e58-9c83-5c3582311d9c', '723416@academia.edu', '$2b$10$Kt1WXnRsFi4Ux.r1r8SQD.Ps1ksMrVyIVlHWg9o3Z/3N8hWuZV/3G', 'alumno', 'Smit Mauro', 'Masgo Villanueva', '72340892', true);
INSERT INTO alumnos (id, usuario_id, dni, nombre, apellidos, codigo_barras, aula_id) VALUES ('b349c9b9-fc47-4228-a368-bd86629986a1', '52a0f6db-e9b1-4e58-9c83-5c3582311d9c', '72340892', 'Smit Mauro', 'Masgo Villanueva', '723416', 'bd5ab907-e126-458b-958d-ad5e2cdc5983');
INSERT INTO usuarios (id, email, password_hash, rol, nombre, apellidos, dni, activo) VALUES ('248cf56d-4a31-4b06-b124-9b836cf00c04', '616156@academia.edu', '$2b$10$Kt1WXnRsFi4Ux.r1r8SQD.Ps1ksMrVyIVlHWg9o3Z/3N8hWuZV/3G', 'alumno', 'Juan Jesus', 'Matias Rafael', '61611691', true);
INSERT INTO alumnos (id, usuario_id, dni, nombre, apellidos, codigo_barras, aula_id) VALUES ('f065bebc-de26-4cb0-90bd-9d6a46741f56', '248cf56d-4a31-4b06-b124-9b836cf00c04', '61611691', 'Juan Jesus', 'Matias Rafael', '616156', 'bd5ab907-e126-458b-958d-ad5e2cdc5983');
INSERT INTO usuarios (id, email, password_hash, rol, nombre, apellidos, dni, activo) VALUES ('334d27e2-530b-4252-9852-5637c961cf8e', '614886@academia.edu', '$2b$10$Kt1WXnRsFi4Ux.r1r8SQD.Ps1ksMrVyIVlHWg9o3Z/3N8hWuZV/3G', 'alumno', 'Jose Antonio', 'Mejia Saenz', '61480455', true);
INSERT INTO alumnos (id, usuario_id, dni, nombre, apellidos, codigo_barras, aula_id) VALUES ('14ba72b0-7308-428f-bec7-cccf42f648b5', '334d27e2-530b-4252-9852-5637c961cf8e', '61480455', 'Jose Antonio', 'Mejia Saenz', '614886', 'bd5ab907-e126-458b-958d-ad5e2cdc5983');
INSERT INTO usuarios (id, email, password_hash, rol, nombre, apellidos, dni, activo) VALUES ('cb2fae77-912d-446e-9b41-cfd99a26fe38', '728573@academia.edu', '$2b$10$Kt1WXnRsFi4Ux.r1r8SQD.Ps1ksMrVyIVlHWg9o3Z/3N8hWuZV/3G', 'alumno', 'Guianmarco Zanetti', 'Meza Guimaray', '72858178', true);
INSERT INTO alumnos (id, usuario_id, dni, nombre, apellidos, codigo_barras, aula_id) VALUES ('734c3940-815e-4f39-b46c-f0e484d1cfdb', 'cb2fae77-912d-446e-9b41-cfd99a26fe38', '72858178', 'Guianmarco Zanetti', 'Meza Guimaray', '728573', 'bd5ab907-e126-458b-958d-ad5e2cdc5983');
INSERT INTO usuarios (id, email, password_hash, rol, nombre, apellidos, dni, activo) VALUES ('79d0a408-a693-42d5-89d9-8562ddb7dbe7', '604093@academia.edu', '$2b$10$Kt1WXnRsFi4Ux.r1r8SQD.Ps1ksMrVyIVlHWg9o3Z/3N8hWuZV/3G', 'alumno', 'Riky Victor', 'Molina Quiñones', '60404940', true);
INSERT INTO alumnos (id, usuario_id, dni, nombre, apellidos, codigo_barras, aula_id) VALUES ('dead70dc-7850-4c80-bab7-94e3af0ae875', '79d0a408-a693-42d5-89d9-8562ddb7dbe7', '60404940', 'Riky Victor', 'Molina Quiñones', '604093', 'bd5ab907-e126-458b-958d-ad5e2cdc5983');
INSERT INTO usuarios (id, email, password_hash, rol, nombre, apellidos, dni, activo) VALUES ('fa074ce0-c592-463a-a918-1b5fd22d51d3', '761956@academia.edu', '$2b$10$Kt1WXnRsFi4Ux.r1r8SQD.Ps1ksMrVyIVlHWg9o3Z/3N8hWuZV/3G', 'alumno', 'Yeremy Luis', 'Moreno Angeles', '76198414', true);
INSERT INTO alumnos (id, usuario_id, dni, nombre, apellidos, codigo_barras, aula_id) VALUES ('c28c862c-fdde-42ed-99d6-3b9374b60e6f', 'fa074ce0-c592-463a-a918-1b5fd22d51d3', '76198414', 'Yeremy Luis', 'Moreno Angeles', '761956', 'bd5ab907-e126-458b-958d-ad5e2cdc5983');
INSERT INTO usuarios (id, email, password_hash, rol, nombre, apellidos, dni, activo) VALUES ('fb0db34f-fff4-4d82-a369-0db93d1ae85c', '602527@academia.edu', '$2b$10$Kt1WXnRsFi4Ux.r1r8SQD.Ps1ksMrVyIVlHWg9o3Z/3N8hWuZV/3G', 'alumno', 'Gimena Rossmery', 'Obispo Mendoza', '60259874', true);
INSERT INTO alumnos (id, usuario_id, dni, nombre, apellidos, codigo_barras, aula_id) VALUES ('f32a502f-75b5-467a-b677-9201d74230e8', 'fb0db34f-fff4-4d82-a369-0db93d1ae85c', '60259874', 'Gimena Rossmery', 'Obispo Mendoza', '602527', 'bd5ab907-e126-458b-958d-ad5e2cdc5983');
INSERT INTO usuarios (id, email, password_hash, rol, nombre, apellidos, dni, activo) VALUES ('64a3e2c7-9d7a-473a-a724-0fbfde9eb51d', '620068@academia.edu', '$2b$10$Kt1WXnRsFi4Ux.r1r8SQD.Ps1ksMrVyIVlHWg9o3Z/3N8hWuZV/3G', 'alumno', 'Gionella Danitza', 'Ocaña Pajuelo', '62009827', true);
INSERT INTO alumnos (id, usuario_id, dni, nombre, apellidos, codigo_barras, aula_id) VALUES ('69563d65-cff4-48d5-a3e0-38b49b9e3cd2', '64a3e2c7-9d7a-473a-a724-0fbfde9eb51d', '62009827', 'Gionella Danitza', 'Ocaña Pajuelo', '620068', 'bd5ab907-e126-458b-958d-ad5e2cdc5983');
INSERT INTO usuarios (id, email, password_hash, rol, nombre, apellidos, dni, activo) VALUES ('026e20ba-ecd5-44d3-922b-7b79b67ba4f1', '606778@academia.edu', '$2b$10$Kt1WXnRsFi4Ux.r1r8SQD.Ps1ksMrVyIVlHWg9o3Z/3N8hWuZV/3G', 'alumno', 'Ana Luisa', 'Pineda Mestanza', '60672390', true);
INSERT INTO alumnos (id, usuario_id, dni, nombre, apellidos, codigo_barras, aula_id) VALUES ('190b16c8-fac8-4505-af45-90fb86728b34', '026e20ba-ecd5-44d3-922b-7b79b67ba4f1', '60672390', 'Ana Luisa', 'Pineda Mestanza', '606778', 'bd5ab907-e126-458b-958d-ad5e2cdc5983');
INSERT INTO usuarios (id, email, password_hash, rol, nombre, apellidos, dni, activo) VALUES ('ea7ca21f-67c0-431a-a22e-9e865beec9fc', '602829@academia.edu', '$2b$10$Kt1WXnRsFi4Ux.r1r8SQD.Ps1ksMrVyIVlHWg9o3Z/3N8hWuZV/3G', 'alumno', 'Ayly Yury', 'Principe Rodriguez', '60281332', true);
INSERT INTO alumnos (id, usuario_id, dni, nombre, apellidos, codigo_barras, aula_id) VALUES ('d03ae806-0021-4915-a0e1-b1791c6257e9', 'ea7ca21f-67c0-431a-a22e-9e865beec9fc', '60281332', 'Ayly Yury', 'Principe Rodriguez', '602829', 'bd5ab907-e126-458b-958d-ad5e2cdc5983');
INSERT INTO usuarios (id, email, password_hash, rol, nombre, apellidos, dni, activo) VALUES ('457a7242-a3d0-4ce9-9509-be721c37fabc', '614277@academia.edu', '$2b$10$Kt1WXnRsFi4Ux.r1r8SQD.Ps1ksMrVyIVlHWg9o3Z/3N8hWuZV/3G', 'alumno', 'Milagros Soledad', 'Robles Huaman', '61429066', true);
INSERT INTO alumnos (id, usuario_id, dni, nombre, apellidos, codigo_barras, aula_id) VALUES ('3474a449-ccb1-4e17-9ba0-384ecb0ee53d', '457a7242-a3d0-4ce9-9509-be721c37fabc', '61429066', 'Milagros Soledad', 'Robles Huaman', '614277', 'bd5ab907-e126-458b-958d-ad5e2cdc5983');
INSERT INTO usuarios (id, email, password_hash, rol, nombre, apellidos, dni, activo) VALUES ('595400a0-b6e8-4f8e-a1c7-aee0ea01f4a9', '615693@academia.edu', '$2b$10$Kt1WXnRsFi4Ux.r1r8SQD.Ps1ksMrVyIVlHWg9o3Z/3N8hWuZV/3G', 'alumno', 'Aioria Yamil Angel', 'Rodriguez Avila', '61565783', true);
INSERT INTO alumnos (id, usuario_id, dni, nombre, apellidos, codigo_barras, aula_id) VALUES ('59e62565-d55c-4b3e-9817-8035ab99aed0', '595400a0-b6e8-4f8e-a1c7-aee0ea01f4a9', '61565783', 'Aioria Yamil Angel', 'Rodriguez Avila', '615693', 'bd5ab907-e126-458b-958d-ad5e2cdc5983');
INSERT INTO usuarios (id, email, password_hash, rol, nombre, apellidos, dni, activo) VALUES ('051f1ce0-5adf-4b80-95e5-6cd9634cab30', '600230@academia.edu', '$2b$10$Kt1WXnRsFi4Ux.r1r8SQD.Ps1ksMrVyIVlHWg9o3Z/3N8hWuZV/3G', 'alumno', 'Caterin Morelia', 'Romero Tapia', '60024209', true);
INSERT INTO alumnos (id, usuario_id, dni, nombre, apellidos, codigo_barras, aula_id) VALUES ('4cfe5def-b5c8-4946-9e8f-36542e8c9008', '051f1ce0-5adf-4b80-95e5-6cd9634cab30', '60024209', 'Caterin Morelia', 'Romero Tapia', '600230', 'bd5ab907-e126-458b-958d-ad5e2cdc5983');
INSERT INTO usuarios (id, email, password_hash, rol, nombre, apellidos, dni, activo) VALUES ('05807de9-56ab-4b76-944d-dcd90fd9eacb', '619540@academia.edu', '$2b$10$Kt1WXnRsFi4Ux.r1r8SQD.Ps1ksMrVyIVlHWg9o3Z/3N8hWuZV/3G', 'alumno', 'Sunyta Paola', 'Rosales Maguiña', '61957707', true);
INSERT INTO alumnos (id, usuario_id, dni, nombre, apellidos, codigo_barras, aula_id) VALUES ('4f3a59bd-36b2-4793-b8ef-cc479e3513c9', '05807de9-56ab-4b76-944d-dcd90fd9eacb', '61957707', 'Sunyta Paola', 'Rosales Maguiña', '619540', 'bd5ab907-e126-458b-958d-ad5e2cdc5983');
INSERT INTO usuarios (id, email, password_hash, rol, nombre, apellidos, dni, activo) VALUES ('0f360895-4046-4d04-b90c-43f298a5a18c', '604995@academia.edu', '$2b$10$Kt1WXnRsFi4Ux.r1r8SQD.Ps1ksMrVyIVlHWg9o3Z/3N8hWuZV/3G', 'alumno', 'Izaura Guisela', 'Rurush Diaz', '60497264', true);
INSERT INTO alumnos (id, usuario_id, dni, nombre, apellidos, codigo_barras, aula_id) VALUES ('6dc158de-b32d-4da0-8547-3989f2e3ebd5', '0f360895-4046-4d04-b90c-43f298a5a18c', '60497264', 'Izaura Guisela', 'Rurush Diaz', '604995', 'bd5ab907-e126-458b-958d-ad5e2cdc5983');
INSERT INTO usuarios (id, email, password_hash, rol, nombre, apellidos, dni, activo) VALUES ('a6d1e714-686e-4aa2-a94e-d729a369418b', '714433@academia.edu', '$2b$10$Kt1WXnRsFi4Ux.r1r8SQD.Ps1ksMrVyIVlHWg9o3Z/3N8hWuZV/3G', 'alumno', 'Karen Jimena', 'Sanchez Asencios', '71449811', true);
INSERT INTO alumnos (id, usuario_id, dni, nombre, apellidos, codigo_barras, aula_id) VALUES ('9d71a84f-bf52-4cb4-beb8-82795794d110', 'a6d1e714-686e-4aa2-a94e-d729a369418b', '71449811', 'Karen Jimena', 'Sanchez Asencios', '714433', 'bd5ab907-e126-458b-958d-ad5e2cdc5983');
INSERT INTO usuarios (id, email, password_hash, rol, nombre, apellidos, dni, activo) VALUES ('69252ad6-206b-45d1-9e8f-00659d12ae55', '603202@academia.edu', '$2b$10$Kt1WXnRsFi4Ux.r1r8SQD.Ps1ksMrVyIVlHWg9o3Z/3N8hWuZV/3G', 'alumno', 'Ana Paula', 'Sanchez Loli', '60326968', true);
INSERT INTO alumnos (id, usuario_id, dni, nombre, apellidos, codigo_barras, aula_id) VALUES ('f93ab17b-b13f-4be3-9cac-21670a1db764', '69252ad6-206b-45d1-9e8f-00659d12ae55', '60326968', 'Ana Paula', 'Sanchez Loli', '603202', 'bd5ab907-e126-458b-958d-ad5e2cdc5983');
INSERT INTO usuarios (id, email, password_hash, rol, nombre, apellidos, dni, activo) VALUES ('ccdd83d3-98eb-41f7-9605-89369269cc4f', '614056@academia.edu', '$2b$10$Kt1WXnRsFi4Ux.r1r8SQD.Ps1ksMrVyIVlHWg9o3Z/3N8hWuZV/3G', 'alumno', 'Marx Alexander', 'Sanchez Trevejo', '61409368', true);
INSERT INTO alumnos (id, usuario_id, dni, nombre, apellidos, codigo_barras, aula_id) VALUES ('9053c2c4-3172-4549-b47a-058d3138140c', 'ccdd83d3-98eb-41f7-9605-89369269cc4f', '61409368', 'Marx Alexander', 'Sanchez Trevejo', '614056', 'bd5ab907-e126-458b-958d-ad5e2cdc5983');
INSERT INTO usuarios (id, email, password_hash, rol, nombre, apellidos, dni, activo) VALUES ('4ad6471d-7ae0-453c-8256-a17f288d8fd9', '612929@academia.edu', '$2b$10$Kt1WXnRsFi4Ux.r1r8SQD.Ps1ksMrVyIVlHWg9o3Z/3N8hWuZV/3G', 'alumno', 'Juandiego Jesus', 'Trejo Sahuanay', '61298577', true);
INSERT INTO alumnos (id, usuario_id, dni, nombre, apellidos, codigo_barras, aula_id) VALUES ('b6a7ff3f-5f65-4907-bb20-fc519be78a52', '4ad6471d-7ae0-453c-8256-a17f288d8fd9', '61298577', 'Juandiego Jesus', 'Trejo Sahuanay', '612929', 'bd5ab907-e126-458b-958d-ad5e2cdc5983');
INSERT INTO usuarios (id, email, password_hash, rol, nombre, apellidos, dni, activo) VALUES ('a128dec6-fed5-478b-8e12-e9dda7fe1d6d', '615834@academia.edu', '$2b$10$Kt1WXnRsFi4Ux.r1r8SQD.Ps1ksMrVyIVlHWg9o3Z/3N8hWuZV/3G', 'alumno', 'Sellasny Merrellen', 'Vega Jacinto', '61586010', true);
INSERT INTO alumnos (id, usuario_id, dni, nombre, apellidos, codigo_barras, aula_id) VALUES ('04a217b1-6aa8-4ad9-9586-8bcb68258b23', 'a128dec6-fed5-478b-8e12-e9dda7fe1d6d', '61586010', 'Sellasny Merrellen', 'Vega Jacinto', '615834', 'bd5ab907-e126-458b-958d-ad5e2cdc5983');
INSERT INTO usuarios (id, email, password_hash, rol, nombre, apellidos, dni, activo) VALUES ('13f0d9ab-a813-48c9-b6d9-02d94e196bdc', '602431@academia.edu', '$2b$10$Kt1WXnRsFi4Ux.r1r8SQD.Ps1ksMrVyIVlHWg9o3Z/3N8hWuZV/3G', 'alumno', 'Maria Mercedes', 'Vega Valenzuela', '60248145', true);
INSERT INTO alumnos (id, usuario_id, dni, nombre, apellidos, codigo_barras, aula_id) VALUES ('4bcc8085-205d-48ce-a013-1b9ff45a2e49', '13f0d9ab-a813-48c9-b6d9-02d94e196bdc', '60248145', 'Maria Mercedes', 'Vega Valenzuela', '602431', 'bd5ab907-e126-458b-958d-ad5e2cdc5983');
INSERT INTO usuarios (id, email, password_hash, rol, nombre, apellidos, dni, activo) VALUES ('dc77ab79-9597-4bc0-b70a-59121f59777a', '713659@academia.edu', '$2b$10$Kt1WXnRsFi4Ux.r1r8SQD.Ps1ksMrVyIVlHWg9o3Z/3N8hWuZV/3G', 'alumno', 'Leonel Piero', 'Vergara Jaramillo', '71361307', true);
INSERT INTO alumnos (id, usuario_id, dni, nombre, apellidos, codigo_barras, aula_id) VALUES ('4bc3b7ce-7c33-4425-bf46-a962e10f73ec', 'dc77ab79-9597-4bc0-b70a-59121f59777a', '71361307', 'Leonel Piero', 'Vergara Jaramillo', '713659', 'bd5ab907-e126-458b-958d-ad5e2cdc5983');
INSERT INTO usuarios (id, email, password_hash, rol, nombre, apellidos, dni, activo) VALUES ('1e1d6109-7f41-4c03-87a7-66ee60639ac6', '620152@academia.edu', '$2b$10$Kt1WXnRsFi4Ux.r1r8SQD.Ps1ksMrVyIVlHWg9o3Z/3N8hWuZV/3G', 'alumno', 'Yanel Flor', 'Yauri Patricio', '62014811', true);
INSERT INTO alumnos (id, usuario_id, dni, nombre, apellidos, codigo_barras, aula_id) VALUES ('28b1e72a-5517-4717-b413-8180c3f0bd22', '1e1d6109-7f41-4c03-87a7-66ee60639ac6', '62014811', 'Yanel Flor', 'Yauri Patricio', '620152', 'bd5ab907-e126-458b-958d-ad5e2cdc5983');
INSERT INTO usuarios (id, email, password_hash, rol, nombre, apellidos, dni, activo) VALUES ('f606291e-57a9-4a41-9c90-d18156e00122', '620177@academia.edu', '$2b$10$Kt1WXnRsFi4Ux.r1r8SQD.Ps1ksMrVyIVlHWg9o3Z/3N8hWuZV/3G', 'alumno', 'Daniela Jimena', 'Zambrano Figueroa', '62014901', true);
INSERT INTO alumnos (id, usuario_id, dni, nombre, apellidos, codigo_barras, aula_id) VALUES ('93cf8e0a-6095-44ea-9c53-4d8715fcb144', 'f606291e-57a9-4a41-9c90-d18156e00122', '62014901', 'Daniela Jimena', 'Zambrano Figueroa', '620177', 'bd5ab907-e126-458b-958d-ad5e2cdc5983');
INSERT INTO usuarios (id, email, password_hash, rol, nombre, apellidos, dni, activo) VALUES ('24411edf-9254-4ac8-b62d-04f007374c52', '614531@academia.edu', '$2b$10$Kt1WXnRsFi4Ux.r1r8SQD.Ps1ksMrVyIVlHWg9o3Z/3N8hWuZV/3G', 'alumno', 'Yaret Gabriel Mahavira', 'Aguilar Saenz', '61451628', true);
INSERT INTO alumnos (id, usuario_id, dni, nombre, apellidos, codigo_barras, aula_id) VALUES ('8c91fc6e-ad76-4919-91d5-1ba57e1f3c86', '24411edf-9254-4ac8-b62d-04f007374c52', '61451628', 'Yaret Gabriel Mahavira', 'Aguilar Saenz', '614531', 'e7c181ae-5f1e-461b-896d-513ef363846c');
INSERT INTO usuarios (id, email, password_hash, rol, nombre, apellidos, dni, activo) VALUES ('ac10f47a-b5dc-4ba0-b0da-725a28aba940', '763628@academia.edu', '$2b$10$Kt1WXnRsFi4Ux.r1r8SQD.Ps1ksMrVyIVlHWg9o3Z/3N8hWuZV/3G', 'alumno', 'Yohan Edson', 'Albino Cacha', '76369170', true);
INSERT INTO alumnos (id, usuario_id, dni, nombre, apellidos, codigo_barras, aula_id) VALUES ('dfdd589f-a31b-47ca-8492-0bf4580cfb51', 'ac10f47a-b5dc-4ba0-b0da-725a28aba940', '76369170', 'Yohan Edson', 'Albino Cacha', '763628', 'e7c181ae-5f1e-461b-896d-513ef363846c');
INSERT INTO usuarios (id, email, password_hash, rol, nombre, apellidos, dni, activo) VALUES ('ca94208b-f6c6-4093-bb1b-50636f4eb3b1', '602240@academia.edu', '$2b$10$Kt1WXnRsFi4Ux.r1r8SQD.Ps1ksMrVyIVlHWg9o3Z/3N8hWuZV/3G', 'alumno', 'Jose Eduardo', 'Alcantara Laguna', '60226966', true);
INSERT INTO alumnos (id, usuario_id, dni, nombre, apellidos, codigo_barras, aula_id) VALUES ('203415d0-3185-4c48-bfdb-568d21c934d7', 'ca94208b-f6c6-4093-bb1b-50636f4eb3b1', '60226966', 'Jose Eduardo', 'Alcantara Laguna', '602240', 'e7c181ae-5f1e-461b-896d-513ef363846c');
INSERT INTO usuarios (id, email, password_hash, rol, nombre, apellidos, dni, activo) VALUES ('084a6b4a-f8fd-44e2-9b03-cb681b994753', '771324@academia.edu', '$2b$10$Kt1WXnRsFi4Ux.r1r8SQD.Ps1ksMrVyIVlHWg9o3Z/3N8hWuZV/3G', 'alumno', 'Briyith Kiara', 'Alva Santos', '77133685', true);
INSERT INTO alumnos (id, usuario_id, dni, nombre, apellidos, codigo_barras, aula_id) VALUES ('95b9d43c-eec9-4e8a-8052-958038f174c5', '084a6b4a-f8fd-44e2-9b03-cb681b994753', '77133685', 'Briyith Kiara', 'Alva Santos', '771324', 'e7c181ae-5f1e-461b-896d-513ef363846c');
INSERT INTO usuarios (id, email, password_hash, rol, nombre, apellidos, dni, activo) VALUES ('4df6cf49-6053-4715-80bb-149080d01a2a', '608578@academia.edu', '$2b$10$Kt1WXnRsFi4Ux.r1r8SQD.Ps1ksMrVyIVlHWg9o3Z/3N8hWuZV/3G', 'alumno', 'Mari Cielo', 'Aponte Tadeo', '60858357', true);
INSERT INTO alumnos (id, usuario_id, dni, nombre, apellidos, codigo_barras, aula_id) VALUES ('cc4d8b67-9505-4a91-81d8-c5b243b08b0d', '4df6cf49-6053-4715-80bb-149080d01a2a', '60858357', 'Mari Cielo', 'Aponte Tadeo', '608578', 'e7c181ae-5f1e-461b-896d-513ef363846c');
INSERT INTO usuarios (id, email, password_hash, rol, nombre, apellidos, dni, activo) VALUES ('44f12712-64df-4101-9236-316fc5e38316', '603415@academia.edu', '$2b$10$Kt1WXnRsFi4Ux.r1r8SQD.Ps1ksMrVyIVlHWg9o3Z/3N8hWuZV/3G', 'alumno', 'Yubelino Dedy', 'Atencia De La Cruz', '60342238', true);
INSERT INTO alumnos (id, usuario_id, dni, nombre, apellidos, codigo_barras, aula_id) VALUES ('53450bcb-377d-498d-9c02-07149618134f', '44f12712-64df-4101-9236-316fc5e38316', '60342238', 'Yubelino Dedy', 'Atencia De La Cruz', '603415', 'e7c181ae-5f1e-461b-896d-513ef363846c');
INSERT INTO usuarios (id, email, password_hash, rol, nombre, apellidos, dni, activo) VALUES ('aba82d26-bf81-4b7f-a899-83910afcdc85', '601286@academia.edu', '$2b$10$Kt1WXnRsFi4Ux.r1r8SQD.Ps1ksMrVyIVlHWg9o3Z/3N8hWuZV/3G', 'alumno', 'Cristofer Alexander', 'Bautista Huaman', '60126864', true);
INSERT INTO alumnos (id, usuario_id, dni, nombre, apellidos, codigo_barras, aula_id) VALUES ('a6395220-b0a9-4b02-b7d1-5a0f3500f9e5', 'aba82d26-bf81-4b7f-a899-83910afcdc85', '60126864', 'Cristofer Alexander', 'Bautista Huaman', '601286', 'e7c181ae-5f1e-461b-896d-513ef363846c');
INSERT INTO usuarios (id, email, password_hash, rol, nombre, apellidos, dni, activo) VALUES ('9a93f964-851d-46b9-9b17-eb17b4fed348', '601226@academia.edu', '$2b$10$Kt1WXnRsFi4Ux.r1r8SQD.Ps1ksMrVyIVlHWg9o3Z/3N8hWuZV/3G', 'alumno', 'Yesenia Melisa', 'Berna Vidal', '60121732', true);
INSERT INTO alumnos (id, usuario_id, dni, nombre, apellidos, codigo_barras, aula_id) VALUES ('8b69d544-ce24-46c1-8aa4-9389ea035aa7', '9a93f964-851d-46b9-9b17-eb17b4fed348', '60121732', 'Yesenia Melisa', 'Berna Vidal', '601226', 'e7c181ae-5f1e-461b-896d-513ef363846c');
INSERT INTO usuarios (id, email, password_hash, rol, nombre, apellidos, dni, activo) VALUES ('af173c18-1d4d-45dc-ace2-21005c07b427', '741509@academia.edu', '$2b$10$Kt1WXnRsFi4Ux.r1r8SQD.Ps1ksMrVyIVlHWg9o3Z/3N8hWuZV/3G', 'alumno', 'Ruth Yadira', 'Bravo Salazar', '74150043', true);
INSERT INTO alumnos (id, usuario_id, dni, nombre, apellidos, codigo_barras, aula_id) VALUES ('5178f10e-bed5-482e-9d64-13c44a377580', 'af173c18-1d4d-45dc-ace2-21005c07b427', '74150043', 'Ruth Yadira', 'Bravo Salazar', '741509', 'e7c181ae-5f1e-461b-896d-513ef363846c');
INSERT INTO usuarios (id, email, password_hash, rol, nombre, apellidos, dni, activo) VALUES ('d48d057f-814d-4abb-b7fe-5c703f3dddd1', '716528@academia.edu', '$2b$10$Kt1WXnRsFi4Ux.r1r8SQD.Ps1ksMrVyIVlHWg9o3Z/3N8hWuZV/3G', 'alumno', 'Rodrigo Emerson', 'Caqui Huaquia', '71652322', true);
INSERT INTO alumnos (id, usuario_id, dni, nombre, apellidos, codigo_barras, aula_id) VALUES ('fe1c42a2-1fcd-4a89-a127-f92888137b8d', 'd48d057f-814d-4abb-b7fe-5c703f3dddd1', '71652322', 'Rodrigo Emerson', 'Caqui Huaquia', '716528', 'e7c181ae-5f1e-461b-896d-513ef363846c');
INSERT INTO usuarios (id, email, password_hash, rol, nombre, apellidos, dni, activo) VALUES ('e7925d0f-877a-4f63-98a9-e5aee4ac81ea', '620416@academia.edu', '$2b$10$Kt1WXnRsFi4Ux.r1r8SQD.Ps1ksMrVyIVlHWg9o3Z/3N8hWuZV/3G', 'alumno', 'Witmar Andriev', 'Carrillo Condor', '62042958', true);
INSERT INTO alumnos (id, usuario_id, dni, nombre, apellidos, codigo_barras, aula_id) VALUES ('2925316f-4b98-4fe3-a8e3-1091c0dcc0e0', 'e7925d0f-877a-4f63-98a9-e5aee4ac81ea', '62042958', 'Witmar Andriev', 'Carrillo Condor', '620416', 'e7c181ae-5f1e-461b-896d-513ef363846c');
INSERT INTO usuarios (id, email, password_hash, rol, nombre, apellidos, dni, activo) VALUES ('6f525fc9-2a55-4441-aecd-cfc3a7fc0513', '607091@academia.edu', '$2b$10$Kt1WXnRsFi4Ux.r1r8SQD.Ps1ksMrVyIVlHWg9o3Z/3N8hWuZV/3G', 'alumno', 'Amilcar Jesus', 'Castillo Chavarria', '60705126', true);
INSERT INTO alumnos (id, usuario_id, dni, nombre, apellidos, codigo_barras, aula_id) VALUES ('05519e85-a2b6-4873-9791-f5143a012c83', '6f525fc9-2a55-4441-aecd-cfc3a7fc0513', '60705126', 'Amilcar Jesus', 'Castillo Chavarria', '607091', 'e7c181ae-5f1e-461b-896d-513ef363846c');
INSERT INTO usuarios (id, email, password_hash, rol, nombre, apellidos, dni, activo) VALUES ('8843208b-d227-4762-9a09-1410e47cda9b', '615807@academia.edu', '$2b$10$Kt1WXnRsFi4Ux.r1r8SQD.Ps1ksMrVyIVlHWg9o3Z/3N8hWuZV/3G', 'alumno', 'Brayhan Anghelo', 'Castro Blas', '61583428', true);
INSERT INTO alumnos (id, usuario_id, dni, nombre, apellidos, codigo_barras, aula_id) VALUES ('7d1dc9da-ac99-4e50-85d4-cc1a42e8c66d', '8843208b-d227-4762-9a09-1410e47cda9b', '61583428', 'Brayhan Anghelo', 'Castro Blas', '615807', 'e7c181ae-5f1e-461b-896d-513ef363846c');
INSERT INTO usuarios (id, email, password_hash, rol, nombre, apellidos, dni, activo) VALUES ('3fa54792-6999-43e0-ab77-c611629b1aff', '607482@academia.edu', '$2b$10$Kt1WXnRsFi4Ux.r1r8SQD.Ps1ksMrVyIVlHWg9o3Z/3N8hWuZV/3G', 'alumno', 'Alex Joel', 'Chinchay Rodriguez', '60740166', true);
INSERT INTO alumnos (id, usuario_id, dni, nombre, apellidos, codigo_barras, aula_id) VALUES ('65289c7b-5a3a-4d23-b1c2-9a52b378881f', '3fa54792-6999-43e0-ab77-c611629b1aff', '60740166', 'Alex Joel', 'Chinchay Rodriguez', '607482', 'e7c181ae-5f1e-461b-896d-513ef363846c');
INSERT INTO usuarios (id, email, password_hash, rol, nombre, apellidos, dni, activo) VALUES ('4140280a-2e97-4374-8dba-f328773886c5', '611395@academia.edu', '$2b$10$Kt1WXnRsFi4Ux.r1r8SQD.Ps1ksMrVyIVlHWg9o3Z/3N8hWuZV/3G', 'alumno', 'Cesar Manuel', 'Dominguez Jara', '61132186', true);
INSERT INTO alumnos (id, usuario_id, dni, nombre, apellidos, codigo_barras, aula_id) VALUES ('8a1c6ce7-08c7-47d7-a244-c307372b0fe7', '4140280a-2e97-4374-8dba-f328773886c5', '61132186', 'Cesar Manuel', 'Dominguez Jara', '611395', 'e7c181ae-5f1e-461b-896d-513ef363846c');
INSERT INTO usuarios (id, email, password_hash, rol, nombre, apellidos, dni, activo) VALUES ('7d9c8dac-a953-4d38-a66f-9db831e94e04', '606100@academia.edu', '$2b$10$Kt1WXnRsFi4Ux.r1r8SQD.Ps1ksMrVyIVlHWg9o3Z/3N8hWuZV/3G', 'alumno', 'Diana Isabel', 'Dominguez Mendoza', '60611382', true);
INSERT INTO alumnos (id, usuario_id, dni, nombre, apellidos, codigo_barras, aula_id) VALUES ('b6461e58-c588-4573-9d5b-abd2600a7eb7', '7d9c8dac-a953-4d38-a66f-9db831e94e04', '60611382', 'Diana Isabel', 'Dominguez Mendoza', '606100', 'e7c181ae-5f1e-461b-896d-513ef363846c');
INSERT INTO usuarios (id, email, password_hash, rol, nombre, apellidos, dni, activo) VALUES ('8b1936a5-09b9-4aad-b5f0-eeefc2fd00c9', '720696@academia.edu', '$2b$10$Kt1WXnRsFi4Ux.r1r8SQD.Ps1ksMrVyIVlHWg9o3Z/3N8hWuZV/3G', 'alumno', 'Lucero Alessandra', 'Dominguez Rodríguez', '72069141', true);
INSERT INTO alumnos (id, usuario_id, dni, nombre, apellidos, codigo_barras, aula_id) VALUES ('8f7cd60d-a219-486b-a6ee-eaf8db4a9d9e', '8b1936a5-09b9-4aad-b5f0-eeefc2fd00c9', '72069141', 'Lucero Alessandra', 'Dominguez Rodríguez', '720696', 'e7c181ae-5f1e-461b-896d-513ef363846c');
INSERT INTO usuarios (id, email, password_hash, rol, nombre, apellidos, dni, activo) VALUES ('2e780d6f-1948-43a0-8975-8cea0f6d8227', '606993@academia.edu', '$2b$10$Kt1WXnRsFi4Ux.r1r8SQD.Ps1ksMrVyIVlHWg9o3Z/3N8hWuZV/3G', 'alumno', 'Miguel Ronald', 'Espindola Cueva', '60691864', true);
INSERT INTO alumnos (id, usuario_id, dni, nombre, apellidos, codigo_barras, aula_id) VALUES ('5c37a60a-958e-46da-8000-3f36e3b912d5', '2e780d6f-1948-43a0-8975-8cea0f6d8227', '60691864', 'Miguel Ronald', 'Espindola Cueva', '606993', 'e7c181ae-5f1e-461b-896d-513ef363846c');
INSERT INTO usuarios (id, email, password_hash, rol, nombre, apellidos, dni, activo) VALUES ('ab284fbf-65d0-4909-965c-dd63545a11de', '602347@academia.edu', '$2b$10$Kt1WXnRsFi4Ux.r1r8SQD.Ps1ksMrVyIVlHWg9o3Z/3N8hWuZV/3G', 'alumno', 'Jimena Yajaira', 'Espiritu Espinoza', '60230297', true);
INSERT INTO alumnos (id, usuario_id, dni, nombre, apellidos, codigo_barras, aula_id) VALUES ('ae4b63cd-f09a-481a-9bb5-86e5d919ac53', 'ab284fbf-65d0-4909-965c-dd63545a11de', '60230297', 'Jimena Yajaira', 'Espiritu Espinoza', '602347', 'e7c181ae-5f1e-461b-896d-513ef363846c');
INSERT INTO usuarios (id, email, password_hash, rol, nombre, apellidos, dni, activo) VALUES ('9fdf4277-529c-419d-bdb4-80ef0a8d5155', '615142@academia.edu', '$2b$10$Kt1WXnRsFi4Ux.r1r8SQD.Ps1ksMrVyIVlHWg9o3Z/3N8hWuZV/3G', 'alumno', 'Fran Jordan', 'Flores Meza', '61517380', true);
INSERT INTO alumnos (id, usuario_id, dni, nombre, apellidos, codigo_barras, aula_id) VALUES ('eb403e95-097d-4649-a64a-a6f8f5634b15', '9fdf4277-529c-419d-bdb4-80ef0a8d5155', '61517380', 'Fran Jordan', 'Flores Meza', '615142', 'e7c181ae-5f1e-461b-896d-513ef363846c');
INSERT INTO usuarios (id, email, password_hash, rol, nombre, apellidos, dni, activo) VALUES ('aafc0245-9410-4d3e-9208-201dee217a96', '603413@academia.edu', '$2b$10$Kt1WXnRsFi4Ux.r1r8SQD.Ps1ksMrVyIVlHWg9o3Z/3N8hWuZV/3G', 'alumno', 'Yessy Rocio', 'Garcia Delgado', '60342218', true);
INSERT INTO alumnos (id, usuario_id, dni, nombre, apellidos, codigo_barras, aula_id) VALUES ('5f2a6748-439b-41fa-ae3d-f3867562dacf', 'aafc0245-9410-4d3e-9208-201dee217a96', '60342218', 'Yessy Rocio', 'Garcia Delgado', '603413', 'e7c181ae-5f1e-461b-896d-513ef363846c');
INSERT INTO usuarios (id, email, password_hash, rol, nombre, apellidos, dni, activo) VALUES ('6a0e0426-b71f-41d9-ac85-f39793a6dc06', '602185@academia.edu', '$2b$10$Kt1WXnRsFi4Ux.r1r8SQD.Ps1ksMrVyIVlHWg9o3Z/3N8hWuZV/3G', 'alumno', 'Edwar', 'Garcia Sebastian', '60216763', true);
INSERT INTO alumnos (id, usuario_id, dni, nombre, apellidos, codigo_barras, aula_id) VALUES ('d9320c0c-9ad5-4990-9bac-3e3dd767113f', '6a0e0426-b71f-41d9-ac85-f39793a6dc06', '60216763', 'Edwar', 'Garcia Sebastian', '602185', 'e7c181ae-5f1e-461b-896d-513ef363846c');
INSERT INTO usuarios (id, email, password_hash, rol, nombre, apellidos, dni, activo) VALUES ('0cd3489a-4481-461d-afa0-03521382da44', '601266@academia.edu', '$2b$10$Kt1WXnRsFi4Ux.r1r8SQD.Ps1ksMrVyIVlHWg9o3Z/3N8hWuZV/3G', 'alumno', 'Yazuri Sarai', 'Gonzales Huaromo', '60128226', true);
INSERT INTO alumnos (id, usuario_id, dni, nombre, apellidos, codigo_barras, aula_id) VALUES ('10c7f935-4643-4773-b971-c5c7809da750', '0cd3489a-4481-461d-afa0-03521382da44', '60128226', 'Yazuri Sarai', 'Gonzales Huaromo', '601266', 'e7c181ae-5f1e-461b-896d-513ef363846c');
INSERT INTO usuarios (id, email, password_hash, rol, nombre, apellidos, dni, activo) VALUES ('cb7a0d41-767a-4937-9e02-3ea555d4ab90', '615258@academia.edu', '$2b$10$Kt1WXnRsFi4Ux.r1r8SQD.Ps1ksMrVyIVlHWg9o3Z/3N8hWuZV/3G', 'alumno', 'Gustavo Frey', 'Gonzales Vargas', '61528510', true);
INSERT INTO alumnos (id, usuario_id, dni, nombre, apellidos, codigo_barras, aula_id) VALUES ('cb9833d1-ddfe-43fb-aae5-aeb576ad8382', 'cb7a0d41-767a-4937-9e02-3ea555d4ab90', '61528510', 'Gustavo Frey', 'Gonzales Vargas', '615258', 'e7c181ae-5f1e-461b-896d-513ef363846c');
INSERT INTO usuarios (id, email, password_hash, rol, nombre, apellidos, dni, activo) VALUES ('bff6e1ef-11c8-448d-9fbc-a4b3529629a6', '603357@academia.edu', '$2b$10$Kt1WXnRsFi4Ux.r1r8SQD.Ps1ksMrVyIVlHWg9o3Z/3N8hWuZV/3G', 'alumno', 'Juliocelsar', 'Herrera Miranda', '60334129', true);
INSERT INTO alumnos (id, usuario_id, dni, nombre, apellidos, codigo_barras, aula_id) VALUES ('9f014b13-898f-498a-870b-b00b1da76a3a', 'bff6e1ef-11c8-448d-9fbc-a4b3529629a6', '60334129', 'Juliocelsar', 'Herrera Miranda', '603357', 'e7c181ae-5f1e-461b-896d-513ef363846c');
INSERT INTO usuarios (id, email, password_hash, rol, nombre, apellidos, dni, activo) VALUES ('ef0a167e-945a-435f-ab72-ff7d20e53e83', '604299@academia.edu', '$2b$10$Kt1WXnRsFi4Ux.r1r8SQD.Ps1ksMrVyIVlHWg9o3Z/3N8hWuZV/3G', 'alumno', 'Jesus Michell', 'Inchicaque Sanchez', '60425047', true);
INSERT INTO alumnos (id, usuario_id, dni, nombre, apellidos, codigo_barras, aula_id) VALUES ('7cccc115-3800-404c-9a31-287489a73c40', 'ef0a167e-945a-435f-ab72-ff7d20e53e83', '60425047', 'Jesus Michell', 'Inchicaque Sanchez', '604299', 'e7c181ae-5f1e-461b-896d-513ef363846c');
INSERT INTO usuarios (id, email, password_hash, rol, nombre, apellidos, dni, activo) VALUES ('56bba787-af77-4fca-983c-26397bb3f494', '614742@academia.edu', '$2b$10$Kt1WXnRsFi4Ux.r1r8SQD.Ps1ksMrVyIVlHWg9o3Z/3N8hWuZV/3G', 'alumno', 'Beatriz Lidia', 'Lauya Avelino', '61476718', true);
INSERT INTO alumnos (id, usuario_id, dni, nombre, apellidos, codigo_barras, aula_id) VALUES ('db0e6970-585d-4344-ab3b-8b76264eb061', '56bba787-af77-4fca-983c-26397bb3f494', '61476718', 'Beatriz Lidia', 'Lauya Avelino', '614742', 'e7c181ae-5f1e-461b-896d-513ef363846c');
INSERT INTO usuarios (id, email, password_hash, rol, nombre, apellidos, dni, activo) VALUES ('f09644d5-96f9-465c-8ace-edf4afe594bd', '620129@academia.edu', '$2b$10$Kt1WXnRsFi4Ux.r1r8SQD.Ps1ksMrVyIVlHWg9o3Z/3N8hWuZV/3G', 'alumno', 'Lizardo Maximo', 'Leon Norabuena', '62015111', true);
INSERT INTO alumnos (id, usuario_id, dni, nombre, apellidos, codigo_barras, aula_id) VALUES ('75ca64a1-8d72-4aea-8b1f-b95fadeffeba', 'f09644d5-96f9-465c-8ace-edf4afe594bd', '62015111', 'Lizardo Maximo', 'Leon Norabuena', '620129', 'e7c181ae-5f1e-461b-896d-513ef363846c');
INSERT INTO usuarios (id, email, password_hash, rol, nombre, apellidos, dni, activo) VALUES ('8a7dcb69-7c52-4fa0-83b8-855b72bda59c', '620211@academia.edu', '$2b$10$Kt1WXnRsFi4Ux.r1r8SQD.Ps1ksMrVyIVlHWg9o3Z/3N8hWuZV/3G', 'alumno', 'Michael Smith', 'Leyva Ramirez', '62029938', true);
INSERT INTO alumnos (id, usuario_id, dni, nombre, apellidos, codigo_barras, aula_id) VALUES ('e80ea585-e067-4814-9c65-c09cd4e32ad1', '8a7dcb69-7c52-4fa0-83b8-855b72bda59c', '62029938', 'Michael Smith', 'Leyva Ramirez', '620211', 'e7c181ae-5f1e-461b-896d-513ef363846c');
INSERT INTO usuarios (id, email, password_hash, rol, nombre, apellidos, dni, activo) VALUES ('2c4c8cf4-e703-4609-8c3b-d177f68cc30f', '608524@academia.edu', '$2b$10$Kt1WXnRsFi4Ux.r1r8SQD.Ps1ksMrVyIVlHWg9o3Z/3N8hWuZV/3G', 'alumno', 'Yan Yanpool', 'Lopez Paucar', '60858241', true);
INSERT INTO alumnos (id, usuario_id, dni, nombre, apellidos, codigo_barras, aula_id) VALUES ('17878c92-260a-442b-bfdf-5da0b7bf4cf3', '2c4c8cf4-e703-4609-8c3b-d177f68cc30f', '60858241', 'Yan Yanpool', 'Lopez Paucar', '608524', 'e7c181ae-5f1e-461b-896d-513ef363846c');
INSERT INTO usuarios (id, email, password_hash, rol, nombre, apellidos, dni, activo) VALUES ('e52444a1-4630-41da-8a61-7d074da1ca9d', '600261@academia.edu', '$2b$10$Kt1WXnRsFi4Ux.r1r8SQD.Ps1ksMrVyIVlHWg9o3Z/3N8hWuZV/3G', 'alumno', 'Francko Enrique', 'Lopez Zapata', '60022956', true);
INSERT INTO alumnos (id, usuario_id, dni, nombre, apellidos, codigo_barras, aula_id) VALUES ('1c5e5765-7dbc-4bfb-b2ad-fa2ce6213978', 'e52444a1-4630-41da-8a61-7d074da1ca9d', '60022956', 'Francko Enrique', 'Lopez Zapata', '600261', 'e7c181ae-5f1e-461b-896d-513ef363846c');
INSERT INTO usuarios (id, email, password_hash, rol, nombre, apellidos, dni, activo) VALUES ('88a4938a-6f99-4316-b258-0706af8b9971', '614865@academia.edu', '$2b$10$Kt1WXnRsFi4Ux.r1r8SQD.Ps1ksMrVyIVlHWg9o3Z/3N8hWuZV/3G', 'alumno', 'Mathew Stefano', 'Menacho Camones', '61480089', true);
INSERT INTO alumnos (id, usuario_id, dni, nombre, apellidos, codigo_barras, aula_id) VALUES ('efec059b-eb11-44df-b6a2-7577037844fa', '88a4938a-6f99-4316-b258-0706af8b9971', '61480089', 'Mathew Stefano', 'Menacho Camones', '614865', 'e7c181ae-5f1e-461b-896d-513ef363846c');
INSERT INTO usuarios (id, email, password_hash, rol, nombre, apellidos, dni, activo) VALUES ('e67d491f-4bd3-47ff-9c96-6495adde8974', '711475@academia.edu', '$2b$10$Kt1WXnRsFi4Ux.r1r8SQD.Ps1ksMrVyIVlHWg9o3Z/3N8hWuZV/3G', 'alumno', 'Dioni Michel', 'Obregon Yauri', '71149029', true);
INSERT INTO alumnos (id, usuario_id, dni, nombre, apellidos, codigo_barras, aula_id) VALUES ('6cb8049a-0351-4bc7-936d-359ac9a86160', 'e67d491f-4bd3-47ff-9c96-6495adde8974', '71149029', 'Dioni Michel', 'Obregon Yauri', '711475', 'e7c181ae-5f1e-461b-896d-513ef363846c');
INSERT INTO usuarios (id, email, password_hash, rol, nombre, apellidos, dni, activo) VALUES ('f56c24df-6e8c-4301-9ff3-04a8ce1b7ba8', '614885@academia.edu', '$2b$10$Kt1WXnRsFi4Ux.r1r8SQD.Ps1ksMrVyIVlHWg9o3Z/3N8hWuZV/3G', 'alumno', 'Josue Martin Iamel', 'Palacios Heredia', '61480409', true);
INSERT INTO alumnos (id, usuario_id, dni, nombre, apellidos, codigo_barras, aula_id) VALUES ('aefb16e2-1ee6-47af-af86-8226d8fc3722', 'f56c24df-6e8c-4301-9ff3-04a8ce1b7ba8', '61480409', 'Josue Martin Iamel', 'Palacios Heredia', '614885', 'e7c181ae-5f1e-461b-896d-513ef363846c');
INSERT INTO usuarios (id, email, password_hash, rol, nombre, apellidos, dni, activo) VALUES ('3516d8fa-d30d-487a-a542-78c14e613b22', '602686@academia.edu', '$2b$10$Kt1WXnRsFi4Ux.r1r8SQD.Ps1ksMrVyIVlHWg9o3Z/3N8hWuZV/3G', 'alumno', 'Gabriel Wilder', 'Palmadera Guerrero', '60260104', true);
INSERT INTO alumnos (id, usuario_id, dni, nombre, apellidos, codigo_barras, aula_id) VALUES ('1ae26e9d-32b0-4838-b998-845535edb74b', '3516d8fa-d30d-487a-a542-78c14e613b22', '60260104', 'Gabriel Wilder', 'Palmadera Guerrero', '602686', 'e7c181ae-5f1e-461b-896d-513ef363846c');
INSERT INTO usuarios (id, email, password_hash, rol, nombre, apellidos, dni, activo) VALUES ('98afab21-2bd0-4ff3-87e4-69178bf56977', '600273@academia.edu', '$2b$10$Kt1WXnRsFi4Ux.r1r8SQD.Ps1ksMrVyIVlHWg9o3Z/3N8hWuZV/3G', 'alumno', 'Melany Anabel', 'Picon Espinoza', '60024482', true);
INSERT INTO alumnos (id, usuario_id, dni, nombre, apellidos, codigo_barras, aula_id) VALUES ('6687638c-7eea-4dbb-8829-3442af7dc2cd', '98afab21-2bd0-4ff3-87e4-69178bf56977', '60024482', 'Melany Anabel', 'Picon Espinoza', '600273', 'e7c181ae-5f1e-461b-896d-513ef363846c');
INSERT INTO usuarios (id, email, password_hash, rol, nombre, apellidos, dni, activo) VALUES ('32bf5fb9-79ea-49b4-bc96-42e32dcfc42f', '606701@academia.edu', '$2b$10$Kt1WXnRsFi4Ux.r1r8SQD.Ps1ksMrVyIVlHWg9o3Z/3N8hWuZV/3G', 'alumno', 'Deyvis Yordan', 'Pinedo Leyva', '60677178', true);
INSERT INTO alumnos (id, usuario_id, dni, nombre, apellidos, codigo_barras, aula_id) VALUES ('9c8dfb49-0625-4383-a97a-6c44ac1b495e', '32bf5fb9-79ea-49b4-bc96-42e32dcfc42f', '60677178', 'Deyvis Yordan', 'Pinedo Leyva', '606701', 'e7c181ae-5f1e-461b-896d-513ef363846c');
INSERT INTO usuarios (id, email, password_hash, rol, nombre, apellidos, dni, activo) VALUES ('8fee955d-68aa-438e-865f-a82714151c52', '600287@academia.edu', '$2b$10$Kt1WXnRsFi4Ux.r1r8SQD.Ps1ksMrVyIVlHWg9o3Z/3N8hWuZV/3G', 'alumno', 'Derik Edwar', 'Quezada Matos', '60028814', true);
INSERT INTO alumnos (id, usuario_id, dni, nombre, apellidos, codigo_barras, aula_id) VALUES ('2e9678e9-bcfa-4133-ac13-778eab56d8d4', '8fee955d-68aa-438e-865f-a82714151c52', '60028814', 'Derik Edwar', 'Quezada Matos', '600287', 'e7c181ae-5f1e-461b-896d-513ef363846c');
INSERT INTO usuarios (id, email, password_hash, rol, nombre, apellidos, dni, activo) VALUES ('763da46f-5cba-4564-bec8-b5163111b2f5', '607492@academia.edu', '$2b$10$Kt1WXnRsFi4Ux.r1r8SQD.Ps1ksMrVyIVlHWg9o3Z/3N8hWuZV/3G', 'alumno', 'Noimy Naida', 'Ramirez Gantu', '60740322', true);
INSERT INTO alumnos (id, usuario_id, dni, nombre, apellidos, codigo_barras, aula_id) VALUES ('1f8947e2-c8ac-4a32-af2d-56f2baf1e81e', '763da46f-5cba-4564-bec8-b5163111b2f5', '60740322', 'Noimy Naida', 'Ramirez Gantu', '607492', 'e7c181ae-5f1e-461b-896d-513ef363846c');
INSERT INTO usuarios (id, email, password_hash, rol, nombre, apellidos, dni, activo) VALUES ('e92e2bc9-ff1e-46c9-860e-7e89d68b789e', '600798@academia.edu', '$2b$10$Kt1WXnRsFi4Ux.r1r8SQD.Ps1ksMrVyIVlHWg9o3Z/3N8hWuZV/3G', 'alumno', 'Geral Emanuel', 'Reyes Ventanilla', '60076156', true);
INSERT INTO alumnos (id, usuario_id, dni, nombre, apellidos, codigo_barras, aula_id) VALUES ('41939777-ea6b-44ca-9ad8-3a9c04326640', 'e92e2bc9-ff1e-46c9-860e-7e89d68b789e', '60076156', 'Geral Emanuel', 'Reyes Ventanilla', '600798', 'e7c181ae-5f1e-461b-896d-513ef363846c');
INSERT INTO usuarios (id, email, password_hash, rol, nombre, apellidos, dni, activo) VALUES ('e3e1e390-dbc2-48ec-bc3d-c490d3c06015', '615150@academia.edu', '$2b$10$Kt1WXnRsFi4Ux.r1r8SQD.Ps1ksMrVyIVlHWg9o3Z/3N8hWuZV/3G', 'alumno', 'Sebastian Manuel', 'Salas Villanueva', '61517259', true);
INSERT INTO alumnos (id, usuario_id, dni, nombre, apellidos, codigo_barras, aula_id) VALUES ('99eb0536-e6ef-41c1-b08e-eb083e3df8a9', 'e3e1e390-dbc2-48ec-bc3d-c490d3c06015', '61517259', 'Sebastian Manuel', 'Salas Villanueva', '615150', 'e7c181ae-5f1e-461b-896d-513ef363846c');
INSERT INTO usuarios (id, email, password_hash, rol, nombre, apellidos, dni, activo) VALUES ('534afdb6-a435-4b87-895f-1febd44fac1a', '614216@academia.edu', '$2b$10$Kt1WXnRsFi4Ux.r1r8SQD.Ps1ksMrVyIVlHWg9o3Z/3N8hWuZV/3G', 'alumno', 'Danitza Mayli', 'Salazar Nolasco', '61429149', true);
INSERT INTO alumnos (id, usuario_id, dni, nombre, apellidos, codigo_barras, aula_id) VALUES ('5641b459-30ac-469a-b573-fdf3e7899083', '534afdb6-a435-4b87-895f-1febd44fac1a', '61429149', 'Danitza Mayli', 'Salazar Nolasco', '614216', 'e7c181ae-5f1e-461b-896d-513ef363846c');
INSERT INTO usuarios (id, email, password_hash, rol, nombre, apellidos, dni, activo) VALUES ('3b3625cd-e0e6-4306-98a6-dc39c66613c8', '620137@academia.edu', '$2b$10$Kt1WXnRsFi4Ux.r1r8SQD.Ps1ksMrVyIVlHWg9o3Z/3N8hWuZV/3G', 'alumno', 'Jhiojan Raul', 'Shuan Rodriguez', '62014845', true);
INSERT INTO alumnos (id, usuario_id, dni, nombre, apellidos, codigo_barras, aula_id) VALUES ('3486edd3-68b3-4560-a610-6a255f681f97', '3b3625cd-e0e6-4306-98a6-dc39c66613c8', '62014845', 'Jhiojan Raul', 'Shuan Rodriguez', '620137', 'e7c181ae-5f1e-461b-896d-513ef363846c');
INSERT INTO usuarios (id, email, password_hash, rol, nombre, apellidos, dni, activo) VALUES ('954c547f-11a3-4ba1-bd08-b3d573332a65', '616376@academia.edu', '$2b$10$Kt1WXnRsFi4Ux.r1r8SQD.Ps1ksMrVyIVlHWg9o3Z/3N8hWuZV/3G', 'alumno', 'Rodrigo Marcelino', 'Solis Espinoza', '61634311', true);
INSERT INTO alumnos (id, usuario_id, dni, nombre, apellidos, codigo_barras, aula_id) VALUES ('9212120d-cbd8-467f-9274-9820ffd5a95b', '954c547f-11a3-4ba1-bd08-b3d573332a65', '61634311', 'Rodrigo Marcelino', 'Solis Espinoza', '616376', 'e7c181ae-5f1e-461b-896d-513ef363846c');
INSERT INTO usuarios (id, email, password_hash, rol, nombre, apellidos, dni, activo) VALUES ('a447f2ec-3a74-4bd6-b2c8-c32cf946dd37', '616649@academia.edu', '$2b$10$Kt1WXnRsFi4Ux.r1r8SQD.Ps1ksMrVyIVlHWg9o3Z/3N8hWuZV/3G', 'alumno', 'Daivis Yosmel', 'Adrian Montalvo', '61661655', true);
INSERT INTO alumnos (id, usuario_id, dni, nombre, apellidos, codigo_barras, aula_id) VALUES ('cce08a29-f2cb-42e7-a798-7ea52cf0e3c2', 'a447f2ec-3a74-4bd6-b2c8-c32cf946dd37', '61661655', 'Daivis Yosmel', 'Adrian Montalvo', '616649', 'd36bd60a-0da3-4c17-b6c1-3e38c71cc367');
INSERT INTO usuarios (id, email, password_hash, rol, nombre, apellidos, dni, activo) VALUES ('d8c64d5d-d58f-43cf-a9a4-91f34940c618', '615302@academia.edu', '$2b$10$Kt1WXnRsFi4Ux.r1r8SQD.Ps1ksMrVyIVlHWg9o3Z/3N8hWuZV/3G', 'alumno', 'Cristhell Alexsandra', 'Aguialr Mamani', '61537055', true);
INSERT INTO alumnos (id, usuario_id, dni, nombre, apellidos, codigo_barras, aula_id) VALUES ('86c82303-fdba-449e-9d6a-a57b6872e0d4', 'd8c64d5d-d58f-43cf-a9a4-91f34940c618', '61537055', 'Cristhell Alexsandra', 'Aguialr Mamani', '615302', 'd36bd60a-0da3-4c17-b6c1-3e38c71cc367');
INSERT INTO usuarios (id, email, password_hash, rol, nombre, apellidos, dni, activo) VALUES ('12f0ae7f-bcb6-4f47-ac2e-60ddc2ed26f3', '613180@academia.edu', '$2b$10$Kt1WXnRsFi4Ux.r1r8SQD.Ps1ksMrVyIVlHWg9o3Z/3N8hWuZV/3G', 'alumno', 'Kiary Mirle', 'Ariza Rojo', '61314743', true);
INSERT INTO alumnos (id, usuario_id, dni, nombre, apellidos, codigo_barras, aula_id) VALUES ('0db8c257-3f0e-4f4f-8d82-4fbbcb3c2a74', '12f0ae7f-bcb6-4f47-ac2e-60ddc2ed26f3', '61314743', 'Kiary Mirle', 'Ariza Rojo', '613180', 'd36bd60a-0da3-4c17-b6c1-3e38c71cc367');
INSERT INTO usuarios (id, email, password_hash, rol, nombre, apellidos, dni, activo) VALUES ('4662faa1-9e36-438a-b022-3af293e4507f', '615153@academia.edu', '$2b$10$Kt1WXnRsFi4Ux.r1r8SQD.Ps1ksMrVyIVlHWg9o3Z/3N8hWuZV/3G', 'alumno', 'Fatima Guadalupe', 'Atusparia Jamanca', '61517206', true);
INSERT INTO alumnos (id, usuario_id, dni, nombre, apellidos, codigo_barras, aula_id) VALUES ('95529853-e182-4832-9f94-0fe6fd757e1f', '4662faa1-9e36-438a-b022-3af293e4507f', '61517206', 'Fatima Guadalupe', 'Atusparia Jamanca', '615153', 'd36bd60a-0da3-4c17-b6c1-3e38c71cc367');
INSERT INTO usuarios (id, email, password_hash, rol, nombre, apellidos, dni, activo) VALUES ('0a59e78e-917a-43b0-9d5d-306ec5826b9c', '711208@academia.edu', '$2b$10$Kt1WXnRsFi4Ux.r1r8SQD.Ps1ksMrVyIVlHWg9o3Z/3N8hWuZV/3G', 'alumno', 'Denis Wiler', 'Ayala Damazo', '71128827', true);
INSERT INTO alumnos (id, usuario_id, dni, nombre, apellidos, codigo_barras, aula_id) VALUES ('6336de61-4e53-455a-916d-e6b7abb04e49', '0a59e78e-917a-43b0-9d5d-306ec5826b9c', '71128827', 'Denis Wiler', 'Ayala Damazo', '711208', 'd36bd60a-0da3-4c17-b6c1-3e38c71cc367');
INSERT INTO usuarios (id, email, password_hash, rol, nombre, apellidos, dni, activo) VALUES ('c0926ede-b455-46a0-ab7a-73b34c424aa8', '603049@academia.edu', '$2b$10$Kt1WXnRsFi4Ux.r1r8SQD.Ps1ksMrVyIVlHWg9o3Z/3N8hWuZV/3G', 'alumno', 'Emiliano Neldon', 'Broncano Bedon', '60306890', true);
INSERT INTO alumnos (id, usuario_id, dni, nombre, apellidos, codigo_barras, aula_id) VALUES ('176ad7cd-b5db-4f2a-878c-cbfd74d13ab2', 'c0926ede-b455-46a0-ab7a-73b34c424aa8', '60306890', 'Emiliano Neldon', 'Broncano Bedon', '603049', 'd36bd60a-0da3-4c17-b6c1-3e38c71cc367');
INSERT INTO usuarios (id, email, password_hash, rol, nombre, apellidos, dni, activo) VALUES ('b33ff56a-18c2-497f-8075-ca8f18959b69', '614023@academia.edu', '$2b$10$Kt1WXnRsFi4Ux.r1r8SQD.Ps1ksMrVyIVlHWg9o3Z/3N8hWuZV/3G', 'alumno', 'Maria Regina', 'Cadillo Espiritu', '61409865', true);
INSERT INTO alumnos (id, usuario_id, dni, nombre, apellidos, codigo_barras, aula_id) VALUES ('7fb1df91-266c-44af-8bce-43feae9e2dfd', 'b33ff56a-18c2-497f-8075-ca8f18959b69', '61409865', 'Maria Regina', 'Cadillo Espiritu', '614023', 'd36bd60a-0da3-4c17-b6c1-3e38c71cc367');
INSERT INTO usuarios (id, email, password_hash, rol, nombre, apellidos, dni, activo) VALUES ('afc5652d-bc1c-4f0a-84f3-a920123db242', '606206@academia.edu', '$2b$10$Kt1WXnRsFi4Ux.r1r8SQD.Ps1ksMrVyIVlHWg9o3Z/3N8hWuZV/3G', 'alumno', 'Edson Aldair', 'Campomanes Vergaray', '60626520', true);
INSERT INTO alumnos (id, usuario_id, dni, nombre, apellidos, codigo_barras, aula_id) VALUES ('a55b728f-4b08-4275-aa4b-b81655195090', 'afc5652d-bc1c-4f0a-84f3-a920123db242', '60626520', 'Edson Aldair', 'Campomanes Vergaray', '606206', 'd36bd60a-0da3-4c17-b6c1-3e38c71cc367');
INSERT INTO usuarios (id, email, password_hash, rol, nombre, apellidos, dni, activo) VALUES ('36b29304-ceec-4503-b902-4626d1e3a570', '600296@academia.edu', '$2b$10$Kt1WXnRsFi4Ux.r1r8SQD.Ps1ksMrVyIVlHWg9o3Z/3N8hWuZV/3G', 'alumno', 'Yessica Gabriela', 'Chavez Evaristo', '60022417', true);
INSERT INTO alumnos (id, usuario_id, dni, nombre, apellidos, codigo_barras, aula_id) VALUES ('82ded7ce-b689-4ccf-829b-0cfa7c3a5461', '36b29304-ceec-4503-b902-4626d1e3a570', '60022417', 'Yessica Gabriela', 'Chavez Evaristo', '600296', 'd36bd60a-0da3-4c17-b6c1-3e38c71cc367');
INSERT INTO usuarios (id, email, password_hash, rol, nombre, apellidos, dni, activo) VALUES ('06f70a7f-6c69-4772-be2b-3fd9bf9c93e6', '601249@academia.edu', '$2b$10$Kt1WXnRsFi4Ux.r1r8SQD.Ps1ksMrVyIVlHWg9o3Z/3N8hWuZV/3G', 'alumno', 'Fabiola Erica', 'Chinchay Raprey', '60124096', true);
INSERT INTO alumnos (id, usuario_id, dni, nombre, apellidos, codigo_barras, aula_id) VALUES ('cb6fbcce-5a36-4d0b-9bce-ff25cef61bb4', '06f70a7f-6c69-4772-be2b-3fd9bf9c93e6', '60124096', 'Fabiola Erica', 'Chinchay Raprey', '601249', 'd36bd60a-0da3-4c17-b6c1-3e38c71cc367');
INSERT INTO usuarios (id, email, password_hash, rol, nombre, apellidos, dni, activo) VALUES ('862b23a4-d5c1-46a1-bb6a-99bd6dd7384d', '605910@academia.edu', '$2b$10$Kt1WXnRsFi4Ux.r1r8SQD.Ps1ksMrVyIVlHWg9o3Z/3N8hWuZV/3G', 'alumno', 'Yaritza Yamela', 'Cirilo Huaman', '60597497', true);
INSERT INTO alumnos (id, usuario_id, dni, nombre, apellidos, codigo_barras, aula_id) VALUES ('504f1abd-f226-4f98-b782-aabd4f0797b9', '862b23a4-d5c1-46a1-bb6a-99bd6dd7384d', '60597497', 'Yaritza Yamela', 'Cirilo Huaman', '605910', 'd36bd60a-0da3-4c17-b6c1-3e38c71cc367');
INSERT INTO usuarios (id, email, password_hash, rol, nombre, apellidos, dni, activo) VALUES ('80a415e7-c058-4836-8298-9ea57ca33f85', '740811@academia.edu', '$2b$10$Kt1WXnRsFi4Ux.r1r8SQD.Ps1ksMrVyIVlHWg9o3Z/3N8hWuZV/3G', 'alumno', 'Alex Anthony', 'Cochachin Crisolo', '74083523', true);
INSERT INTO alumnos (id, usuario_id, dni, nombre, apellidos, codigo_barras, aula_id) VALUES ('ca2a376c-fe76-4271-965d-edda6593e4cd', '80a415e7-c058-4836-8298-9ea57ca33f85', '74083523', 'Alex Anthony', 'Cochachin Crisolo', '740811', 'd36bd60a-0da3-4c17-b6c1-3e38c71cc367');
INSERT INTO usuarios (id, email, password_hash, rol, nombre, apellidos, dni, activo) VALUES ('b873ae15-25e9-4411-8608-192255441cf6', '610699@academia.edu', '$2b$10$Kt1WXnRsFi4Ux.r1r8SQD.Ps1ksMrVyIVlHWg9o3Z/3N8hWuZV/3G', 'alumno', 'Yoselin Heidy', 'Cruz Valdiviano', '61064005', true);
INSERT INTO alumnos (id, usuario_id, dni, nombre, apellidos, codigo_barras, aula_id) VALUES ('bbd031ba-1f6a-4dc4-8980-72ec38f43a0e', 'b873ae15-25e9-4411-8608-192255441cf6', '61064005', 'Yoselin Heidy', 'Cruz Valdiviano', '610699', 'd36bd60a-0da3-4c17-b6c1-3e38c71cc367');
INSERT INTO usuarios (id, email, password_hash, rol, nombre, apellidos, dni, activo) VALUES ('497e071b-e281-408c-8e2f-e95206cb0928', '724533@academia.edu', '$2b$10$Kt1WXnRsFi4Ux.r1r8SQD.Ps1ksMrVyIVlHWg9o3Z/3N8hWuZV/3G', 'alumno', 'Mayler Edinson', 'Diego Ramirez', '72452625', true);
INSERT INTO alumnos (id, usuario_id, dni, nombre, apellidos, codigo_barras, aula_id) VALUES ('4d5a6fe6-c5af-4c8e-b00f-a6fccaf5f5fe', '497e071b-e281-408c-8e2f-e95206cb0928', '72452625', 'Mayler Edinson', 'Diego Ramirez', '724533', 'd36bd60a-0da3-4c17-b6c1-3e38c71cc367');
INSERT INTO usuarios (id, email, password_hash, rol, nombre, apellidos, dni, activo) VALUES ('363b89d4-4354-4239-813b-32030ad8d77c', '607007@academia.edu', '$2b$10$Kt1WXnRsFi4Ux.r1r8SQD.Ps1ksMrVyIVlHWg9o3Z/3N8hWuZV/3G', 'alumno', 'Bieyra Yanpier', 'Fabian Ayala', '60705074', true);
INSERT INTO alumnos (id, usuario_id, dni, nombre, apellidos, codigo_barras, aula_id) VALUES ('ef0b3dd3-1f93-48ee-9e94-60b8e35cd4e8', '363b89d4-4354-4239-813b-32030ad8d77c', '60705074', 'Bieyra Yanpier', 'Fabian Ayala', '607007', 'd36bd60a-0da3-4c17-b6c1-3e38c71cc367');
INSERT INTO usuarios (id, email, password_hash, rol, nombre, apellidos, dni, activo) VALUES ('d4711136-6e54-4f88-978b-ffdf88f63cba', '619501@academia.edu', '$2b$10$Kt1WXnRsFi4Ux.r1r8SQD.Ps1ksMrVyIVlHWg9o3Z/3N8hWuZV/3G', 'alumno', 'Marduk Carlos', 'Falcon Cabanillas', '61957914', true);
INSERT INTO alumnos (id, usuario_id, dni, nombre, apellidos, codigo_barras, aula_id) VALUES ('73d2a9da-834b-4c50-abde-2f957123ebca', 'd4711136-6e54-4f88-978b-ffdf88f63cba', '61957914', 'Marduk Carlos', 'Falcon Cabanillas', '619501', 'd36bd60a-0da3-4c17-b6c1-3e38c71cc367');
INSERT INTO usuarios (id, email, password_hash, rol, nombre, apellidos, dni, activo) VALUES ('f5b929be-678b-41a4-a952-5dd28336631a', '605772@academia.edu', '$2b$10$Kt1WXnRsFi4Ux.r1r8SQD.Ps1ksMrVyIVlHWg9o3Z/3N8hWuZV/3G', 'alumno', 'Victor Antonio', 'Fernandez Llashag', '60576583', true);
INSERT INTO alumnos (id, usuario_id, dni, nombre, apellidos, codigo_barras, aula_id) VALUES ('b91472f8-f356-4521-867e-dfda2f4d1069', 'f5b929be-678b-41a4-a952-5dd28336631a', '60576583', 'Victor Antonio', 'Fernandez Llashag', '605772', 'd36bd60a-0da3-4c17-b6c1-3e38c71cc367');
INSERT INTO usuarios (id, email, password_hash, rol, nombre, apellidos, dni, activo) VALUES ('bf38a436-cb1c-4a75-a2e9-bdb45e351c9d', '615205@academia.edu', '$2b$10$Kt1WXnRsFi4Ux.r1r8SQD.Ps1ksMrVyIVlHWg9o3Z/3N8hWuZV/3G', 'alumno', 'Cristian', 'Garay Miguel', '61523990', true);
INSERT INTO alumnos (id, usuario_id, dni, nombre, apellidos, codigo_barras, aula_id) VALUES ('83cec12e-0a1a-46f5-bdbe-4bb69187265d', 'bf38a436-cb1c-4a75-a2e9-bdb45e351c9d', '61523990', 'Cristian', 'Garay Miguel', '615205', 'd36bd60a-0da3-4c17-b6c1-3e38c71cc367');
INSERT INTO usuarios (id, email, password_hash, rol, nombre, apellidos, dni, activo) VALUES ('5923ded6-eb43-4e71-97e2-bff777682670', '601295@academia.edu', '$2b$10$Kt1WXnRsFi4Ux.r1r8SQD.Ps1ksMrVyIVlHWg9o3Z/3N8hWuZV/3G', 'alumno', 'Orlando Gabriel', 'Giraldo Gonzales', '60128277', true);
INSERT INTO alumnos (id, usuario_id, dni, nombre, apellidos, codigo_barras, aula_id) VALUES ('4271fd39-1b3b-453e-9e4b-f741962e7ed3', '5923ded6-eb43-4e71-97e2-bff777682670', '60128277', 'Orlando Gabriel', 'Giraldo Gonzales', '601295', 'd36bd60a-0da3-4c17-b6c1-3e38c71cc367');
INSERT INTO usuarios (id, email, password_hash, rol, nombre, apellidos, dni, activo) VALUES ('775d51ce-66ee-4ee8-b3fe-d8ba98d676a8', '614043@academia.edu', '$2b$10$Kt1WXnRsFi4Ux.r1r8SQD.Ps1ksMrVyIVlHWg9o3Z/3N8hWuZV/3G', 'alumno', 'Yamile Alexandra', 'Gonzales Oncoy', '61409379', true);
INSERT INTO alumnos (id, usuario_id, dni, nombre, apellidos, codigo_barras, aula_id) VALUES ('8c2e67cc-0e2f-484f-b314-51660ed24aff', '775d51ce-66ee-4ee8-b3fe-d8ba98d676a8', '61409379', 'Yamile Alexandra', 'Gonzales Oncoy', '614043', 'd36bd60a-0da3-4c17-b6c1-3e38c71cc367');
INSERT INTO usuarios (id, email, password_hash, rol, nombre, apellidos, dni, activo) VALUES ('4e6eb7aa-2b51-4c01-a0d2-d68c229bd919', '609279@academia.edu', '$2b$10$Kt1WXnRsFi4Ux.r1r8SQD.Ps1ksMrVyIVlHWg9o3Z/3N8hWuZV/3G', 'alumno', 'Jeanpier Eduardo', 'Herrera Trejo', '60927591', true);
INSERT INTO alumnos (id, usuario_id, dni, nombre, apellidos, codigo_barras, aula_id) VALUES ('8122994b-4077-4cae-a7eb-23c2ba89ea6d', '4e6eb7aa-2b51-4c01-a0d2-d68c229bd919', '60927591', 'Jeanpier Eduardo', 'Herrera Trejo', '609279', 'd36bd60a-0da3-4c17-b6c1-3e38c71cc367');
INSERT INTO usuarios (id, email, password_hash, rol, nombre, apellidos, dni, activo) VALUES ('5ff18408-33cf-42ec-a2d3-b648dafb8f25', '600203@academia.edu', '$2b$10$Kt1WXnRsFi4Ux.r1r8SQD.Ps1ksMrVyIVlHWg9o3Z/3N8hWuZV/3G', 'alumno', 'Angiely Romina', 'Huaman Diaz', '60025323', true);
INSERT INTO alumnos (id, usuario_id, dni, nombre, apellidos, codigo_barras, aula_id) VALUES ('b15e5ada-2e38-488b-8daf-381a96d36cfb', '5ff18408-33cf-42ec-a2d3-b648dafb8f25', '60025323', 'Angiely Romina', 'Huaman Diaz', '600203', 'd36bd60a-0da3-4c17-b6c1-3e38c71cc367');
INSERT INTO usuarios (id, email, password_hash, rol, nombre, apellidos, dni, activo) VALUES ('7e1ae752-883b-4e90-87b0-198df9213b84', '616178@academia.edu', '$2b$10$Kt1WXnRsFi4Ux.r1r8SQD.Ps1ksMrVyIVlHWg9o3Z/3N8hWuZV/3G', 'alumno', 'Edgar Samnir', 'Huiza Blas', '61612483', true);
INSERT INTO alumnos (id, usuario_id, dni, nombre, apellidos, codigo_barras, aula_id) VALUES ('0edad300-a72b-471a-9ee6-e44c4a02bc43', '7e1ae752-883b-4e90-87b0-198df9213b84', '61612483', 'Edgar Samnir', 'Huiza Blas', '616178', 'd36bd60a-0da3-4c17-b6c1-3e38c71cc367');
INSERT INTO usuarios (id, email, password_hash, rol, nombre, apellidos, dni, activo) VALUES ('277c172e-90d9-4e6a-93ac-e286a581d026', '603739@academia.edu', '$2b$10$Kt1WXnRsFi4Ux.r1r8SQD.Ps1ksMrVyIVlHWg9o3Z/3N8hWuZV/3G', 'alumno', 'Fran Efrain', 'Infantes Jimenez', '60377925', true);
INSERT INTO alumnos (id, usuario_id, dni, nombre, apellidos, codigo_barras, aula_id) VALUES ('a2920499-b701-402e-a3ed-220b18123075', '277c172e-90d9-4e6a-93ac-e286a581d026', '60377925', 'Fran Efrain', 'Infantes Jimenez', '603739', 'd36bd60a-0da3-4c17-b6c1-3e38c71cc367');
INSERT INTO usuarios (id, email, password_hash, rol, nombre, apellidos, dni, activo) VALUES ('c6afbe12-d2fb-4ceb-a614-60ad38f01811', '602134@academia.edu', '$2b$10$Kt1WXnRsFi4Ux.r1r8SQD.Ps1ksMrVyIVlHWg9o3Z/3N8hWuZV/3G', 'alumno', 'Anderson Brian', 'Leon Mendoza', '60217864', true);
INSERT INTO alumnos (id, usuario_id, dni, nombre, apellidos, codigo_barras, aula_id) VALUES ('e8683a36-2d76-408d-9623-8429023bf59d', 'c6afbe12-d2fb-4ceb-a614-60ad38f01811', '60217864', 'Anderson Brian', 'Leon Mendoza', '602134', 'd36bd60a-0da3-4c17-b6c1-3e38c71cc367');
INSERT INTO usuarios (id, email, password_hash, rol, nombre, apellidos, dni, activo) VALUES ('1c7b3ba5-d286-45d2-88ff-77b7f4e1d6e2', '619401@academia.edu', '$2b$10$Kt1WXnRsFi4Ux.r1r8SQD.Ps1ksMrVyIVlHWg9o3Z/3N8hWuZV/3G', 'alumno', 'Yajaira Yarely', 'Leyva Garro', '61948090', true);
INSERT INTO alumnos (id, usuario_id, dni, nombre, apellidos, codigo_barras, aula_id) VALUES ('30e6179d-5d7f-4aec-9e28-d6f5a7a8f070', '1c7b3ba5-d286-45d2-88ff-77b7f4e1d6e2', '61948090', 'Yajaira Yarely', 'Leyva Garro', '619401', 'd36bd60a-0da3-4c17-b6c1-3e38c71cc367');
INSERT INTO usuarios (id, email, password_hash, rol, nombre, apellidos, dni, activo) VALUES ('dc19397c-683f-4d82-b37b-3de7d5e3b5a3', '614274@academia.edu', '$2b$10$Kt1WXnRsFi4Ux.r1r8SQD.Ps1ksMrVyIVlHWg9o3Z/3N8hWuZV/3G', 'alumno', 'Leenyu Fransuath', 'Macedo Ciriaco', '61429164', true);
INSERT INTO alumnos (id, usuario_id, dni, nombre, apellidos, codigo_barras, aula_id) VALUES ('8645e65c-aa62-48a8-b9c1-49f69ed6668c', 'dc19397c-683f-4d82-b37b-3de7d5e3b5a3', '61429164', 'Leenyu Fransuath', 'Macedo Ciriaco', '614274', 'd36bd60a-0da3-4c17-b6c1-3e38c71cc367');
INSERT INTO usuarios (id, email, password_hash, rol, nombre, apellidos, dni, activo) VALUES ('067920e6-2f12-4bb5-9a46-e9ce96fcee23', '606823@academia.edu', '$2b$10$Kt1WXnRsFi4Ux.r1r8SQD.Ps1ksMrVyIVlHWg9o3Z/3N8hWuZV/3G', 'alumno', 'Jhonatan Richar', 'Milla Venturo', '60683097', true);
INSERT INTO alumnos (id, usuario_id, dni, nombre, apellidos, codigo_barras, aula_id) VALUES ('f4cb2bf2-2956-432f-85c6-547a8821dd15', '067920e6-2f12-4bb5-9a46-e9ce96fcee23', '60683097', 'Jhonatan Richar', 'Milla Venturo', '606823', 'd36bd60a-0da3-4c17-b6c1-3e38c71cc367');
INSERT INTO usuarios (id, email, password_hash, rol, nombre, apellidos, dni, activo) VALUES ('20910eb8-04de-4f15-8a7e-994e107697e0', '777095@academia.edu', '$2b$10$Kt1WXnRsFi4Ux.r1r8SQD.Ps1ksMrVyIVlHWg9o3Z/3N8hWuZV/3G', 'alumno', 'Estefany Rosana', 'Morales Bautista', '77701878', true);
INSERT INTO alumnos (id, usuario_id, dni, nombre, apellidos, codigo_barras, aula_id) VALUES ('b89ef68e-039e-4cd6-99be-c3208509ba40', '20910eb8-04de-4f15-8a7e-994e107697e0', '77701878', 'Estefany Rosana', 'Morales Bautista', '777095', 'd36bd60a-0da3-4c17-b6c1-3e38c71cc367');
INSERT INTO usuarios (id, email, password_hash, rol, nombre, apellidos, dni, activo) VALUES ('1aef08a4-dc31-4e4c-bc9f-8413c26de3cf', '614887@academia.edu', '$2b$10$Kt1WXnRsFi4Ux.r1r8SQD.Ps1ksMrVyIVlHWg9o3Z/3N8hWuZV/3G', 'alumno', 'Santiago Zhair', 'Pariamachi Romero', '61480069', true);
INSERT INTO alumnos (id, usuario_id, dni, nombre, apellidos, codigo_barras, aula_id) VALUES ('b2a42c13-43f8-4690-b8a8-e81f1659b748', '1aef08a4-dc31-4e4c-bc9f-8413c26de3cf', '61480069', 'Santiago Zhair', 'Pariamachi Romero', '614887', 'd36bd60a-0da3-4c17-b6c1-3e38c71cc367');
INSERT INTO usuarios (id, email, password_hash, rol, nombre, apellidos, dni, activo) VALUES ('74142851-2a79-4dcc-bb5a-202f649ff41f', '606126@academia.edu', '$2b$10$Kt1WXnRsFi4Ux.r1r8SQD.Ps1ksMrVyIVlHWg9o3Z/3N8hWuZV/3G', 'alumno', 'Jhoe Ceferino', 'Ramirez Jara', '60613647', true);
INSERT INTO alumnos (id, usuario_id, dni, nombre, apellidos, codigo_barras, aula_id) VALUES ('32c83cc2-913d-42f7-9be2-e265fa209032', '74142851-2a79-4dcc-bb5a-202f649ff41f', '60613647', 'Jhoe Ceferino', 'Ramirez Jara', '606126', 'd36bd60a-0da3-4c17-b6c1-3e38c71cc367');
INSERT INTO usuarios (id, email, password_hash, rol, nombre, apellidos, dni, activo) VALUES ('969f9e2d-5117-4e6a-9e67-ef8d8a88aea5', '620151@academia.edu', '$2b$10$Kt1WXnRsFi4Ux.r1r8SQD.Ps1ksMrVyIVlHWg9o3Z/3N8hWuZV/3G', 'alumno', 'Jamille Lourdes Ariana', 'Rodriguez Bueno', '62014957', true);
INSERT INTO alumnos (id, usuario_id, dni, nombre, apellidos, codigo_barras, aula_id) VALUES ('380f9a3d-ec60-4b14-8223-6a4dd1498e0f', '969f9e2d-5117-4e6a-9e67-ef8d8a88aea5', '62014957', 'Jamille Lourdes Ariana', 'Rodriguez Bueno', '620151', 'd36bd60a-0da3-4c17-b6c1-3e38c71cc367');
INSERT INTO usuarios (id, email, password_hash, rol, nombre, apellidos, dni, activo) VALUES ('c7e09808-23c1-4227-be13-0dd0f214f6cd', '605952@academia.edu', '$2b$10$Kt1WXnRsFi4Ux.r1r8SQD.Ps1ksMrVyIVlHWg9o3Z/3N8hWuZV/3G', 'alumno', 'Jack Emirick', 'Rojas Moreno', '60597524', true);
INSERT INTO alumnos (id, usuario_id, dni, nombre, apellidos, codigo_barras, aula_id) VALUES ('f5450715-1bc4-4570-946b-bfafe32da368', 'c7e09808-23c1-4227-be13-0dd0f214f6cd', '60597524', 'Jack Emirick', 'Rojas Moreno', '605952', 'd36bd60a-0da3-4c17-b6c1-3e38c71cc367');
INSERT INTO usuarios (id, email, password_hash, rol, nombre, apellidos, dni, activo) VALUES ('4e49982d-a184-4f3d-9852-a31c887cbefa', '757189@academia.edu', '$2b$10$Kt1WXnRsFi4Ux.r1r8SQD.Ps1ksMrVyIVlHWg9o3Z/3N8hWuZV/3G', 'alumno', 'Edwin Jesus', 'Rosales Rodriguez', '75715332', true);
INSERT INTO alumnos (id, usuario_id, dni, nombre, apellidos, codigo_barras, aula_id) VALUES ('258234fb-faa0-4d70-9eb8-85eab6c0fd1c', '4e49982d-a184-4f3d-9852-a31c887cbefa', '75715332', 'Edwin Jesus', 'Rosales Rodriguez', '757189', 'd36bd60a-0da3-4c17-b6c1-3e38c71cc367');
INSERT INTO usuarios (id, email, password_hash, rol, nombre, apellidos, dni, activo) VALUES ('5a04bb1a-2ecd-411d-b101-da12e059d760', '610608@academia.edu', '$2b$10$Kt1WXnRsFi4Ux.r1r8SQD.Ps1ksMrVyIVlHWg9o3Z/3N8hWuZV/3G', 'alumno', 'Diego Alexander', 'Rosas Alva', '61064188', true);
INSERT INTO alumnos (id, usuario_id, dni, nombre, apellidos, codigo_barras, aula_id) VALUES ('7ede93c2-1d3b-4996-b1c4-9495c3b0621f', '5a04bb1a-2ecd-411d-b101-da12e059d760', '61064188', 'Diego Alexander', 'Rosas Alva', '610608', 'd36bd60a-0da3-4c17-b6c1-3e38c71cc367');
INSERT INTO usuarios (id, email, password_hash, rol, nombre, apellidos, dni, activo) VALUES ('db6405d2-0e75-4966-98b9-971d80c8149f', '757806@academia.edu', '$2b$10$Kt1WXnRsFi4Ux.r1r8SQD.Ps1ksMrVyIVlHWg9o3Z/3N8hWuZV/3G', 'alumno', 'Daniel Juan', 'Sanchez Matta', '75787291', true);
INSERT INTO alumnos (id, usuario_id, dni, nombre, apellidos, codigo_barras, aula_id) VALUES ('4dd2b981-cdce-452b-8be7-a53d5fc9407e', 'db6405d2-0e75-4966-98b9-971d80c8149f', '75787291', 'Daniel Juan', 'Sanchez Matta', '757806', 'd36bd60a-0da3-4c17-b6c1-3e38c71cc367');
INSERT INTO usuarios (id, email, password_hash, rol, nombre, apellidos, dni, activo) VALUES ('d1d0b535-fb58-4ff2-9834-a8beb232a293', '615192@academia.edu', '$2b$10$Kt1WXnRsFi4Ux.r1r8SQD.Ps1ksMrVyIVlHWg9o3Z/3N8hWuZV/3G', 'alumno', 'Alexander Jeanpyer', 'Sanchez Trejo', '61517368', true);
INSERT INTO alumnos (id, usuario_id, dni, nombre, apellidos, codigo_barras, aula_id) VALUES ('1edbe517-62bd-4e25-83a8-fd860af8f52c', 'd1d0b535-fb58-4ff2-9834-a8beb232a293', '61517368', 'Alexander Jeanpyer', 'Sanchez Trejo', '615192', 'd36bd60a-0da3-4c17-b6c1-3e38c71cc367');
INSERT INTO usuarios (id, email, password_hash, rol, nombre, apellidos, dni, activo) VALUES ('f617c005-d77c-410b-9de1-50577bc49667', '603242@academia.edu', '$2b$10$Kt1WXnRsFi4Ux.r1r8SQD.Ps1ksMrVyIVlHWg9o3Z/3N8hWuZV/3G', 'alumno', 'Adriana Noelia', 'Solis Broncano', '60320151', true);
INSERT INTO alumnos (id, usuario_id, dni, nombre, apellidos, codigo_barras, aula_id) VALUES ('c9f02699-9ec4-4c17-989f-cd8a267cd201', 'f617c005-d77c-410b-9de1-50577bc49667', '60320151', 'Adriana Noelia', 'Solis Broncano', '603242', 'd36bd60a-0da3-4c17-b6c1-3e38c71cc367');
INSERT INTO usuarios (id, email, password_hash, rol, nombre, apellidos, dni, activo) VALUES ('2b033547-4da1-4648-a4ad-732532dfa8ef', '601250@academia.edu', '$2b$10$Kt1WXnRsFi4Ux.r1r8SQD.Ps1ksMrVyIVlHWg9o3Z/3N8hWuZV/3G', 'alumno', 'Mijail Howard', 'Trujillo Maguiña', '60126859', true);
INSERT INTO alumnos (id, usuario_id, dni, nombre, apellidos, codigo_barras, aula_id) VALUES ('d99b6400-6cca-4849-87b0-7e90ad682960', '2b033547-4da1-4648-a4ad-732532dfa8ef', '60126859', 'Mijail Howard', 'Trujillo Maguiña', '601250', 'd36bd60a-0da3-4c17-b6c1-3e38c71cc367');
INSERT INTO usuarios (id, email, password_hash, rol, nombre, apellidos, dni, activo) VALUES ('76bc3853-337c-4884-bc00-0a7065fc6519', '603746@academia.edu', '$2b$10$Kt1WXnRsFi4Ux.r1r8SQD.Ps1ksMrVyIVlHWg9o3Z/3N8hWuZV/3G', 'alumno', 'Mayler', 'Valdivia Cotrina', '60378104', true);
INSERT INTO alumnos (id, usuario_id, dni, nombre, apellidos, codigo_barras, aula_id) VALUES ('88fad8aa-9ae4-4d72-be94-de1cbaf47fd8', '76bc3853-337c-4884-bc00-0a7065fc6519', '60378104', 'Mayler', 'Valdivia Cotrina', '603746', 'd36bd60a-0da3-4c17-b6c1-3e38c71cc367');
INSERT INTO usuarios (id, email, password_hash, rol, nombre, apellidos, dni, activo) VALUES ('48273d41-7811-4859-99ec-b8d944f83107', '614087@academia.edu', '$2b$10$Kt1WXnRsFi4Ux.r1r8SQD.Ps1ksMrVyIVlHWg9o3Z/3N8hWuZV/3G', 'alumno', 'Hermayony Valery', 'Villanueva Sanchez', '61409195', true);
INSERT INTO alumnos (id, usuario_id, dni, nombre, apellidos, codigo_barras, aula_id) VALUES ('0dd717ea-0538-428c-bfde-06bb7654997d', '48273d41-7811-4859-99ec-b8d944f83107', '61409195', 'Hermayony Valery', 'Villanueva Sanchez', '614087', 'd36bd60a-0da3-4c17-b6c1-3e38c71cc367');
INSERT INTO usuarios (id, email, password_hash, rol, nombre, apellidos, dni, activo) VALUES ('fcca4b66-2426-4fa4-8f3d-6c2c7e580110', '614076@academia.edu', '$2b$10$Kt1WXnRsFi4Ux.r1r8SQD.Ps1ksMrVyIVlHWg9o3Z/3N8hWuZV/3G', 'alumno', 'Cristian Alvaro', 'Villanueva Villanueva', '61409314', true);
INSERT INTO alumnos (id, usuario_id, dni, nombre, apellidos, codigo_barras, aula_id) VALUES ('4370f183-afe6-4206-827b-49aa123cc42f', 'fcca4b66-2426-4fa4-8f3d-6c2c7e580110', '61409314', 'Cristian Alvaro', 'Villanueva Villanueva', '614076', 'd36bd60a-0da3-4c17-b6c1-3e38c71cc367');
INSERT INTO usuarios (id, email, password_hash, rol, nombre, apellidos, dni, activo) VALUES ('9c57a781-3b0d-478c-8a25-1bc53945fea0', '707946@academia.edu', '$2b$10$Kt1WXnRsFi4Ux.r1r8SQD.Ps1ksMrVyIVlHWg9o3Z/3N8hWuZV/3G', 'alumno', 'Mayer Osmar', 'Zorrilla Llacuash', '70798570', true);
INSERT INTO alumnos (id, usuario_id, dni, nombre, apellidos, codigo_barras, aula_id) VALUES ('a5d6fe9f-fbd7-4460-a414-b5d973308412', '9c57a781-3b0d-478c-8a25-1bc53945fea0', '70798570', 'Mayer Osmar', 'Zorrilla Llacuash', '707946', 'd36bd60a-0da3-4c17-b6c1-3e38c71cc367');
INSERT INTO usuarios (id, email, password_hash, rol, nombre, apellidos, dni, activo) VALUES ('c72ec1ba-0ebb-4273-a5a4-00c1bf63f1cd', '751802@academia.edu', '$2b$10$Kt1WXnRsFi4Ux.r1r8SQD.Ps1ksMrVyIVlHWg9o3Z/3N8hWuZV/3G', 'alumno', 'Abraham Issac', 'Maza Huerta', '75183135', true);
INSERT INTO alumnos (id, usuario_id, dni, nombre, apellidos, codigo_barras, aula_id) VALUES ('823a43e1-503e-4d3e-be71-cd19ae7a8e86', 'c72ec1ba-0ebb-4273-a5a4-00c1bf63f1cd', '75183135', 'Abraham Issac', 'Maza Huerta', '751802', 'd36bd60a-0da3-4c17-b6c1-3e38c71cc367');
INSERT INTO usuarios (id, email, password_hash, rol, nombre, apellidos, dni, activo) VALUES ('91124386-525d-4070-853a-8c71cd8fff35', '603721@academia.edu', '$2b$10$Kt1WXnRsFi4Ux.r1r8SQD.Ps1ksMrVyIVlHWg9o3Z/3N8hWuZV/3G', 'alumno', 'Luís Marquiño', 'Cueva Haro', '60379657', true);
INSERT INTO alumnos (id, usuario_id, dni, nombre, apellidos, codigo_barras, aula_id) VALUES ('75910cfe-cd36-415c-960a-436213e3dc45', '91124386-525d-4070-853a-8c71cd8fff35', '60379657', 'Luís Marquiño', 'Cueva Haro', '603721', 'd36bd60a-0da3-4c17-b6c1-3e38c71cc367');
INSERT INTO usuarios (id, email, password_hash, rol, nombre, apellidos, dni, activo) VALUES ('287afd6f-963d-47f0-8e36-eecf25039151', '602664@academia.edu', '$2b$10$Kt1WXnRsFi4Ux.r1r8SQD.Ps1ksMrVyIVlHWg9o3Z/3N8hWuZV/3G', 'alumno', 'Briths Liset', 'Barrios Angeles', '60267399', true);
INSERT INTO alumnos (id, usuario_id, dni, nombre, apellidos, codigo_barras, aula_id) VALUES ('e8706943-0332-47ec-9304-7fbf6eb27f99', '287afd6f-963d-47f0-8e36-eecf25039151', '60267399', 'Briths Liset', 'Barrios Angeles', '602664', '60002c0f-9af2-4eae-ad04-7081e8206d43');
INSERT INTO usuarios (id, email, password_hash, rol, nombre, apellidos, dni, activo) VALUES ('ba891b2b-e810-4921-892b-5e6670853ce2', '610601@academia.edu', '$2b$10$Kt1WXnRsFi4Ux.r1r8SQD.Ps1ksMrVyIVlHWg9o3Z/3N8hWuZV/3G', 'alumno', 'Francis Abelardo', 'Bellido Tamara', '61064100', true);
INSERT INTO alumnos (id, usuario_id, dni, nombre, apellidos, codigo_barras, aula_id) VALUES ('68f95733-c851-42fa-9789-c1afd1803889', 'ba891b2b-e810-4921-892b-5e6670853ce2', '61064100', 'Francis Abelardo', 'Bellido Tamara', '610601', '60002c0f-9af2-4eae-ad04-7081e8206d43');
INSERT INTO usuarios (id, email, password_hash, rol, nombre, apellidos, dni, activo) VALUES ('31fb005d-8dfb-4310-98a4-e8289bf4b612', '603703@academia.edu', '$2b$10$Kt1WXnRsFi4Ux.r1r8SQD.Ps1ksMrVyIVlHWg9o3Z/3N8hWuZV/3G', 'alumno', 'Deyvis Yefr', 'Cacha Julca', '60379667', true);
INSERT INTO alumnos (id, usuario_id, dni, nombre, apellidos, codigo_barras, aula_id) VALUES ('acc0e54d-f5ff-4c83-866a-5c801bbb42a2', '31fb005d-8dfb-4310-98a4-e8289bf4b612', '60379667', 'Deyvis Yefr', 'Cacha Julca', '603703', '60002c0f-9af2-4eae-ad04-7081e8206d43');
INSERT INTO usuarios (id, email, password_hash, rol, nombre, apellidos, dni, activo) VALUES ('ba18c2c0-20f4-468c-82e3-d58ab5010eae', '725773@academia.edu', '$2b$10$Kt1WXnRsFi4Ux.r1r8SQD.Ps1ksMrVyIVlHWg9o3Z/3N8hWuZV/3G', 'alumno', 'Grover Anthoni', 'Cadillo Ramirez', '72576549', true);
INSERT INTO alumnos (id, usuario_id, dni, nombre, apellidos, codigo_barras, aula_id) VALUES ('441bb0e5-b401-4d46-8b38-c8d57e50b822', 'ba18c2c0-20f4-468c-82e3-d58ab5010eae', '72576549', 'Grover Anthoni', 'Cadillo Ramirez', '725773', '60002c0f-9af2-4eae-ad04-7081e8206d43');
INSERT INTO usuarios (id, email, password_hash, rol, nombre, apellidos, dni, activo) VALUES ('9e13cfa0-a205-4915-a074-f14ace95a651', '723721@academia.edu', '$2b$10$Kt1WXnRsFi4Ux.r1r8SQD.Ps1ksMrVyIVlHWg9o3Z/3N8hWuZV/3G', 'alumno', 'Elvis David', 'Capcha Garcilazo', '72376988', true);
INSERT INTO alumnos (id, usuario_id, dni, nombre, apellidos, codigo_barras, aula_id) VALUES ('7e66caad-f013-4cf4-b406-4761f52f578d', '9e13cfa0-a205-4915-a074-f14ace95a651', '72376988', 'Elvis David', 'Capcha Garcilazo', '723721', '60002c0f-9af2-4eae-ad04-7081e8206d43');
INSERT INTO usuarios (id, email, password_hash, rol, nombre, apellidos, dni, activo) VALUES ('81f16066-a78c-46a7-b5c7-d7010d36968d', '602020@academia.edu', '$2b$10$Kt1WXnRsFi4Ux.r1r8SQD.Ps1ksMrVyIVlHWg9o3Z/3N8hWuZV/3G', 'alumno', 'Cristian Ronald', 'Cashpa Roque', '60204155', true);
INSERT INTO alumnos (id, usuario_id, dni, nombre, apellidos, codigo_barras, aula_id) VALUES ('ca96fc7a-1600-4156-b3ef-ca2b52dbf3e2', '81f16066-a78c-46a7-b5c7-d7010d36968d', '60204155', 'Cristian Ronald', 'Cashpa Roque', '602020', '60002c0f-9af2-4eae-ad04-7081e8206d43');
INSERT INTO usuarios (id, email, password_hash, rol, nombre, apellidos, dni, activo) VALUES ('5c9c2e31-644e-42d3-a0d4-af794d1981d9', '603988@academia.edu', '$2b$10$Kt1WXnRsFi4Ux.r1r8SQD.Ps1ksMrVyIVlHWg9o3Z/3N8hWuZV/3G', 'alumno', 'York Kevin', 'Chavez Cespedes', '60396606', true);
INSERT INTO alumnos (id, usuario_id, dni, nombre, apellidos, codigo_barras, aula_id) VALUES ('51b1480b-27d9-4cc2-897f-873426fce52c', '5c9c2e31-644e-42d3-a0d4-af794d1981d9', '60396606', 'York Kevin', 'Chavez Cespedes', '603988', '60002c0f-9af2-4eae-ad04-7081e8206d43');
INSERT INTO usuarios (id, email, password_hash, rol, nombre, apellidos, dni, activo) VALUES ('7b504f64-1224-4e66-8d62-8a39610d8679', '606111@academia.edu', '$2b$10$Kt1WXnRsFi4Ux.r1r8SQD.Ps1ksMrVyIVlHWg9o3Z/3N8hWuZV/3G', 'alumno', 'Blanca Flor', 'Chavez Espinoza', '60611390', true);
INSERT INTO alumnos (id, usuario_id, dni, nombre, apellidos, codigo_barras, aula_id) VALUES ('71a98725-e6d3-441c-ada5-cec714610720', '7b504f64-1224-4e66-8d62-8a39610d8679', '60611390', 'Blanca Flor', 'Chavez Espinoza', '606111', '60002c0f-9af2-4eae-ad04-7081e8206d43');
INSERT INTO usuarios (id, email, password_hash, rol, nombre, apellidos, dni, activo) VALUES ('09a5866d-43b0-4fea-befd-341f5f5b7076', '604021@academia.edu', '$2b$10$Kt1WXnRsFi4Ux.r1r8SQD.Ps1ksMrVyIVlHWg9o3Z/3N8hWuZV/3G', 'alumno', 'Nelida Shonaly', 'Chinchay Visares', '60401809', true);
INSERT INTO alumnos (id, usuario_id, dni, nombre, apellidos, codigo_barras, aula_id) VALUES ('632ad18c-e851-4ac3-83db-85af22cb31d4', '09a5866d-43b0-4fea-befd-341f5f5b7076', '60401809', 'Nelida Shonaly', 'Chinchay Visares', '604021', '60002c0f-9af2-4eae-ad04-7081e8206d43');
INSERT INTO usuarios (id, email, password_hash, rol, nombre, apellidos, dni, activo) VALUES ('38fc4f92-a882-494f-8f5e-3f8655dc87ff', '605133@academia.edu', '$2b$10$Kt1WXnRsFi4Ux.r1r8SQD.Ps1ksMrVyIVlHWg9o3Z/3N8hWuZV/3G', 'alumno', 'Maylu Rosario', 'Claudio Valencia', '60517426', true);
INSERT INTO alumnos (id, usuario_id, dni, nombre, apellidos, codigo_barras, aula_id) VALUES ('85905f50-c45c-463d-bdde-d26f67332dac', '38fc4f92-a882-494f-8f5e-3f8655dc87ff', '60517426', 'Maylu Rosario', 'Claudio Valencia', '605133', '60002c0f-9af2-4eae-ad04-7081e8206d43');
INSERT INTO usuarios (id, email, password_hash, rol, nombre, apellidos, dni, activo) VALUES ('c2a67221-4454-4ba4-a83b-587a7047ae2a', '616179@academia.edu', '$2b$10$Kt1WXnRsFi4Ux.r1r8SQD.Ps1ksMrVyIVlHWg9o3Z/3N8hWuZV/3G', 'alumno', 'Jhosmel Stiven', 'Cochachin Mellisho', '61611667', true);
INSERT INTO alumnos (id, usuario_id, dni, nombre, apellidos, codigo_barras, aula_id) VALUES ('749cc74f-736d-44bb-afd9-45516d2bc798', 'c2a67221-4454-4ba4-a83b-587a7047ae2a', '61611667', 'Jhosmel Stiven', 'Cochachin Mellisho', '616179', '60002c0f-9af2-4eae-ad04-7081e8206d43');
INSERT INTO usuarios (id, email, password_hash, rol, nombre, apellidos, dni, activo) VALUES ('c827fbdd-ec2e-40aa-befc-39e7d516afba', '614075@academia.edu', '$2b$10$Kt1WXnRsFi4Ux.r1r8SQD.Ps1ksMrVyIVlHWg9o3Z/3N8hWuZV/3G', 'alumno', 'Nicole Sara', 'Cruz Maza', '61409504', true);
INSERT INTO alumnos (id, usuario_id, dni, nombre, apellidos, codigo_barras, aula_id) VALUES ('a77be328-5fa8-45d3-8300-2fd52dde8067', 'c827fbdd-ec2e-40aa-befc-39e7d516afba', '61409504', 'Nicole Sara', 'Cruz Maza', '614075', '60002c0f-9af2-4eae-ad04-7081e8206d43');
INSERT INTO usuarios (id, email, password_hash, rol, nombre, apellidos, dni, activo) VALUES ('b7bee850-54e9-4f99-9de2-ba01cbe96bf5', '612397@academia.edu', '$2b$10$Kt1WXnRsFi4Ux.r1r8SQD.Ps1ksMrVyIVlHWg9o3Z/3N8hWuZV/3G', 'alumno', 'Ayelen Camila', 'Dextre Segura', '61232869', true);
INSERT INTO alumnos (id, usuario_id, dni, nombre, apellidos, codigo_barras, aula_id) VALUES ('766433e4-eb78-4d3b-956c-21a73d4dd065', 'b7bee850-54e9-4f99-9de2-ba01cbe96bf5', '61232869', 'Ayelen Camila', 'Dextre Segura', '612397', '60002c0f-9af2-4eae-ad04-7081e8206d43');
INSERT INTO usuarios (id, email, password_hash, rol, nombre, apellidos, dni, activo) VALUES ('bb8fe25e-9e56-4107-bc0e-82c08ef149fe', '610842@academia.edu', '$2b$10$Kt1WXnRsFi4Ux.r1r8SQD.Ps1ksMrVyIVlHWg9o3Z/3N8hWuZV/3G', 'alumno', 'Bengy Diego', 'Dominguez Cacha', '61080737', true);
INSERT INTO alumnos (id, usuario_id, dni, nombre, apellidos, codigo_barras, aula_id) VALUES ('cb9cd864-bc7b-4b74-ae79-4d2fb119502f', 'bb8fe25e-9e56-4107-bc0e-82c08ef149fe', '61080737', 'Bengy Diego', 'Dominguez Cacha', '610842', '60002c0f-9af2-4eae-ad04-7081e8206d43');
INSERT INTO usuarios (id, email, password_hash, rol, nombre, apellidos, dni, activo) VALUES ('f9687021-5ff9-4fe9-8dd8-69cac9527539', '615119@academia.edu', '$2b$10$Kt1WXnRsFi4Ux.r1r8SQD.Ps1ksMrVyIVlHWg9o3Z/3N8hWuZV/3G', 'alumno', 'Patrick Antonio', 'Eguizabal Ortega', '61517291', true);
INSERT INTO alumnos (id, usuario_id, dni, nombre, apellidos, codigo_barras, aula_id) VALUES ('2e7208ac-ce39-4172-9c5b-2e808da846fc', 'f9687021-5ff9-4fe9-8dd8-69cac9527539', '61517291', 'Patrick Antonio', 'Eguizabal Ortega', '615119', '60002c0f-9af2-4eae-ad04-7081e8206d43');
INSERT INTO usuarios (id, email, password_hash, rol, nombre, apellidos, dni, activo) VALUES ('fe8f46ca-5f44-4d7e-a9ce-fc29c70c5c5a', '615877@academia.edu', '$2b$10$Kt1WXnRsFi4Ux.r1r8SQD.Ps1ksMrVyIVlHWg9o3Z/3N8hWuZV/3G', 'alumno', 'Brayan Antonio', 'Evaristo Sanchez', '61589924', true);
INSERT INTO alumnos (id, usuario_id, dni, nombre, apellidos, codigo_barras, aula_id) VALUES ('a44792a0-5078-4b6d-9e06-9ad81f2d1ba3', 'fe8f46ca-5f44-4d7e-a9ce-fc29c70c5c5a', '61589924', 'Brayan Antonio', 'Evaristo Sanchez', '615877', '60002c0f-9af2-4eae-ad04-7081e8206d43');
INSERT INTO usuarios (id, email, password_hash, rol, nombre, apellidos, dni, activo) VALUES ('83c05e7c-b609-4989-a212-ab718b4eb075', '614960@academia.edu', '$2b$10$Kt1WXnRsFi4Ux.r1r8SQD.Ps1ksMrVyIVlHWg9o3Z/3N8hWuZV/3G', 'alumno', 'Cristopher Joel', 'Figueroa Maguiña', '61490147', true);
INSERT INTO alumnos (id, usuario_id, dni, nombre, apellidos, codigo_barras, aula_id) VALUES ('7e5b376e-c072-4bef-8705-3673eeefc641', '83c05e7c-b609-4989-a212-ab718b4eb075', '61490147', 'Cristopher Joel', 'Figueroa Maguiña', '614960', '60002c0f-9af2-4eae-ad04-7081e8206d43');
INSERT INTO usuarios (id, email, password_hash, rol, nombre, apellidos, dni, activo) VALUES ('3364fed5-5806-425f-8704-24fb3e3e644e', '606769@academia.edu', '$2b$10$Kt1WXnRsFi4Ux.r1r8SQD.Ps1ksMrVyIVlHWg9o3Z/3N8hWuZV/3G', 'alumno', 'Yulissa Karin', 'Flores Montalvo', '60676615', true);
INSERT INTO alumnos (id, usuario_id, dni, nombre, apellidos, codigo_barras, aula_id) VALUES ('31c5dd71-7913-48bf-b4a0-768c3c102f68', '3364fed5-5806-425f-8704-24fb3e3e644e', '60676615', 'Yulissa Karin', 'Flores Montalvo', '606769', '60002c0f-9af2-4eae-ad04-7081e8206d43');
INSERT INTO usuarios (id, email, password_hash, rol, nombre, apellidos, dni, activo) VALUES ('b1311f40-b775-496d-ba3a-8c4a3f7e0f3e', '614958@academia.edu', '$2b$10$Kt1WXnRsFi4Ux.r1r8SQD.Ps1ksMrVyIVlHWg9o3Z/3N8hWuZV/3G', 'alumno', 'Avril Yassuri', 'Garcia Santillan', '61490128', true);
INSERT INTO alumnos (id, usuario_id, dni, nombre, apellidos, codigo_barras, aula_id) VALUES ('990d7149-e609-4632-a234-3b2b5b46d7ae', 'b1311f40-b775-496d-ba3a-8c4a3f7e0f3e', '61490128', 'Avril Yassuri', 'Garcia Santillan', '614958', '60002c0f-9af2-4eae-ad04-7081e8206d43');
INSERT INTO usuarios (id, email, password_hash, rol, nombre, apellidos, dni, activo) VALUES ('24aaa13c-d33e-45af-a95c-7b5a9b9cc96e', '606781@academia.edu', '$2b$10$Kt1WXnRsFi4Ux.r1r8SQD.Ps1ksMrVyIVlHWg9o3Z/3N8hWuZV/3G', 'alumno', 'Danna Yaritza', 'Gomez Liñan', '60672402', true);
INSERT INTO alumnos (id, usuario_id, dni, nombre, apellidos, codigo_barras, aula_id) VALUES ('2806ec14-e526-4407-88fd-acaaad27cf92', '24aaa13c-d33e-45af-a95c-7b5a9b9cc96e', '60672402', 'Danna Yaritza', 'Gomez Liñan', '606781', '60002c0f-9af2-4eae-ad04-7081e8206d43');
INSERT INTO usuarios (id, email, password_hash, rol, nombre, apellidos, dni, activo) VALUES ('3998e1cd-1934-4b3b-bbaa-69818a598b4c', '614245@academia.edu', '$2b$10$Kt1WXnRsFi4Ux.r1r8SQD.Ps1ksMrVyIVlHWg9o3Z/3N8hWuZV/3G', 'alumno', 'Deyvis Jhonny', 'Guerrero Heredia', '61429198', true);
INSERT INTO alumnos (id, usuario_id, dni, nombre, apellidos, codigo_barras, aula_id) VALUES ('ff958eb3-dfee-40a7-b5f9-aa54e2130ef5', '3998e1cd-1934-4b3b-bbaa-69818a598b4c', '61429198', 'Deyvis Jhonny', 'Guerrero Heredia', '614245', '60002c0f-9af2-4eae-ad04-7081e8206d43');
INSERT INTO usuarios (id, email, password_hash, rol, nombre, apellidos, dni, activo) VALUES ('61933786-6ec6-40b7-8a30-e3a7803aafe6', '612916@academia.edu', '$2b$10$Kt1WXnRsFi4Ux.r1r8SQD.Ps1ksMrVyIVlHWg9o3Z/3N8hWuZV/3G', 'alumno', 'Alaro Enrique', 'Guerrero Huerta', '61298647', true);
INSERT INTO alumnos (id, usuario_id, dni, nombre, apellidos, codigo_barras, aula_id) VALUES ('1114762b-cc0b-4772-bd90-53aa365309e0', '61933786-6ec6-40b7-8a30-e3a7803aafe6', '61298647', 'Alaro Enrique', 'Guerrero Huerta', '612916', '60002c0f-9af2-4eae-ad04-7081e8206d43');
INSERT INTO usuarios (id, email, password_hash, rol, nombre, apellidos, dni, activo) VALUES ('f109876a-eb7e-46aa-8baf-9f5f15dcdde7', '608581@academia.edu', '$2b$10$Kt1WXnRsFi4Ux.r1r8SQD.Ps1ksMrVyIVlHWg9o3Z/3N8hWuZV/3G', 'alumno', 'Jhosep Figo', 'Guzman Salcedo', '60858380', true);
INSERT INTO alumnos (id, usuario_id, dni, nombre, apellidos, codigo_barras, aula_id) VALUES ('9301fd74-dba9-4b3f-a6bc-b4a00aaeeb93', 'f109876a-eb7e-46aa-8baf-9f5f15dcdde7', '60858380', 'Jhosep Figo', 'Guzman Salcedo', '608581', '60002c0f-9af2-4eae-ad04-7081e8206d43');
INSERT INTO usuarios (id, email, password_hash, rol, nombre, apellidos, dni, activo) VALUES ('1210af69-e992-4789-92a0-624257c8db4a', '610652@academia.edu', '$2b$10$Kt1WXnRsFi4Ux.r1r8SQD.Ps1ksMrVyIVlHWg9o3Z/3N8hWuZV/3G', 'alumno', 'Arlhett Kelly', 'Henostroza Lobo', '61064160', true);
INSERT INTO alumnos (id, usuario_id, dni, nombre, apellidos, codigo_barras, aula_id) VALUES ('9a7b9c66-3d5a-4864-bf54-2448de35478d', '1210af69-e992-4789-92a0-624257c8db4a', '61064160', 'Arlhett Kelly', 'Henostroza Lobo', '610652', '60002c0f-9af2-4eae-ad04-7081e8206d43');
INSERT INTO usuarios (id, email, password_hash, rol, nombre, apellidos, dni, activo) VALUES ('ac70f925-9604-4b81-a342-342a7483dbcc', '603682@academia.edu', '$2b$10$Kt1WXnRsFi4Ux.r1r8SQD.Ps1ksMrVyIVlHWg9o3Z/3N8hWuZV/3G', 'alumno', 'Oliver', 'Herrera Castro', '60369165', true);
INSERT INTO alumnos (id, usuario_id, dni, nombre, apellidos, codigo_barras, aula_id) VALUES ('d3831bac-bb44-450c-87cb-4db0cf9acc39', 'ac70f925-9604-4b81-a342-342a7483dbcc', '60369165', 'Oliver', 'Herrera Castro', '603682', '60002c0f-9af2-4eae-ad04-7081e8206d43');
INSERT INTO usuarios (id, email, password_hash, rol, nombre, apellidos, dni, activo) VALUES ('27e8c73c-3135-4579-8b8d-3f4eb2572adb', '600222@academia.edu', '$2b$10$Kt1WXnRsFi4Ux.r1r8SQD.Ps1ksMrVyIVlHWg9o3Z/3N8hWuZV/3G', 'alumno', 'Dayvis Omar', 'Huaman Carrillo', '60023348', true);
INSERT INTO alumnos (id, usuario_id, dni, nombre, apellidos, codigo_barras, aula_id) VALUES ('15416c19-d750-4295-ab7e-44bd56a2c351', '27e8c73c-3135-4579-8b8d-3f4eb2572adb', '60023348', 'Dayvis Omar', 'Huaman Carrillo', '600222', '60002c0f-9af2-4eae-ad04-7081e8206d43');
INSERT INTO usuarios (id, email, password_hash, rol, nombre, apellidos, dni, activo) VALUES ('9a1ce299-e6cc-4b69-b966-df6aed282406', '620190@academia.edu', '$2b$10$Kt1WXnRsFi4Ux.r1r8SQD.Ps1ksMrVyIVlHWg9o3Z/3N8hWuZV/3G', 'alumno', 'Marck Antony', 'Huaney Carafin', '62015108', true);
INSERT INTO alumnos (id, usuario_id, dni, nombre, apellidos, codigo_barras, aula_id) VALUES ('742f3757-a19d-4b3b-879a-579bf4e2878e', '9a1ce299-e6cc-4b69-b966-df6aed282406', '62015108', 'Marck Antony', 'Huaney Carafin', '620190', '60002c0f-9af2-4eae-ad04-7081e8206d43');
INSERT INTO usuarios (id, email, password_hash, rol, nombre, apellidos, dni, activo) VALUES ('56224f43-2e3f-4ba8-8e08-3508a9771e89', '606756@academia.edu', '$2b$10$Kt1WXnRsFi4Ux.r1r8SQD.Ps1ksMrVyIVlHWg9o3Z/3N8hWuZV/3G', 'alumno', 'Leonardo Yudovich', 'Huerta Valverde', '60677180', true);
INSERT INTO alumnos (id, usuario_id, dni, nombre, apellidos, codigo_barras, aula_id) VALUES ('7bbdc999-a93f-4166-87ac-84cf0504d0c2', '56224f43-2e3f-4ba8-8e08-3508a9771e89', '60677180', 'Leonardo Yudovich', 'Huerta Valverde', '606756', '60002c0f-9af2-4eae-ad04-7081e8206d43');
INSERT INTO usuarios (id, email, password_hash, rol, nombre, apellidos, dni, activo) VALUES ('92e8a593-872a-455b-ac1a-d4da2f6d6e98', '606748@academia.edu', '$2b$10$Kt1WXnRsFi4Ux.r1r8SQD.Ps1ksMrVyIVlHWg9o3Z/3N8hWuZV/3G', 'alumno', 'Marco Bryan', 'Jaque Alvarez', '60672377', true);
INSERT INTO alumnos (id, usuario_id, dni, nombre, apellidos, codigo_barras, aula_id) VALUES ('9c99341b-cd6b-4652-89d3-ec647c4e4956', '92e8a593-872a-455b-ac1a-d4da2f6d6e98', '60672377', 'Marco Bryan', 'Jaque Alvarez', '606748', '60002c0f-9af2-4eae-ad04-7081e8206d43');
INSERT INTO usuarios (id, email, password_hash, rol, nombre, apellidos, dni, activo) VALUES ('1c141977-1431-4ec5-aeb2-734507ae6b57', '611596@academia.edu', '$2b$10$Kt1WXnRsFi4Ux.r1r8SQD.Ps1ksMrVyIVlHWg9o3Z/3N8hWuZV/3G', 'alumno', 'Yuenm Lee', 'Leon Chavez', '61155488', true);
INSERT INTO alumnos (id, usuario_id, dni, nombre, apellidos, codigo_barras, aula_id) VALUES ('755fc40f-13e6-4d06-9e3d-b9bcec35005b', '1c141977-1431-4ec5-aeb2-734507ae6b57', '61155488', 'Yuenm Lee', 'Leon Chavez', '611596', '60002c0f-9af2-4eae-ad04-7081e8206d43');
INSERT INTO usuarios (id, email, password_hash, rol, nombre, apellidos, dni, activo) VALUES ('f6c23b32-e7c8-491f-8c17-850c3de6db31', '620121@academia.edu', '$2b$10$Kt1WXnRsFi4Ux.r1r8SQD.Ps1ksMrVyIVlHWg9o3Z/3N8hWuZV/3G', 'alumno', 'Esaul Francisco', 'Lopez Sanchez', '62015019', true);
INSERT INTO alumnos (id, usuario_id, dni, nombre, apellidos, codigo_barras, aula_id) VALUES ('2d354d07-f991-4b8e-936b-4712a3c19231', 'f6c23b32-e7c8-491f-8c17-850c3de6db31', '62015019', 'Esaul Francisco', 'Lopez Sanchez', '620121', '60002c0f-9af2-4eae-ad04-7081e8206d43');
INSERT INTO usuarios (id, email, password_hash, rol, nombre, apellidos, dni, activo) VALUES ('a07cb313-86dd-4add-8bf4-56a971eadf0a', '616297@academia.edu', '$2b$10$Kt1WXnRsFi4Ux.r1r8SQD.Ps1ksMrVyIVlHWg9o3Z/3N8hWuZV/3G', 'alumno', 'Alisson Mariangel', 'Maguiña De La Cruz', '61623376', true);
INSERT INTO alumnos (id, usuario_id, dni, nombre, apellidos, codigo_barras, aula_id) VALUES ('38ad0986-45dd-48bb-acad-dcf2dd0fed9c', 'a07cb313-86dd-4add-8bf4-56a971eadf0a', '61623376', 'Alisson Mariangel', 'Maguiña De La Cruz', '616297', '60002c0f-9af2-4eae-ad04-7081e8206d43');
INSERT INTO usuarios (id, email, password_hash, rol, nombre, apellidos, dni, activo) VALUES ('91d26e86-a551-401b-985c-5c5d5dae7620', '601260@academia.edu', '$2b$10$Kt1WXnRsFi4Ux.r1r8SQD.Ps1ksMrVyIVlHWg9o3Z/3N8hWuZV/3G', 'alumno', 'Yumel Eder', 'Minaya Giraldo', '60123806', true);
INSERT INTO alumnos (id, usuario_id, dni, nombre, apellidos, codigo_barras, aula_id) VALUES ('772cc6a8-7fa7-43e7-bc66-2f3b4b8058c8', '91d26e86-a551-401b-985c-5c5d5dae7620', '60123806', 'Yumel Eder', 'Minaya Giraldo', '601260', '60002c0f-9af2-4eae-ad04-7081e8206d43');
INSERT INTO usuarios (id, email, password_hash, rol, nombre, apellidos, dni, activo) VALUES ('1f059558-3beb-410f-ad78-2a6ae9ba28fb', '615149@academia.edu', '$2b$10$Kt1WXnRsFi4Ux.r1r8SQD.Ps1ksMrVyIVlHWg9o3Z/3N8hWuZV/3G', 'alumno', 'Jonathan Israel', 'Morales Albornoz', '61517240', true);
INSERT INTO alumnos (id, usuario_id, dni, nombre, apellidos, codigo_barras, aula_id) VALUES ('9fb50ad3-a5af-42a2-8be8-361dffedca94', '1f059558-3beb-410f-ad78-2a6ae9ba28fb', '61517240', 'Jonathan Israel', 'Morales Albornoz', '615149', '07ca152d-d6ff-4a97-948b-3b5b14600e7f');
INSERT INTO usuarios (id, email, password_hash, rol, nombre, apellidos, dni, activo) VALUES ('eb3ddac9-37be-43ca-b53a-335fcfd6c0c4', '603573@academia.edu', '$2b$10$Kt1WXnRsFi4Ux.r1r8SQD.Ps1ksMrVyIVlHWg9o3Z/3N8hWuZV/3G', 'alumno', 'Xiomara Antuane', 'Morales Tarazona', '60357070', true);
INSERT INTO alumnos (id, usuario_id, dni, nombre, apellidos, codigo_barras, aula_id) VALUES ('e0a62894-2cb4-4bd0-807b-ebe49e564a32', 'eb3ddac9-37be-43ca-b53a-335fcfd6c0c4', '60357070', 'Xiomara Antuane', 'Morales Tarazona', '603573', '60002c0f-9af2-4eae-ad04-7081e8206d43');
INSERT INTO usuarios (id, email, password_hash, rol, nombre, apellidos, dni, activo) VALUES ('f409ea8d-ca5a-45f8-8fce-94c68a1f2f39', '603126@academia.edu', '$2b$10$Kt1WXnRsFi4Ux.r1r8SQD.Ps1ksMrVyIVlHWg9o3Z/3N8hWuZV/3G', 'alumno', 'Royston Giovanni', 'Murga Milla', '60319829', true);
INSERT INTO alumnos (id, usuario_id, dni, nombre, apellidos, codigo_barras, aula_id) VALUES ('a89c7f19-6087-4e0c-9bb1-724e899dd23a', 'f409ea8d-ca5a-45f8-8fce-94c68a1f2f39', '60319829', 'Royston Giovanni', 'Murga Milla', '603126', '60002c0f-9af2-4eae-ad04-7081e8206d43');
INSERT INTO usuarios (id, email, password_hash, rol, nombre, apellidos, dni, activo) VALUES ('807bd4b6-e106-4e6e-9443-b41d5ae61d02', '614238@academia.edu', '$2b$10$Kt1WXnRsFi4Ux.r1r8SQD.Ps1ksMrVyIVlHWg9o3Z/3N8hWuZV/3G', 'alumno', 'Wilder Alejandro', 'Olivera Pecho', '61429239', true);
INSERT INTO alumnos (id, usuario_id, dni, nombre, apellidos, codigo_barras, aula_id) VALUES ('f7044d31-eed2-4170-8f20-1597603b0bd1', '807bd4b6-e106-4e6e-9443-b41d5ae61d02', '61429239', 'Wilder Alejandro', 'Olivera Pecho', '614238', '60002c0f-9af2-4eae-ad04-7081e8206d43');
INSERT INTO usuarios (id, email, password_hash, rol, nombre, apellidos, dni, activo) VALUES ('0a146fe3-1ee0-40ae-8d2f-6b1b703224e7', '605948@academia.edu', '$2b$10$Kt1WXnRsFi4Ux.r1r8SQD.Ps1ksMrVyIVlHWg9o3Z/3N8hWuZV/3G', 'alumno', 'Edmer Riquelme', 'Oro Moreno', '60597496', true);
INSERT INTO alumnos (id, usuario_id, dni, nombre, apellidos, codigo_barras, aula_id) VALUES ('e2d4d02c-b287-4ce0-9712-6eec9c7fffd9', '0a146fe3-1ee0-40ae-8d2f-6b1b703224e7', '60597496', 'Edmer Riquelme', 'Oro Moreno', '605948', '60002c0f-9af2-4eae-ad04-7081e8206d43');
INSERT INTO usuarios (id, email, password_hash, rol, nombre, apellidos, dni, activo) VALUES ('bc2488e8-0859-4dcc-a1af-83fa95839436', '615843@academia.edu', '$2b$10$Kt1WXnRsFi4Ux.r1r8SQD.Ps1ksMrVyIVlHWg9o3Z/3N8hWuZV/3G', 'alumno', 'Rayner Maycol', 'Quinto Leyva', '61589923', true);
INSERT INTO alumnos (id, usuario_id, dni, nombre, apellidos, codigo_barras, aula_id) VALUES ('e76bf472-cafa-416e-b0b0-b458a1e872cc', 'bc2488e8-0859-4dcc-a1af-83fa95839436', '61589923', 'Rayner Maycol', 'Quinto Leyva', '615843', '60002c0f-9af2-4eae-ad04-7081e8206d43');
INSERT INTO usuarios (id, email, password_hash, rol, nombre, apellidos, dni, activo) VALUES ('f340048d-1433-46aa-bddd-ef4608a27c7f', '614095@academia.edu', '$2b$10$Kt1WXnRsFi4Ux.r1r8SQD.Ps1ksMrVyIVlHWg9o3Z/3N8hWuZV/3G', 'alumno', 'Fernando Del Piero', 'Ramirez Guerrero', '61409520', true);
INSERT INTO alumnos (id, usuario_id, dni, nombre, apellidos, codigo_barras, aula_id) VALUES ('b0eed7af-fec2-430f-a06b-d17ac3d2e296', 'f340048d-1433-46aa-bddd-ef4608a27c7f', '61409520', 'Fernando Del Piero', 'Ramirez Guerrero', '614095', '60002c0f-9af2-4eae-ad04-7081e8206d43');
INSERT INTO usuarios (id, email, password_hash, rol, nombre, apellidos, dni, activo) VALUES ('d49af9fd-330f-4aa9-9912-e881e876169e', '614861@academia.edu', '$2b$10$Kt1WXnRsFi4Ux.r1r8SQD.Ps1ksMrVyIVlHWg9o3Z/3N8hWuZV/3G', 'alumno', 'Angelo Hans Eyck', 'Salazar Figueroa', '61480363', true);
INSERT INTO alumnos (id, usuario_id, dni, nombre, apellidos, codigo_barras, aula_id) VALUES ('f4434eac-5195-4a05-98e0-5e2e0e16940f', 'd49af9fd-330f-4aa9-9912-e881e876169e', '61480363', 'Angelo Hans Eyck', 'Salazar Figueroa', '614861', '60002c0f-9af2-4eae-ad04-7081e8206d43');
INSERT INTO usuarios (id, email, password_hash, rol, nombre, apellidos, dni, activo) VALUES ('bcae650e-712a-447a-9907-84e29ceb6552', '620429@academia.edu', '$2b$10$Kt1WXnRsFi4Ux.r1r8SQD.Ps1ksMrVyIVlHWg9o3Z/3N8hWuZV/3G', 'alumno', 'Alex Fabricio', 'Solorzano Ccosi', '62042828', true);
INSERT INTO alumnos (id, usuario_id, dni, nombre, apellidos, codigo_barras, aula_id) VALUES ('ad1e7b32-59a0-435d-810e-e1af8bd743c1', 'bcae650e-712a-447a-9907-84e29ceb6552', '62042828', 'Alex Fabricio', 'Solorzano Ccosi', '620429', '60002c0f-9af2-4eae-ad04-7081e8206d43');
INSERT INTO usuarios (id, email, password_hash, rol, nombre, apellidos, dni, activo) VALUES ('9332ecac-a0b9-4d2b-aea9-605017cf27a0', '602537@academia.edu', '$2b$10$Kt1WXnRsFi4Ux.r1r8SQD.Ps1ksMrVyIVlHWg9o3Z/3N8hWuZV/3G', 'alumno', 'Elmer Manuel', 'Tadeo Reyes', '60250846', true);
INSERT INTO alumnos (id, usuario_id, dni, nombre, apellidos, codigo_barras, aula_id) VALUES ('3637322b-0b9c-4180-9713-54c54285b5c4', '9332ecac-a0b9-4d2b-aea9-605017cf27a0', '60250846', 'Elmer Manuel', 'Tadeo Reyes', '602537', '60002c0f-9af2-4eae-ad04-7081e8206d43');
INSERT INTO usuarios (id, email, password_hash, rol, nombre, apellidos, dni, activo) VALUES ('46be068a-41b3-49af-9684-6e776ef6d70f', '600202@academia.edu', '$2b$10$Kt1WXnRsFi4Ux.r1r8SQD.Ps1ksMrVyIVlHWg9o3Z/3N8hWuZV/3G', 'alumno', 'Rodrigo Goyito', 'Tafur Cruz', '60022736', true);
INSERT INTO alumnos (id, usuario_id, dni, nombre, apellidos, codigo_barras, aula_id) VALUES ('2ac0c7f4-2338-4d79-bd42-a46c3a598812', '46be068a-41b3-49af-9684-6e776ef6d70f', '60022736', 'Rodrigo Goyito', 'Tafur Cruz', '600202', '60002c0f-9af2-4eae-ad04-7081e8206d43');
INSERT INTO usuarios (id, email, password_hash, rol, nombre, apellidos, dni, activo) VALUES ('c8c7c505-da36-4962-bb02-dcdc36a3858f', '620192@academia.edu', '$2b$10$Kt1WXnRsFi4Ux.r1r8SQD.Ps1ksMrVyIVlHWg9o3Z/3N8hWuZV/3G', 'alumno', 'Matias Ignacio', 'Terrazas Huerta', '62015023', true);
INSERT INTO alumnos (id, usuario_id, dni, nombre, apellidos, codigo_barras, aula_id) VALUES ('d274096d-8bd6-415a-9137-75ea0cefe94a', 'c8c7c505-da36-4962-bb02-dcdc36a3858f', '62015023', 'Matias Ignacio', 'Terrazas Huerta', '620192', '60002c0f-9af2-4eae-ad04-7081e8206d43');
INSERT INTO usuarios (id, email, password_hash, rol, nombre, apellidos, dni, activo) VALUES ('68bad137-6a2f-47b0-9cca-7440bf302dbc', '603824@academia.edu', '$2b$10$Kt1WXnRsFi4Ux.r1r8SQD.Ps1ksMrVyIVlHWg9o3Z/3N8hWuZV/3G', 'alumno', 'Anelys Mayumi', 'Vasquez Zacarias', '60386775', true);
INSERT INTO alumnos (id, usuario_id, dni, nombre, apellidos, codigo_barras, aula_id) VALUES ('cead7db9-f4ab-4688-b8c9-9603d17fc8ba', '68bad137-6a2f-47b0-9cca-7440bf302dbc', '60386775', 'Anelys Mayumi', 'Vasquez Zacarias', '603824', '60002c0f-9af2-4eae-ad04-7081e8206d43');
INSERT INTO usuarios (id, email, password_hash, rol, nombre, apellidos, dni, activo) VALUES ('76552ae6-c0ae-494f-b74b-8723b60a0161', '615528@academia.edu', '$2b$10$Kt1WXnRsFi4Ux.r1r8SQD.Ps1ksMrVyIVlHWg9o3Z/3N8hWuZV/3G', 'alumno', 'Angelo Ayovi', 'Vidal Flores', '61558999', true);
INSERT INTO alumnos (id, usuario_id, dni, nombre, apellidos, codigo_barras, aula_id) VALUES ('49bb27ce-8feb-4e41-a6b6-5806f9fd7f1e', '76552ae6-c0ae-494f-b74b-8723b60a0161', '61558999', 'Angelo Ayovi', 'Vidal Flores', '615528', '60002c0f-9af2-4eae-ad04-7081e8206d43');
INSERT INTO usuarios (id, email, password_hash, rol, nombre, apellidos, dni, activo) VALUES ('2e44982a-e8d0-47e1-b451-e4b41d309bc6', '605757@academia.edu', '$2b$10$Kt1WXnRsFi4Ux.r1r8SQD.Ps1ksMrVyIVlHWg9o3Z/3N8hWuZV/3G', 'alumno', 'Yasury Esmelin', 'Villanueva Valle', '60576613', true);
INSERT INTO alumnos (id, usuario_id, dni, nombre, apellidos, codigo_barras, aula_id) VALUES ('e499bfc0-268b-47d6-871a-1e43a7e7d031', '2e44982a-e8d0-47e1-b451-e4b41d309bc6', '60576613', 'Yasury Esmelin', 'Villanueva Valle', '605757', '60002c0f-9af2-4eae-ad04-7081e8206d43');
INSERT INTO usuarios (id, email, password_hash, rol, nombre, apellidos, dni, activo) VALUES ('5944c585-2ded-4d7f-a1b0-ddf7d4593359', '601229@academia.edu', '$2b$10$Kt1WXnRsFi4Ux.r1r8SQD.Ps1ksMrVyIVlHWg9o3Z/3N8hWuZV/3G', 'alumno', 'Jhael Lionel', 'Bautista Leyva', '60121714', true);
INSERT INTO alumnos (id, usuario_id, dni, nombre, apellidos, codigo_barras, aula_id) VALUES ('b9530b67-1a37-4e0d-adcd-ac748f5fc269', '5944c585-2ded-4d7f-a1b0-ddf7d4593359', '60121714', 'Jhael Lionel', 'Bautista Leyva', '601229', '07ca152d-d6ff-4a97-948b-3b5b14600e7f');
INSERT INTO usuarios (id, email, password_hash, rol, nombre, apellidos, dni, activo) VALUES ('1573a9ac-8639-48a9-ab3c-89e0643383e1', '612314@academia.edu', '$2b$10$Kt1WXnRsFi4Ux.r1r8SQD.Ps1ksMrVyIVlHWg9o3Z/3N8hWuZV/3G', 'alumno', 'Johnnier Jahnsen', 'Blas Tamara', '61233245', true);
INSERT INTO alumnos (id, usuario_id, dni, nombre, apellidos, codigo_barras, aula_id) VALUES ('2b8f0998-e0be-452c-91db-581946778d83', '1573a9ac-8639-48a9-ab3c-89e0643383e1', '61233245', 'Johnnier Jahnsen', 'Blas Tamara', '612314', '07ca152d-d6ff-4a97-948b-3b5b14600e7f');
INSERT INTO usuarios (id, email, password_hash, rol, nombre, apellidos, dni, activo) VALUES ('2ac5e304-fd5e-48ac-94b3-d6bb20e9faa5', '616726@academia.edu', '$2b$10$Kt1WXnRsFi4Ux.r1r8SQD.Ps1ksMrVyIVlHWg9o3Z/3N8hWuZV/3G', 'alumno', 'Bayron Enrique', 'Brito Macedo', '61678650', true);
INSERT INTO alumnos (id, usuario_id, dni, nombre, apellidos, codigo_barras, aula_id) VALUES ('325edd27-ee41-4855-8a94-2f957effea85', '2ac5e304-fd5e-48ac-94b3-d6bb20e9faa5', '61678650', 'Bayron Enrique', 'Brito Macedo', '616726', '07ca152d-d6ff-4a97-948b-3b5b14600e7f');
INSERT INTO usuarios (id, email, password_hash, rol, nombre, apellidos, dni, activo) VALUES ('7df7382f-8b9e-4748-bfe7-f5dc11bac9c6', '600206@academia.edu', '$2b$10$Kt1WXnRsFi4Ux.r1r8SQD.Ps1ksMrVyIVlHWg9o3Z/3N8hWuZV/3G', 'alumno', 'Emelyn Melisa', 'Canta Velasquez', '60026691', true);
INSERT INTO alumnos (id, usuario_id, dni, nombre, apellidos, codigo_barras, aula_id) VALUES ('cef63313-8385-472e-8b1e-3b4a0ddbf832', '7df7382f-8b9e-4748-bfe7-f5dc11bac9c6', '60026691', 'Emelyn Melisa', 'Canta Velasquez', '600206', '07ca152d-d6ff-4a97-948b-3b5b14600e7f');
INSERT INTO usuarios (id, email, password_hash, rol, nombre, apellidos, dni, activo) VALUES ('f16ca5b6-c9f6-4a09-8187-2f2ea8f176db', '603892@academia.edu', '$2b$10$Kt1WXnRsFi4Ux.r1r8SQD.Ps1ksMrVyIVlHWg9o3Z/3N8hWuZV/3G', 'alumno', 'Alex Sander', 'Canuto Lunarejo', '60386777', true);
INSERT INTO alumnos (id, usuario_id, dni, nombre, apellidos, codigo_barras, aula_id) VALUES ('819c9bef-61fc-41d9-92f7-084968fa3fec', 'f16ca5b6-c9f6-4a09-8187-2f2ea8f176db', '60386777', 'Alex Sander', 'Canuto Lunarejo', '603892', '07ca152d-d6ff-4a97-948b-3b5b14600e7f');
INSERT INTO usuarios (id, email, password_hash, rol, nombre, apellidos, dni, activo) VALUES ('bb95c06d-ac7b-48d8-bd28-f62e5f9b1338', '603405@academia.edu', '$2b$10$Kt1WXnRsFi4Ux.r1r8SQD.Ps1ksMrVyIVlHWg9o3Z/3N8hWuZV/3G', 'alumno', 'Kiara Lucia', 'Carrion Romero', '60346697', true);
INSERT INTO alumnos (id, usuario_id, dni, nombre, apellidos, codigo_barras, aula_id) VALUES ('6b1c579e-9807-460c-9d7b-4cb18304dde2', 'bb95c06d-ac7b-48d8-bd28-f62e5f9b1338', '60346697', 'Kiara Lucia', 'Carrion Romero', '603405', '07ca152d-d6ff-4a97-948b-3b5b14600e7f');
INSERT INTO usuarios (id, email, password_hash, rol, nombre, apellidos, dni, activo) VALUES ('69736c24-7e6b-4b8d-b812-a2cf187d5511', '603910@academia.edu', '$2b$10$Kt1WXnRsFi4Ux.r1r8SQD.Ps1ksMrVyIVlHWg9o3Z/3N8hWuZV/3G', 'alumno', 'Britney Xiomara', 'Cochachin Villafane', '60395119', true);
INSERT INTO alumnos (id, usuario_id, dni, nombre, apellidos, codigo_barras, aula_id) VALUES ('33bc58af-30c1-4d1a-80af-0260c1fc7719', '69736c24-7e6b-4b8d-b812-a2cf187d5511', '60395119', 'Britney Xiomara', 'Cochachin Villafane', '603910', '07ca152d-d6ff-4a97-948b-3b5b14600e7f');
INSERT INTO usuarios (id, email, password_hash, rol, nombre, apellidos, dni, activo) VALUES ('c510b728-3de4-4fe2-950f-dde60b0cc60b', '783762@academia.edu', '$2b$10$Kt1WXnRsFi4Ux.r1r8SQD.Ps1ksMrVyIVlHWg9o3Z/3N8hWuZV/3G', 'alumno', 'Analy Mijal', 'Cruz Espinoza', '78375591', true);
INSERT INTO alumnos (id, usuario_id, dni, nombre, apellidos, codigo_barras, aula_id) VALUES ('66becb3b-7864-4fcf-95ba-a907660609db', 'c510b728-3de4-4fe2-950f-dde60b0cc60b', '78375591', 'Analy Mijal', 'Cruz Espinoza', '783762', '07ca152d-d6ff-4a97-948b-3b5b14600e7f');
INSERT INTO usuarios (id, email, password_hash, rol, nombre, apellidos, dni, activo) VALUES ('7f7f91ec-1d40-478f-8239-823836eac8e6', '616323@academia.edu', '$2b$10$Kt1WXnRsFi4Ux.r1r8SQD.Ps1ksMrVyIVlHWg9o3Z/3N8hWuZV/3G', 'alumno', 'Luiciño Santiago', 'Cueva Jaque', '61632153', true);
INSERT INTO alumnos (id, usuario_id, dni, nombre, apellidos, codigo_barras, aula_id) VALUES ('27283d82-5757-455a-8e8b-b24a9165906d', '7f7f91ec-1d40-478f-8239-823836eac8e6', '61632153', 'Luiciño Santiago', 'Cueva Jaque', '616323', '07ca152d-d6ff-4a97-948b-3b5b14600e7f');
INSERT INTO usuarios (id, email, password_hash, rol, nombre, apellidos, dni, activo) VALUES ('730657e1-07bd-4a6f-b831-d4e1b6cd4af2', '606121@academia.edu', '$2b$10$Kt1WXnRsFi4Ux.r1r8SQD.Ps1ksMrVyIVlHWg9o3Z/3N8hWuZV/3G', 'alumno', 'Diego Sebastian', 'Dominguez Palacios', '60611445', true);
INSERT INTO alumnos (id, usuario_id, dni, nombre, apellidos, codigo_barras, aula_id) VALUES ('a7a26f9d-8d8c-45c3-8c2f-acba1c2f0a50', '730657e1-07bd-4a6f-b831-d4e1b6cd4af2', '60611445', 'Diego Sebastian', 'Dominguez Palacios', '606121', '07ca152d-d6ff-4a97-948b-3b5b14600e7f');
INSERT INTO usuarios (id, email, password_hash, rol, nombre, apellidos, dni, activo) VALUES ('3b130977-63ac-4240-82fd-ab48f18126eb', '614844@academia.edu', '$2b$10$Kt1WXnRsFi4Ux.r1r8SQD.Ps1ksMrVyIVlHWg9o3Z/3N8hWuZV/3G', 'alumno', 'Jhair Jhampier', 'Espinoza Paucar', '61480408', true);
INSERT INTO alumnos (id, usuario_id, dni, nombre, apellidos, codigo_barras, aula_id) VALUES ('4a3fbbd3-9491-4a4e-bc0a-1d1507b9f11b', '3b130977-63ac-4240-82fd-ab48f18126eb', '61480408', 'Jhair Jhampier', 'Espinoza Paucar', '614844', '07ca152d-d6ff-4a97-948b-3b5b14600e7f');
INSERT INTO usuarios (id, email, password_hash, rol, nombre, apellidos, dni, activo) VALUES ('7d14f945-271a-4982-bf74-c40daafb5a7e', '602519@academia.edu', '$2b$10$Kt1WXnRsFi4Ux.r1r8SQD.Ps1ksMrVyIVlHWg9o3Z/3N8hWuZV/3G', 'alumno', 'Aixa Mery', 'Evaristo Lirio', '60250843', true);
INSERT INTO alumnos (id, usuario_id, dni, nombre, apellidos, codigo_barras, aula_id) VALUES ('fbadf251-a741-4c08-a21b-9db3d0a9e84a', '7d14f945-271a-4982-bf74-c40daafb5a7e', '60250843', 'Aixa Mery', 'Evaristo Lirio', '602519', '07ca152d-d6ff-4a97-948b-3b5b14600e7f');
INSERT INTO usuarios (id, email, password_hash, rol, nombre, apellidos, dni, activo) VALUES ('9412cd2e-7517-443d-9a57-948cce45a492', '614091@academia.edu', '$2b$10$Kt1WXnRsFi4Ux.r1r8SQD.Ps1ksMrVyIVlHWg9o3Z/3N8hWuZV/3G', 'alumno', 'Angel Aldahir', 'Fernandez Fernandez', '61409528', true);
INSERT INTO alumnos (id, usuario_id, dni, nombre, apellidos, codigo_barras, aula_id) VALUES ('95d11d7e-8202-4481-a460-16a372d0de04', '9412cd2e-7517-443d-9a57-948cce45a492', '61409528', 'Angel Aldahir', 'Fernandez Fernandez', '614091', '07ca152d-d6ff-4a97-948b-3b5b14600e7f');
INSERT INTO usuarios (id, email, password_hash, rol, nombre, apellidos, dni, activo) VALUES ('59e4e07e-a6af-47ec-a907-8eb371ab1492', '620453@academia.edu', '$2b$10$Kt1WXnRsFi4Ux.r1r8SQD.Ps1ksMrVyIVlHWg9o3Z/3N8hWuZV/3G', 'alumno', 'Sebastian Lenin', 'Figueroa Andrade', '62042891', true);
INSERT INTO alumnos (id, usuario_id, dni, nombre, apellidos, codigo_barras, aula_id) VALUES ('2eb8f20a-04ef-4677-9471-6d1cc054a622', '59e4e07e-a6af-47ec-a907-8eb371ab1492', '62042891', 'Sebastian Lenin', 'Figueroa Andrade', '620453', '07ca152d-d6ff-4a97-948b-3b5b14600e7f');
INSERT INTO usuarios (id, email, password_hash, rol, nombre, apellidos, dni, activo) VALUES ('33a0e8f3-51cd-4e19-910b-3e0df9cf4c7e', '614081@academia.edu', '$2b$10$Kt1WXnRsFi4Ux.r1r8SQD.Ps1ksMrVyIVlHWg9o3Z/3N8hWuZV/3G', 'alumno', 'Erika Fiorela', 'Figueroa Rurush', '61409481', true);
INSERT INTO alumnos (id, usuario_id, dni, nombre, apellidos, codigo_barras, aula_id) VALUES ('f9e146ff-bcfb-4964-8eab-71f1245bee2d', '33a0e8f3-51cd-4e19-910b-3e0df9cf4c7e', '61409481', 'Erika Fiorela', 'Figueroa Rurush', '614081', '07ca152d-d6ff-4a97-948b-3b5b14600e7f');
INSERT INTO usuarios (id, email, password_hash, rol, nombre, apellidos, dni, activo) VALUES ('b90dc0a6-90f2-4784-a5a1-d14de7ec5e95', '612357@academia.edu', '$2b$10$Kt1WXnRsFi4Ux.r1r8SQD.Ps1ksMrVyIVlHWg9o3Z/3N8hWuZV/3G', 'alumno', 'Flor Stefani', 'Flores Olortegui', '61233278', true);
INSERT INTO alumnos (id, usuario_id, dni, nombre, apellidos, codigo_barras, aula_id) VALUES ('0a48eb48-bfd9-4bc7-ba2d-4d7fdb60ad29', 'b90dc0a6-90f2-4784-a5a1-d14de7ec5e95', '61233278', 'Flor Stefani', 'Flores Olortegui', '612357', '07ca152d-d6ff-4a97-948b-3b5b14600e7f');
INSERT INTO usuarios (id, email, password_hash, rol, nombre, apellidos, dni, activo) VALUES ('76f1ec21-b3eb-48c0-b42e-e58696b2a990', '606176@academia.edu', '$2b$10$Kt1WXnRsFi4Ux.r1r8SQD.Ps1ksMrVyIVlHWg9o3Z/3N8hWuZV/3G', 'alumno', 'Mathias Jared', 'Gamarra Varela', '60613312', true);
INSERT INTO alumnos (id, usuario_id, dni, nombre, apellidos, codigo_barras, aula_id) VALUES ('e465bb37-22f1-4beb-842c-8734dd78188e', '76f1ec21-b3eb-48c0-b42e-e58696b2a990', '60613312', 'Mathias Jared', 'Gamarra Varela', '606176', '07ca152d-d6ff-4a97-948b-3b5b14600e7f');
INSERT INTO usuarios (id, email, password_hash, rol, nombre, apellidos, dni, activo) VALUES ('ad920585-924f-493c-abae-d99949b2a774', '610879@academia.edu', '$2b$10$Kt1WXnRsFi4Ux.r1r8SQD.Ps1ksMrVyIVlHWg9o3Z/3N8hWuZV/3G', 'alumno', 'Daniel Felix', 'Gomero Baez', '61080627', true);
INSERT INTO alumnos (id, usuario_id, dni, nombre, apellidos, codigo_barras, aula_id) VALUES ('9b066b85-f13e-4a00-8d9f-4c4b451897db', 'ad920585-924f-493c-abae-d99949b2a774', '61080627', 'Daniel Felix', 'Gomero Baez', '610879', '07ca152d-d6ff-4a97-948b-3b5b14600e7f');
INSERT INTO usuarios (id, email, password_hash, rol, nombre, apellidos, dni, activo) VALUES ('8a26bf59-838d-4a50-a4ba-bf4b92313c98', '610862@academia.edu', '$2b$10$Kt1WXnRsFi4Ux.r1r8SQD.Ps1ksMrVyIVlHWg9o3Z/3N8hWuZV/3G', 'alumno', 'David Herbet', 'Gutierrez Toledo', '61080665', true);
INSERT INTO alumnos (id, usuario_id, dni, nombre, apellidos, codigo_barras, aula_id) VALUES ('881cc9bd-d839-4797-82e2-f707a079e2d8', '8a26bf59-838d-4a50-a4ba-bf4b92313c98', '61080665', 'David Herbet', 'Gutierrez Toledo', '610862', '07ca152d-d6ff-4a97-948b-3b5b14600e7f');
INSERT INTO usuarios (id, email, password_hash, rol, nombre, apellidos, dni, activo) VALUES ('6e4f1b6c-5f73-4251-bcef-5f1cf08501d7', '707020@academia.edu', '$2b$10$Kt1WXnRsFi4Ux.r1r8SQD.Ps1ksMrVyIVlHWg9o3Z/3N8hWuZV/3G', 'alumno', 'Frank Gerar', 'Julca Lopez', '70700980', true);
INSERT INTO alumnos (id, usuario_id, dni, nombre, apellidos, codigo_barras, aula_id) VALUES ('414ace69-b801-4dc0-a7c4-17427a4fa4d6', '6e4f1b6c-5f73-4251-bcef-5f1cf08501d7', '70700980', 'Frank Gerar', 'Julca Lopez', '707020', '07ca152d-d6ff-4a97-948b-3b5b14600e7f');
INSERT INTO usuarios (id, email, password_hash, rol, nombre, apellidos, dni, activo) VALUES ('746ba998-c2d8-421c-b4f6-418ecf10ba29', '606728@academia.edu', '$2b$10$Kt1WXnRsFi4Ux.r1r8SQD.Ps1ksMrVyIVlHWg9o3Z/3N8hWuZV/3G', 'alumno', 'Andy Alonso', 'Laguna Choque', '60672414', true);
INSERT INTO alumnos (id, usuario_id, dni, nombre, apellidos, codigo_barras, aula_id) VALUES ('55d7f6b4-f64d-49a7-ab88-17d2183a2245', '746ba998-c2d8-421c-b4f6-418ecf10ba29', '60672414', 'Andy Alonso', 'Laguna Choque', '606728', '07ca152d-d6ff-4a97-948b-3b5b14600e7f');
INSERT INTO usuarios (id, email, password_hash, rol, nombre, apellidos, dni, activo) VALUES ('b791a04c-17f1-4aac-9a2a-711ad0808410', '602523@academia.edu', '$2b$10$Kt1WXnRsFi4Ux.r1r8SQD.Ps1ksMrVyIVlHWg9o3Z/3N8hWuZV/3G', 'alumno', 'Sebastian Fabricio Brindice', 'Leon Huaman', '60259880', true);
INSERT INTO alumnos (id, usuario_id, dni, nombre, apellidos, codigo_barras, aula_id) VALUES ('c71d2375-c912-4267-8a47-57aaa727fae2', 'b791a04c-17f1-4aac-9a2a-711ad0808410', '60259880', 'Sebastian Fabricio Brindice', 'Leon Huaman', '602523', '07ca152d-d6ff-4a97-948b-3b5b14600e7f');
INSERT INTO usuarios (id, email, password_hash, rol, nombre, apellidos, dni, activo) VALUES ('d435de41-8b06-4e93-ad1e-7f73df4667c7', '613137@academia.edu', '$2b$10$Kt1WXnRsFi4Ux.r1r8SQD.Ps1ksMrVyIVlHWg9o3Z/3N8hWuZV/3G', 'alumno', 'Crisbellys Arlett', 'Leon Trejo', '61314735', true);
INSERT INTO alumnos (id, usuario_id, dni, nombre, apellidos, codigo_barras, aula_id) VALUES ('0446640c-9e73-402f-966d-9e94975ea9a0', 'd435de41-8b06-4e93-ad1e-7f73df4667c7', '61314735', 'Crisbellys Arlett', 'Leon Trejo', '613137', '07ca152d-d6ff-4a97-948b-3b5b14600e7f');
INSERT INTO usuarios (id, email, password_hash, rol, nombre, apellidos, dni, activo) VALUES ('9c68b61d-d28d-413d-b9a3-388c9416c69c', '614242@academia.edu', '$2b$10$Kt1WXnRsFi4Ux.r1r8SQD.Ps1ksMrVyIVlHWg9o3Z/3N8hWuZV/3G', 'alumno', 'Yesica Andrea', 'Lopez Jamanca', '61429201', true);
INSERT INTO alumnos (id, usuario_id, dni, nombre, apellidos, codigo_barras, aula_id) VALUES ('fb7cad9d-c36d-4b34-8471-7bfa43468d78', '9c68b61d-d28d-413d-b9a3-388c9416c69c', '61429201', 'Yesica Andrea', 'Lopez Jamanca', '614242', '07ca152d-d6ff-4a97-948b-3b5b14600e7f');
INSERT INTO usuarios (id, email, password_hash, rol, nombre, apellidos, dni, activo) VALUES ('a61e759a-28f4-4179-b901-ac5f90b1d9f8', '716795@academia.edu', '$2b$10$Kt1WXnRsFi4Ux.r1r8SQD.Ps1ksMrVyIVlHWg9o3Z/3N8hWuZV/3G', 'alumno', 'Bridget Xiomara', 'Macedo Benitez', '71672564', true);
INSERT INTO alumnos (id, usuario_id, dni, nombre, apellidos, codigo_barras, aula_id) VALUES ('b8fa7325-af29-4c01-8002-5d02bcbbf097', 'a61e759a-28f4-4179-b901-ac5f90b1d9f8', '71672564', 'Bridget Xiomara', 'Macedo Benitez', '716795', '07ca152d-d6ff-4a97-948b-3b5b14600e7f');
INSERT INTO usuarios (id, email, password_hash, rol, nombre, apellidos, dni, activo) VALUES ('a378d2ac-a39b-42ec-acfd-d535e306ca92', '614790@academia.edu', '$2b$10$Kt1WXnRsFi4Ux.r1r8SQD.Ps1ksMrVyIVlHWg9o3Z/3N8hWuZV/3G', 'alumno', 'Tomas Vidal', 'Machco Leon', '61476623', true);
INSERT INTO alumnos (id, usuario_id, dni, nombre, apellidos, codigo_barras, aula_id) VALUES ('18594a47-c82d-4924-8a2d-1f6efc523e15', 'a378d2ac-a39b-42ec-acfd-d535e306ca92', '61476623', 'Tomas Vidal', 'Machco Leon', '614790', '07ca152d-d6ff-4a97-948b-3b5b14600e7f');
INSERT INTO usuarios (id, email, password_hash, rol, nombre, apellidos, dni, activo) VALUES ('0c4b0734-67eb-43ed-8cdf-ac68b675e8fa', '606166@academia.edu', '$2b$10$Kt1WXnRsFi4Ux.r1r8SQD.Ps1ksMrVyIVlHWg9o3Z/3N8hWuZV/3G', 'alumno', 'Nicol Esmeralda', 'Maturana Alva', '60613309', true);
INSERT INTO alumnos (id, usuario_id, dni, nombre, apellidos, codigo_barras, aula_id) VALUES ('a92d4437-5caf-44ec-92c2-3434117d29bb', '0c4b0734-67eb-43ed-8cdf-ac68b675e8fa', '60613309', 'Nicol Esmeralda', 'Maturana Alva', '606166', '07ca152d-d6ff-4a97-948b-3b5b14600e7f');
INSERT INTO usuarios (id, email, password_hash, rol, nombre, apellidos, dni, activo) VALUES ('24a537eb-f8a9-4971-8edd-9fdf60f1c5e2', '603188@academia.edu', '$2b$10$Kt1WXnRsFi4Ux.r1r8SQD.Ps1ksMrVyIVlHWg9o3Z/3N8hWuZV/3G', 'alumno', 'Kiara Cristel', 'Mendoza Quispe', '60319686', true);
INSERT INTO alumnos (id, usuario_id, dni, nombre, apellidos, codigo_barras, aula_id) VALUES ('c6b8c481-d683-43bb-80fc-179acde62da7', '24a537eb-f8a9-4971-8edd-9fdf60f1c5e2', '60319686', 'Kiara Cristel', 'Mendoza Quispe', '603188', '07ca152d-d6ff-4a97-948b-3b5b14600e7f');
INSERT INTO usuarios (id, email, password_hash, rol, nombre, apellidos, dni, activo) VALUES ('81a6f4a7-d197-4321-ae4f-d506d059c407', '606711@academia.edu', '$2b$10$Kt1WXnRsFi4Ux.r1r8SQD.Ps1ksMrVyIVlHWg9o3Z/3N8hWuZV/3G', 'alumno', 'Fredy David', 'Milla Lara', '60672275', true);
INSERT INTO alumnos (id, usuario_id, dni, nombre, apellidos, codigo_barras, aula_id) VALUES ('a1ad4fa8-d16d-4579-8636-e42664a642cc', '81a6f4a7-d197-4321-ae4f-d506d059c407', '60672275', 'Fredy David', 'Milla Lara', '606711', '07ca152d-d6ff-4a97-948b-3b5b14600e7f');
INSERT INTO usuarios (id, email, password_hash, rol, nombre, apellidos, dni, activo) VALUES ('8d5f40a2-9f19-4563-a2ae-0d390913e51e', '606945@academia.edu', '$2b$10$Kt1WXnRsFi4Ux.r1r8SQD.Ps1ksMrVyIVlHWg9o3Z/3N8hWuZV/3G', 'alumno', 'Akira Brenda', 'Montes Paucar', '60691897', true);
INSERT INTO alumnos (id, usuario_id, dni, nombre, apellidos, codigo_barras, aula_id) VALUES ('e8beb070-2155-4225-be45-2e1636a4f111', '8d5f40a2-9f19-4563-a2ae-0d390913e51e', '60691897', 'Akira Brenda', 'Montes Paucar', '606945', '07ca152d-d6ff-4a97-948b-3b5b14600e7f');
INSERT INTO usuarios (id, email, password_hash, rol, nombre, apellidos, dni, activo) VALUES ('1ae85b9e-c6eb-4eea-9c7f-8b7e98f5cc68', '615532@academia.edu', '$2b$10$Kt1WXnRsFi4Ux.r1r8SQD.Ps1ksMrVyIVlHWg9o3Z/3N8hWuZV/3G', 'alumno', 'Rodrigo Jaime', 'Morales Lunarejo', '61558972', true);
INSERT INTO alumnos (id, usuario_id, dni, nombre, apellidos, codigo_barras, aula_id) VALUES ('f6766770-0ad7-422c-af66-d388a7da1b1a', '1ae85b9e-c6eb-4eea-9c7f-8b7e98f5cc68', '61558972', 'Rodrigo Jaime', 'Morales Lunarejo', '615532', '07ca152d-d6ff-4a97-948b-3b5b14600e7f');
INSERT INTO usuarios (id, email, password_hash, rol, nombre, apellidos, dni, activo) VALUES ('b03b4c06-1f70-4024-8053-3937677cec5e', '614858@academia.edu', '$2b$10$Kt1WXnRsFi4Ux.r1r8SQD.Ps1ksMrVyIVlHWg9o3Z/3N8hWuZV/3G', 'alumno', 'Cristopher Gonzalo', 'Osorio Arias', '61480236', true);
INSERT INTO alumnos (id, usuario_id, dni, nombre, apellidos, codigo_barras, aula_id) VALUES ('978a1751-293d-4f2d-8862-bd70e16f5086', 'b03b4c06-1f70-4024-8053-3937677cec5e', '61480236', 'Cristopher Gonzalo', 'Osorio Arias', '614858', '07ca152d-d6ff-4a97-948b-3b5b14600e7f');
INSERT INTO usuarios (id, email, password_hash, rol, nombre, apellidos, dni, activo) VALUES ('c08dfccc-720f-46a8-9692-bb2e317d49ce', '614222@academia.edu', '$2b$10$Kt1WXnRsFi4Ux.r1r8SQD.Ps1ksMrVyIVlHWg9o3Z/3N8hWuZV/3G', 'alumno', 'Manuel Alejandro', 'Palma Toledo', '61422084', true);
INSERT INTO alumnos (id, usuario_id, dni, nombre, apellidos, codigo_barras, aula_id) VALUES ('b6dff140-df68-4a37-9800-4b8992edc238', 'c08dfccc-720f-46a8-9692-bb2e317d49ce', '61422084', 'Manuel Alejandro', 'Palma Toledo', '614222', '07ca152d-d6ff-4a97-948b-3b5b14600e7f');
INSERT INTO usuarios (id, email, password_hash, rol, nombre, apellidos, dni, activo) VALUES ('472e73fd-121b-48d0-a11b-c3e443fc6570', '620503@academia.edu', '$2b$10$Kt1WXnRsFi4Ux.r1r8SQD.Ps1ksMrVyIVlHWg9o3Z/3N8hWuZV/3G', 'alumno', 'Maryori Killary', 'Paredez Ramirez', '62058332', true);
INSERT INTO alumnos (id, usuario_id, dni, nombre, apellidos, codigo_barras, aula_id) VALUES ('b40f77e5-5118-450d-add3-8ad6b61aedc1', '472e73fd-121b-48d0-a11b-c3e443fc6570', '62058332', 'Maryori Killary', 'Paredez Ramirez', '620503', '07ca152d-d6ff-4a97-948b-3b5b14600e7f');
INSERT INTO usuarios (id, email, password_hash, rol, nombre, apellidos, dni, activo) VALUES ('c9ad11bf-76ad-47a0-b1ab-e04fc63cce87', '603842@academia.edu', '$2b$10$Kt1WXnRsFi4Ux.r1r8SQD.Ps1ksMrVyIVlHWg9o3Z/3N8hWuZV/3G', 'alumno', 'Roilando Jhosep', 'Patricio Ventura', '60389115', true);
INSERT INTO alumnos (id, usuario_id, dni, nombre, apellidos, codigo_barras, aula_id) VALUES ('717bf520-dd87-475c-8f07-e17d25fe3dbf', 'c9ad11bf-76ad-47a0-b1ab-e04fc63cce87', '60389115', 'Roilando Jhosep', 'Patricio Ventura', '603842', '07ca152d-d6ff-4a97-948b-3b5b14600e7f');
INSERT INTO usuarios (id, email, password_hash, rol, nombre, apellidos, dni, activo) VALUES ('fb29c115-a4c1-40ec-83a7-6b67600e9b0d', '606037@academia.edu', '$2b$10$Kt1WXnRsFi4Ux.r1r8SQD.Ps1ksMrVyIVlHWg9o3Z/3N8hWuZV/3G', 'alumno', 'Alexis Leonel', 'Polo Chinchay', '60609250', true);
INSERT INTO alumnos (id, usuario_id, dni, nombre, apellidos, codigo_barras, aula_id) VALUES ('9480f2f3-0d95-410c-aebf-4a10b408c3c9', 'fb29c115-a4c1-40ec-83a7-6b67600e9b0d', '60609250', 'Alexis Leonel', 'Polo Chinchay', '606037', '07ca152d-d6ff-4a97-948b-3b5b14600e7f');
INSERT INTO usuarios (id, email, password_hash, rol, nombre, apellidos, dni, activo) VALUES ('db19fd22-fdc7-499e-a9c7-ad1a97a3540e', '616124@academia.edu', '$2b$10$Kt1WXnRsFi4Ux.r1r8SQD.Ps1ksMrVyIVlHWg9o3Z/3N8hWuZV/3G', 'alumno', 'Etmer Jhayro', 'Quiñones Melgarejo', '61610504', true);
INSERT INTO alumnos (id, usuario_id, dni, nombre, apellidos, codigo_barras, aula_id) VALUES ('bc2a1040-3661-4f95-9dc1-d4f6b3e56824', 'db19fd22-fdc7-499e-a9c7-ad1a97a3540e', '61610504', 'Etmer Jhayro', 'Quiñones Melgarejo', '616124', '07ca152d-d6ff-4a97-948b-3b5b14600e7f');
INSERT INTO usuarios (id, email, password_hash, rol, nombre, apellidos, dni, activo) VALUES ('9ce04f38-c6dd-4151-8270-0f93b7654d2f', '614833@academia.edu', '$2b$10$Kt1WXnRsFi4Ux.r1r8SQD.Ps1ksMrVyIVlHWg9o3Z/3N8hWuZV/3G', 'alumno', 'Diego Farid', 'Rojas Flores', '61480321', true);
INSERT INTO alumnos (id, usuario_id, dni, nombre, apellidos, codigo_barras, aula_id) VALUES ('07318b16-470d-41a9-9438-69582b474bc4', '9ce04f38-c6dd-4151-8270-0f93b7654d2f', '61480321', 'Diego Farid', 'Rojas Flores', '614833', '07ca152d-d6ff-4a97-948b-3b5b14600e7f');
INSERT INTO usuarios (id, email, password_hash, rol, nombre, apellidos, dni, activo) VALUES ('6c34caac-6ffd-485b-9eb4-1759100a29cc', '607242@academia.edu', '$2b$10$Kt1WXnRsFi4Ux.r1r8SQD.Ps1ksMrVyIVlHWg9o3Z/3N8hWuZV/3G', 'alumno', 'Percy Paolo', 'Rojas Pintado', '60728061', true);
INSERT INTO alumnos (id, usuario_id, dni, nombre, apellidos, codigo_barras, aula_id) VALUES ('49f30925-8145-4e84-a6ec-b5ba78d528f9', '6c34caac-6ffd-485b-9eb4-1759100a29cc', '60728061', 'Percy Paolo', 'Rojas Pintado', '607242', '07ca152d-d6ff-4a97-948b-3b5b14600e7f');
INSERT INTO usuarios (id, email, password_hash, rol, nombre, apellidos, dni, activo) VALUES ('6e9005bf-81a7-4acc-bbfa-eb1fc758fafd', '606544@academia.edu', '$2b$10$Kt1WXnRsFi4Ux.r1r8SQD.Ps1ksMrVyIVlHWg9o3Z/3N8hWuZV/3G', 'alumno', 'Darwin Giovanni', 'Rosario Jara', '60654950', true);
INSERT INTO alumnos (id, usuario_id, dni, nombre, apellidos, codigo_barras, aula_id) VALUES ('9382b4fa-e597-453b-bb34-2c4a634fed0c', '6e9005bf-81a7-4acc-bbfa-eb1fc758fafd', '60654950', 'Darwin Giovanni', 'Rosario Jara', '606544', '07ca152d-d6ff-4a97-948b-3b5b14600e7f');
INSERT INTO usuarios (id, email, password_hash, rol, nombre, apellidos, dni, activo) VALUES ('e3025d00-c080-4dcb-a8db-b44474d85c61', '613699@academia.edu', '$2b$10$Kt1WXnRsFi4Ux.r1r8SQD.Ps1ksMrVyIVlHWg9o3Z/3N8hWuZV/3G', 'alumno', 'Jerau Alejandro', 'Ruiz Obregon', '61363145', true);
INSERT INTO alumnos (id, usuario_id, dni, nombre, apellidos, codigo_barras, aula_id) VALUES ('75c2f83d-e92e-4520-9318-e977af397a56', 'e3025d00-c080-4dcb-a8db-b44474d85c61', '61363145', 'Jerau Alejandro', 'Ruiz Obregon', '613699', '07ca152d-d6ff-4a97-948b-3b5b14600e7f');
INSERT INTO usuarios (id, email, password_hash, rol, nombre, apellidos, dni, activo) VALUES ('61895aeb-01d9-4d85-aa7c-adf9dce0b69d', '482233@academia.edu', '$2b$10$Kt1WXnRsFi4Ux.r1r8SQD.Ps1ksMrVyIVlHWg9o3Z/3N8hWuZV/3G', 'alumno', 'Jesus Javier', 'Tarazona Perez', '48223809', true);
INSERT INTO alumnos (id, usuario_id, dni, nombre, apellidos, codigo_barras, aula_id) VALUES ('0154bfa3-9a2c-476e-9be3-6c82db5a190f', '61895aeb-01d9-4d85-aa7c-adf9dce0b69d', '48223809', 'Jesus Javier', 'Tarazona Perez', '482233', '07ca152d-d6ff-4a97-948b-3b5b14600e7f');
INSERT INTO usuarios (id, email, password_hash, rol, nombre, apellidos, dni, activo) VALUES ('26be1846-89d5-4f4a-af0d-4cc6dd3fba9b', '614021@academia.edu', '$2b$10$Kt1WXnRsFi4Ux.r1r8SQD.Ps1ksMrVyIVlHWg9o3Z/3N8hWuZV/3G', 'alumno', 'Ericson', 'Torres Guerrero', '61409272', true);
INSERT INTO alumnos (id, usuario_id, dni, nombre, apellidos, codigo_barras, aula_id) VALUES ('2a59e2f2-0e2a-44a1-b706-c32bfc213bd2', '26be1846-89d5-4f4a-af0d-4cc6dd3fba9b', '61409272', 'Ericson', 'Torres Guerrero', '614021', '07ca152d-d6ff-4a97-948b-3b5b14600e7f');
INSERT INTO usuarios (id, email, password_hash, rol, nombre, apellidos, dni, activo) VALUES ('f97cc31a-5c29-4538-98da-5574780a7dee', '606746@academia.edu', '$2b$10$Kt1WXnRsFi4Ux.r1r8SQD.Ps1ksMrVyIVlHWg9o3Z/3N8hWuZV/3G', 'alumno', 'Pamela', 'Vasquez Chilca', '60675314', true);
INSERT INTO alumnos (id, usuario_id, dni, nombre, apellidos, codigo_barras, aula_id) VALUES ('da01870a-2326-42a1-b165-d9c35ccd11af', 'f97cc31a-5c29-4538-98da-5574780a7dee', '60675314', 'Pamela', 'Vasquez Chilca', '606746', '07ca152d-d6ff-4a97-948b-3b5b14600e7f');
INSERT INTO usuarios (id, email, password_hash, rol, nombre, apellidos, dni, activo) VALUES ('8fc1322a-cc82-444d-9626-bf6f91f4321f', '612910@academia.edu', '$2b$10$Kt1WXnRsFi4Ux.r1r8SQD.Ps1ksMrVyIVlHWg9o3Z/3N8hWuZV/3G', 'alumno', 'Sebastian Adiel', 'Alba Portilla', '61298668', true);
INSERT INTO alumnos (id, usuario_id, dni, nombre, apellidos, codigo_barras, aula_id) VALUES ('c6eb31c8-1c94-42e7-87d8-d9c5d98d0213', '8fc1322a-cc82-444d-9626-bf6f91f4321f', '61298668', 'Sebastian Adiel', 'Alba Portilla', '612910', '5d340064-763d-4da2-b8e2-f9ecb57690f7');
INSERT INTO usuarios (id, email, password_hash, rol, nombre, apellidos, dni, activo) VALUES ('15c255c3-9a20-4c70-b2f6-bc43b168a073', '620139@academia.edu', '$2b$10$Kt1WXnRsFi4Ux.r1r8SQD.Ps1ksMrVyIVlHWg9o3Z/3N8hWuZV/3G', 'alumno', 'Kiara Camila', 'Ardiles Macedo', '62015018', true);
INSERT INTO alumnos (id, usuario_id, dni, nombre, apellidos, codigo_barras, aula_id) VALUES ('c9084820-3b45-403c-be03-9e50d5d858e7', '15c255c3-9a20-4c70-b2f6-bc43b168a073', '62015018', 'Kiara Camila', 'Ardiles Macedo', '620139', '5d340064-763d-4da2-b8e2-f9ecb57690f7');
INSERT INTO usuarios (id, email, password_hash, rol, nombre, apellidos, dni, activo) VALUES ('6a144075-445e-4ce6-b39c-69559a57d4ae', '605265@academia.edu', '$2b$10$Kt1WXnRsFi4Ux.r1r8SQD.Ps1ksMrVyIVlHWg9o3Z/3N8hWuZV/3G', 'alumno', 'Williams Alcides', 'Blas Ticlo', '60522696', true);
INSERT INTO alumnos (id, usuario_id, dni, nombre, apellidos, codigo_barras, aula_id) VALUES ('7d698b3b-63e9-4721-8a17-f0650d72385c', '6a144075-445e-4ce6-b39c-69559a57d4ae', '60522696', 'Williams Alcides', 'Blas Ticlo', '605265', '5d340064-763d-4da2-b8e2-f9ecb57690f7');
INSERT INTO usuarios (id, email, password_hash, rol, nombre, apellidos, dni, activo) VALUES ('8b40c5cd-30e4-4440-8774-11f3ea7338bd', '713590@academia.edu', '$2b$10$Kt1WXnRsFi4Ux.r1r8SQD.Ps1ksMrVyIVlHWg9o3Z/3N8hWuZV/3G', 'alumno', 'Gheremy Natsumy', 'Caballero Caceres', '71357871', true);
INSERT INTO alumnos (id, usuario_id, dni, nombre, apellidos, codigo_barras, aula_id) VALUES ('3a6c5f17-f5da-43a3-9d52-94da32122117', '8b40c5cd-30e4-4440-8774-11f3ea7338bd', '71357871', 'Gheremy Natsumy', 'Caballero Caceres', '713590', '5d340064-763d-4da2-b8e2-f9ecb57690f7');
INSERT INTO usuarios (id, email, password_hash, rol, nombre, apellidos, dni, activo) VALUES ('b07aa5b6-1921-4946-81ef-49f2b73156d2', '613140@academia.edu', '$2b$10$Kt1WXnRsFi4Ux.r1r8SQD.Ps1ksMrVyIVlHWg9o3Z/3N8hWuZV/3G', 'alumno', 'Mardeli Yomayra', 'Calvo Chauca', '61314564', true);
INSERT INTO alumnos (id, usuario_id, dni, nombre, apellidos, codigo_barras, aula_id) VALUES ('7a9742c6-cb31-4020-a0ac-75d0f2aef605', 'b07aa5b6-1921-4946-81ef-49f2b73156d2', '61314564', 'Mardeli Yomayra', 'Calvo Chauca', '613140', '5d340064-763d-4da2-b8e2-f9ecb57690f7');
INSERT INTO usuarios (id, email, password_hash, rol, nombre, apellidos, dni, activo) VALUES ('43fab7a6-a624-4e56-a864-2da01b980215', '606813@academia.edu', '$2b$10$Kt1WXnRsFi4Ux.r1r8SQD.Ps1ksMrVyIVlHWg9o3Z/3N8hWuZV/3G', 'alumno', 'Willy Richard', 'Carbajal Cerna', '60682913', true);
INSERT INTO alumnos (id, usuario_id, dni, nombre, apellidos, codigo_barras, aula_id) VALUES ('bb071001-dd57-4e73-8e47-4de099225fea', '43fab7a6-a624-4e56-a864-2da01b980215', '60682913', 'Willy Richard', 'Carbajal Cerna', '606813', '5d340064-763d-4da2-b8e2-f9ecb57690f7');
INSERT INTO usuarios (id, email, password_hash, rol, nombre, apellidos, dni, activo) VALUES ('120ec397-7af2-4080-8f86-e53bf9fa5373', '615189@academia.edu', '$2b$10$Kt1WXnRsFi4Ux.r1r8SQD.Ps1ksMrVyIVlHWg9o3Z/3N8hWuZV/3G', 'alumno', 'Jhanphier Kenedy', 'Castillo Sotelo', '61517166', true);
INSERT INTO alumnos (id, usuario_id, dni, nombre, apellidos, codigo_barras, aula_id) VALUES ('94770109-facc-4361-8f66-1e80d800fc68', '120ec397-7af2-4080-8f86-e53bf9fa5373', '61517166', 'Jhanphier Kenedy', 'Castillo Sotelo', '615189', '5d340064-763d-4da2-b8e2-f9ecb57690f7');
INSERT INTO usuarios (id, email, password_hash, rol, nombre, apellidos, dni, activo) VALUES ('5284595e-3f59-422b-82e3-6efff6f1fa77', '602152@academia.edu', '$2b$10$Kt1WXnRsFi4Ux.r1r8SQD.Ps1ksMrVyIVlHWg9o3Z/3N8hWuZV/3G', 'alumno', 'Luis Angel', 'Cerna Tarazona', '60212644', true);
INSERT INTO alumnos (id, usuario_id, dni, nombre, apellidos, codigo_barras, aula_id) VALUES ('5c33cc04-b0b7-4a99-adda-bae71b7c419d', '5284595e-3f59-422b-82e3-6efff6f1fa77', '60212644', 'Luis Angel', 'Cerna Tarazona', '602152', '5d340064-763d-4da2-b8e2-f9ecb57690f7');
INSERT INTO usuarios (id, email, password_hash, rol, nombre, apellidos, dni, activo) VALUES ('31a418b4-1785-4611-aebf-57d4bd5f272e', '614247@academia.edu', '$2b$10$Kt1WXnRsFi4Ux.r1r8SQD.Ps1ksMrVyIVlHWg9o3Z/3N8hWuZV/3G', 'alumno', 'Anderson Joel', 'Chavez Figueroa', '61429071', true);
INSERT INTO alumnos (id, usuario_id, dni, nombre, apellidos, codigo_barras, aula_id) VALUES ('da2770bc-bda6-48fc-a73d-7fc9e40730e6', '31a418b4-1785-4611-aebf-57d4bd5f272e', '61429071', 'Anderson Joel', 'Chavez Figueroa', '614247', '5d340064-763d-4da2-b8e2-f9ecb57690f7');
INSERT INTO usuarios (id, email, password_hash, rol, nombre, apellidos, dni, activo) VALUES ('076f73b0-4182-4957-9127-4cc809904cd5', '711124@academia.edu', '$2b$10$Kt1WXnRsFi4Ux.r1r8SQD.Ps1ksMrVyIVlHWg9o3Z/3N8hWuZV/3G', 'alumno', 'Sergio Efren', 'Chilca Mendez', '71113174', true);
INSERT INTO alumnos (id, usuario_id, dni, nombre, apellidos, codigo_barras, aula_id) VALUES ('6ce8283e-f1a8-4453-8297-babfe35cd10c', '076f73b0-4182-4957-9127-4cc809904cd5', '71113174', 'Sergio Efren', 'Chilca Mendez', '711124', '5d340064-763d-4da2-b8e2-f9ecb57690f7');
INSERT INTO usuarios (id, email, password_hash, rol, nombre, apellidos, dni, activo) VALUES ('48fb10b3-f73b-47a1-b4a6-c54514f8d11a', '617192@academia.edu', '$2b$10$Kt1WXnRsFi4Ux.r1r8SQD.Ps1ksMrVyIVlHWg9o3Z/3N8hWuZV/3G', 'alumno', 'Alessandra Jhasury', 'Collazos Causo', '61713640', true);
INSERT INTO alumnos (id, usuario_id, dni, nombre, apellidos, codigo_barras, aula_id) VALUES ('0389e923-ad20-45cf-9b21-d6a8e0fce486', '48fb10b3-f73b-47a1-b4a6-c54514f8d11a', '61713640', 'Alessandra Jhasury', 'Collazos Causo', '617192', '5d340064-763d-4da2-b8e2-f9ecb57690f7');
INSERT INTO usuarios (id, email, password_hash, rol, nombre, apellidos, dni, activo) VALUES ('3b224e4d-cbb7-4581-b6eb-3a76f3daa8a1', '619551@academia.edu', '$2b$10$Kt1WXnRsFi4Ux.r1r8SQD.Ps1ksMrVyIVlHWg9o3Z/3N8hWuZV/3G', 'alumno', 'Camila Luisa', 'Encarnacion Torres', '61957725', true);
INSERT INTO alumnos (id, usuario_id, dni, nombre, apellidos, codigo_barras, aula_id) VALUES ('794466b6-f18f-43ec-b394-77e6c95cdfc5', '3b224e4d-cbb7-4581-b6eb-3a76f3daa8a1', '61957725', 'Camila Luisa', 'Encarnacion Torres', '619551', '5d340064-763d-4da2-b8e2-f9ecb57690f7');
INSERT INTO usuarios (id, email, password_hash, rol, nombre, apellidos, dni, activo) VALUES ('8d0c7516-77fc-443d-b207-2285b258b720', '603856@academia.edu', '$2b$10$Kt1WXnRsFi4Ux.r1r8SQD.Ps1ksMrVyIVlHWg9o3Z/3N8hWuZV/3G', 'alumno', 'Mercedes Lucia', 'Faustino Meza', '60384866', true);
INSERT INTO alumnos (id, usuario_id, dni, nombre, apellidos, codigo_barras, aula_id) VALUES ('d21d4ab7-66c2-476f-88f2-a86b0d59fecf', '8d0c7516-77fc-443d-b207-2285b258b720', '60384866', 'Mercedes Lucia', 'Faustino Meza', '603856', '5d340064-763d-4da2-b8e2-f9ecb57690f7');
INSERT INTO usuarios (id, email, password_hash, rol, nombre, apellidos, dni, activo) VALUES ('6b9aab8b-6207-43ee-85b0-a80909840548', '604005@academia.edu', '$2b$10$Kt1WXnRsFi4Ux.r1r8SQD.Ps1ksMrVyIVlHWg9o3Z/3N8hWuZV/3G', 'alumno', 'Melody Kseniya', 'Gabriel Charqui', '60404930', true);
INSERT INTO alumnos (id, usuario_id, dni, nombre, apellidos, codigo_barras, aula_id) VALUES ('d42065a9-a078-4c41-bed4-12def2a2353b', '6b9aab8b-6207-43ee-85b0-a80909840548', '60404930', 'Melody Kseniya', 'Gabriel Charqui', '604005', '5d340064-763d-4da2-b8e2-f9ecb57690f7');
INSERT INTO usuarios (id, email, password_hash, rol, nombre, apellidos, dni, activo) VALUES ('ba08bf40-112d-4ff2-ae4e-71f22073e9a4', '606936@academia.edu', '$2b$10$Kt1WXnRsFi4Ux.r1r8SQD.Ps1ksMrVyIVlHWg9o3Z/3N8hWuZV/3G', 'alumno', 'Yojan Rolando', 'Garay Salazar', '60690585', true);
INSERT INTO alumnos (id, usuario_id, dni, nombre, apellidos, codigo_barras, aula_id) VALUES ('78b49fce-a189-4153-b0fe-933cbecd669f', 'ba08bf40-112d-4ff2-ae4e-71f22073e9a4', '60690585', 'Yojan Rolando', 'Garay Salazar', '606936', '5d340064-763d-4da2-b8e2-f9ecb57690f7');
INSERT INTO usuarios (id, email, password_hash, rol, nombre, apellidos, dni, activo) VALUES ('b56e3960-d284-4942-a8b5-54de50761a29', '604089@academia.edu', '$2b$10$Kt1WXnRsFi4Ux.r1r8SQD.Ps1ksMrVyIVlHWg9o3Z/3N8hWuZV/3G', 'alumno', 'Brillith Carolina', 'Giraldo Salazar', '60405056', true);
INSERT INTO alumnos (id, usuario_id, dni, nombre, apellidos, codigo_barras, aula_id) VALUES ('ca3f4a98-083f-45af-9d9b-89a71d598500', 'b56e3960-d284-4942-a8b5-54de50761a29', '60405056', 'Brillith Carolina', 'Giraldo Salazar', '604089', '5d340064-763d-4da2-b8e2-f9ecb57690f7');
INSERT INTO usuarios (id, email, password_hash, rol, nombre, apellidos, dni, activo) VALUES ('65f0b664-fe59-429c-a942-80b71e38c744', '603182@academia.edu', '$2b$10$Kt1WXnRsFi4Ux.r1r8SQD.Ps1ksMrVyIVlHWg9o3Z/3N8hWuZV/3G', 'alumno', 'Aderlin Songju', 'Gomez Sanchez', '60317293', true);
INSERT INTO alumnos (id, usuario_id, dni, nombre, apellidos, codigo_barras, aula_id) VALUES ('122024f4-a8da-40f9-9cac-f62670d4b6eb', '65f0b664-fe59-429c-a942-80b71e38c744', '60317293', 'Aderlin Songju', 'Gomez Sanchez', '603182', '5d340064-763d-4da2-b8e2-f9ecb57690f7');
INSERT INTO usuarios (id, email, password_hash, rol, nombre, apellidos, dni, activo) VALUES ('eae777d8-f542-4641-bf4a-d79eb39135a8', '607062@academia.edu', '$2b$10$Kt1WXnRsFi4Ux.r1r8SQD.Ps1ksMrVyIVlHWg9o3Z/3N8hWuZV/3G', 'alumno', 'Leonel', 'Herrera Salvador', '60705119', true);
INSERT INTO alumnos (id, usuario_id, dni, nombre, apellidos, codigo_barras, aula_id) VALUES ('d293e84d-76f4-46ec-a273-91cc9550de77', 'eae777d8-f542-4641-bf4a-d79eb39135a8', '60705119', 'Leonel', 'Herrera Salvador', '607062', '5d340064-763d-4da2-b8e2-f9ecb57690f7');
INSERT INTO usuarios (id, email, password_hash, rol, nombre, apellidos, dni, activo) VALUES ('e94fbd73-0e6a-4ed3-bdee-c81d07813755', '616284@academia.edu', '$2b$10$Kt1WXnRsFi4Ux.r1r8SQD.Ps1ksMrVyIVlHWg9o3Z/3N8hWuZV/3G', 'alumno', 'Aldo Augusto', 'Jaimes Rojas', '61620923', true);
INSERT INTO alumnos (id, usuario_id, dni, nombre, apellidos, codigo_barras, aula_id) VALUES ('c3a57d96-8fb7-4d7e-9edb-3b889a906e1b', 'e94fbd73-0e6a-4ed3-bdee-c81d07813755', '61620923', 'Aldo Augusto', 'Jaimes Rojas', '616284', '5d340064-763d-4da2-b8e2-f9ecb57690f7');
INSERT INTO usuarios (id, email, password_hash, rol, nombre, apellidos, dni, activo) VALUES ('1c60997e-bcc9-4aba-9ff5-f1ca7cc4648b', '602785@academia.edu', '$2b$10$Kt1WXnRsFi4Ux.r1r8SQD.Ps1ksMrVyIVlHWg9o3Z/3N8hWuZV/3G', 'alumno', 'Yordi Jetli', 'Julca Llanos', '60276428', true);
INSERT INTO alumnos (id, usuario_id, dni, nombre, apellidos, codigo_barras, aula_id) VALUES ('ade54b73-c25b-4679-a593-98f679be3d83', '1c60997e-bcc9-4aba-9ff5-f1ca7cc4648b', '60276428', 'Yordi Jetli', 'Julca Llanos', '602785', '5d340064-763d-4da2-b8e2-f9ecb57690f7');
INSERT INTO usuarios (id, email, password_hash, rol, nombre, apellidos, dni, activo) VALUES ('3b1ebfbc-0c2b-4ab7-9400-205392d183aa', '619515@academia.edu', '$2b$10$Kt1WXnRsFi4Ux.r1r8SQD.Ps1ksMrVyIVlHWg9o3Z/3N8hWuZV/3G', 'alumno', 'Joe Maximo', 'Maldonado Ellisca', '61957661', true);
INSERT INTO alumnos (id, usuario_id, dni, nombre, apellidos, codigo_barras, aula_id) VALUES ('913fc60a-8bc3-4393-8506-5322f1f4af30', '3b1ebfbc-0c2b-4ab7-9400-205392d183aa', '61957661', 'Joe Maximo', 'Maldonado Ellisca', '619515', '5d340064-763d-4da2-b8e2-f9ecb57690f7');
INSERT INTO usuarios (id, email, password_hash, rol, nombre, apellidos, dni, activo) VALUES ('ae7e956a-f80c-4429-a98a-56e85aae5ef9', '614298@academia.edu', '$2b$10$Kt1WXnRsFi4Ux.r1r8SQD.Ps1ksMrVyIVlHWg9o3Z/3N8hWuZV/3G', 'alumno', 'Williams Esteban', 'Manrique Zambrano', '61429157', true);
INSERT INTO alumnos (id, usuario_id, dni, nombre, apellidos, codigo_barras, aula_id) VALUES ('4d9bff96-8ddb-4000-a5e1-0a028aa2a3ef', 'ae7e956a-f80c-4429-a98a-56e85aae5ef9', '61429157', 'Williams Esteban', 'Manrique Zambrano', '614298', '5d340064-763d-4da2-b8e2-f9ecb57690f7');
INSERT INTO usuarios (id, email, password_hash, rol, nombre, apellidos, dni, activo) VALUES ('4de83903-0f13-4eb5-84d2-735776955682', '616636@academia.edu', '$2b$10$Kt1WXnRsFi4Ux.r1r8SQD.Ps1ksMrVyIVlHWg9o3Z/3N8hWuZV/3G', 'alumno', 'Digna Angela', 'Maquin Castro', '61665450', true);
INSERT INTO alumnos (id, usuario_id, dni, nombre, apellidos, codigo_barras, aula_id) VALUES ('c2b24463-f8f1-4664-b346-45cf24d53e57', '4de83903-0f13-4eb5-84d2-735776955682', '61665450', 'Digna Angela', 'Maquin Castro', '616636', '5d340064-763d-4da2-b8e2-f9ecb57690f7');
INSERT INTO usuarios (id, email, password_hash, rol, nombre, apellidos, dni, activo) VALUES ('0cddd761-ebec-4ac3-822a-6b2b0ec4caa7', '612964@academia.edu', '$2b$10$Kt1WXnRsFi4Ux.r1r8SQD.Ps1ksMrVyIVlHWg9o3Z/3N8hWuZV/3G', 'alumno', 'Patrick Dylan', 'Mauricio Garcia', '61298774', true);
INSERT INTO alumnos (id, usuario_id, dni, nombre, apellidos, codigo_barras, aula_id) VALUES ('1a74366b-1404-4542-927f-5c2c29b2d040', '0cddd761-ebec-4ac3-822a-6b2b0ec4caa7', '61298774', 'Patrick Dylan', 'Mauricio Garcia', '612964', '5d340064-763d-4da2-b8e2-f9ecb57690f7');
INSERT INTO usuarios (id, email, password_hash, rol, nombre, apellidos, dni, activo) VALUES ('fa0cab7b-c82a-46ad-a74b-6b08d84837f9', '604257@academia.edu', '$2b$10$Kt1WXnRsFi4Ux.r1r8SQD.Ps1ksMrVyIVlHWg9o3Z/3N8hWuZV/3G', 'alumno', 'Yomela Diana', 'Mejia Prudencio', '60425017', true);
INSERT INTO alumnos (id, usuario_id, dni, nombre, apellidos, codigo_barras, aula_id) VALUES ('962eb09c-8625-4c22-ae1b-a2ed64f79490', 'fa0cab7b-c82a-46ad-a74b-6b08d84837f9', '60425017', 'Yomela Diana', 'Mejia Prudencio', '604257', '5d340064-763d-4da2-b8e2-f9ecb57690f7');
INSERT INTO usuarios (id, email, password_hash, rol, nombre, apellidos, dni, activo) VALUES ('378df94a-86cd-4fda-af85-5d24a7337df2', '616131@academia.edu', '$2b$10$Kt1WXnRsFi4Ux.r1r8SQD.Ps1ksMrVyIVlHWg9o3Z/3N8hWuZV/3G', 'alumno', 'Yadira Damaris', 'Norabuena Castillo', '61611687', true);
INSERT INTO alumnos (id, usuario_id, dni, nombre, apellidos, codigo_barras, aula_id) VALUES ('785a4c10-adfa-45cf-a7a9-f75956b3cbf8', '378df94a-86cd-4fda-af85-5d24a7337df2', '61611687', 'Yadira Damaris', 'Norabuena Castillo', '616131', '5d340064-763d-4da2-b8e2-f9ecb57690f7');
INSERT INTO usuarios (id, email, password_hash, rol, nombre, apellidos, dni, activo) VALUES ('fac1ff3e-fdc3-4b1e-a04d-0f509bbfea84', '610688@academia.edu', '$2b$10$Kt1WXnRsFi4Ux.r1r8SQD.Ps1ksMrVyIVlHWg9o3Z/3N8hWuZV/3G', 'alumno', 'Danny Jinner', 'Oncoy Sanchez', '61064300', true);
INSERT INTO alumnos (id, usuario_id, dni, nombre, apellidos, codigo_barras, aula_id) VALUES ('0df4ec93-67c3-44f8-b918-ac560f7cc654', 'fac1ff3e-fdc3-4b1e-a04d-0f509bbfea84', '61064300', 'Danny Jinner', 'Oncoy Sanchez', '610688', '5d340064-763d-4da2-b8e2-f9ecb57690f7');
INSERT INTO usuarios (id, email, password_hash, rol, nombre, apellidos, dni, activo) VALUES ('733cf1e7-12af-4666-ae5b-5c67d2e66a17', '616333@academia.edu', '$2b$10$Kt1WXnRsFi4Ux.r1r8SQD.Ps1ksMrVyIVlHWg9o3Z/3N8hWuZV/3G', 'alumno', 'Jerson Alvaro', 'Pacosh Garcia', '61631492', true);
INSERT INTO alumnos (id, usuario_id, dni, nombre, apellidos, codigo_barras, aula_id) VALUES ('003ddeff-121c-49c1-aa28-cb9f40234bca', '733cf1e7-12af-4666-ae5b-5c67d2e66a17', '61631492', 'Jerson Alvaro', 'Pacosh Garcia', '616333', '5d340064-763d-4da2-b8e2-f9ecb57690f7');
INSERT INTO usuarios (id, email, password_hash, rol, nombre, apellidos, dni, activo) VALUES ('f58917d0-f312-4ead-a405-41f6d31ace8e', '480021@academia.edu', '$2b$10$Kt1WXnRsFi4Ux.r1r8SQD.Ps1ksMrVyIVlHWg9o3Z/3N8hWuZV/3G', 'alumno', 'Erick Felipe', 'Parra Toro', '48001349', true);
INSERT INTO alumnos (id, usuario_id, dni, nombre, apellidos, codigo_barras, aula_id) VALUES ('e3229435-d146-4b56-a3ac-ddbc713cdd71', 'f58917d0-f312-4ead-a405-41f6d31ace8e', '48001349', 'Erick Felipe', 'Parra Toro', '480021', '5d340064-763d-4da2-b8e2-f9ecb57690f7');
INSERT INTO usuarios (id, email, password_hash, rol, nombre, apellidos, dni, activo) VALUES ('20635516-efae-48f0-b7bc-f89c4be0b0f4', '603986@academia.edu', '$2b$10$Kt1WXnRsFi4Ux.r1r8SQD.Ps1ksMrVyIVlHWg9o3Z/3N8hWuZV/3G', 'alumno', 'Sonali Yamelina', 'Paucar Rosas', '60393109', true);
INSERT INTO alumnos (id, usuario_id, dni, nombre, apellidos, codigo_barras, aula_id) VALUES ('1ab29194-0844-479d-9318-6bc252399708', '20635516-efae-48f0-b7bc-f89c4be0b0f4', '60393109', 'Sonali Yamelina', 'Paucar Rosas', '603986', '5d340064-763d-4da2-b8e2-f9ecb57690f7');
INSERT INTO usuarios (id, email, password_hash, rol, nombre, apellidos, dni, activo) VALUES ('336114a7-a64c-4347-99be-d46a21290c1a', '601216@academia.edu', '$2b$10$Kt1WXnRsFi4Ux.r1r8SQD.Ps1ksMrVyIVlHWg9o3Z/3N8hWuZV/3G', 'alumno', 'Enoc Daniel', 'Perez Villanueva', '60123211', true);
INSERT INTO alumnos (id, usuario_id, dni, nombre, apellidos, codigo_barras, aula_id) VALUES ('48828deb-52cb-41ff-bb63-78809a4b9e73', '336114a7-a64c-4347-99be-d46a21290c1a', '60123211', 'Enoc Daniel', 'Perez Villanueva', '601216', '5d340064-763d-4da2-b8e2-f9ecb57690f7');
INSERT INTO usuarios (id, email, password_hash, rol, nombre, apellidos, dni, activo) VALUES ('eff98308-e2f5-4a2f-97ad-2a7d94d0c61a', '614073@academia.edu', '$2b$10$Kt1WXnRsFi4Ux.r1r8SQD.Ps1ksMrVyIVlHWg9o3Z/3N8hWuZV/3G', 'alumno', 'Anali Rosmery', 'Prudencio Gamarra', '61409254', true);
INSERT INTO alumnos (id, usuario_id, dni, nombre, apellidos, codigo_barras, aula_id) VALUES ('cb25173c-e52d-4ab1-95fc-00c7457f74c9', 'eff98308-e2f5-4a2f-97ad-2a7d94d0c61a', '61409254', 'Anali Rosmery', 'Prudencio Gamarra', '614073', '5d340064-763d-4da2-b8e2-f9ecb57690f7');
INSERT INTO usuarios (id, email, password_hash, rol, nombre, apellidos, dni, activo) VALUES ('ffd21838-d043-4282-b2a3-92b5b72115ad', '614293@academia.edu', '$2b$10$Kt1WXnRsFi4Ux.r1r8SQD.Ps1ksMrVyIVlHWg9o3Z/3N8hWuZV/3G', 'alumno', 'Lady Frenecy', 'Ramirez Flores', '61429169', true);
INSERT INTO alumnos (id, usuario_id, dni, nombre, apellidos, codigo_barras, aula_id) VALUES ('e0cf96c1-b3dd-445c-a738-c661aee81795', 'ffd21838-d043-4282-b2a3-92b5b72115ad', '61429169', 'Lady Frenecy', 'Ramirez Flores', '614293', '5d340064-763d-4da2-b8e2-f9ecb57690f7');
INSERT INTO usuarios (id, email, password_hash, rol, nombre, apellidos, dni, activo) VALUES ('dc47465d-a89f-44d1-8ba9-bc829867877d', '625145@academia.edu', '$2b$10$Kt1WXnRsFi4Ux.r1r8SQD.Ps1ksMrVyIVlHWg9o3Z/3N8hWuZV/3G', 'alumno', 'Anthony Jonathan', 'Ramirez Salas', '62518207', true);
INSERT INTO alumnos (id, usuario_id, dni, nombre, apellidos, codigo_barras, aula_id) VALUES ('c56ef923-8aaf-47b9-a701-5034c495d8e6', 'dc47465d-a89f-44d1-8ba9-bc829867877d', '62518207', 'Anthony Jonathan', 'Ramirez Salas', '625145', '5d340064-763d-4da2-b8e2-f9ecb57690f7');
INSERT INTO usuarios (id, email, password_hash, rol, nombre, apellidos, dni, activo) VALUES ('3eb8d25d-f7f1-448d-ad04-48a3bce2f6c7', '615669@academia.edu', '$2b$10$Kt1WXnRsFi4Ux.r1r8SQD.Ps1ksMrVyIVlHWg9o3Z/3N8hWuZV/3G', 'alumno', 'Jeremy Flavio', 'Rojas Milla', '61568006', true);
INSERT INTO alumnos (id, usuario_id, dni, nombre, apellidos, codigo_barras, aula_id) VALUES ('517dc3ef-d4a3-4161-b760-52b4eddbe502', '3eb8d25d-f7f1-448d-ad04-48a3bce2f6c7', '61568006', 'Jeremy Flavio', 'Rojas Milla', '615669', '5d340064-763d-4da2-b8e2-f9ecb57690f7');
INSERT INTO usuarios (id, email, password_hash, rol, nombre, apellidos, dni, activo) VALUES ('e456f69b-4689-4b86-b3c4-833d80edd959', '613160@academia.edu', '$2b$10$Kt1WXnRsFi4Ux.r1r8SQD.Ps1ksMrVyIVlHWg9o3Z/3N8hWuZV/3G', 'alumno', 'Leonardo Joaquin', 'Rosales Ramirez', '61314517', true);
INSERT INTO alumnos (id, usuario_id, dni, nombre, apellidos, codigo_barras, aula_id) VALUES ('09451a6b-2894-4b76-a7f6-4c8f8f25909c', 'e456f69b-4689-4b86-b3c4-833d80edd959', '61314517', 'Leonardo Joaquin', 'Rosales Ramirez', '613160', '5d340064-763d-4da2-b8e2-f9ecb57690f7');
INSERT INTO usuarios (id, email, password_hash, rol, nombre, apellidos, dni, activo) VALUES ('73ba92a7-fa39-4699-abb7-a2c26d5412a1', '614297@academia.edu', '$2b$10$Kt1WXnRsFi4Ux.r1r8SQD.Ps1ksMrVyIVlHWg9o3Z/3N8hWuZV/3G', 'alumno', 'Robiñho', 'Ruiz Jimenez', '61427388', true);
INSERT INTO alumnos (id, usuario_id, dni, nombre, apellidos, codigo_barras, aula_id) VALUES ('168d818e-2392-49ea-85a6-d2fb9af53602', '73ba92a7-fa39-4699-abb7-a2c26d5412a1', '61427388', 'Robiñho', 'Ruiz Jimenez', '614297', '5d340064-763d-4da2-b8e2-f9ecb57690f7');
INSERT INTO usuarios (id, email, password_hash, rol, nombre, apellidos, dni, activo) VALUES ('38b36b7d-e092-47e7-88bc-ca74887c139d', '606010@academia.edu', '$2b$10$Kt1WXnRsFi4Ux.r1r8SQD.Ps1ksMrVyIVlHWg9o3Z/3N8hWuZV/3G', 'alumno', 'Deyvi Alex', 'Saavedra Ramirez', '60605858', true);
INSERT INTO alumnos (id, usuario_id, dni, nombre, apellidos, codigo_barras, aula_id) VALUES ('a8ddf931-de02-461a-bd85-5018401dd8bd', '38b36b7d-e092-47e7-88bc-ca74887c139d', '60605858', 'Deyvi Alex', 'Saavedra Ramirez', '606010', '5d340064-763d-4da2-b8e2-f9ecb57690f7');
INSERT INTO usuarios (id, email, password_hash, rol, nombre, apellidos, dni, activo) VALUES ('686a9073-27c8-4098-b012-defdd78521f7', '601225@academia.edu', '$2b$10$Kt1WXnRsFi4Ux.r1r8SQD.Ps1ksMrVyIVlHWg9o3Z/3N8hWuZV/3G', 'alumno', 'Anel Yesenia', 'Saenz Hidalgo', '60124610', true);
INSERT INTO alumnos (id, usuario_id, dni, nombre, apellidos, codigo_barras, aula_id) VALUES ('798d4428-cac8-4d46-9b88-dd44c16def90', '686a9073-27c8-4098-b012-defdd78521f7', '60124610', 'Anel Yesenia', 'Saenz Hidalgo', '601225', '5d340064-763d-4da2-b8e2-f9ecb57690f7');
INSERT INTO usuarios (id, email, password_hash, rol, nombre, apellidos, dni, activo) VALUES ('1be417d1-bad0-4b49-aefa-b150cd723d90', '614830@academia.edu', '$2b$10$Kt1WXnRsFi4Ux.r1r8SQD.Ps1ksMrVyIVlHWg9o3Z/3N8hWuZV/3G', 'alumno', 'Miguel Angel', 'Sanchez Norabuena', '61480473', true);
INSERT INTO alumnos (id, usuario_id, dni, nombre, apellidos, codigo_barras, aula_id) VALUES ('fd899030-9713-4c95-88de-e7e04ce6c979', '1be417d1-bad0-4b49-aefa-b150cd723d90', '61480473', 'Miguel Angel', 'Sanchez Norabuena', '614830', '5d340064-763d-4da2-b8e2-f9ecb57690f7');
INSERT INTO usuarios (id, email, password_hash, rol, nombre, apellidos, dni, activo) VALUES ('5ed33f25-bd87-41fb-af0e-36766d201e98', '602038@academia.edu', '$2b$10$Kt1WXnRsFi4Ux.r1r8SQD.Ps1ksMrVyIVlHWg9o3Z/3N8hWuZV/3G', 'alumno', 'Antony Cirilo', 'Solis Leandro', '60204733', true);
INSERT INTO alumnos (id, usuario_id, dni, nombre, apellidos, codigo_barras, aula_id) VALUES ('3fa890c4-5f03-4d31-8a80-ba2f4c1040de', '5ed33f25-bd87-41fb-af0e-36766d201e98', '60204733', 'Antony Cirilo', 'Solis Leandro', '602038', '5d340064-763d-4da2-b8e2-f9ecb57690f7');
INSERT INTO usuarios (id, email, password_hash, rol, nombre, apellidos, dni, activo) VALUES ('707a6f7d-f6cb-4240-8d16-ec475952b175', '620143@academia.edu', '$2b$10$Kt1WXnRsFi4Ux.r1r8SQD.Ps1ksMrVyIVlHWg9o3Z/3N8hWuZV/3G', 'alumno', 'Denilson Jose', 'Suarez Allauca', '62014946', true);
INSERT INTO alumnos (id, usuario_id, dni, nombre, apellidos, codigo_barras, aula_id) VALUES ('a46a91ac-5c05-4e67-80ca-545bc74ce01b', '707a6f7d-f6cb-4240-8d16-ec475952b175', '62014946', 'Denilson Jose', 'Suarez Allauca', '620143', '5d340064-763d-4da2-b8e2-f9ecb57690f7');
INSERT INTO usuarios (id, email, password_hash, rol, nombre, apellidos, dni, activo) VALUES ('a83baf0b-20b3-4a33-b889-3e9a5b2a5f40', '614818@academia.edu', '$2b$10$Kt1WXnRsFi4Ux.r1r8SQD.Ps1ksMrVyIVlHWg9o3Z/3N8hWuZV/3G', 'alumno', 'Mariafernanda Milagros', 'Tamara Flores', '61480119', true);
INSERT INTO alumnos (id, usuario_id, dni, nombre, apellidos, codigo_barras, aula_id) VALUES ('1c870d42-cd2c-43a9-ad0b-a24f0474daa3', 'a83baf0b-20b3-4a33-b889-3e9a5b2a5f40', '61480119', 'Mariafernanda Milagros', 'Tamara Flores', '614818', '5d340064-763d-4da2-b8e2-f9ecb57690f7');
INSERT INTO usuarios (id, email, password_hash, rol, nombre, apellidos, dni, activo) VALUES ('fd3f8dde-6751-4dbc-ab7d-4d61f26c2199', '614008@academia.edu', '$2b$10$Kt1WXnRsFi4Ux.r1r8SQD.Ps1ksMrVyIVlHWg9o3Z/3N8hWuZV/3G', 'alumno', 'Julio Cesar', 'Valverde Gutierrez', '61409104', true);
INSERT INTO alumnos (id, usuario_id, dni, nombre, apellidos, codigo_barras, aula_id) VALUES ('582c608e-6159-4e4d-87e1-0dbfef5ca826', 'fd3f8dde-6751-4dbc-ab7d-4d61f26c2199', '61409104', 'Julio Cesar', 'Valverde Gutierrez', '614008', '5d340064-763d-4da2-b8e2-f9ecb57690f7');
INSERT INTO usuarios (id, email, password_hash, rol, nombre, apellidos, dni, activo) VALUES ('e0ea8911-d577-49c6-a11f-01dad7ce32a7', '615682@academia.edu', '$2b$10$Kt1WXnRsFi4Ux.r1r8SQD.Ps1ksMrVyIVlHWg9o3Z/3N8hWuZV/3G', 'alumno', 'Esmeralda Jimena', 'Vasquez Vino', '61568012', true);
INSERT INTO alumnos (id, usuario_id, dni, nombre, apellidos, codigo_barras, aula_id) VALUES ('3e5a4f21-c9be-4c02-92e4-6280d0758fc7', 'e0ea8911-d577-49c6-a11f-01dad7ce32a7', '61568012', 'Esmeralda Jimena', 'Vasquez Vino', '615682', '5d340064-763d-4da2-b8e2-f9ecb57690f7');
INSERT INTO usuarios (id, email, password_hash, rol, nombre, apellidos, dni, activo) VALUES ('ecbca205-361b-4007-aad4-6741318a7c8f', '603797@academia.edu', '$2b$10$Kt1WXnRsFi4Ux.r1r8SQD.Ps1ksMrVyIVlHWg9o3Z/3N8hWuZV/3G', 'alumno', 'Maira Lucina', 'Vergara Velasquez', '60379675', true);
INSERT INTO alumnos (id, usuario_id, dni, nombre, apellidos, codigo_barras, aula_id) VALUES ('bf22accd-7f53-49ce-bc5b-643746b37f94', 'ecbca205-361b-4007-aad4-6741318a7c8f', '60379675', 'Maira Lucina', 'Vergara Velasquez', '603797', '5d340064-763d-4da2-b8e2-f9ecb57690f7');
INSERT INTO usuarios (id, email, password_hash, rol, nombre, apellidos, dni, activo) VALUES ('342cbe12-b50e-4154-b9c7-ba3bf6394a93', '610849@academia.edu', '$2b$10$Kt1WXnRsFi4Ux.r1r8SQD.Ps1ksMrVyIVlHWg9o3Z/3N8hWuZV/3G', 'alumno', 'Keysy Angel', 'Evatisto Guimarey', '61080839', true);
INSERT INTO alumnos (id, usuario_id, dni, nombre, apellidos, codigo_barras, aula_id) VALUES ('1fe73795-3c22-4e65-89a5-6a2ea8b7c52f', '342cbe12-b50e-4154-b9c7-ba3bf6394a93', '61080839', 'Keysy Angel', 'Evatisto Guimarey', '610849', '5d340064-763d-4da2-b8e2-f9ecb57690f7');
INSERT INTO usuarios (id, email, password_hash, rol, nombre, apellidos, dni, activo) VALUES ('ad295df2-62e5-41c1-91cd-cf2ec88e44fd', '615198@academia.edu', '$2b$10$Kt1WXnRsFi4Ux.r1r8SQD.Ps1ksMrVyIVlHWg9o3Z/3N8hWuZV/3G', 'alumno', 'Ariana Eirene', 'Rodriguez Huerta', '61517357', true);
INSERT INTO alumnos (id, usuario_id, dni, nombre, apellidos, codigo_barras, aula_id) VALUES ('0ed7e12c-0938-4baa-a840-046ae507da40', 'ad295df2-62e5-41c1-91cd-cf2ec88e44fd', '61517357', 'Ariana Eirene', 'Rodriguez Huerta', '615198', '2cf0b090-b557-4f7e-a172-c9612f6cee42');
INSERT INTO usuarios (id, email, password_hash, rol, nombre, apellidos, dni, activo) VALUES ('06ef2358-be0a-4cc2-9346-31aff4b59f02', '602724@academia.edu', '$2b$10$Kt1WXnRsFi4Ux.r1r8SQD.Ps1ksMrVyIVlHWg9o3Z/3N8hWuZV/3G', 'alumno', 'Yosel', 'Bustos Martinez', '60272305', true);
INSERT INTO alumnos (id, usuario_id, dni, nombre, apellidos, codigo_barras, aula_id) VALUES ('13ce252f-c0ce-4e4b-9be6-1a31d843232a', '06ef2358-be0a-4cc2-9346-31aff4b59f02', '60272305', 'Yosel', 'Bustos Martinez', '602724', '7767ba63-2447-4759-b194-e411f2999b58');
INSERT INTO usuarios (id, email, password_hash, rol, nombre, apellidos, dni, activo) VALUES ('95017a51-9ece-45f9-bbeb-3ffcee73596a', '608500@academia.edu', '$2b$10$Kt1WXnRsFi4Ux.r1r8SQD.Ps1ksMrVyIVlHWg9o3Z/3N8hWuZV/3G', 'alumno', 'Deivid Anderson', 'Albornoz Diaz', '60858505', true);
INSERT INTO alumnos (id, usuario_id, dni, nombre, apellidos, codigo_barras, aula_id) VALUES ('68097993-3cb2-4ad6-8556-9c6693e932e9', '95017a51-9ece-45f9-bbeb-3ffcee73596a', '60858505', 'Deivid Anderson', 'Albornoz Diaz', '608500', '40017dfb-7699-40f7-b93a-77d5cc3cf3c1');
INSERT INTO usuarios (id, email, password_hash, rol, nombre, apellidos, dni, activo) VALUES ('08431ca4-c402-409a-9544-e8afbff77ae4', '606195@academia.edu', '$2b$10$Kt1WXnRsFi4Ux.r1r8SQD.Ps1ksMrVyIVlHWg9o3Z/3N8hWuZV/3G', 'alumno', 'Yajaira Azucena', 'Araujo Rosales', '60614348', true);
INSERT INTO alumnos (id, usuario_id, dni, nombre, apellidos, codigo_barras, aula_id) VALUES ('1894ec2c-2e1a-43a8-add3-57f001f70955', '08431ca4-c402-409a-9544-e8afbff77ae4', '60614348', 'Yajaira Azucena', 'Araujo Rosales', '606195', '40017dfb-7699-40f7-b93a-77d5cc3cf3c1');
INSERT INTO usuarios (id, email, password_hash, rol, nombre, apellidos, dni, activo) VALUES ('8867cd99-8911-497a-9f83-a36ec64488c9', '616088@academia.edu', '$2b$10$Kt1WXnRsFi4Ux.r1r8SQD.Ps1ksMrVyIVlHWg9o3Z/3N8hWuZV/3G', 'alumno', 'Jesus Angel', 'Arce Martinez', '61608323', true);
INSERT INTO alumnos (id, usuario_id, dni, nombre, apellidos, codigo_barras, aula_id) VALUES ('1ed82765-d2bd-460e-a5d6-80a13f53e482', '8867cd99-8911-497a-9f83-a36ec64488c9', '61608323', 'Jesus Angel', 'Arce Martinez', '616088', '40017dfb-7699-40f7-b93a-77d5cc3cf3c1');
INSERT INTO usuarios (id, email, password_hash, rol, nombre, apellidos, dni, activo) VALUES ('dac535c6-f78d-4370-9685-1f12a156cf4f', '782835@academia.edu', '$2b$10$Kt1WXnRsFi4Ux.r1r8SQD.Ps1ksMrVyIVlHWg9o3Z/3N8hWuZV/3G', 'alumno', 'David Angel', 'Arias Lliuya', '78289029', true);
INSERT INTO alumnos (id, usuario_id, dni, nombre, apellidos, codigo_barras, aula_id) VALUES ('bcf2507b-ca7d-4eb9-98cf-05491b8a8c60', 'dac535c6-f78d-4370-9685-1f12a156cf4f', '78289029', 'David Angel', 'Arias Lliuya', '782835', '40017dfb-7699-40f7-b93a-77d5cc3cf3c1');
INSERT INTO usuarios (id, email, password_hash, rol, nombre, apellidos, dni, activo) VALUES ('eb8994c8-5c58-4dae-9fdc-c49b043af243', '614878@academia.edu', '$2b$10$Kt1WXnRsFi4Ux.r1r8SQD.Ps1ksMrVyIVlHWg9o3Z/3N8hWuZV/3G', 'alumno', 'Jeanpier Fisher', 'Azaña Rosario', '61480185', true);
INSERT INTO alumnos (id, usuario_id, dni, nombre, apellidos, codigo_barras, aula_id) VALUES ('317b0704-9e8e-4fe1-9869-33eda6400285', 'eb8994c8-5c58-4dae-9fdc-c49b043af243', '61480185', 'Jeanpier Fisher', 'Azaña Rosario', '614878', '40017dfb-7699-40f7-b93a-77d5cc3cf3c1');
INSERT INTO usuarios (id, email, password_hash, rol, nombre, apellidos, dni, activo) VALUES ('8d6153e6-87d8-476d-9d5d-b0cc37d8a8cc', '604069@academia.edu', '$2b$10$Kt1WXnRsFi4Ux.r1r8SQD.Ps1ksMrVyIVlHWg9o3Z/3N8hWuZV/3G', 'alumno', 'David Francisco', 'Blas Angeles', '60400652', true);
INSERT INTO alumnos (id, usuario_id, dni, nombre, apellidos, codigo_barras, aula_id) VALUES ('5e7ab46d-a3cb-4d17-beb6-5877f09de168', '8d6153e6-87d8-476d-9d5d-b0cc37d8a8cc', '60400652', 'David Francisco', 'Blas Angeles', '604069', '40017dfb-7699-40f7-b93a-77d5cc3cf3c1');
INSERT INTO usuarios (id, email, password_hash, rol, nombre, apellidos, dni, activo) VALUES ('ee983f1d-3f45-474c-9de2-34d803d9639b', '616512@academia.edu', '$2b$10$Kt1WXnRsFi4Ux.r1r8SQD.Ps1ksMrVyIVlHWg9o3Z/3N8hWuZV/3G', 'alumno', 'Enghel Max', 'Bonifacio Murillo', '61656759', true);
INSERT INTO alumnos (id, usuario_id, dni, nombre, apellidos, codigo_barras, aula_id) VALUES ('8510e9e3-7228-4b35-812e-4a71a23ec303', 'ee983f1d-3f45-474c-9de2-34d803d9639b', '61656759', 'Enghel Max', 'Bonifacio Murillo', '616512', '40017dfb-7699-40f7-b93a-77d5cc3cf3c1');
INSERT INTO usuarios (id, email, password_hash, rol, nombre, apellidos, dni, activo) VALUES ('c59ebbfd-3930-483a-bf33-5bf57f2f50c3', '604844@academia.edu', '$2b$10$Kt1WXnRsFi4Ux.r1r8SQD.Ps1ksMrVyIVlHWg9o3Z/3N8hWuZV/3G', 'alumno', 'Mercedes Julia', 'Botello Piscoche', '60486807', true);
INSERT INTO alumnos (id, usuario_id, dni, nombre, apellidos, codigo_barras, aula_id) VALUES ('116b92f9-ba26-41b9-9e4e-218112fa5d0a', 'c59ebbfd-3930-483a-bf33-5bf57f2f50c3', '60486807', 'Mercedes Julia', 'Botello Piscoche', '604844', '40017dfb-7699-40f7-b93a-77d5cc3cf3c1');
INSERT INTO usuarios (id, email, password_hash, rol, nombre, apellidos, dni, activo) VALUES ('1b6d8220-33b4-489b-8fdb-564d5c9da352', '603677@academia.edu', '$2b$10$Kt1WXnRsFi4Ux.r1r8SQD.Ps1ksMrVyIVlHWg9o3Z/3N8hWuZV/3G', 'alumno', 'Elizabel Araceli', 'Caceres Ramirez', '60360417', true);
INSERT INTO alumnos (id, usuario_id, dni, nombre, apellidos, codigo_barras, aula_id) VALUES ('70df99b4-8ef0-4240-843a-a6e260189068', '1b6d8220-33b4-489b-8fdb-564d5c9da352', '60360417', 'Elizabel Araceli', 'Caceres Ramirez', '603677', '40017dfb-7699-40f7-b93a-77d5cc3cf3c1');
INSERT INTO usuarios (id, email, password_hash, rol, nombre, apellidos, dni, activo) VALUES ('860b2a5e-edd3-4f1a-ac0e-ec48f1797e72', '613110@academia.edu', '$2b$10$Kt1WXnRsFi4Ux.r1r8SQD.Ps1ksMrVyIVlHWg9o3Z/3N8hWuZV/3G', 'alumno', 'Gabriela Soledad', 'Cadillo Arevalo', '61314549', true);
INSERT INTO alumnos (id, usuario_id, dni, nombre, apellidos, codigo_barras, aula_id) VALUES ('47dd5984-12fb-418b-943a-22d56dd70845', '860b2a5e-edd3-4f1a-ac0e-ec48f1797e72', '61314549', 'Gabriela Soledad', 'Cadillo Arevalo', '613110', '40017dfb-7699-40f7-b93a-77d5cc3cf3c1');
INSERT INTO usuarios (id, email, password_hash, rol, nombre, apellidos, dni, activo) VALUES ('2c434857-b42a-4543-8870-5f402503e8a0', '604023@academia.edu', '$2b$10$Kt1WXnRsFi4Ux.r1r8SQD.Ps1ksMrVyIVlHWg9o3Z/3N8hWuZV/3G', 'alumno', 'Miriam Anel', 'Camones Cacha', '60404931', true);
INSERT INTO alumnos (id, usuario_id, dni, nombre, apellidos, codigo_barras, aula_id) VALUES ('47d80896-27d9-4024-8102-e00589f44f6d', '2c434857-b42a-4543-8870-5f402503e8a0', '60404931', 'Miriam Anel', 'Camones Cacha', '604023', '40017dfb-7699-40f7-b93a-77d5cc3cf3c1');
INSERT INTO usuarios (id, email, password_hash, rol, nombre, apellidos, dni, activo) VALUES ('3e0bcb42-32ea-49f1-879c-a535322f4270', '600208@academia.edu', '$2b$10$Kt1WXnRsFi4Ux.r1r8SQD.Ps1ksMrVyIVlHWg9o3Z/3N8hWuZV/3G', 'alumno', 'Emerson Yerson', 'Cordova Estrada', '60028123', true);
INSERT INTO alumnos (id, usuario_id, dni, nombre, apellidos, codigo_barras, aula_id) VALUES ('77a5b1ff-86e0-4af3-a0dc-0422acdebfd9', '3e0bcb42-32ea-49f1-879c-a535322f4270', '60028123', 'Emerson Yerson', 'Cordova Estrada', '600208', '40017dfb-7699-40f7-b93a-77d5cc3cf3c1');
INSERT INTO usuarios (id, email, password_hash, rol, nombre, apellidos, dni, activo) VALUES ('b4eafa97-0b28-4763-9b6e-27192676b6b7', '620420@academia.edu', '$2b$10$Kt1WXnRsFi4Ux.r1r8SQD.Ps1ksMrVyIVlHWg9o3Z/3N8hWuZV/3G', 'alumno', 'Hugo Patricio', 'Cordova Shuan', '62042931', true);
INSERT INTO alumnos (id, usuario_id, dni, nombre, apellidos, codigo_barras, aula_id) VALUES ('625a462e-1689-4e9e-9a54-2a4d209b0476', 'b4eafa97-0b28-4763-9b6e-27192676b6b7', '62042931', 'Hugo Patricio', 'Cordova Shuan', '620420', '40017dfb-7699-40f7-b93a-77d5cc3cf3c1');
INSERT INTO usuarios (id, email, password_hash, rol, nombre, apellidos, dni, activo) VALUES ('14087382-a998-4bb3-b0b5-8d5c36d85799', '615139@academia.edu', '$2b$10$Kt1WXnRsFi4Ux.r1r8SQD.Ps1ksMrVyIVlHWg9o3Z/3N8hWuZV/3G', 'alumno', 'Edson Saul', 'Cotillo Torre', '61517171', true);
INSERT INTO alumnos (id, usuario_id, dni, nombre, apellidos, codigo_barras, aula_id) VALUES ('48e47811-5206-4cdf-9d96-a90320bbdb91', '14087382-a998-4bb3-b0b5-8d5c36d85799', '61517171', 'Edson Saul', 'Cotillo Torre', '615139', '40017dfb-7699-40f7-b93a-77d5cc3cf3c1');
INSERT INTO usuarios (id, email, password_hash, rol, nombre, apellidos, dni, activo) VALUES ('c4e50295-2190-4422-b653-ea3aae18f75c', '732777@academia.edu', '$2b$10$Kt1WXnRsFi4Ux.r1r8SQD.Ps1ksMrVyIVlHWg9o3Z/3N8hWuZV/3G', 'alumno', 'Aaron Francisco', 'Cruz Julca', '73278291', true);
INSERT INTO alumnos (id, usuario_id, dni, nombre, apellidos, codigo_barras, aula_id) VALUES ('f8718bc0-dc98-4812-b30e-f3a7278a4a90', 'c4e50295-2190-4422-b653-ea3aae18f75c', '73278291', 'Aaron Francisco', 'Cruz Julca', '732777', '40017dfb-7699-40f7-b93a-77d5cc3cf3c1');
INSERT INTO usuarios (id, email, password_hash, rol, nombre, apellidos, dni, activo) VALUES ('22f3741f-730b-4a7a-9866-7b7c7cb51362', '723437@academia.edu', '$2b$10$Kt1WXnRsFi4Ux.r1r8SQD.Ps1ksMrVyIVlHWg9o3Z/3N8hWuZV/3G', 'alumno', 'Margiorit Isabel Yuliana', 'Espinoza Rimac', '72346742', true);
INSERT INTO alumnos (id, usuario_id, dni, nombre, apellidos, codigo_barras, aula_id) VALUES ('6caea3e9-8d66-4785-b8bf-0a2942cd8673', '22f3741f-730b-4a7a-9866-7b7c7cb51362', '72346742', 'Margiorit Isabel Yuliana', 'Espinoza Rimac', '723437', '40017dfb-7699-40f7-b93a-77d5cc3cf3c1');
INSERT INTO usuarios (id, email, password_hash, rol, nombre, apellidos, dni, activo) VALUES ('9dea1192-776e-4d6e-ae7b-6858f93270a3', '608701@academia.edu', '$2b$10$Kt1WXnRsFi4Ux.r1r8SQD.Ps1ksMrVyIVlHWg9o3Z/3N8hWuZV/3G', 'alumno', 'Alberth Mercedes', 'Fabian Lopez', '60876141', true);
INSERT INTO alumnos (id, usuario_id, dni, nombre, apellidos, codigo_barras, aula_id) VALUES ('207eed54-5a9e-4493-b16a-ac75348c42ba', '9dea1192-776e-4d6e-ae7b-6858f93270a3', '60876141', 'Alberth Mercedes', 'Fabian Lopez', '608701', '40017dfb-7699-40f7-b93a-77d5cc3cf3c1');
INSERT INTO usuarios (id, email, password_hash, rol, nombre, apellidos, dni, activo) VALUES ('db1f3cd6-3709-45fb-a6af-e17889423005', '614889@academia.edu', '$2b$10$Kt1WXnRsFi4Ux.r1r8SQD.Ps1ksMrVyIVlHWg9o3Z/3N8hWuZV/3G', 'alumno', 'Zaith Fernando Emanuel', 'Felix Hurtado', '61480337', true);
INSERT INTO alumnos (id, usuario_id, dni, nombre, apellidos, codigo_barras, aula_id) VALUES ('8d952845-798e-49bd-af06-2948038760e8', 'db1f3cd6-3709-45fb-a6af-e17889423005', '61480337', 'Zaith Fernando Emanuel', 'Felix Hurtado', '614889', '40017dfb-7699-40f7-b93a-77d5cc3cf3c1');
INSERT INTO usuarios (id, email, password_hash, rol, nombre, apellidos, dni, activo) VALUES ('f52a9032-8dc8-4f6d-8d24-79591897bdca', '602496@academia.edu', '$2b$10$Kt1WXnRsFi4Ux.r1r8SQD.Ps1ksMrVyIVlHWg9o3Z/3N8hWuZV/3G', 'alumno', 'Giovany David', 'Flores Morales', '60248135', true);
INSERT INTO alumnos (id, usuario_id, dni, nombre, apellidos, codigo_barras, aula_id) VALUES ('e9925499-6730-4c00-88f6-ab38db37d8af', 'f52a9032-8dc8-4f6d-8d24-79591897bdca', '60248135', 'Giovany David', 'Flores Morales', '602496', '40017dfb-7699-40f7-b93a-77d5cc3cf3c1');
INSERT INTO usuarios (id, email, password_hash, rol, nombre, apellidos, dni, activo) VALUES ('6376bacc-477d-42d0-9d7e-018bc200adaf', '601280@academia.edu', '$2b$10$Kt1WXnRsFi4Ux.r1r8SQD.Ps1ksMrVyIVlHWg9o3Z/3N8hWuZV/3G', 'alumno', 'Job Nicolas', 'Huane Villanueva', '60123358', true);
INSERT INTO alumnos (id, usuario_id, dni, nombre, apellidos, codigo_barras, aula_id) VALUES ('bfb8b5ff-a83d-4e0a-b0cd-fcd64d5211b9', '6376bacc-477d-42d0-9d7e-018bc200adaf', '60123358', 'Job Nicolas', 'Huane Villanueva', '601280', '40017dfb-7699-40f7-b93a-77d5cc3cf3c1');
INSERT INTO usuarios (id, email, password_hash, rol, nombre, apellidos, dni, activo) VALUES ('bb52a223-6866-41a1-bffe-e93ff9944482', '613177@academia.edu', '$2b$10$Kt1WXnRsFi4Ux.r1r8SQD.Ps1ksMrVyIVlHWg9o3Z/3N8hWuZV/3G', 'alumno', 'Diego Danilo', 'Huerto Macedo', '61314335', true);
INSERT INTO alumnos (id, usuario_id, dni, nombre, apellidos, codigo_barras, aula_id) VALUES ('f9647f5b-095e-4227-af26-860017d31f70', 'bb52a223-6866-41a1-bffe-e93ff9944482', '61314335', 'Diego Danilo', 'Huerto Macedo', '613177', '40017dfb-7699-40f7-b93a-77d5cc3cf3c1');
INSERT INTO usuarios (id, email, password_hash, rol, nombre, apellidos, dni, activo) VALUES ('e4487de6-1421-4620-ae4c-072e45f3a599', '601276@academia.edu', '$2b$10$Kt1WXnRsFi4Ux.r1r8SQD.Ps1ksMrVyIVlHWg9o3Z/3N8hWuZV/3G', 'alumno', 'Mayra Nicolle', 'Ibarra Granados', '60128278', true);
INSERT INTO alumnos (id, usuario_id, dni, nombre, apellidos, codigo_barras, aula_id) VALUES ('30f15e63-5ea4-46c0-86d7-734d4063e614', 'e4487de6-1421-4620-ae4c-072e45f3a599', '60128278', 'Mayra Nicolle', 'Ibarra Granados', '601276', '40017dfb-7699-40f7-b93a-77d5cc3cf3c1');
INSERT INTO usuarios (id, email, password_hash, rol, nombre, apellidos, dni, activo) VALUES ('57f5dcc1-8f55-43cc-a932-42523e100459', '616434@academia.edu', '$2b$10$Kt1WXnRsFi4Ux.r1r8SQD.Ps1ksMrVyIVlHWg9o3Z/3N8hWuZV/3G', 'alumno', 'Yulian Angel', 'Irigoyen Mejia', '61644254', true);
INSERT INTO alumnos (id, usuario_id, dni, nombre, apellidos, codigo_barras, aula_id) VALUES ('2d9dfd49-de24-4d99-af50-a957ee5ba7bb', '57f5dcc1-8f55-43cc-a932-42523e100459', '61644254', 'Yulian Angel', 'Irigoyen Mejia', '616434', '40017dfb-7699-40f7-b93a-77d5cc3cf3c1');
INSERT INTO usuarios (id, email, password_hash, rol, nombre, apellidos, dni, activo) VALUES ('7e7ad0cc-1f0f-4ad8-8be8-f35689b2990f', '614941@academia.edu', '$2b$10$Kt1WXnRsFi4Ux.r1r8SQD.Ps1ksMrVyIVlHWg9o3Z/3N8hWuZV/3G', 'alumno', 'Jonathan Paolo', 'Jara Avelino', '61490233', true);
INSERT INTO alumnos (id, usuario_id, dni, nombre, apellidos, codigo_barras, aula_id) VALUES ('ead91564-b070-4a3e-b164-9585a0cbf412', '7e7ad0cc-1f0f-4ad8-8be8-f35689b2990f', '61490233', 'Jonathan Paolo', 'Jara Avelino', '614941', '40017dfb-7699-40f7-b93a-77d5cc3cf3c1');
INSERT INTO usuarios (id, email, password_hash, rol, nombre, apellidos, dni, activo) VALUES ('6a95f5be-1c35-4f44-82b5-ad34e1a8cb92', '620432@academia.edu', '$2b$10$Kt1WXnRsFi4Ux.r1r8SQD.Ps1ksMrVyIVlHWg9o3Z/3N8hWuZV/3G', 'alumno', 'Adrian Elianover', 'Leiva Castillo', '62042903', true);
INSERT INTO alumnos (id, usuario_id, dni, nombre, apellidos, codigo_barras, aula_id) VALUES ('b09276a6-adf5-4d37-b226-5cd664016d86', '6a95f5be-1c35-4f44-82b5-ad34e1a8cb92', '62042903', 'Adrian Elianover', 'Leiva Castillo', '620432', '40017dfb-7699-40f7-b93a-77d5cc3cf3c1');
INSERT INTO usuarios (id, email, password_hash, rol, nombre, apellidos, dni, activo) VALUES ('d2e38073-8005-4d71-8f38-17548546468d', '614241@academia.edu', '$2b$10$Kt1WXnRsFi4Ux.r1r8SQD.Ps1ksMrVyIVlHWg9o3Z/3N8hWuZV/3G', 'alumno', 'Joshua Fabricio', 'Lopez Valverde', '61429181', true);
INSERT INTO alumnos (id, usuario_id, dni, nombre, apellidos, codigo_barras, aula_id) VALUES ('9dbde585-d072-4cb4-b366-dbc012cd1d81', 'd2e38073-8005-4d71-8f38-17548546468d', '61429181', 'Joshua Fabricio', 'Lopez Valverde', '614241', '40017dfb-7699-40f7-b93a-77d5cc3cf3c1');
INSERT INTO usuarios (id, email, password_hash, rol, nombre, apellidos, dni, activo) VALUES ('bf245243-87bc-4904-a12c-0d71cf59fa4b', '603775@academia.edu', '$2b$10$Kt1WXnRsFi4Ux.r1r8SQD.Ps1ksMrVyIVlHWg9o3Z/3N8hWuZV/3G', 'alumno', 'Yerson Rafael', 'Mendoza Giraldo', '60377913', true);
INSERT INTO alumnos (id, usuario_id, dni, nombre, apellidos, codigo_barras, aula_id) VALUES ('12202bb7-44fc-4370-bcf6-db1c9eabbc3d', 'bf245243-87bc-4904-a12c-0d71cf59fa4b', '60377913', 'Yerson Rafael', 'Mendoza Giraldo', '603775', '40017dfb-7699-40f7-b93a-77d5cc3cf3c1');
INSERT INTO usuarios (id, email, password_hash, rol, nombre, apellidos, dni, activo) VALUES ('5ac2da26-fe19-40fe-bc17-a7967a627d65', '614997@academia.edu', '$2b$10$Kt1WXnRsFi4Ux.r1r8SQD.Ps1ksMrVyIVlHWg9o3Z/3N8hWuZV/3G', 'alumno', 'Renzo Mijail', 'Mendoza Jara', '61491745', true);
INSERT INTO alumnos (id, usuario_id, dni, nombre, apellidos, codigo_barras, aula_id) VALUES ('7c4cd139-b1f2-433c-bca7-91ed24c9752a', '5ac2da26-fe19-40fe-bc17-a7967a627d65', '61491745', 'Renzo Mijail', 'Mendoza Jara', '614997', '40017dfb-7699-40f7-b93a-77d5cc3cf3c1');
INSERT INTO usuarios (id, email, password_hash, rol, nombre, apellidos, dni, activo) VALUES ('2b774800-150c-411a-b756-575dd97b9a5e', '620160@academia.edu', '$2b$10$Kt1WXnRsFi4Ux.r1r8SQD.Ps1ksMrVyIVlHWg9o3Z/3N8hWuZV/3G', 'alumno', 'Angel Alexander', 'Molina Isidro', '62014974', true);
INSERT INTO alumnos (id, usuario_id, dni, nombre, apellidos, codigo_barras, aula_id) VALUES ('375f8b9e-5556-4316-a3cc-df2984001347', '2b774800-150c-411a-b756-575dd97b9a5e', '62014974', 'Angel Alexander', 'Molina Isidro', '620160', '40017dfb-7699-40f7-b93a-77d5cc3cf3c1');
INSERT INTO usuarios (id, email, password_hash, rol, nombre, apellidos, dni, activo) VALUES ('23cc6eaa-ec10-425e-876c-80708ad551ff', '613178@academia.edu', '$2b$10$Kt1WXnRsFi4Ux.r1r8SQD.Ps1ksMrVyIVlHWg9o3Z/3N8hWuZV/3G', 'alumno', 'Jose Emanuel', 'Molina Susan0', '61314608', true);
INSERT INTO alumnos (id, usuario_id, dni, nombre, apellidos, codigo_barras, aula_id) VALUES ('af61967e-406b-4330-ab94-7ea519f906b6', '23cc6eaa-ec10-425e-876c-80708ad551ff', '61314608', 'Jose Emanuel', 'Molina Susan0', '613178', '40017dfb-7699-40f7-b93a-77d5cc3cf3c1');
INSERT INTO usuarios (id, email, password_hash, rol, nombre, apellidos, dni, activo) VALUES ('87cb6b17-7539-47d6-bebb-c98ca4b4859a', '603728@academia.edu', '$2b$10$Kt1WXnRsFi4Ux.r1r8SQD.Ps1ksMrVyIVlHWg9o3Z/3N8hWuZV/3G', 'alumno', 'Deyvis Frank', 'Obispo Yanac', '60379692', true);
INSERT INTO alumnos (id, usuario_id, dni, nombre, apellidos, codigo_barras, aula_id) VALUES ('632f02ab-5294-409e-a86b-d952193c8c5e', '87cb6b17-7539-47d6-bebb-c98ca4b4859a', '60379692', 'Deyvis Frank', 'Obispo Yanac', '603728', '40017dfb-7699-40f7-b93a-77d5cc3cf3c1');
INSERT INTO usuarios (id, email, password_hash, rol, nombre, apellidos, dni, activo) VALUES ('6f1e2e04-1b38-427a-bd12-82304521f07e', '607092@academia.edu', '$2b$10$Kt1WXnRsFi4Ux.r1r8SQD.Ps1ksMrVyIVlHWg9o3Z/3N8hWuZV/3G', 'alumno', 'Nuria Nazareth', 'Olivares Rojas', '60701865', true);
INSERT INTO alumnos (id, usuario_id, dni, nombre, apellidos, codigo_barras, aula_id) VALUES ('6c3e000e-a442-41aa-84ed-040fd3830a8e', '6f1e2e04-1b38-427a-bd12-82304521f07e', '60701865', 'Nuria Nazareth', 'Olivares Rojas', '607092', '40017dfb-7699-40f7-b93a-77d5cc3cf3c1');
INSERT INTO usuarios (id, email, password_hash, rol, nombre, apellidos, dni, activo) VALUES ('2f28d323-2733-4504-b3ae-3d08857f42f3', '605712@academia.edu', '$2b$10$Kt1WXnRsFi4Ux.r1r8SQD.Ps1ksMrVyIVlHWg9o3Z/3N8hWuZV/3G', 'alumno', 'Elizabeth Edith', 'Reyes Trujillo', '60576622', true);
INSERT INTO alumnos (id, usuario_id, dni, nombre, apellidos, codigo_barras, aula_id) VALUES ('9a44e928-ca45-41f5-bf71-26b17cd8f068', '2f28d323-2733-4504-b3ae-3d08857f42f3', '60576622', 'Elizabeth Edith', 'Reyes Trujillo', '605712', '40017dfb-7699-40f7-b93a-77d5cc3cf3c1');
INSERT INTO usuarios (id, email, password_hash, rol, nombre, apellidos, dni, activo) VALUES ('11a61181-4cc5-47be-994b-aa5e513da472', '614005@academia.edu', '$2b$10$Kt1WXnRsFi4Ux.r1r8SQD.Ps1ksMrVyIVlHWg9o3Z/3N8hWuZV/3G', 'alumno', 'Carlos Alejandro', 'Rivera Venturo', '61409531', true);
INSERT INTO alumnos (id, usuario_id, dni, nombre, apellidos, codigo_barras, aula_id) VALUES ('6e96519c-1947-4618-b5a2-aabedfa10c1d', '11a61181-4cc5-47be-994b-aa5e513da472', '61409531', 'Carlos Alejandro', 'Rivera Venturo', '614005', '40017dfb-7699-40f7-b93a-77d5cc3cf3c1');
INSERT INTO usuarios (id, email, password_hash, rol, nombre, apellidos, dni, activo) VALUES ('a8dca5ce-263f-4167-9f50-46696b45b218', '602044@academia.edu', '$2b$10$Kt1WXnRsFi4Ux.r1r8SQD.Ps1ksMrVyIVlHWg9o3Z/3N8hWuZV/3G', 'alumno', 'Abehail Cesar', 'Roa Naupay', '60204283', true);
INSERT INTO alumnos (id, usuario_id, dni, nombre, apellidos, codigo_barras, aula_id) VALUES ('dfd89466-0138-4f69-8df1-059f0d0417ed', 'a8dca5ce-263f-4167-9f50-46696b45b218', '60204283', 'Abehail Cesar', 'Roa Naupay', '602044', '40017dfb-7699-40f7-b93a-77d5cc3cf3c1');
INSERT INTO usuarios (id, email, password_hash, rol, nombre, apellidos, dni, activo) VALUES ('be2ef9c7-dac4-4c98-8749-98fc2de99288', '614059@academia.edu', '$2b$10$Kt1WXnRsFi4Ux.r1r8SQD.Ps1ksMrVyIVlHWg9o3Z/3N8hWuZV/3G', 'alumno', 'Cristhian Cesar', 'Roman Llanto', '61409365', true);
INSERT INTO alumnos (id, usuario_id, dni, nombre, apellidos, codigo_barras, aula_id) VALUES ('7e60ed0b-5da4-4a69-bc0e-e082b9d6b0f9', 'be2ef9c7-dac4-4c98-8749-98fc2de99288', '61409365', 'Cristhian Cesar', 'Roman Llanto', '614059', '40017dfb-7699-40f7-b93a-77d5cc3cf3c1');
INSERT INTO usuarios (id, email, password_hash, rol, nombre, apellidos, dni, activo) VALUES ('7ad5dd93-6eb4-4fa7-bccf-d6cb334ffcd9', '602524@academia.edu', '$2b$10$Kt1WXnRsFi4Ux.r1r8SQD.Ps1ksMrVyIVlHWg9o3Z/3N8hWuZV/3G', 'alumno', 'Johan Carlos', 'Simeon Camones', '60250513', true);
INSERT INTO alumnos (id, usuario_id, dni, nombre, apellidos, codigo_barras, aula_id) VALUES ('d28b0c39-d3ec-48e5-8cdc-4b053185c2cd', '7ad5dd93-6eb4-4fa7-bccf-d6cb334ffcd9', '60250513', 'Johan Carlos', 'Simeon Camones', '602524', '40017dfb-7699-40f7-b93a-77d5cc3cf3c1');
INSERT INTO usuarios (id, email, password_hash, rol, nombre, apellidos, dni, activo) VALUES ('7403ca7d-9fc3-44e1-af09-8d46d16c8e50', '613151@academia.edu', '$2b$10$Kt1WXnRsFi4Ux.r1r8SQD.Ps1ksMrVyIVlHWg9o3Z/3N8hWuZV/3G', 'alumno', 'Patricia Carla', 'Solis Palma', '61314694', true);
INSERT INTO alumnos (id, usuario_id, dni, nombre, apellidos, codigo_barras, aula_id) VALUES ('a85912a5-561f-4024-934d-387cc991c46f', '7403ca7d-9fc3-44e1-af09-8d46d16c8e50', '61314694', 'Patricia Carla', 'Solis Palma', '613151', '40017dfb-7699-40f7-b93a-77d5cc3cf3c1');
INSERT INTO usuarios (id, email, password_hash, rol, nombre, apellidos, dni, activo) VALUES ('a0a0a3c7-03de-4f5c-9c86-67c272bbed4d', '601240@academia.edu', '$2b$10$Kt1WXnRsFi4Ux.r1r8SQD.Ps1ksMrVyIVlHWg9o3Z/3N8hWuZV/3G', 'alumno', 'Edelina Gladis', 'Tolentino Falcon', '60124921', true);
INSERT INTO alumnos (id, usuario_id, dni, nombre, apellidos, codigo_barras, aula_id) VALUES ('bef84565-f520-4324-b249-b090fcd05b62', 'a0a0a3c7-03de-4f5c-9c86-67c272bbed4d', '60124921', 'Edelina Gladis', 'Tolentino Falcon', '601240', '40017dfb-7699-40f7-b93a-77d5cc3cf3c1');
INSERT INTO usuarios (id, email, password_hash, rol, nombre, apellidos, dni, activo) VALUES ('2449fd49-e3a8-4563-95b0-03c14cfa7e70', '614949@academia.edu', '$2b$10$Kt1WXnRsFi4Ux.r1r8SQD.Ps1ksMrVyIVlHWg9o3Z/3N8hWuZV/3G', 'alumno', 'Jean Carlos', 'Torres Llanto', '61490242', true);
INSERT INTO alumnos (id, usuario_id, dni, nombre, apellidos, codigo_barras, aula_id) VALUES ('e6819d51-679c-4eae-a778-f63baaf13bf3', '2449fd49-e3a8-4563-95b0-03c14cfa7e70', '61490242', 'Jean Carlos', 'Torres Llanto', '614949', '40017dfb-7699-40f7-b93a-77d5cc3cf3c1');
INSERT INTO usuarios (id, email, password_hash, rol, nombre, apellidos, dni, activo) VALUES ('7245ca36-3210-4de0-b86c-5a2cdb19a403', '609897@academia.edu', '$2b$10$Kt1WXnRsFi4Ux.r1r8SQD.Ps1ksMrVyIVlHWg9o3Z/3N8hWuZV/3G', 'alumno', 'Elmer Nilton', 'Yanac Yauri', '60983829', true);
INSERT INTO alumnos (id, usuario_id, dni, nombre, apellidos, codigo_barras, aula_id) VALUES ('40285368-72e9-4d23-917f-f125715a5a87', '7245ca36-3210-4de0-b86c-5a2cdb19a403', '60983829', 'Elmer Nilton', 'Yanac Yauri', '609897', '40017dfb-7699-40f7-b93a-77d5cc3cf3c1');
INSERT INTO usuarios (id, email, password_hash, rol, nombre, apellidos, dni, activo) VALUES ('4f48eba4-3c3f-460a-9391-f6183ff64a8a', '610882@academia.edu', '$2b$10$Kt1WXnRsFi4Ux.r1r8SQD.Ps1ksMrVyIVlHWg9o3Z/3N8hWuZV/3G', 'alumno', 'Eielsen Edwar', 'Zarzosa Valentin', '61080788', true);
INSERT INTO alumnos (id, usuario_id, dni, nombre, apellidos, codigo_barras, aula_id) VALUES ('bc264961-9876-4367-b97a-2f8dc3c82736', '4f48eba4-3c3f-460a-9391-f6183ff64a8a', '61080788', 'Eielsen Edwar', 'Zarzosa Valentin', '610882', '40017dfb-7699-40f7-b93a-77d5cc3cf3c1');
INSERT INTO usuarios (id, email, password_hash, rol, nombre, apellidos, dni, activo) VALUES ('4d9ef352-79d9-412f-8be2-b512bab172d8', '601201@academia.edu', '$2b$10$Kt1WXnRsFi4Ux.r1r8SQD.Ps1ksMrVyIVlHWg9o3Z/3N8hWuZV/3G', 'alumno', 'Juan Diego', 'Antunez Solis', '60123372', true);
INSERT INTO alumnos (id, usuario_id, dni, nombre, apellidos, codigo_barras, aula_id) VALUES ('6796f049-46f9-43d4-8f04-2a9018ea0e8a', '4d9ef352-79d9-412f-8be2-b512bab172d8', '60123372', 'Juan Diego', 'Antunez Solis', '601201', '6a149f97-c02f-40e3-9b1d-d9e81ecd2fde');
INSERT INTO usuarios (id, email, password_hash, rol, nombre, apellidos, dni, activo) VALUES ('813ac9b8-55f7-4219-9bba-b9ce72619d39', '608722@academia.edu', '$2b$10$Kt1WXnRsFi4Ux.r1r8SQD.Ps1ksMrVyIVlHWg9o3Z/3N8hWuZV/3G', 'alumno', 'Alexis Raul', 'Ballico Villon', '60876024', true);
INSERT INTO alumnos (id, usuario_id, dni, nombre, apellidos, codigo_barras, aula_id) VALUES ('a8bcaa70-ddab-4e57-8c43-c7948fcf1aa0', '813ac9b8-55f7-4219-9bba-b9ce72619d39', '60876024', 'Alexis Raul', 'Ballico Villon', '608722', '6a149f97-c02f-40e3-9b1d-d9e81ecd2fde');
INSERT INTO usuarios (id, email, password_hash, rol, nombre, apellidos, dni, activo) VALUES ('d5ec7031-b722-4f24-a5be-1f2ee5c37821', '601288@academia.edu', '$2b$10$Kt1WXnRsFi4Ux.r1r8SQD.Ps1ksMrVyIVlHWg9o3Z/3N8hWuZV/3G', 'alumno', 'Zarumi Nathaly', 'Blas Blas', '60122110', true);
INSERT INTO alumnos (id, usuario_id, dni, nombre, apellidos, codigo_barras, aula_id) VALUES ('055854f2-a472-4287-bb9e-2ff7543d07bc', 'd5ec7031-b722-4f24-a5be-1f2ee5c37821', '60122110', 'Zarumi Nathaly', 'Blas Blas', '601288', '6a149f97-c02f-40e3-9b1d-d9e81ecd2fde');
INSERT INTO usuarios (id, email, password_hash, rol, nombre, apellidos, dni, activo) VALUES ('d01b1236-ad5c-4867-b9d1-663b1a9d21e7', '731492@academia.edu', '$2b$10$Kt1WXnRsFi4Ux.r1r8SQD.Ps1ksMrVyIVlHWg9o3Z/3N8hWuZV/3G', 'alumno', 'Jose Fernando', 'Cadillo Vergara', '73146962', true);
INSERT INTO alumnos (id, usuario_id, dni, nombre, apellidos, codigo_barras, aula_id) VALUES ('ea9714db-721e-4a9d-8f8b-a31a1327a4f4', 'd01b1236-ad5c-4867-b9d1-663b1a9d21e7', '73146962', 'Jose Fernando', 'Cadillo Vergara', '731492', '6a149f97-c02f-40e3-9b1d-d9e81ecd2fde');
INSERT INTO usuarios (id, email, password_hash, rol, nombre, apellidos, dni, activo) VALUES ('5bba4d17-f56a-40b1-bf69-b09d5b653ec3', '602869@academia.edu', '$2b$10$Kt1WXnRsFi4Ux.r1r8SQD.Ps1ksMrVyIVlHWg9o3Z/3N8hWuZV/3G', 'alumno', 'Luz Andrea', 'Calderon Jara', '60289414', true);
INSERT INTO alumnos (id, usuario_id, dni, nombre, apellidos, codigo_barras, aula_id) VALUES ('cee3d0b9-2eaa-4e2d-a94e-5ab672781ee8', '5bba4d17-f56a-40b1-bf69-b09d5b653ec3', '60289414', 'Luz Andrea', 'Calderon Jara', '602869', '6a149f97-c02f-40e3-9b1d-d9e81ecd2fde');
INSERT INTO usuarios (id, email, password_hash, rol, nombre, apellidos, dni, activo) VALUES ('acc9f630-858a-442e-94f6-c665cf9d5d53', '616009@academia.edu', '$2b$10$Kt1WXnRsFi4Ux.r1r8SQD.Ps1ksMrVyIVlHWg9o3Z/3N8hWuZV/3G', 'alumno', 'Andreab Cristina', 'Canares Flores', '61607612', true);
INSERT INTO alumnos (id, usuario_id, dni, nombre, apellidos, codigo_barras, aula_id) VALUES ('2bcd5c77-d6ff-4391-afbe-1e167a6431a4', 'acc9f630-858a-442e-94f6-c665cf9d5d53', '61607612', 'Andreab Cristina', 'Canares Flores', '616009', '6a149f97-c02f-40e3-9b1d-d9e81ecd2fde');
INSERT INTO usuarios (id, email, password_hash, rol, nombre, apellidos, dni, activo) VALUES ('e5009238-a17a-4838-bab9-9b7c2f9eeec9', '600207@academia.edu', '$2b$10$Kt1WXnRsFi4Ux.r1r8SQD.Ps1ksMrVyIVlHWg9o3Z/3N8hWuZV/3G', 'alumno', 'Jeremy Benjamin', 'Cantaro Bartolome', '60022493', true);
INSERT INTO alumnos (id, usuario_id, dni, nombre, apellidos, codigo_barras, aula_id) VALUES ('6c97fdc8-70ad-4c13-afae-6f1fa8354d6a', 'e5009238-a17a-4838-bab9-9b7c2f9eeec9', '60022493', 'Jeremy Benjamin', 'Cantaro Bartolome', '600207', '6a149f97-c02f-40e3-9b1d-d9e81ecd2fde');
INSERT INTO usuarios (id, email, password_hash, rol, nombre, apellidos, dni, activo) VALUES ('ae5598f1-f3a5-4f63-9175-0f1cf5c4e3ca', '614851@academia.edu', '$2b$10$Kt1WXnRsFi4Ux.r1r8SQD.Ps1ksMrVyIVlHWg9o3Z/3N8hWuZV/3G', 'alumno', 'Andre Fredy', 'Ccolquehuanca Hurtado', '61480129', true);
INSERT INTO alumnos (id, usuario_id, dni, nombre, apellidos, codigo_barras, aula_id) VALUES ('03da36f3-fe4b-4d20-a12c-357c3a56ca2f', 'ae5598f1-f3a5-4f63-9175-0f1cf5c4e3ca', '61480129', 'Andre Fredy', 'Ccolquehuanca Hurtado', '614851', '6a149f97-c02f-40e3-9b1d-d9e81ecd2fde');
INSERT INTO usuarios (id, email, password_hash, rol, nombre, apellidos, dni, activo) VALUES ('bb8be1ff-db23-4685-b98a-e0d20c934b8f', '617828@academia.edu', '$2b$10$Kt1WXnRsFi4Ux.r1r8SQD.Ps1ksMrVyIVlHWg9o3Z/3N8hWuZV/3G', 'alumno', 'Rusber Janpool', 'Chavez Hidalgo', '61786826', true);
INSERT INTO alumnos (id, usuario_id, dni, nombre, apellidos, codigo_barras, aula_id) VALUES ('3046ea06-fbfa-4ac5-9dfc-7da0249645f4', 'bb8be1ff-db23-4685-b98a-e0d20c934b8f', '61786826', 'Rusber Janpool', 'Chavez Hidalgo', '617828', '6a149f97-c02f-40e3-9b1d-d9e81ecd2fde');
INSERT INTO usuarios (id, email, password_hash, rol, nombre, apellidos, dni, activo) VALUES ('dceb6e2e-e294-4e34-9259-f5d7abe802b9', '620096@academia.edu', '$2b$10$Kt1WXnRsFi4Ux.r1r8SQD.Ps1ksMrVyIVlHWg9o3Z/3N8hWuZV/3G', 'alumno', 'Abel Yufre', 'Chinchay Rodriguez', '62001223', true);
INSERT INTO alumnos (id, usuario_id, dni, nombre, apellidos, codigo_barras, aula_id) VALUES ('48ca6be6-112b-4ea2-995b-6880810aadd2', 'dceb6e2e-e294-4e34-9259-f5d7abe802b9', '62001223', 'Abel Yufre', 'Chinchay Rodriguez', '620096', '6a149f97-c02f-40e3-9b1d-d9e81ecd2fde');
INSERT INTO usuarios (id, email, password_hash, rol, nombre, apellidos, dni, activo) VALUES ('d6ad0363-b807-4480-8a5d-1e81dc1b9b08', '602345@academia.edu', '$2b$10$Kt1WXnRsFi4Ux.r1r8SQD.Ps1ksMrVyIVlHWg9o3Z/3N8hWuZV/3G', 'alumno', 'Francisco Santiago', 'Cilio Huerta', '60233420', true);
INSERT INTO alumnos (id, usuario_id, dni, nombre, apellidos, codigo_barras, aula_id) VALUES ('8ae4e33b-20ff-4808-a6d9-b4b8041197d9', 'd6ad0363-b807-4480-8a5d-1e81dc1b9b08', '60233420', 'Francisco Santiago', 'Cilio Huerta', '602345', '6a149f97-c02f-40e3-9b1d-d9e81ecd2fde');
INSERT INTO usuarios (id, email, password_hash, rol, nombre, apellidos, dni, activo) VALUES ('447e54e2-7db4-4bf3-b468-ab41a840f5ae', '611930@academia.edu', '$2b$10$Kt1WXnRsFi4Ux.r1r8SQD.Ps1ksMrVyIVlHWg9o3Z/3N8hWuZV/3G', 'alumno', 'Mileidi Doris', 'Collazos Chinchay', '61191386', true);
INSERT INTO alumnos (id, usuario_id, dni, nombre, apellidos, codigo_barras, aula_id) VALUES ('4688fe1b-2494-4636-8ae1-5cb56b537106', '447e54e2-7db4-4bf3-b468-ab41a840f5ae', '61191386', 'Mileidi Doris', 'Collazos Chinchay', '611930', '6a149f97-c02f-40e3-9b1d-d9e81ecd2fde');
INSERT INTO usuarios (id, email, password_hash, rol, nombre, apellidos, dni, activo) VALUES ('75a2510f-a497-4212-b424-9d05f3b89bc8', '612125@academia.edu', '$2b$10$Kt1WXnRsFi4Ux.r1r8SQD.Ps1ksMrVyIVlHWg9o3Z/3N8hWuZV/3G', 'alumno', 'Carlos Fabricio', 'Diaz Noteno', '61211443', true);
INSERT INTO alumnos (id, usuario_id, dni, nombre, apellidos, codigo_barras, aula_id) VALUES ('82e02fdb-41c0-4d3c-831d-993a5fb17c8c', '75a2510f-a497-4212-b424-9d05f3b89bc8', '61211443', 'Carlos Fabricio', 'Diaz Noteno', '612125', '6a149f97-c02f-40e3-9b1d-d9e81ecd2fde');
INSERT INTO usuarios (id, email, password_hash, rol, nombre, apellidos, dni, activo) VALUES ('8348e47f-03c2-44df-8770-fdfaf19b0552', '601292@academia.edu', '$2b$10$Kt1WXnRsFi4Ux.r1r8SQD.Ps1ksMrVyIVlHWg9o3Z/3N8hWuZV/3G', 'alumno', 'Deysy Flor', 'Dominguez Julca', '60123807', true);
INSERT INTO alumnos (id, usuario_id, dni, nombre, apellidos, codigo_barras, aula_id) VALUES ('d6d0dbbd-ad5b-49bb-9e8c-98d1558d30f5', '8348e47f-03c2-44df-8770-fdfaf19b0552', '60123807', 'Deysy Flor', 'Dominguez Julca', '601292', '6a149f97-c02f-40e3-9b1d-d9e81ecd2fde');
INSERT INTO usuarios (id, email, password_hash, rol, nombre, apellidos, dni, activo) VALUES ('da48870f-4709-4b17-a410-391d0dc71058', '612982@academia.edu', '$2b$10$Kt1WXnRsFi4Ux.r1r8SQD.Ps1ksMrVyIVlHWg9o3Z/3N8hWuZV/3G', 'alumno', 'Helen Briyith', 'Espinoza Paucar', '61298753', true);
INSERT INTO alumnos (id, usuario_id, dni, nombre, apellidos, codigo_barras, aula_id) VALUES ('4fce672a-2f6b-467e-93bc-4a30fb697963', 'da48870f-4709-4b17-a410-391d0dc71058', '61298753', 'Helen Briyith', 'Espinoza Paucar', '612982', '6a149f97-c02f-40e3-9b1d-d9e81ecd2fde');
INSERT INTO usuarios (id, email, password_hash, rol, nombre, apellidos, dni, activo) VALUES ('3e15bb4e-425a-436b-abf8-a7fa4ab7468f', '615174@academia.edu', '$2b$10$Kt1WXnRsFi4Ux.r1r8SQD.Ps1ksMrVyIVlHWg9o3Z/3N8hWuZV/3G', 'alumno', 'Piero Raul', 'Esquivel Camones', '61517119', true);
INSERT INTO alumnos (id, usuario_id, dni, nombre, apellidos, codigo_barras, aula_id) VALUES ('fca2a293-da2b-4ac2-9e3c-f0509de2f40b', '3e15bb4e-425a-436b-abf8-a7fa4ab7468f', '61517119', 'Piero Raul', 'Esquivel Camones', '615174', '6a149f97-c02f-40e3-9b1d-d9e81ecd2fde');
INSERT INTO usuarios (id, email, password_hash, rol, nombre, apellidos, dni, activo) VALUES ('3e3d1463-18e0-46e3-9995-6b7b7758b544', '614809@academia.edu', '$2b$10$Kt1WXnRsFi4Ux.r1r8SQD.Ps1ksMrVyIVlHWg9o3Z/3N8hWuZV/3G', 'alumno', 'Jheremy Josue', 'Gamarra Dolores', '61480228', true);
INSERT INTO alumnos (id, usuario_id, dni, nombre, apellidos, codigo_barras, aula_id) VALUES ('9eeca6dc-d6fd-48cd-be5f-8f788238841d', '3e3d1463-18e0-46e3-9995-6b7b7758b544', '61480228', 'Jheremy Josue', 'Gamarra Dolores', '614809', '6a149f97-c02f-40e3-9b1d-d9e81ecd2fde');
INSERT INTO usuarios (id, email, password_hash, rol, nombre, apellidos, dni, activo) VALUES ('f2637a84-f692-4eeb-97bd-0f256e8cfa02', '603472@academia.edu', '$2b$10$Kt1WXnRsFi4Ux.r1r8SQD.Ps1ksMrVyIVlHWg9o3Z/3N8hWuZV/3G', 'alumno', 'Nenyel Hedley', 'Gambini Rivera', '60342232', true);
INSERT INTO alumnos (id, usuario_id, dni, nombre, apellidos, codigo_barras, aula_id) VALUES ('10dc8ce7-7b4d-4a43-b050-bf5a7d379d9a', 'f2637a84-f692-4eeb-97bd-0f256e8cfa02', '60342232', 'Nenyel Hedley', 'Gambini Rivera', '603472', '6a149f97-c02f-40e3-9b1d-d9e81ecd2fde');
INSERT INTO usuarios (id, email, password_hash, rol, nombre, apellidos, dni, activo) VALUES ('6d9a47e1-6181-47a6-97a8-861aea6020de', '626527@academia.edu', '$2b$10$Kt1WXnRsFi4Ux.r1r8SQD.Ps1ksMrVyIVlHWg9o3Z/3N8hWuZV/3G', 'alumno', 'Fernando Valentino', 'Guerrero Morales', '62656917', true);
INSERT INTO alumnos (id, usuario_id, dni, nombre, apellidos, codigo_barras, aula_id) VALUES ('b4bef809-8f85-4c81-970a-bfb585f7a95a', '6d9a47e1-6181-47a6-97a8-861aea6020de', '62656917', 'Fernando Valentino', 'Guerrero Morales', '626527', '6a149f97-c02f-40e3-9b1d-d9e81ecd2fde');
INSERT INTO usuarios (id, email, password_hash, rol, nombre, apellidos, dni, activo) VALUES ('ebabb7a2-8ad2-403e-b1e7-8d35937f5d91', '771394@academia.edu', '$2b$10$Kt1WXnRsFi4Ux.r1r8SQD.Ps1ksMrVyIVlHWg9o3Z/3N8hWuZV/3G', 'alumno', 'Lincol Keny', 'Guillen Torres', '77136679', true);
INSERT INTO alumnos (id, usuario_id, dni, nombre, apellidos, codigo_barras, aula_id) VALUES ('8d858651-56b2-4a57-afa4-478126842f85', 'ebabb7a2-8ad2-403e-b1e7-8d35937f5d91', '77136679', 'Lincol Keny', 'Guillen Torres', '771394', '6a149f97-c02f-40e3-9b1d-d9e81ecd2fde');
INSERT INTO usuarios (id, email, password_hash, rol, nombre, apellidos, dni, activo) VALUES ('abadd897-03b6-401b-8ab7-aed567552bcd', '613157@academia.edu', '$2b$10$Kt1WXnRsFi4Ux.r1r8SQD.Ps1ksMrVyIVlHWg9o3Z/3N8hWuZV/3G', 'alumno', 'Leonel Cristian', 'Henostroza Chauca', '61314634', true);
INSERT INTO alumnos (id, usuario_id, dni, nombre, apellidos, codigo_barras, aula_id) VALUES ('db7ac307-2e60-46c4-89a6-245b733442d9', 'abadd897-03b6-401b-8ab7-aed567552bcd', '61314634', 'Leonel Cristian', 'Henostroza Chauca', '613157', '6a149f97-c02f-40e3-9b1d-d9e81ecd2fde');
INSERT INTO usuarios (id, email, password_hash, rol, nombre, apellidos, dni, activo) VALUES ('f15df729-1d8a-4e6a-8ebc-d11396801cb3', '606992@academia.edu', '$2b$10$Kt1WXnRsFi4Ux.r1r8SQD.Ps1ksMrVyIVlHWg9o3Z/3N8hWuZV/3G', 'alumno', 'Jhan Lincol', 'Huata Espinoza', '60691884', true);
INSERT INTO alumnos (id, usuario_id, dni, nombre, apellidos, codigo_barras, aula_id) VALUES ('97266c7c-2820-455e-bec3-0b4ad5fabf37', 'f15df729-1d8a-4e6a-8ebc-d11396801cb3', '60691884', 'Jhan Lincol', 'Huata Espinoza', '606992', '6a149f97-c02f-40e3-9b1d-d9e81ecd2fde');
INSERT INTO usuarios (id, email, password_hash, rol, nombre, apellidos, dni, activo) VALUES ('0a763513-51bd-43c6-9799-7a5c24add8da', '614407@academia.edu', '$2b$10$Kt1WXnRsFi4Ux.r1r8SQD.Ps1ksMrVyIVlHWg9o3Z/3N8hWuZV/3G', 'alumno', 'Sehus Forlan', 'Huayta Rodriguez', '61447760', true);
INSERT INTO alumnos (id, usuario_id, dni, nombre, apellidos, codigo_barras, aula_id) VALUES ('decdc626-664b-4fa0-b6b2-122ef7096968', '0a763513-51bd-43c6-9799-7a5c24add8da', '61447760', 'Sehus Forlan', 'Huayta Rodriguez', '614407', '6a149f97-c02f-40e3-9b1d-d9e81ecd2fde');
INSERT INTO usuarios (id, email, password_hash, rol, nombre, apellidos, dni, activo) VALUES ('f432db64-6689-4885-b8c6-5eeeb46bb337', '614667@academia.edu', '$2b$10$Kt1WXnRsFi4Ux.r1r8SQD.Ps1ksMrVyIVlHWg9o3Z/3N8hWuZV/3G', 'alumno', 'Gustavo Eduardo', 'Huerta Bardales', '61463726', true);
INSERT INTO alumnos (id, usuario_id, dni, nombre, apellidos, codigo_barras, aula_id) VALUES ('26530bc1-0604-4cdf-989f-19814aa382fd', 'f432db64-6689-4885-b8c6-5eeeb46bb337', '61463726', 'Gustavo Eduardo', 'Huerta Bardales', '614667', '6a149f97-c02f-40e3-9b1d-d9e81ecd2fde');
INSERT INTO usuarios (id, email, password_hash, rol, nombre, apellidos, dni, activo) VALUES ('1afbef50-522c-420b-aaaa-884025667729', '615905@academia.edu', '$2b$10$Kt1WXnRsFi4Ux.r1r8SQD.Ps1ksMrVyIVlHWg9o3Z/3N8hWuZV/3G', 'alumno', 'Roy Mario', 'Jimenez Maylle', '61590666', true);
INSERT INTO alumnos (id, usuario_id, dni, nombre, apellidos, codigo_barras, aula_id) VALUES ('37542c6a-fa24-4872-b816-bac5fa31781d', '1afbef50-522c-420b-aaaa-884025667729', '61590666', 'Roy Mario', 'Jimenez Maylle', '615905', '6a149f97-c02f-40e3-9b1d-d9e81ecd2fde');
INSERT INTO usuarios (id, email, password_hash, rol, nombre, apellidos, dni, activo) VALUES ('94decd6c-8e7a-4362-a49d-b4cc7ee06c44', '605905@academia.edu', '$2b$10$Kt1WXnRsFi4Ux.r1r8SQD.Ps1ksMrVyIVlHWg9o3Z/3N8hWuZV/3G', 'alumno', 'Sayury Ivana', 'Julca De La Cruz', '60594809', true);
INSERT INTO alumnos (id, usuario_id, dni, nombre, apellidos, codigo_barras, aula_id) VALUES ('15287c2d-cf48-494b-b7f3-99065c226bcd', '94decd6c-8e7a-4362-a49d-b4cc7ee06c44', '60594809', 'Sayury Ivana', 'Julca De La Cruz', '605905', '6a149f97-c02f-40e3-9b1d-d9e81ecd2fde');
INSERT INTO usuarios (id, email, password_hash, rol, nombre, apellidos, dni, activo) VALUES ('7b2ae021-0063-4981-9a70-af1412ba334d', '612488@academia.edu', '$2b$10$Kt1WXnRsFi4Ux.r1r8SQD.Ps1ksMrVyIVlHWg9o3Z/3N8hWuZV/3G', 'alumno', 'Alex Fernando', 'Lindo Sosa', '61245297', true);
INSERT INTO alumnos (id, usuario_id, dni, nombre, apellidos, codigo_barras, aula_id) VALUES ('e926bfff-0e02-4b4a-88fc-90e371c8602f', '7b2ae021-0063-4981-9a70-af1412ba334d', '61245297', 'Alex Fernando', 'Lindo Sosa', '612488', '6a149f97-c02f-40e3-9b1d-d9e81ecd2fde');
INSERT INTO usuarios (id, email, password_hash, rol, nombre, apellidos, dni, activo) VALUES ('5d4f9a43-f328-47a3-baf3-c34423a20cc5', '616436@academia.edu', '$2b$10$Kt1WXnRsFi4Ux.r1r8SQD.Ps1ksMrVyIVlHWg9o3Z/3N8hWuZV/3G', 'alumno', 'Kenedy Alexis', 'Lopez Graciano', '61649105', true);
INSERT INTO alumnos (id, usuario_id, dni, nombre, apellidos, codigo_barras, aula_id) VALUES ('1dce0f36-14e0-4619-94fc-c06c74adb8f5', '5d4f9a43-f328-47a3-baf3-c34423a20cc5', '61649105', 'Kenedy Alexis', 'Lopez Graciano', '616436', '6a149f97-c02f-40e3-9b1d-d9e81ecd2fde');
INSERT INTO usuarios (id, email, password_hash, rol, nombre, apellidos, dni, activo) VALUES ('eca18f0e-3e80-4715-b258-7cdf0be171fc', '616008@academia.edu', '$2b$10$Kt1WXnRsFi4Ux.r1r8SQD.Ps1ksMrVyIVlHWg9o3Z/3N8hWuZV/3G', 'alumno', 'Mayra Hillary', 'Marquina Veramendi', '61605564', true);
INSERT INTO alumnos (id, usuario_id, dni, nombre, apellidos, codigo_barras, aula_id) VALUES ('f4321c97-1db9-4cee-9ed7-cb64cb84237b', 'eca18f0e-3e80-4715-b258-7cdf0be171fc', '61605564', 'Mayra Hillary', 'Marquina Veramendi', '616008', '6a149f97-c02f-40e3-9b1d-d9e81ecd2fde');
INSERT INTO usuarios (id, email, password_hash, rol, nombre, apellidos, dni, activo) VALUES ('be1b9f32-8dec-41f7-bc74-4718982b0908', '602860@academia.edu', '$2b$10$Kt1WXnRsFi4Ux.r1r8SQD.Ps1ksMrVyIVlHWg9o3Z/3N8hWuZV/3G', 'alumno', 'Marco Antonio', 'Maylle Muñoz', '60287439', true);
INSERT INTO alumnos (id, usuario_id, dni, nombre, apellidos, codigo_barras, aula_id) VALUES ('fbb6c42b-01c5-4e90-ac7a-f71fbbf1937c', 'be1b9f32-8dec-41f7-bc74-4718982b0908', '60287439', 'Marco Antonio', 'Maylle Muñoz', '602860', '6a149f97-c02f-40e3-9b1d-d9e81ecd2fde');
INSERT INTO usuarios (id, email, password_hash, rol, nombre, apellidos, dni, activo) VALUES ('1bad4221-85ca-4f07-bd1b-24b2ac31c44c', '605764@academia.edu', '$2b$10$Kt1WXnRsFi4Ux.r1r8SQD.Ps1ksMrVyIVlHWg9o3Z/3N8hWuZV/3G', 'alumno', 'Ronald Diego', 'Mory Espinoza', '60576585', true);
INSERT INTO alumnos (id, usuario_id, dni, nombre, apellidos, codigo_barras, aula_id) VALUES ('9cea52e1-7d11-4114-8a99-0bde2c5531e7', '1bad4221-85ca-4f07-bd1b-24b2ac31c44c', '60576585', 'Ronald Diego', 'Mory Espinoza', '605764', '6a149f97-c02f-40e3-9b1d-d9e81ecd2fde');
INSERT INTO usuarios (id, email, password_hash, rol, nombre, apellidos, dni, activo) VALUES ('cbb60165-2137-415d-b051-ae336d2a4f9d', '616166@academia.edu', '$2b$10$Kt1WXnRsFi4Ux.r1r8SQD.Ps1ksMrVyIVlHWg9o3Z/3N8hWuZV/3G', 'alumno', 'Gyady Yassin', 'Nieto Huerta', '61611967', true);
INSERT INTO alumnos (id, usuario_id, dni, nombre, apellidos, codigo_barras, aula_id) VALUES ('71dff052-0779-4358-9cfe-fb955c84be84', 'cbb60165-2137-415d-b051-ae336d2a4f9d', '61611967', 'Gyady Yassin', 'Nieto Huerta', '616166', '6a149f97-c02f-40e3-9b1d-d9e81ecd2fde');
INSERT INTO usuarios (id, email, password_hash, rol, nombre, apellidos, dni, activo) VALUES ('d5308e73-4fe8-47e9-ab0f-1cc25eebf46e', '601889@academia.edu', '$2b$10$Kt1WXnRsFi4Ux.r1r8SQD.Ps1ksMrVyIVlHWg9o3Z/3N8hWuZV/3G', 'alumno', 'Edwin Aynor', 'Norabuena Chinchay', '60188514', true);
INSERT INTO alumnos (id, usuario_id, dni, nombre, apellidos, codigo_barras, aula_id) VALUES ('95d4fff4-4303-43f7-a398-7876bf07d604', 'd5308e73-4fe8-47e9-ab0f-1cc25eebf46e', '60188514', 'Edwin Aynor', 'Norabuena Chinchay', '601889', '6a149f97-c02f-40e3-9b1d-d9e81ecd2fde');
INSERT INTO usuarios (id, email, password_hash, rol, nombre, apellidos, dni, activo) VALUES ('2ae7725c-8a1b-4f0d-9831-193917e83b4c', '601239@academia.edu', '$2b$10$Kt1WXnRsFi4Ux.r1r8SQD.Ps1ksMrVyIVlHWg9o3Z/3N8hWuZV/3G', 'alumno', 'Yanela Beatriz', 'Obregon Muñuz', '60123277', true);
INSERT INTO alumnos (id, usuario_id, dni, nombre, apellidos, codigo_barras, aula_id) VALUES ('74ab7b79-11e5-472e-bcf8-defe770af306', '2ae7725c-8a1b-4f0d-9831-193917e83b4c', '60123277', 'Yanela Beatriz', 'Obregon Muñuz', '601239', '6a149f97-c02f-40e3-9b1d-d9e81ecd2fde');
INSERT INTO usuarios (id, email, password_hash, rol, nombre, apellidos, dni, activo) VALUES ('fd42f6c9-086c-40f0-87e9-54180cbcccc1', '603385@academia.edu', '$2b$10$Kt1WXnRsFi4Ux.r1r8SQD.Ps1ksMrVyIVlHWg9o3Z/3N8hWuZV/3G', 'alumno', 'Jhordy Miker', 'Perez Solorzano', '60338179', true);
INSERT INTO alumnos (id, usuario_id, dni, nombre, apellidos, codigo_barras, aula_id) VALUES ('66cb9230-4ea0-45c9-bfe8-a11cfbbe49df', 'fd42f6c9-086c-40f0-87e9-54180cbcccc1', '60338179', 'Jhordy Miker', 'Perez Solorzano', '603385', '6a149f97-c02f-40e3-9b1d-d9e81ecd2fde');
INSERT INTO usuarios (id, email, password_hash, rol, nombre, apellidos, dni, activo) VALUES ('ab26b80d-2697-4e5c-992b-53274a3573a0', '603205@academia.edu', '$2b$10$Kt1WXnRsFi4Ux.r1r8SQD.Ps1ksMrVyIVlHWg9o3Z/3N8hWuZV/3G', 'alumno', 'Deyvis Gino', 'Ramirez Evaristo', '60327254', true);
INSERT INTO alumnos (id, usuario_id, dni, nombre, apellidos, codigo_barras, aula_id) VALUES ('006cf983-a549-42ac-a5d6-f821bc0f570b', 'ab26b80d-2697-4e5c-992b-53274a3573a0', '60327254', 'Deyvis Gino', 'Ramirez Evaristo', '603205', '6a149f97-c02f-40e3-9b1d-d9e81ecd2fde');
INSERT INTO usuarios (id, email, password_hash, rol, nombre, apellidos, dni, activo) VALUES ('464734fa-0f71-4d84-b302-269bd3fb9fb9', '614231@academia.edu', '$2b$10$Kt1WXnRsFi4Ux.r1r8SQD.Ps1ksMrVyIVlHWg9o3Z/3N8hWuZV/3G', 'alumno', 'Josep Estiven', 'Rimac Quispe', '61429224', true);
INSERT INTO alumnos (id, usuario_id, dni, nombre, apellidos, codigo_barras, aula_id) VALUES ('ce3f6cb3-2ead-4caf-b827-df7e50b8f791', '464734fa-0f71-4d84-b302-269bd3fb9fb9', '61429224', 'Josep Estiven', 'Rimac Quispe', '614231', '6a149f97-c02f-40e3-9b1d-d9e81ecd2fde');
INSERT INTO usuarios (id, email, password_hash, rol, nombre, apellidos, dni, activo) VALUES ('c677c00d-c488-4b7a-8fe6-510c14763738', '709654@academia.edu', '$2b$10$Kt1WXnRsFi4Ux.r1r8SQD.Ps1ksMrVyIVlHWg9o3Z/3N8hWuZV/3G', 'alumno', 'Jerry Daniel', 'Rivera Lazo', '70966518', true);
INSERT INTO alumnos (id, usuario_id, dni, nombre, apellidos, codigo_barras, aula_id) VALUES ('686c85d9-1fff-4ee8-8bed-b9a44ffdd47d', 'c677c00d-c488-4b7a-8fe6-510c14763738', '70966518', 'Jerry Daniel', 'Rivera Lazo', '709654', '6a149f97-c02f-40e3-9b1d-d9e81ecd2fde');
INSERT INTO usuarios (id, email, password_hash, rol, nombre, apellidos, dni, activo) VALUES ('c0401f2c-8de1-46be-a66f-0521e68a05a6', '614926@academia.edu', '$2b$10$Kt1WXnRsFi4Ux.r1r8SQD.Ps1ksMrVyIVlHWg9o3Z/3N8hWuZV/3G', 'alumno', 'Cesarluis Manuel', 'Salazar Tamariz', '61490178', true);
INSERT INTO alumnos (id, usuario_id, dni, nombre, apellidos, codigo_barras, aula_id) VALUES ('19ab09cc-34bf-4719-b39d-81eb36f5baa4', 'c0401f2c-8de1-46be-a66f-0521e68a05a6', '61490178', 'Cesarluis Manuel', 'Salazar Tamariz', '614926', '6a149f97-c02f-40e3-9b1d-d9e81ecd2fde');
INSERT INTO usuarios (id, email, password_hash, rol, nombre, apellidos, dni, activo) VALUES ('bdde4557-06d6-416a-bdcd-22e03ff10730', '616197@academia.edu', '$2b$10$Kt1WXnRsFi4Ux.r1r8SQD.Ps1ksMrVyIVlHWg9o3Z/3N8hWuZV/3G', 'alumno', 'Jhamil Jesus', 'Tolentino Oyola', '61611681', true);
INSERT INTO alumnos (id, usuario_id, dni, nombre, apellidos, codigo_barras, aula_id) VALUES ('c928c217-5aa3-485e-af87-2c766cfdbad7', 'bdde4557-06d6-416a-bdcd-22e03ff10730', '61611681', 'Jhamil Jesus', 'Tolentino Oyola', '616197', '6a149f97-c02f-40e3-9b1d-d9e81ecd2fde');
INSERT INTO usuarios (id, email, password_hash, rol, nombre, apellidos, dni, activo) VALUES ('59fe2c66-99ae-492e-bc35-0a4bdf0e5aae', '606159@academia.edu', '$2b$10$Kt1WXnRsFi4Ux.r1r8SQD.Ps1ksMrVyIVlHWg9o3Z/3N8hWuZV/3G', 'alumno', 'Yeferson', 'Ugarte Veramendi', '60611422', true);
INSERT INTO alumnos (id, usuario_id, dni, nombre, apellidos, codigo_barras, aula_id) VALUES ('463a5910-50df-49b8-8250-cb894217f01c', '59fe2c66-99ae-492e-bc35-0a4bdf0e5aae', '60611422', 'Yeferson', 'Ugarte Veramendi', '606159', '6a149f97-c02f-40e3-9b1d-d9e81ecd2fde');
INSERT INTO usuarios (id, email, password_hash, rol, nombre, apellidos, dni, activo) VALUES ('6f8f9ef3-ac9d-4720-b189-94aac7b7037b', '618279@academia.edu', '$2b$10$Kt1WXnRsFi4Ux.r1r8SQD.Ps1ksMrVyIVlHWg9o3Z/3N8hWuZV/3G', 'alumno', 'Cory Mayte', 'Valverde Retuerto', '61822200', true);
INSERT INTO alumnos (id, usuario_id, dni, nombre, apellidos, codigo_barras, aula_id) VALUES ('4653f711-8cb3-4172-b6fa-64db6cdb702c', '6f8f9ef3-ac9d-4720-b189-94aac7b7037b', '61822200', 'Cory Mayte', 'Valverde Retuerto', '618279', '6a149f97-c02f-40e3-9b1d-d9e81ecd2fde');
INSERT INTO usuarios (id, email, password_hash, rol, nombre, apellidos, dni, activo) VALUES ('0a8eb12c-0ba8-4b1d-a9e8-78259e79ccec', '620155@academia.edu', '$2b$10$Kt1WXnRsFi4Ux.r1r8SQD.Ps1ksMrVyIVlHWg9o3Z/3N8hWuZV/3G', 'alumno', 'Leandro Joaquin', 'Andrade Deledesma', '62015147', true);
INSERT INTO alumnos (id, usuario_id, dni, nombre, apellidos, codigo_barras, aula_id) VALUES ('8cf97675-29cc-4331-a3b4-01f458dd8d96', '0a8eb12c-0ba8-4b1d-a9e8-78259e79ccec', '62015147', 'Leandro Joaquin', 'Andrade Deledesma', '620155', 'c6d09c8f-eb21-470c-ae46-3417d311d49d');
INSERT INTO usuarios (id, email, password_hash, rol, nombre, apellidos, dni, activo) VALUES ('9ed0adf6-a6db-431f-819f-484efcf94473', '613172@academia.edu', '$2b$10$Kt1WXnRsFi4Ux.r1r8SQD.Ps1ksMrVyIVlHWg9o3Z/3N8hWuZV/3G', 'alumno', 'Yampier Americo', 'Apolinario Santiago', '61314645', true);
INSERT INTO alumnos (id, usuario_id, dni, nombre, apellidos, codigo_barras, aula_id) VALUES ('62ef0d0f-03a3-4f87-a292-fcd9d2f6d27c', '9ed0adf6-a6db-431f-819f-484efcf94473', '61314645', 'Yampier Americo', 'Apolinario Santiago', '613172', 'c6d09c8f-eb21-470c-ae46-3417d311d49d');
INSERT INTO usuarios (id, email, password_hash, rol, nombre, apellidos, dni, activo) VALUES ('cf23906f-cd4b-43b5-abeb-0a8f4665e250', '758226@academia.edu', '$2b$10$Kt1WXnRsFi4Ux.r1r8SQD.Ps1ksMrVyIVlHWg9o3Z/3N8hWuZV/3G', 'alumno', 'Midian Merari', 'Bautista Tamara', '75820892', true);
INSERT INTO alumnos (id, usuario_id, dni, nombre, apellidos, codigo_barras, aula_id) VALUES ('5cb883b8-2f94-4b29-92dc-ab175e2d1c76', 'cf23906f-cd4b-43b5-abeb-0a8f4665e250', '75820892', 'Midian Merari', 'Bautista Tamara', '758226', 'c6d09c8f-eb21-470c-ae46-3417d311d49d');
INSERT INTO usuarios (id, email, password_hash, rol, nombre, apellidos, dni, activo) VALUES ('f5d8364e-b8e1-4e1a-94d6-44f1f727137b', '604832@academia.edu', '$2b$10$Kt1WXnRsFi4Ux.r1r8SQD.Ps1ksMrVyIVlHWg9o3Z/3N8hWuZV/3G', 'alumno', 'Andrea Celeste', 'Blas Espinoza', '60486141', true);
INSERT INTO alumnos (id, usuario_id, dni, nombre, apellidos, codigo_barras, aula_id) VALUES ('e7459563-4dff-4b6b-bfc7-12fd6910ef9c', 'f5d8364e-b8e1-4e1a-94d6-44f1f727137b', '60486141', 'Andrea Celeste', 'Blas Espinoza', '604832', 'c6d09c8f-eb21-470c-ae46-3417d311d49d');
INSERT INTO usuarios (id, email, password_hash, rol, nombre, apellidos, dni, activo) VALUES ('355b2428-1cba-4fa7-ac86-2139cb10ad89', '757611@academia.edu', '$2b$10$Kt1WXnRsFi4Ux.r1r8SQD.Ps1ksMrVyIVlHWg9o3Z/3N8hWuZV/3G', 'alumno', 'Marco Victor', 'Botello Mendoza', '75762364', true);
INSERT INTO alumnos (id, usuario_id, dni, nombre, apellidos, codigo_barras, aula_id) VALUES ('c7f3d222-baf3-4f53-ab93-c221c93ab4dc', '355b2428-1cba-4fa7-ac86-2139cb10ad89', '75762364', 'Marco Victor', 'Botello Mendoza', '757611', 'c6d09c8f-eb21-470c-ae46-3417d311d49d');
INSERT INTO usuarios (id, email, password_hash, rol, nombre, apellidos, dni, activo) VALUES ('a6cbeab0-f5ad-42f0-ab53-b7cb921d3a0c', '611593@academia.edu', '$2b$10$Kt1WXnRsFi4Ux.r1r8SQD.Ps1ksMrVyIVlHWg9o3Z/3N8hWuZV/3G', 'alumno', 'Meliton Clemente', 'Cadillo Salas', '61155358', true);
INSERT INTO alumnos (id, usuario_id, dni, nombre, apellidos, codigo_barras, aula_id) VALUES ('e67e056b-c83f-4db7-a08a-b51ebfaeed18', 'a6cbeab0-f5ad-42f0-ab53-b7cb921d3a0c', '61155358', 'Meliton Clemente', 'Cadillo Salas', '611593', 'c6d09c8f-eb21-470c-ae46-3417d311d49d');
INSERT INTO usuarios (id, email, password_hash, rol, nombre, apellidos, dni, activo) VALUES ('ed37abfc-b895-4777-94ed-5a42c82a34d3', '601285@academia.edu', '$2b$10$Kt1WXnRsFi4Ux.r1r8SQD.Ps1ksMrVyIVlHWg9o3Z/3N8hWuZV/3G', 'alumno', 'Royer Efrain', 'Caro Guerrero', '60123872', true);
INSERT INTO alumnos (id, usuario_id, dni, nombre, apellidos, codigo_barras, aula_id) VALUES ('6467e2b8-cf62-4343-9d06-692ed12506ac', 'ed37abfc-b895-4777-94ed-5a42c82a34d3', '60123872', 'Royer Efrain', 'Caro Guerrero', '601285', 'c6d09c8f-eb21-470c-ae46-3417d311d49d');
INSERT INTO usuarios (id, email, password_hash, rol, nombre, apellidos, dni, activo) VALUES ('ccbd8e55-3d5c-4ab2-a34e-1a26f44c04f6', '614499@academia.edu', '$2b$10$Kt1WXnRsFi4Ux.r1r8SQD.Ps1ksMrVyIVlHWg9o3Z/3N8hWuZV/3G', 'alumno', 'Marco Antonio', 'Cornelio Reyes', '61447690', true);
INSERT INTO alumnos (id, usuario_id, dni, nombre, apellidos, codigo_barras, aula_id) VALUES ('8a7560b8-02f2-45f6-bf5f-1646aa956787', 'ccbd8e55-3d5c-4ab2-a34e-1a26f44c04f6', '61447690', 'Marco Antonio', 'Cornelio Reyes', '614499', 'c6d09c8f-eb21-470c-ae46-3417d311d49d');
INSERT INTO usuarios (id, email, password_hash, rol, nombre, apellidos, dni, activo) VALUES ('a6a3b0d6-b2e1-4856-8f30-39900f11be08', '604080@academia.edu', '$2b$10$Kt1WXnRsFi4Ux.r1r8SQD.Ps1ksMrVyIVlHWg9o3Z/3N8hWuZV/3G', 'alumno', 'Leonel Jhefferson', 'Diaz Ramirez', '60404908', true);
INSERT INTO alumnos (id, usuario_id, dni, nombre, apellidos, codigo_barras, aula_id) VALUES ('261e8cd2-70bc-4726-a71b-06874ba40a94', 'a6a3b0d6-b2e1-4856-8f30-39900f11be08', '60404908', 'Leonel Jhefferson', 'Diaz Ramirez', '604080', 'c6d09c8f-eb21-470c-ae46-3417d311d49d');
INSERT INTO usuarios (id, email, password_hash, rol, nombre, apellidos, dni, activo) VALUES ('9a8e897d-e9e0-4753-8a27-250f668fed08', '613162@academia.edu', '$2b$10$Kt1WXnRsFi4Ux.r1r8SQD.Ps1ksMrVyIVlHWg9o3Z/3N8hWuZV/3G', 'alumno', 'Anabel Valentina', 'Flores Antunez', '61314400', true);
INSERT INTO alumnos (id, usuario_id, dni, nombre, apellidos, codigo_barras, aula_id) VALUES ('b7e00cc4-1db5-4239-8ce6-e6917209f1fa', '9a8e897d-e9e0-4753-8a27-250f668fed08', '61314400', 'Anabel Valentina', 'Flores Antunez', '613162', 'c6d09c8f-eb21-470c-ae46-3417d311d49d');
INSERT INTO usuarios (id, email, password_hash, rol, nombre, apellidos, dni, activo) VALUES ('7c57922f-6841-4eea-91cd-7da7e2fe4597', '601223@academia.edu', '$2b$10$Kt1WXnRsFi4Ux.r1r8SQD.Ps1ksMrVyIVlHWg9o3Z/3N8hWuZV/3G', 'alumno', 'Esmith Isael', 'Flores Regalado', '60127493', true);
INSERT INTO alumnos (id, usuario_id, dni, nombre, apellidos, codigo_barras, aula_id) VALUES ('fa1694cb-7a86-443a-bace-2dddddd92f4b', '7c57922f-6841-4eea-91cd-7da7e2fe4597', '60127493', 'Esmith Isael', 'Flores Regalado', '601223', 'c6d09c8f-eb21-470c-ae46-3417d311d49d');
INSERT INTO usuarios (id, email, password_hash, rol, nombre, apellidos, dni, activo) VALUES ('6b338073-44eb-4046-b7b1-4f85b437a5de', '602094@academia.edu', '$2b$10$Kt1WXnRsFi4Ux.r1r8SQD.Ps1ksMrVyIVlHWg9o3Z/3N8hWuZV/3G', 'alumno', 'Jovert Jacinto', 'Flores Silva', '60208478', true);
INSERT INTO alumnos (id, usuario_id, dni, nombre, apellidos, codigo_barras, aula_id) VALUES ('636df796-eb97-4771-8955-410e47012136', '6b338073-44eb-4046-b7b1-4f85b437a5de', '60208478', 'Jovert Jacinto', 'Flores Silva', '602094', 'c6d09c8f-eb21-470c-ae46-3417d311d49d');
INSERT INTO usuarios (id, email, password_hash, rol, nombre, apellidos, dni, activo) VALUES ('ffc941b0-0acb-4555-92f3-425fd9650aee', '612966@academia.edu', '$2b$10$Kt1WXnRsFi4Ux.r1r8SQD.Ps1ksMrVyIVlHWg9o3Z/3N8hWuZV/3G', 'alumno', 'Alexis Alejandrito', 'Gamarra Araucano', '61298784', true);
INSERT INTO alumnos (id, usuario_id, dni, nombre, apellidos, codigo_barras, aula_id) VALUES ('ce9a3e99-9b94-4b8a-a0b2-c4095791b11e', 'ffc941b0-0acb-4555-92f3-425fd9650aee', '61298784', 'Alexis Alejandrito', 'Gamarra Araucano', '612966', 'c6d09c8f-eb21-470c-ae46-3417d311d49d');
INSERT INTO usuarios (id, email, password_hash, rol, nombre, apellidos, dni, activo) VALUES ('593bde98-b31c-4ab1-abcd-6b9926f276fc', '612960@academia.edu', '$2b$10$Kt1WXnRsFi4Ux.r1r8SQD.Ps1ksMrVyIVlHWg9o3Z/3N8hWuZV/3G', 'alumno', 'Erick Jesus', 'Gargate Flores', '61298714', true);
INSERT INTO alumnos (id, usuario_id, dni, nombre, apellidos, codigo_barras, aula_id) VALUES ('8402f293-0867-49da-94fb-95eec9618702', '593bde98-b31c-4ab1-abcd-6b9926f276fc', '61298714', 'Erick Jesus', 'Gargate Flores', '612960', 'c6d09c8f-eb21-470c-ae46-3417d311d49d');
INSERT INTO usuarios (id, email, password_hash, rol, nombre, apellidos, dni, activo) VALUES ('33cb83ec-2906-43c8-affa-56075bf6550b', '713554@academia.edu', '$2b$10$Kt1WXnRsFi4Ux.r1r8SQD.Ps1ksMrVyIVlHWg9o3Z/3N8hWuZV/3G', 'alumno', 'Piero Renzo', 'Huerta Ocaña', '71352322', true);
INSERT INTO alumnos (id, usuario_id, dni, nombre, apellidos, codigo_barras, aula_id) VALUES ('4cf8a3e9-98d4-4e15-9399-54698e01fcb6', '33cb83ec-2906-43c8-affa-56075bf6550b', '71352322', 'Piero Renzo', 'Huerta Ocaña', '713554', 'c6d09c8f-eb21-470c-ae46-3417d311d49d');
INSERT INTO usuarios (id, email, password_hash, rol, nombre, apellidos, dni, activo) VALUES ('c51f756c-b93f-489e-88b3-91269a01fa29', '601256@academia.edu', '$2b$10$Kt1WXnRsFi4Ux.r1r8SQD.Ps1ksMrVyIVlHWg9o3Z/3N8hWuZV/3G', 'alumno', 'Rosaria Liset', 'Jamanca Flores', '60123055', true);
INSERT INTO alumnos (id, usuario_id, dni, nombre, apellidos, codigo_barras, aula_id) VALUES ('9fac725b-6b87-44f7-b183-5774f86d415f', 'c51f756c-b93f-489e-88b3-91269a01fa29', '60123055', 'Rosaria Liset', 'Jamanca Flores', '601256', 'c6d09c8f-eb21-470c-ae46-3417d311d49d');
INSERT INTO usuarios (id, email, password_hash, rol, nombre, apellidos, dni, activo) VALUES ('20fb5e32-535a-498f-b8ec-11df4075c80a', '720527@academia.edu', '$2b$10$Kt1WXnRsFi4Ux.r1r8SQD.Ps1ksMrVyIVlHWg9o3Z/3N8hWuZV/3G', 'alumno', 'Erick Samuel', 'Jara Inti', '72059283', true);
INSERT INTO alumnos (id, usuario_id, dni, nombre, apellidos, codigo_barras, aula_id) VALUES ('6b1760db-e123-4c49-9f75-55d252796ec2', '20fb5e32-535a-498f-b8ec-11df4075c80a', '72059283', 'Erick Samuel', 'Jara Inti', '720527', 'c6d09c8f-eb21-470c-ae46-3417d311d49d');
INSERT INTO usuarios (id, email, password_hash, rol, nombre, apellidos, dni, activo) VALUES ('2bcb23e2-04b3-4a6a-941f-f3b7d78c01d7', '612972@academia.edu', '$2b$10$Kt1WXnRsFi4Ux.r1r8SQD.Ps1ksMrVyIVlHWg9o3Z/3N8hWuZV/3G', 'alumno', 'Jansen Nahum', 'Justo Sanez', '61298788', true);
INSERT INTO alumnos (id, usuario_id, dni, nombre, apellidos, codigo_barras, aula_id) VALUES ('8aff1670-2d43-4f35-94d7-a0660fc841f3', '2bcb23e2-04b3-4a6a-941f-f3b7d78c01d7', '61298788', 'Jansen Nahum', 'Justo Sanez', '612972', 'c6d09c8f-eb21-470c-ae46-3417d311d49d');
INSERT INTO usuarios (id, email, password_hash, rol, nombre, apellidos, dni, activo) VALUES ('49dce5dc-a257-43c5-81af-1df7c2b998cd', '612462@academia.edu', '$2b$10$Kt1WXnRsFi4Ux.r1r8SQD.Ps1ksMrVyIVlHWg9o3Z/3N8hWuZV/3G', 'alumno', 'Luis Roger', 'Lara Mejia Avila', '61240846', true);
INSERT INTO alumnos (id, usuario_id, dni, nombre, apellidos, codigo_barras, aula_id) VALUES ('d523becf-9a89-43c5-abb0-648762ad4001', '49dce5dc-a257-43c5-81af-1df7c2b998cd', '61240846', 'Luis Roger', 'Lara Mejia Avila', '612462', 'c6d09c8f-eb21-470c-ae46-3417d311d49d');
INSERT INTO usuarios (id, email, password_hash, rol, nombre, apellidos, dni, activo) VALUES ('fa58c3f8-0d9e-471a-be56-9edf5646dc4a', '603195@academia.edu', '$2b$10$Kt1WXnRsFi4Ux.r1r8SQD.Ps1ksMrVyIVlHWg9o3Z/3N8hWuZV/3G', 'alumno', 'Jans Eliseo', 'Lopez Gonzales', '60311016', true);
INSERT INTO alumnos (id, usuario_id, dni, nombre, apellidos, codigo_barras, aula_id) VALUES ('9bc3b946-ac5f-4d0e-90a7-1281c9aeac42', 'fa58c3f8-0d9e-471a-be56-9edf5646dc4a', '60311016', 'Jans Eliseo', 'Lopez Gonzales', '603195', 'c6d09c8f-eb21-470c-ae46-3417d311d49d');
INSERT INTO usuarios (id, email, password_hash, rol, nombre, apellidos, dni, activo) VALUES ('6842a060-3310-4f91-b21d-442ee9c0698b', '614879@academia.edu', '$2b$10$Kt1WXnRsFi4Ux.r1r8SQD.Ps1ksMrVyIVlHWg9o3Z/3N8hWuZV/3G', 'alumno', 'Brayan Dennis', 'Lucero Villanueva', '61480298', true);
INSERT INTO alumnos (id, usuario_id, dni, nombre, apellidos, codigo_barras, aula_id) VALUES ('2a3ebfc7-cfff-4932-a891-af15cc2de7e9', '6842a060-3310-4f91-b21d-442ee9c0698b', '61480298', 'Brayan Dennis', 'Lucero Villanueva', '614879', 'c6d09c8f-eb21-470c-ae46-3417d311d49d');
INSERT INTO usuarios (id, email, password_hash, rol, nombre, apellidos, dni, activo) VALUES ('3f375691-3be2-4d13-8ec0-52e917bc0a69', '610606@academia.edu', '$2b$10$Kt1WXnRsFi4Ux.r1r8SQD.Ps1ksMrVyIVlHWg9o3Z/3N8hWuZV/3G', 'alumno', 'Miguel Angel', 'Mautino Lucero', '61064133', true);
INSERT INTO alumnos (id, usuario_id, dni, nombre, apellidos, codigo_barras, aula_id) VALUES ('de6315da-1463-4ec9-aba2-3c6572562bec', '3f375691-3be2-4d13-8ec0-52e917bc0a69', '61064133', 'Miguel Angel', 'Mautino Lucero', '610606', 'c6d09c8f-eb21-470c-ae46-3417d311d49d');
INSERT INTO usuarios (id, email, password_hash, rol, nombre, apellidos, dni, activo) VALUES ('b0c2f69b-00bb-4ee3-8690-9bf20c9f2e1e', '620126@academia.edu', '$2b$10$Kt1WXnRsFi4Ux.r1r8SQD.Ps1ksMrVyIVlHWg9o3Z/3N8hWuZV/3G', 'alumno', 'Deyvis Modesto', 'Moises Prudencio', '62014837', true);
INSERT INTO alumnos (id, usuario_id, dni, nombre, apellidos, codigo_barras, aula_id) VALUES ('8f91f276-6f63-434f-b32a-6758dc630d66', 'b0c2f69b-00bb-4ee3-8690-9bf20c9f2e1e', '62014837', 'Deyvis Modesto', 'Moises Prudencio', '620126', 'c6d09c8f-eb21-470c-ae46-3417d311d49d');
INSERT INTO usuarios (id, email, password_hash, rol, nombre, apellidos, dni, activo) VALUES ('7164de44-94dc-4b5c-b6b1-33d2de3ee140', '614807@academia.edu', '$2b$10$Kt1WXnRsFi4Ux.r1r8SQD.Ps1ksMrVyIVlHWg9o3Z/3N8hWuZV/3G', 'alumno', 'Sofia Guadalupe', 'Moreno Cueva', '61480304', true);
INSERT INTO alumnos (id, usuario_id, dni, nombre, apellidos, codigo_barras, aula_id) VALUES ('37c926aa-5188-4815-a421-b081fdee8786', '7164de44-94dc-4b5c-b6b1-33d2de3ee140', '61480304', 'Sofia Guadalupe', 'Moreno Cueva', '614807', 'c6d09c8f-eb21-470c-ae46-3417d311d49d');
INSERT INTO usuarios (id, email, password_hash, rol, nombre, apellidos, dni, activo) VALUES ('38f7c016-5b3e-44d0-9130-c25c576ea09d', '620171@academia.edu', '$2b$10$Kt1WXnRsFi4Ux.r1r8SQD.Ps1ksMrVyIVlHWg9o3Z/3N8hWuZV/3G', 'alumno', 'Deivi Manuel', 'Norabuena Granados', '62014844', true);
INSERT INTO alumnos (id, usuario_id, dni, nombre, apellidos, codigo_barras, aula_id) VALUES ('b7a28a49-1a2b-4ba5-a461-54d30f31de4e', '38f7c016-5b3e-44d0-9130-c25c576ea09d', '62014844', 'Deivi Manuel', 'Norabuena Granados', '620171', 'c6d09c8f-eb21-470c-ae46-3417d311d49d');
INSERT INTO usuarios (id, email, password_hash, rol, nombre, apellidos, dni, activo) VALUES ('ab52a866-4dc2-4434-87a5-10501e809551', '620064@academia.edu', '$2b$10$Kt1WXnRsFi4Ux.r1r8SQD.Ps1ksMrVyIVlHWg9o3Z/3N8hWuZV/3G', 'alumno', 'Liliana Lizet', 'Pariachi Milla', '62009883', true);
INSERT INTO alumnos (id, usuario_id, dni, nombre, apellidos, codigo_barras, aula_id) VALUES ('0fa7bcaf-bb40-4825-b44f-57f589a59444', 'ab52a866-4dc2-4434-87a5-10501e809551', '62009883', 'Liliana Lizet', 'Pariachi Milla', '620064', 'c6d09c8f-eb21-470c-ae46-3417d311d49d');
INSERT INTO usuarios (id, email, password_hash, rol, nombre, apellidos, dni, activo) VALUES ('4531a95e-0268-43c5-85de-af71a53ba7c5', '615280@academia.edu', '$2b$10$Kt1WXnRsFi4Ux.r1r8SQD.Ps1ksMrVyIVlHWg9o3Z/3N8hWuZV/3G', 'alumno', 'Gabriel Iiakov Eliahu', 'Peralta Aranda', '61525645', true);
INSERT INTO alumnos (id, usuario_id, dni, nombre, apellidos, codigo_barras, aula_id) VALUES ('b1188e65-2d71-4fed-80f0-3df7036aa519', '4531a95e-0268-43c5-85de-af71a53ba7c5', '61525645', 'Gabriel Iiakov Eliahu', 'Peralta Aranda', '615280', 'c6d09c8f-eb21-470c-ae46-3417d311d49d');
INSERT INTO usuarios (id, email, password_hash, rol, nombre, apellidos, dni, activo) VALUES ('e08b8fd2-5336-4ce5-ba11-e89c1870d4cd', '715462@academia.edu', '$2b$10$Kt1WXnRsFi4Ux.r1r8SQD.Ps1ksMrVyIVlHWg9o3Z/3N8hWuZV/3G', 'alumno', 'Moises Josue', 'Quiroz Rosales', '71547428', true);
INSERT INTO alumnos (id, usuario_id, dni, nombre, apellidos, codigo_barras, aula_id) VALUES ('7d650259-bfb1-4a7d-9a2c-ef5ceae6669a', 'e08b8fd2-5336-4ce5-ba11-e89c1870d4cd', '71547428', 'Moises Josue', 'Quiroz Rosales', '715462', 'c6d09c8f-eb21-470c-ae46-3417d311d49d');
INSERT INTO usuarios (id, email, password_hash, rol, nombre, apellidos, dni, activo) VALUES ('8fa90d35-3913-4918-95c2-a842368f9db4', '613124@academia.edu', '$2b$10$Kt1WXnRsFi4Ux.r1r8SQD.Ps1ksMrVyIVlHWg9o3Z/3N8hWuZV/3G', 'alumno', 'Leonel Aldair', 'Regalado Aguilar', '61314306', true);
INSERT INTO alumnos (id, usuario_id, dni, nombre, apellidos, codigo_barras, aula_id) VALUES ('c560e794-97c4-4254-bce4-5ac82335cfe3', '8fa90d35-3913-4918-95c2-a842368f9db4', '61314306', 'Leonel Aldair', 'Regalado Aguilar', '613124', 'c6d09c8f-eb21-470c-ae46-3417d311d49d');
INSERT INTO usuarios (id, email, password_hash, rol, nombre, apellidos, dni, activo) VALUES ('9517e1e9-46c5-42c0-bc07-5b879d2caec1', '617557@academia.edu', '$2b$10$Kt1WXnRsFi4Ux.r1r8SQD.Ps1ksMrVyIVlHWg9o3Z/3N8hWuZV/3G', 'alumno', 'Velisario Marcio', 'Rivera Rojas', '61750163', true);
INSERT INTO alumnos (id, usuario_id, dni, nombre, apellidos, codigo_barras, aula_id) VALUES ('7ec498a8-c072-4aa4-887f-fdbc1109f95a', '9517e1e9-46c5-42c0-bc07-5b879d2caec1', '61750163', 'Velisario Marcio', 'Rivera Rojas', '617557', 'c6d09c8f-eb21-470c-ae46-3417d311d49d');
INSERT INTO usuarios (id, email, password_hash, rol, nombre, apellidos, dni, activo) VALUES ('9083927d-6eee-4097-9e28-9699f373061a', '603924@academia.edu', '$2b$10$Kt1WXnRsFi4Ux.r1r8SQD.Ps1ksMrVyIVlHWg9o3Z/3N8hWuZV/3G', 'alumno', 'Mark Andrei', 'Rosas Flores', '60390377', true);
INSERT INTO alumnos (id, usuario_id, dni, nombre, apellidos, codigo_barras, aula_id) VALUES ('87dd295d-25ec-4b4c-940b-aa1a5cc5ff5c', '9083927d-6eee-4097-9e28-9699f373061a', '60390377', 'Mark Andrei', 'Rosas Flores', '603924', 'c6d09c8f-eb21-470c-ae46-3417d311d49d');
INSERT INTO usuarios (id, email, password_hash, rol, nombre, apellidos, dni, activo) VALUES ('773a8374-c103-4651-9726-6f5f937c77e9', '601278@academia.edu', '$2b$10$Kt1WXnRsFi4Ux.r1r8SQD.Ps1ksMrVyIVlHWg9o3Z/3N8hWuZV/3G', 'alumno', 'Williams Arturo', 'Sanchez Ramirez', '60124914', true);
INSERT INTO alumnos (id, usuario_id, dni, nombre, apellidos, codigo_barras, aula_id) VALUES ('be363f5a-c5dc-4123-aad0-64e7c49a6f48', '773a8374-c103-4651-9726-6f5f937c77e9', '60124914', 'Williams Arturo', 'Sanchez Ramirez', '601278', 'c6d09c8f-eb21-470c-ae46-3417d311d49d');
INSERT INTO usuarios (id, email, password_hash, rol, nombre, apellidos, dni, activo) VALUES ('72324ea7-4d86-4073-b660-d46f20c26dd9', '603974@academia.edu', '$2b$10$Kt1WXnRsFi4Ux.r1r8SQD.Ps1ksMrVyIVlHWg9o3Z/3N8hWuZV/3G', 'alumno', 'Josued Abner', 'Santos Leiva', '60391960', true);
INSERT INTO alumnos (id, usuario_id, dni, nombre, apellidos, codigo_barras, aula_id) VALUES ('6b71e552-5c21-4417-8c8c-d3760a904073', '72324ea7-4d86-4073-b660-d46f20c26dd9', '60391960', 'Josued Abner', 'Santos Leiva', '603974', 'c6d09c8f-eb21-470c-ae46-3417d311d49d');
INSERT INTO usuarios (id, email, password_hash, rol, nombre, apellidos, dni, activo) VALUES ('0bcff88b-62a4-456c-9f2e-828ac5247536', '613138@academia.edu', '$2b$10$Kt1WXnRsFi4Ux.r1r8SQD.Ps1ksMrVyIVlHWg9o3Z/3N8hWuZV/3G', 'alumno', 'Jhelssin Anthony', 'Shuan Dominguez', '61314541', true);
INSERT INTO alumnos (id, usuario_id, dni, nombre, apellidos, codigo_barras, aula_id) VALUES ('c52fe266-3529-465f-9091-189663e2a6e4', '0bcff88b-62a4-456c-9f2e-828ac5247536', '61314541', 'Jhelssin Anthony', 'Shuan Dominguez', '613138', 'c6d09c8f-eb21-470c-ae46-3417d311d49d');
INSERT INTO usuarios (id, email, password_hash, rol, nombre, apellidos, dni, activo) VALUES ('4220004f-1637-4bae-9052-34fee1df90f4', '751378@academia.edu', '$2b$10$Kt1WXnRsFi4Ux.r1r8SQD.Ps1ksMrVyIVlHWg9o3Z/3N8hWuZV/3G', 'alumno', 'Erika Mayda', 'Solis Macedo', '75133125', true);
INSERT INTO alumnos (id, usuario_id, dni, nombre, apellidos, codigo_barras, aula_id) VALUES ('c8af8528-f489-42eb-85e9-200ba8be5cf4', '4220004f-1637-4bae-9052-34fee1df90f4', '75133125', 'Erika Mayda', 'Solis Macedo', '751378', 'c6d09c8f-eb21-470c-ae46-3417d311d49d');
INSERT INTO usuarios (id, email, password_hash, rol, nombre, apellidos, dni, activo) VALUES ('6e4b6ab7-52c9-4c4a-b7ad-0b490bb72c3f', '614421@academia.edu', '$2b$10$Kt1WXnRsFi4Ux.r1r8SQD.Ps1ksMrVyIVlHWg9o3Z/3N8hWuZV/3G', 'alumno', 'Anghelly Mileydi', 'Tadeo Huaman', '61447683', true);
INSERT INTO alumnos (id, usuario_id, dni, nombre, apellidos, codigo_barras, aula_id) VALUES ('43cd77da-417d-4547-9ced-943e43d3eb9e', '6e4b6ab7-52c9-4c4a-b7ad-0b490bb72c3f', '61447683', 'Anghelly Mileydi', 'Tadeo Huaman', '614421', 'c6d09c8f-eb21-470c-ae46-3417d311d49d');
INSERT INTO usuarios (id, email, password_hash, rol, nombre, apellidos, dni, activo) VALUES ('f1d8aa82-bafc-4a2b-b1c6-7070c1d93618', '613139@academia.edu', '$2b$10$Kt1WXnRsFi4Ux.r1r8SQD.Ps1ksMrVyIVlHWg9o3Z/3N8hWuZV/3G', 'alumno', 'Gianella Jimena', 'Torre Jacome', '61314649', true);
INSERT INTO alumnos (id, usuario_id, dni, nombre, apellidos, codigo_barras, aula_id) VALUES ('0ab7c7ef-8ea0-483f-a4bc-9e40a3a26954', 'f1d8aa82-bafc-4a2b-b1c6-7070c1d93618', '61314649', 'Gianella Jimena', 'Torre Jacome', '613139', 'c6d09c8f-eb21-470c-ae46-3417d311d49d');
INSERT INTO usuarios (id, email, password_hash, rol, nombre, apellidos, dni, activo) VALUES ('73668822-3f44-47d2-aaf2-7be928ba32b6', '616324@academia.edu', '$2b$10$Kt1WXnRsFi4Ux.r1r8SQD.Ps1ksMrVyIVlHWg9o3Z/3N8hWuZV/3G', 'alumno', 'Jeferson David', 'Trejo Herrera', '61631488', true);
INSERT INTO alumnos (id, usuario_id, dni, nombre, apellidos, codigo_barras, aula_id) VALUES ('75128880-c65e-48a1-ad5b-40c4b2f3cd6f', '73668822-3f44-47d2-aaf2-7be928ba32b6', '61631488', 'Jeferson David', 'Trejo Herrera', '616324', 'c6d09c8f-eb21-470c-ae46-3417d311d49d');
INSERT INTO usuarios (id, email, password_hash, rol, nombre, apellidos, dni, activo) VALUES ('43618b05-8ada-4c97-8127-0702b71eb9dd', '603395@academia.edu', '$2b$10$Kt1WXnRsFi4Ux.r1r8SQD.Ps1ksMrVyIVlHWg9o3Z/3N8hWuZV/3G', 'alumno', 'Rebeca Marilu', 'Trujillo Huerta', '60336893', true);
INSERT INTO alumnos (id, usuario_id, dni, nombre, apellidos, codigo_barras, aula_id) VALUES ('044e24b3-8dfe-43ce-80ea-d7406c44955a', '43618b05-8ada-4c97-8127-0702b71eb9dd', '60336893', 'Rebeca Marilu', 'Trujillo Huerta', '603395', 'c6d09c8f-eb21-470c-ae46-3417d311d49d');
INSERT INTO usuarios (id, email, password_hash, rol, nombre, apellidos, dni, activo) VALUES ('0cc8fcc2-d669-4074-9a53-a1c439f4ecb0', '614055@academia.edu', '$2b$10$Kt1WXnRsFi4Ux.r1r8SQD.Ps1ksMrVyIVlHWg9o3Z/3N8hWuZV/3G', 'alumno', 'Romi Valentina', 'Vera Lizarzaburo', '61406551', true);
INSERT INTO alumnos (id, usuario_id, dni, nombre, apellidos, codigo_barras, aula_id) VALUES ('cc3911de-ad86-4351-ae1d-3d67a1ce1f32', '0cc8fcc2-d669-4074-9a53-a1c439f4ecb0', '61406551', 'Romi Valentina', 'Vera Lizarzaburo', '614055', 'c6d09c8f-eb21-470c-ae46-3417d311d49d');
INSERT INTO usuarios (id, email, password_hash, rol, nombre, apellidos, dni, activo) VALUES ('6d851065-5de4-4d46-b063-3c5b2325f579', '611508@academia.edu', '$2b$10$Kt1WXnRsFi4Ux.r1r8SQD.Ps1ksMrVyIVlHWg9o3Z/3N8hWuZV/3G', 'alumno', 'Delina Elizabeth', 'Zarzosa Guerrero', '61155524', true);
INSERT INTO alumnos (id, usuario_id, dni, nombre, apellidos, codigo_barras, aula_id) VALUES ('d346a923-e21e-4a64-9441-47bcbbee7aae', '6d851065-5de4-4d46-b063-3c5b2325f579', '61155524', 'Delina Elizabeth', 'Zarzosa Guerrero', '611508', 'c6d09c8f-eb21-470c-ae46-3417d311d49d');
INSERT INTO usuarios (id, email, password_hash, rol, nombre, apellidos, dni, activo) VALUES ('04b1d182-a024-4589-9fae-fda46e2a9170', '615171@academia.edu', '$2b$10$Kt1WXnRsFi4Ux.r1r8SQD.Ps1ksMrVyIVlHWg9o3Z/3N8hWuZV/3G', 'alumno', 'Eduard Rodrigo', 'Angeles Guerrero', '61517133', true);
INSERT INTO alumnos (id, usuario_id, dni, nombre, apellidos, codigo_barras, aula_id) VALUES ('28af92e7-87b9-4123-93da-8e6a731a2aaa', '04b1d182-a024-4589-9fae-fda46e2a9170', '61517133', 'Eduard Rodrigo', 'Angeles Guerrero', '615171', 'de66e925-5606-461b-b354-76d124a8551f');
INSERT INTO usuarios (id, email, password_hash, rol, nombre, apellidos, dni, activo) VALUES ('dc53fe3a-3821-4be8-9f02-8bdb95fb839b', '602625@academia.edu', '$2b$10$Kt1WXnRsFi4Ux.r1r8SQD.Ps1ksMrVyIVlHWg9o3Z/3N8hWuZV/3G', 'alumno', 'Jhohan Edson', 'Arellan Soriano', '60267844', true);
INSERT INTO alumnos (id, usuario_id, dni, nombre, apellidos, codigo_barras, aula_id) VALUES ('ce985b41-505a-4498-9643-feee6721d2f1', 'dc53fe3a-3821-4be8-9f02-8bdb95fb839b', '60267844', 'Jhohan Edson', 'Arellan Soriano', '602625', 'de66e925-5606-461b-b354-76d124a8551f');
INSERT INTO usuarios (id, email, password_hash, rol, nombre, apellidos, dni, activo) VALUES ('e85bfa79-5b9d-43b9-8dba-96855f585738', '473992@academia.edu', '$2b$10$Kt1WXnRsFi4Ux.r1r8SQD.Ps1ksMrVyIVlHWg9o3Z/3N8hWuZV/3G', 'alumno', 'Erik Jhoel', 'Calvo Guzman', '47392922', true);
INSERT INTO alumnos (id, usuario_id, dni, nombre, apellidos, codigo_barras, aula_id) VALUES ('b790c209-6d1b-4cc9-a7a3-85a8390f7a38', 'e85bfa79-5b9d-43b9-8dba-96855f585738', '47392922', 'Erik Jhoel', 'Calvo Guzman', '473992', 'de66e925-5606-461b-b354-76d124a8551f');
INSERT INTO usuarios (id, email, password_hash, rol, nombre, apellidos, dni, activo) VALUES ('f2438c3b-e6a1-47fb-86e1-110158c6274d', '607029@academia.edu', '$2b$10$Kt1WXnRsFi4Ux.r1r8SQD.Ps1ksMrVyIVlHWg9o3Z/3N8hWuZV/3G', 'alumno', 'Franco Adriano', 'Castillo Gallardo', '60708031', true);
INSERT INTO alumnos (id, usuario_id, dni, nombre, apellidos, codigo_barras, aula_id) VALUES ('8dd7e7c3-859b-4b92-ad5d-9abe7b408bb5', 'f2438c3b-e6a1-47fb-86e1-110158c6274d', '60708031', 'Franco Adriano', 'Castillo Gallardo', '607029', 'de66e925-5606-461b-b354-76d124a8551f');
INSERT INTO usuarios (id, email, password_hash, rol, nombre, apellidos, dni, activo) VALUES ('005dcd99-8037-48b0-a4c4-87cb7bf2976b', '752002@academia.edu', '$2b$10$Kt1WXnRsFi4Ux.r1r8SQD.Ps1ksMrVyIVlHWg9o3Z/3N8hWuZV/3G', 'alumno', 'Cristian Nelson', 'Chavez Medina', '75206582', true);
INSERT INTO alumnos (id, usuario_id, dni, nombre, apellidos, codigo_barras, aula_id) VALUES ('a52dcc53-6cf8-412e-81b9-dad18d3647b8', '005dcd99-8037-48b0-a4c4-87cb7bf2976b', '75206582', 'Cristian Nelson', 'Chavez Medina', '752002', 'de66e925-5606-461b-b354-76d124a8551f');
INSERT INTO usuarios (id, email, password_hash, rol, nombre, apellidos, dni, activo) VALUES ('5a8db58c-fe89-45bd-92f8-c9fb8b4a28a9', '601258@academia.edu', '$2b$10$Kt1WXnRsFi4Ux.r1r8SQD.Ps1ksMrVyIVlHWg9o3Z/3N8hWuZV/3G', 'alumno', 'Jhunior Alex', 'Cochachin Cochachin', '60123458', true);
INSERT INTO alumnos (id, usuario_id, dni, nombre, apellidos, codigo_barras, aula_id) VALUES ('32c5034e-faa7-4676-b950-3d672d4b4812', '5a8db58c-fe89-45bd-92f8-c9fb8b4a28a9', '60123458', 'Jhunior Alex', 'Cochachin Cochachin', '601258', 'de66e925-5606-461b-b354-76d124a8551f');
INSERT INTO usuarios (id, email, password_hash, rol, nombre, apellidos, dni, activo) VALUES ('ac16517b-7431-4e8f-8f9a-7a6faf234df5', '605343@academia.edu', '$2b$10$Kt1WXnRsFi4Ux.r1r8SQD.Ps1ksMrVyIVlHWg9o3Z/3N8hWuZV/3G', 'alumno', 'Milagros Keyla', 'De La Cruz Apolinario', '60539822', true);
INSERT INTO alumnos (id, usuario_id, dni, nombre, apellidos, codigo_barras, aula_id) VALUES ('06082f29-1390-4146-b8b7-f6a6e0ff55d6', 'ac16517b-7431-4e8f-8f9a-7a6faf234df5', '60539822', 'Milagros Keyla', 'De La Cruz Apolinario', '605343', 'de66e925-5606-461b-b354-76d124a8551f');
INSERT INTO usuarios (id, email, password_hash, rol, nombre, apellidos, dni, activo) VALUES ('a9bbebf1-d674-4670-a7bb-30add75185d6', '615588@academia.edu', '$2b$10$Kt1WXnRsFi4Ux.r1r8SQD.Ps1ksMrVyIVlHWg9o3Z/3N8hWuZV/3G', 'alumno', 'Henry Raul', 'Granados Rayo', '61557564', true);
INSERT INTO alumnos (id, usuario_id, dni, nombre, apellidos, codigo_barras, aula_id) VALUES ('53be462f-c0ec-47c2-a44c-97bf6662abd1', 'a9bbebf1-d674-4670-a7bb-30add75185d6', '61557564', 'Henry Raul', 'Granados Rayo', '615588', 'de66e925-5606-461b-b354-76d124a8551f');
INSERT INTO usuarios (id, email, password_hash, rol, nombre, apellidos, dni, activo) VALUES ('b824fe1c-a49e-4889-bab1-58d5fe55a6b3', '601858@academia.edu', '$2b$10$Kt1WXnRsFi4Ux.r1r8SQD.Ps1ksMrVyIVlHWg9o3Z/3N8hWuZV/3G', 'alumno', 'Jhojan Fano', 'Haro Jaramillo', '60186563', true);
INSERT INTO alumnos (id, usuario_id, dni, nombre, apellidos, codigo_barras, aula_id) VALUES ('6ee1214c-37ff-46a4-8036-71eea5c4479b', 'b824fe1c-a49e-4889-bab1-58d5fe55a6b3', '60186563', 'Jhojan Fano', 'Haro Jaramillo', '601858', 'de66e925-5606-461b-b354-76d124a8551f');
INSERT INTO usuarios (id, email, password_hash, rol, nombre, apellidos, dni, activo) VALUES ('d928532e-0c4b-429b-96aa-67ccc6c00b61', '614866@academia.edu', '$2b$10$Kt1WXnRsFi4Ux.r1r8SQD.Ps1ksMrVyIVlHWg9o3Z/3N8hWuZV/3G', 'alumno', 'Sebastian Mathias', 'Jamanca Manrique', '61480360', true);
INSERT INTO alumnos (id, usuario_id, dni, nombre, apellidos, codigo_barras, aula_id) VALUES ('7169e343-239c-4334-b9c6-1f64b4691cc2', 'd928532e-0c4b-429b-96aa-67ccc6c00b61', '61480360', 'Sebastian Mathias', 'Jamanca Manrique', '614866', 'de66e925-5606-461b-b354-76d124a8551f');
INSERT INTO usuarios (id, email, password_hash, rol, nombre, apellidos, dni, activo) VALUES ('7f255421-642e-4074-9a82-f73054ea6e0a', '600224@academia.edu', '$2b$10$Kt1WXnRsFi4Ux.r1r8SQD.Ps1ksMrVyIVlHWg9o3Z/3N8hWuZV/3G', 'alumno', 'Deyvis Ademir', 'Jara Salas', '60022712', true);
INSERT INTO alumnos (id, usuario_id, dni, nombre, apellidos, codigo_barras, aula_id) VALUES ('819087fa-47f9-4c40-a8bd-e2fd8023ffd7', '7f255421-642e-4074-9a82-f73054ea6e0a', '60022712', 'Deyvis Ademir', 'Jara Salas', '600224', 'de66e925-5606-461b-b354-76d124a8551f');
INSERT INTO usuarios (id, email, password_hash, rol, nombre, apellidos, dni, activo) VALUES ('fdd56ef8-ddee-437a-9b99-7ccb1e352a85', '603724@academia.edu', '$2b$10$Kt1WXnRsFi4Ux.r1r8SQD.Ps1ksMrVyIVlHWg9o3Z/3N8hWuZV/3G', 'alumno', 'Thoni Jhickler', 'Jara Vega', '60374453', true);
INSERT INTO alumnos (id, usuario_id, dni, nombre, apellidos, codigo_barras, aula_id) VALUES ('68677431-05e4-46c8-843b-c1e58f9fa33f', 'fdd56ef8-ddee-437a-9b99-7ccb1e352a85', '60374453', 'Thoni Jhickler', 'Jara Vega', '603724', 'de66e925-5606-461b-b354-76d124a8551f');
INSERT INTO usuarios (id, email, password_hash, rol, nombre, apellidos, dni, activo) VALUES ('0854a352-f0af-44ae-a68d-d3507a8bed48', '616091@academia.edu', '$2b$10$Kt1WXnRsFi4Ux.r1r8SQD.Ps1ksMrVyIVlHWg9o3Z/3N8hWuZV/3G', 'alumno', 'Esthefany Ximena', 'Julca Ñope', '61608268', true);
INSERT INTO alumnos (id, usuario_id, dni, nombre, apellidos, codigo_barras, aula_id) VALUES ('b5fae06d-09e0-4cf7-9fa7-90b8593575cb', '0854a352-f0af-44ae-a68d-d3507a8bed48', '61608268', 'Esthefany Ximena', 'Julca Ñope', '616091', 'de66e925-5606-461b-b354-76d124a8551f');
INSERT INTO usuarios (id, email, password_hash, rol, nombre, apellidos, dni, activo) VALUES ('536f4411-b672-4a4e-8e64-85ebb90e977f', '601211@academia.edu', '$2b$10$Kt1WXnRsFi4Ux.r1r8SQD.Ps1ksMrVyIVlHWg9o3Z/3N8hWuZV/3G', 'alumno', 'Abrahan Eliceo', 'Lezameta Montalvo', '60124753', true);
INSERT INTO alumnos (id, usuario_id, dni, nombre, apellidos, codigo_barras, aula_id) VALUES ('613b04ea-62fb-43cb-b5df-e626b06465a7', '536f4411-b672-4a4e-8e64-85ebb90e977f', '60124753', 'Abrahan Eliceo', 'Lezameta Montalvo', '601211', 'de66e925-5606-461b-b354-76d124a8551f');
INSERT INTO usuarios (id, email, password_hash, rol, nombre, apellidos, dni, activo) VALUES ('a89cf2d7-75cb-4394-9d24-a8c9980c0e99', '720228@academia.edu', '$2b$10$Kt1WXnRsFi4Ux.r1r8SQD.Ps1ksMrVyIVlHWg9o3Z/3N8hWuZV/3G', 'alumno', 'Jefferson', 'Lezameta Montalvo', '72026656', true);
INSERT INTO alumnos (id, usuario_id, dni, nombre, apellidos, codigo_barras, aula_id) VALUES ('10dee4e3-8cb6-4608-944a-9b522fd7e837', 'a89cf2d7-75cb-4394-9d24-a8c9980c0e99', '72026656', 'Jefferson', 'Lezameta Montalvo', '720228', 'de66e925-5606-461b-b354-76d124a8551f');
INSERT INTO usuarios (id, email, password_hash, rol, nombre, apellidos, dni, activo) VALUES ('53ae29d4-481e-40b5-9a49-5cd9826a9f36', '603293@academia.edu', '$2b$10$Kt1WXnRsFi4Ux.r1r8SQD.Ps1ksMrVyIVlHWg9o3Z/3N8hWuZV/3G', 'alumno', 'Zarahi Jannelly', 'Mejia Maguiña', '60320184', true);
INSERT INTO alumnos (id, usuario_id, dni, nombre, apellidos, codigo_barras, aula_id) VALUES ('a2f86bbe-979c-4eef-8fbd-2666cc4268cf', '53ae29d4-481e-40b5-9a49-5cd9826a9f36', '60320184', 'Zarahi Jannelly', 'Mejia Maguiña', '603293', 'de66e925-5606-461b-b354-76d124a8551f');
INSERT INTO usuarios (id, email, password_hash, rol, nombre, apellidos, dni, activo) VALUES ('b547117a-1602-4760-9c24-fff40d7be1fc', '776927@academia.edu', '$2b$10$Kt1WXnRsFi4Ux.r1r8SQD.Ps1ksMrVyIVlHWg9o3Z/3N8hWuZV/3G', 'alumno', 'Maite Ysabel', 'Melgarejo Condor', '77698717', true);
INSERT INTO alumnos (id, usuario_id, dni, nombre, apellidos, codigo_barras, aula_id) VALUES ('b479454d-80a1-4898-b6fb-d76a8524c48e', 'b547117a-1602-4760-9c24-fff40d7be1fc', '77698717', 'Maite Ysabel', 'Melgarejo Condor', '776927', 'de66e925-5606-461b-b354-76d124a8551f');
INSERT INTO usuarios (id, email, password_hash, rol, nombre, apellidos, dni, activo) VALUES ('383e8fd9-4d5c-41c8-8e77-d75b1e9a3d32', '612335@academia.edu', '$2b$10$Kt1WXnRsFi4Ux.r1r8SQD.Ps1ksMrVyIVlHWg9o3Z/3N8hWuZV/3G', 'alumno', 'Ronal Cleiber', 'Melgarejo Mendoza', '61233111', true);
INSERT INTO alumnos (id, usuario_id, dni, nombre, apellidos, codigo_barras, aula_id) VALUES ('faaeaf80-22d0-4562-8b67-1ef4ab05514d', '383e8fd9-4d5c-41c8-8e77-d75b1e9a3d32', '61233111', 'Ronal Cleiber', 'Melgarejo Mendoza', '612335', 'de66e925-5606-461b-b354-76d124a8551f');
INSERT INTO usuarios (id, email, password_hash, rol, nombre, apellidos, dni, activo) VALUES ('8179bdf8-7d23-4ff4-b148-e80744700281', '608768@academia.edu', '$2b$10$Kt1WXnRsFi4Ux.r1r8SQD.Ps1ksMrVyIVlHWg9o3Z/3N8hWuZV/3G', 'alumno', 'Marianela Anacristina', 'Morales Caldua', '60876051', true);
INSERT INTO alumnos (id, usuario_id, dni, nombre, apellidos, codigo_barras, aula_id) VALUES ('07a9920a-c5dd-4486-969f-afa252120f44', '8179bdf8-7d23-4ff4-b148-e80744700281', '60876051', 'Marianela Anacristina', 'Morales Caldua', '608768', 'de66e925-5606-461b-b354-76d124a8551f');
INSERT INTO usuarios (id, email, password_hash, rol, nombre, apellidos, dni, activo) VALUES ('6edaee70-9c24-4336-a73b-33ed1e4a318b', '603263@academia.edu', '$2b$10$Kt1WXnRsFi4Ux.r1r8SQD.Ps1ksMrVyIVlHWg9o3Z/3N8hWuZV/3G', 'alumno', 'Kevin Jhosep', 'Moreno Minaya', '60323971', true);
INSERT INTO alumnos (id, usuario_id, dni, nombre, apellidos, codigo_barras, aula_id) VALUES ('c466f573-18b3-48e0-968b-ac21f2f94347', '6edaee70-9c24-4336-a73b-33ed1e4a318b', '60323971', 'Kevin Jhosep', 'Moreno Minaya', '603263', 'de66e925-5606-461b-b354-76d124a8551f');
INSERT INTO usuarios (id, email, password_hash, rol, nombre, apellidos, dni, activo) VALUES ('74601813-7c51-4afe-a0b0-d5a9ee0f8494', '614447@academia.edu', '$2b$10$Kt1WXnRsFi4Ux.r1r8SQD.Ps1ksMrVyIVlHWg9o3Z/3N8hWuZV/3G', 'alumno', 'Jhonel Oswaldo Kevin', 'Natividad Botin', '61447721', true);
INSERT INTO alumnos (id, usuario_id, dni, nombre, apellidos, codigo_barras, aula_id) VALUES ('90594445-5523-4244-8b17-ec975fb00e43', '74601813-7c51-4afe-a0b0-d5a9ee0f8494', '61447721', 'Jhonel Oswaldo Kevin', 'Natividad Botin', '614447', 'de66e925-5606-461b-b354-76d124a8551f');
INSERT INTO usuarios (id, email, password_hash, rol, nombre, apellidos, dni, activo) VALUES ('b11a5f57-f196-4655-ae13-74cf942b723c', '725874@academia.edu', '$2b$10$Kt1WXnRsFi4Ux.r1r8SQD.Ps1ksMrVyIVlHWg9o3Z/3N8hWuZV/3G', 'alumno', 'Judith Lina', 'Pineda Medina', '72581769', true);
INSERT INTO alumnos (id, usuario_id, dni, nombre, apellidos, codigo_barras, aula_id) VALUES ('42429f3a-703b-4ea9-8db7-ca89d6311042', 'b11a5f57-f196-4655-ae13-74cf942b723c', '72581769', 'Judith Lina', 'Pineda Medina', '725874', 'de66e925-5606-461b-b354-76d124a8551f');
INSERT INTO usuarios (id, email, password_hash, rol, nombre, apellidos, dni, activo) VALUES ('a45aa0f3-3420-4fb6-af1f-c191d4933bed', '602376@academia.edu', '$2b$10$Kt1WXnRsFi4Ux.r1r8SQD.Ps1ksMrVyIVlHWg9o3Z/3N8hWuZV/3G', 'alumno', 'Anyelina Rosario', 'Ramirez Maza', '60230289', true);
INSERT INTO alumnos (id, usuario_id, dni, nombre, apellidos, codigo_barras, aula_id) VALUES ('ceefd961-6b7e-4ed7-9305-a01ec7bcc611', 'a45aa0f3-3420-4fb6-af1f-c191d4933bed', '60230289', 'Anyelina Rosario', 'Ramirez Maza', '602376', 'de66e925-5606-461b-b354-76d124a8551f');
INSERT INTO usuarios (id, email, password_hash, rol, nombre, apellidos, dni, activo) VALUES ('9235f90f-20ec-47ce-9dc2-08d06c7461af', '807406@academia.edu', '$2b$10$Kt1WXnRsFi4Ux.r1r8SQD.Ps1ksMrVyIVlHWg9o3Z/3N8hWuZV/3G', 'alumno', 'Alex Yosimir', 'Rapray Jara', '80741211', true);
INSERT INTO alumnos (id, usuario_id, dni, nombre, apellidos, codigo_barras, aula_id) VALUES ('c67cd4bc-0483-4c95-a122-0be1465ed874', '9235f90f-20ec-47ce-9dc2-08d06c7461af', '80741211', 'Alex Yosimir', 'Rapray Jara', '807406', 'de66e925-5606-461b-b354-76d124a8551f');
INSERT INTO usuarios (id, email, password_hash, rol, nombre, apellidos, dni, activo) VALUES ('b8c7930a-3591-44f5-ad7d-296ccb09913f', '603844@academia.edu', '$2b$10$Kt1WXnRsFi4Ux.r1r8SQD.Ps1ksMrVyIVlHWg9o3Z/3N8hWuZV/3G', 'alumno', 'Neysha Jhaky', 'Sales Moreno', '60389110', true);
INSERT INTO alumnos (id, usuario_id, dni, nombre, apellidos, codigo_barras, aula_id) VALUES ('4a81fa31-d82d-48f8-a6ac-8900aaaa8f23', 'b8c7930a-3591-44f5-ad7d-296ccb09913f', '60389110', 'Neysha Jhaky', 'Sales Moreno', '603844', 'de66e925-5606-461b-b354-76d124a8551f');
INSERT INTO usuarios (id, email, password_hash, rol, nombre, apellidos, dni, activo) VALUES ('ce2e105d-487c-4aed-ab4a-ff312a9c7345', '609227@academia.edu', '$2b$10$Kt1WXnRsFi4Ux.r1r8SQD.Ps1ksMrVyIVlHWg9o3Z/3N8hWuZV/3G', 'alumno', 'Elby Giovanny', 'Sanchez Casimiro', '60927568', true);
INSERT INTO alumnos (id, usuario_id, dni, nombre, apellidos, codigo_barras, aula_id) VALUES ('b329f9d7-a11a-479e-89ad-bf24860b58c1', 'ce2e105d-487c-4aed-ab4a-ff312a9c7345', '60927568', 'Elby Giovanny', 'Sanchez Casimiro', '609227', 'de66e925-5606-461b-b354-76d124a8551f');
INSERT INTO usuarios (id, email, password_hash, rol, nombre, apellidos, dni, activo) VALUES ('97f76427-1fbd-43df-992a-eb101e2b8281', '602550@academia.edu', '$2b$10$Kt1WXnRsFi4Ux.r1r8SQD.Ps1ksMrVyIVlHWg9o3Z/3N8hWuZV/3G', 'alumno', 'Rosalinda Tatiana', 'Sanchez Paucar', '60250830', true);
INSERT INTO alumnos (id, usuario_id, dni, nombre, apellidos, codigo_barras, aula_id) VALUES ('d91c36a5-1087-45a4-b0e6-2a0875522d10', '97f76427-1fbd-43df-992a-eb101e2b8281', '60250830', 'Rosalinda Tatiana', 'Sanchez Paucar', '602550', 'de66e925-5606-461b-b354-76d124a8551f');
INSERT INTO usuarios (id, email, password_hash, rol, nombre, apellidos, dni, activo) VALUES ('80b7d686-f18b-4552-8a2f-96df4c7697e7', '608393@academia.edu', '$2b$10$Kt1WXnRsFi4Ux.r1r8SQD.Ps1ksMrVyIVlHWg9o3Z/3N8hWuZV/3G', 'alumno', 'Nicolas Jhonny', 'Significacion Mejia', '60839812', true);
INSERT INTO alumnos (id, usuario_id, dni, nombre, apellidos, codigo_barras, aula_id) VALUES ('9ca72521-bcef-42c7-a393-c73a7fe2f096', '80b7d686-f18b-4552-8a2f-96df4c7697e7', '60839812', 'Nicolas Jhonny', 'Significacion Mejia', '608393', 'de66e925-5606-461b-b354-76d124a8551f');
INSERT INTO usuarios (id, email, password_hash, rol, nombre, apellidos, dni, activo) VALUES ('a4c6205f-25aa-4833-b6d4-7f504adee915', '707116@academia.edu', '$2b$10$Kt1WXnRsFi4Ux.r1r8SQD.Ps1ksMrVyIVlHWg9o3Z/3N8hWuZV/3G', 'alumno', 'Marializ Jimena', 'Vega Ayala', '70719297', true);
INSERT INTO alumnos (id, usuario_id, dni, nombre, apellidos, codigo_barras, aula_id) VALUES ('0c447198-f6ca-407b-a153-b89e5effc501', 'a4c6205f-25aa-4833-b6d4-7f504adee915', '70719297', 'Marializ Jimena', 'Vega Ayala', '707116', 'de66e925-5606-461b-b354-76d124a8551f');
INSERT INTO usuarios (id, email, password_hash, rol, nombre, apellidos, dni, activo) VALUES ('906c2ad7-a4a8-47e3-b997-fd5bc8761c6e', '605380@academia.edu', '$2b$10$Kt1WXnRsFi4Ux.r1r8SQD.Ps1ksMrVyIVlHWg9o3Z/3N8hWuZV/3G', 'alumno', 'Robert Jheyson', 'Vidal Apeña', '60539815', true);
INSERT INTO alumnos (id, usuario_id, dni, nombre, apellidos, codigo_barras, aula_id) VALUES ('f3e0bdbd-e1dc-47b5-a745-4d7ca51f4c7c', '906c2ad7-a4a8-47e3-b997-fd5bc8761c6e', '60539815', 'Robert Jheyson', 'Vidal Apeña', '605380', 'de66e925-5606-461b-b354-76d124a8551f');
INSERT INTO usuarios (id, email, password_hash, rol, nombre, apellidos, dni, activo) VALUES ('0e9fdb05-675e-4fd5-becb-0278a18bcddd', '750057@academia.edu', '$2b$10$Kt1WXnRsFi4Ux.r1r8SQD.Ps1ksMrVyIVlHWg9o3Z/3N8hWuZV/3G', 'alumno', 'Edinson Dalyn', 'Yunca Flores', '75004791', true);
INSERT INTO alumnos (id, usuario_id, dni, nombre, apellidos, codigo_barras, aula_id) VALUES ('8775639f-74a3-48f1-9f09-a29ce0a39f1d', '0e9fdb05-675e-4fd5-becb-0278a18bcddd', '75004791', 'Edinson Dalyn', 'Yunca Flores', '750057', 'de66e925-5606-461b-b354-76d124a8551f');
INSERT INTO usuarios (id, email, password_hash, rol, nombre, apellidos, dni, activo) VALUES ('8f902228-edb7-417b-b33f-c26a7a71ee38', '614060@academia.edu', '$2b$10$Kt1WXnRsFi4Ux.r1r8SQD.Ps1ksMrVyIVlHWg9o3Z/3N8hWuZV/3G', 'alumno', 'Deyvis Kevin', 'Achic Cajaleon', '61409539', true);
INSERT INTO alumnos (id, usuario_id, dni, nombre, apellidos, codigo_barras, aula_id) VALUES ('a348a758-b3a5-4d07-8b40-4633818e2ae3', '8f902228-edb7-417b-b33f-c26a7a71ee38', '61409539', 'Deyvis Kevin', 'Achic Cajaleon', '614060', '27217163-1302-4bb0-af8c-99cbb63edc8d');
INSERT INTO usuarios (id, email, password_hash, rol, nombre, apellidos, dni, activo) VALUES ('0c302188-daad-48f3-bfca-b56fdb39ce1b', '601259@academia.edu', '$2b$10$Kt1WXnRsFi4Ux.r1r8SQD.Ps1ksMrVyIVlHWg9o3Z/3N8hWuZV/3G', 'alumno', 'Jheyson Fernando', 'Aguilar Moreno', '60125346', true);
INSERT INTO alumnos (id, usuario_id, dni, nombre, apellidos, codigo_barras, aula_id) VALUES ('cedcacdd-471a-4c17-b7b5-ed1448f9afe3', '0c302188-daad-48f3-bfca-b56fdb39ce1b', '60125346', 'Jheyson Fernando', 'Aguilar Moreno', '601259', '27217163-1302-4bb0-af8c-99cbb63edc8d');
INSERT INTO usuarios (id, email, password_hash, rol, nombre, apellidos, dni, activo) VALUES ('85a0ee40-c359-4b4e-83ed-df1785857845', '606771@academia.edu', '$2b$10$Kt1WXnRsFi4Ux.r1r8SQD.Ps1ksMrVyIVlHWg9o3Z/3N8hWuZV/3G', 'alumno', 'Blanca Estefani', 'Aguirre Morales', '60677188', true);
INSERT INTO alumnos (id, usuario_id, dni, nombre, apellidos, codigo_barras, aula_id) VALUES ('b0edd677-01a7-4a2f-8c34-65da3ee19413', '85a0ee40-c359-4b4e-83ed-df1785857845', '60677188', 'Blanca Estefani', 'Aguirre Morales', '606771', '27217163-1302-4bb0-af8c-99cbb63edc8d');
INSERT INTO usuarios (id, email, password_hash, rol, nombre, apellidos, dni, activo) VALUES ('e2646b05-7049-469d-acbc-749a7856748d', '609821@academia.edu', '$2b$10$Kt1WXnRsFi4Ux.r1r8SQD.Ps1ksMrVyIVlHWg9o3Z/3N8hWuZV/3G', 'alumno', 'Brighit Esmeralda', 'Albino Lucero', '60983940', true);
INSERT INTO alumnos (id, usuario_id, dni, nombre, apellidos, codigo_barras, aula_id) VALUES ('2afb7527-ec79-472d-bf37-92117274050c', 'e2646b05-7049-469d-acbc-749a7856748d', '60983940', 'Brighit Esmeralda', 'Albino Lucero', '609821', '27217163-1302-4bb0-af8c-99cbb63edc8d');
INSERT INTO usuarios (id, email, password_hash, rol, nombre, apellidos, dni, activo) VALUES ('3dc2b9c0-0617-42b2-894c-f508470edb55', '603111@academia.edu', '$2b$10$Kt1WXnRsFi4Ux.r1r8SQD.Ps1ksMrVyIVlHWg9o3Z/3N8hWuZV/3G', 'alumno', 'Yasser Joshua', 'Ayala Villon', '60311587', true);
INSERT INTO alumnos (id, usuario_id, dni, nombre, apellidos, codigo_barras, aula_id) VALUES ('82eb1179-ad89-4320-8042-4673015dfff2', '3dc2b9c0-0617-42b2-894c-f508470edb55', '60311587', 'Yasser Joshua', 'Ayala Villon', '603111', '27217163-1302-4bb0-af8c-99cbb63edc8d');
INSERT INTO usuarios (id, email, password_hash, rol, nombre, apellidos, dni, activo) VALUES ('d3619b50-794f-4840-be6a-b5e3b563794e', '620106@academia.edu', '$2b$10$Kt1WXnRsFi4Ux.r1r8SQD.Ps1ksMrVyIVlHWg9o3Z/3N8hWuZV/3G', 'alumno', 'Gustavo Dionicio', 'Azaña Cordova', '62014997', true);
INSERT INTO alumnos (id, usuario_id, dni, nombre, apellidos, codigo_barras, aula_id) VALUES ('f859c9bf-00f0-40f4-b84d-db1d0e6e5d98', 'd3619b50-794f-4840-be6a-b5e3b563794e', '62014997', 'Gustavo Dionicio', 'Azaña Cordova', '620106', '27217163-1302-4bb0-af8c-99cbb63edc8d');
INSERT INTO usuarios (id, email, password_hash, rol, nombre, apellidos, dni, activo) VALUES ('f210fb33-99fe-4bfe-86fd-ed2cfc99d1a4', '616145@academia.edu', '$2b$10$Kt1WXnRsFi4Ux.r1r8SQD.Ps1ksMrVyIVlHWg9o3Z/3N8hWuZV/3G', 'alumno', 'Ithoe Christale', 'Barreto Tinoco', '61612994', true);
INSERT INTO alumnos (id, usuario_id, dni, nombre, apellidos, codigo_barras, aula_id) VALUES ('e834af82-4929-4703-97c2-7280c59c7fc3', 'f210fb33-99fe-4bfe-86fd-ed2cfc99d1a4', '61612994', 'Ithoe Christale', 'Barreto Tinoco', '616145', '27217163-1302-4bb0-af8c-99cbb63edc8d');
INSERT INTO usuarios (id, email, password_hash, rol, nombre, apellidos, dni, activo) VALUES ('350ad2ff-d026-46aa-926d-2952a6c419d6', '601999@academia.edu', '$2b$10$Kt1WXnRsFi4Ux.r1r8SQD.Ps1ksMrVyIVlHWg9o3Z/3N8hWuZV/3G', 'alumno', 'Yenmer Edisson', 'Bazan Ocaña', '60191924', true);
INSERT INTO alumnos (id, usuario_id, dni, nombre, apellidos, codigo_barras, aula_id) VALUES ('7638d0a6-7fd4-4e1a-b30c-63d43106bd61', '350ad2ff-d026-46aa-926d-2952a6c419d6', '60191924', 'Yenmer Edisson', 'Bazan Ocaña', '601999', '27217163-1302-4bb0-af8c-99cbb63edc8d');
INSERT INTO usuarios (id, email, password_hash, rol, nombre, apellidos, dni, activo) VALUES ('161c2d67-0400-4c92-a3e1-87df5ce4b78f', '604085@academia.edu', '$2b$10$Kt1WXnRsFi4Ux.r1r8SQD.Ps1ksMrVyIVlHWg9o3Z/3N8hWuZV/3G', 'alumno', 'Sebastian Yelstin', 'Castillo Ramirez', '60406472', true);
INSERT INTO alumnos (id, usuario_id, dni, nombre, apellidos, codigo_barras, aula_id) VALUES ('a7618856-a41d-49d1-8a91-1af327712d7e', '161c2d67-0400-4c92-a3e1-87df5ce4b78f', '60406472', 'Sebastian Yelstin', 'Castillo Ramirez', '604085', '27217163-1302-4bb0-af8c-99cbb63edc8d');
INSERT INTO usuarios (id, email, password_hash, rol, nombre, apellidos, dni, activo) VALUES ('ab89732e-5197-4447-b07a-f9a3139569f9', '604609@academia.edu', '$2b$10$Kt1WXnRsFi4Ux.r1r8SQD.Ps1ksMrVyIVlHWg9o3Z/3N8hWuZV/3G', 'alumno', 'Jhon Brayan', 'Chavez Oyola', '60463488', true);
INSERT INTO alumnos (id, usuario_id, dni, nombre, apellidos, codigo_barras, aula_id) VALUES ('b96f5530-30ee-41d3-9e3e-c7f916e59d5f', 'ab89732e-5197-4447-b07a-f9a3139569f9', '60463488', 'Jhon Brayan', 'Chavez Oyola', '604609', '27217163-1302-4bb0-af8c-99cbb63edc8d');
INSERT INTO usuarios (id, email, password_hash, rol, nombre, apellidos, dni, activo) VALUES ('c90e553b-2d06-4721-b81b-ffaf61dc1fe2', '602061@academia.edu', '$2b$10$Kt1WXnRsFi4Ux.r1r8SQD.Ps1ksMrVyIVlHWg9o3Z/3N8hWuZV/3G', 'alumno', 'Flor Lizbeth', 'Clemente Flores', '60207816', true);
INSERT INTO alumnos (id, usuario_id, dni, nombre, apellidos, codigo_barras, aula_id) VALUES ('e9c4b12d-6bd2-4217-93bc-bf018d790e0d', 'c90e553b-2d06-4721-b81b-ffaf61dc1fe2', '60207816', 'Flor Lizbeth', 'Clemente Flores', '602061', '27217163-1302-4bb0-af8c-99cbb63edc8d');
INSERT INTO usuarios (id, email, password_hash, rol, nombre, apellidos, dni, activo) VALUES ('16a8eec2-b006-402d-8ed7-12693e9af042', '614880@academia.edu', '$2b$10$Kt1WXnRsFi4Ux.r1r8SQD.Ps1ksMrVyIVlHWg9o3Z/3N8hWuZV/3G', 'alumno', 'Ayelen Hade', 'Dextre Oncoy', '61480317', true);
INSERT INTO alumnos (id, usuario_id, dni, nombre, apellidos, codigo_barras, aula_id) VALUES ('a6616d04-0167-4fca-a15c-017c49fce43f', '16a8eec2-b006-402d-8ed7-12693e9af042', '61480317', 'Ayelen Hade', 'Dextre Oncoy', '614880', '27217163-1302-4bb0-af8c-99cbb63edc8d');
INSERT INTO usuarios (id, email, password_hash, rol, nombre, apellidos, dni, activo) VALUES ('c2ba0859-ca45-4512-ad72-a63e395babf7', '613156@academia.edu', '$2b$10$Kt1WXnRsFi4Ux.r1r8SQD.Ps1ksMrVyIVlHWg9o3Z/3N8hWuZV/3G', 'alumno', 'Luz Maria', 'Diaz Minaya', '61314486', true);
INSERT INTO alumnos (id, usuario_id, dni, nombre, apellidos, codigo_barras, aula_id) VALUES ('fbe992aa-e00c-4bf8-a6c2-7214a9017609', 'c2ba0859-ca45-4512-ad72-a63e395babf7', '61314486', 'Luz Maria', 'Diaz Minaya', '613156', '27217163-1302-4bb0-af8c-99cbb63edc8d');
INSERT INTO usuarios (id, email, password_hash, rol, nombre, apellidos, dni, activo) VALUES ('6207aef4-af23-4de0-8083-c2ece1f3d0d1', '603944@academia.edu', '$2b$10$Kt1WXnRsFi4Ux.r1r8SQD.Ps1ksMrVyIVlHWg9o3Z/3N8hWuZV/3G', 'alumno', 'Jaime', 'Espinoza Calderon', '60392361', true);
INSERT INTO alumnos (id, usuario_id, dni, nombre, apellidos, codigo_barras, aula_id) VALUES ('502d4430-3a94-4256-97a8-3e184e70faf3', '6207aef4-af23-4de0-8083-c2ece1f3d0d1', '60392361', 'Jaime', 'Espinoza Calderon', '603944', '27217163-1302-4bb0-af8c-99cbb63edc8d');
INSERT INTO usuarios (id, email, password_hash, rol, nombre, apellidos, dni, activo) VALUES ('77a28aa1-e43f-4f57-94d6-11b3ca631352', '601202@academia.edu', '$2b$10$Kt1WXnRsFi4Ux.r1r8SQD.Ps1ksMrVyIVlHWg9o3Z/3N8hWuZV/3G', 'alumno', 'Jazmin Johany', 'Espinoza Calvo', '60128235', true);
INSERT INTO alumnos (id, usuario_id, dni, nombre, apellidos, codigo_barras, aula_id) VALUES ('18bc03ce-7872-4b01-b453-f0169a6069e9', '77a28aa1-e43f-4f57-94d6-11b3ca631352', '60128235', 'Jazmin Johany', 'Espinoza Calvo', '601202', '27217163-1302-4bb0-af8c-99cbb63edc8d');
INSERT INTO usuarios (id, email, password_hash, rol, nombre, apellidos, dni, activo) VALUES ('ef16d3d7-2dc1-4aaf-8a33-e5a56889b9ff', '728714@academia.edu', '$2b$10$Kt1WXnRsFi4Ux.r1r8SQD.Ps1ksMrVyIVlHWg9o3Z/3N8hWuZV/3G', 'alumno', 'Alioshpaki Justina', 'Figueroa Ayala', '72870303', true);
INSERT INTO alumnos (id, usuario_id, dni, nombre, apellidos, codigo_barras, aula_id) VALUES ('36f2f2e9-1f91-4a8e-9434-b2e849fdea0f', 'ef16d3d7-2dc1-4aaf-8a33-e5a56889b9ff', '72870303', 'Alioshpaki Justina', 'Figueroa Ayala', '728714', '27217163-1302-4bb0-af8c-99cbb63edc8d');
INSERT INTO usuarios (id, email, password_hash, rol, nombre, apellidos, dni, activo) VALUES ('4fa08de1-72a4-408d-93f5-09bca89c3215', '611517@academia.edu', '$2b$10$Kt1WXnRsFi4Ux.r1r8SQD.Ps1ksMrVyIVlHWg9o3Z/3N8hWuZV/3G', 'alumno', 'Duban Jhordy', 'Figueroa Milla', '61155346', true);
INSERT INTO alumnos (id, usuario_id, dni, nombre, apellidos, codigo_barras, aula_id) VALUES ('08ed14f6-aa9d-47bc-a9c1-2eee686bd0a7', '4fa08de1-72a4-408d-93f5-09bca89c3215', '61155346', 'Duban Jhordy', 'Figueroa Milla', '611517', '27217163-1302-4bb0-af8c-99cbb63edc8d');
INSERT INTO usuarios (id, email, password_hash, rol, nombre, apellidos, dni, activo) VALUES ('9f65f489-b4e1-4397-9a38-2dca88b8bb76', '614842@academia.edu', '$2b$10$Kt1WXnRsFi4Ux.r1r8SQD.Ps1ksMrVyIVlHWg9o3Z/3N8hWuZV/3G', 'alumno', 'Ana Esther', 'Flores Tarazona', '61480220', true);
INSERT INTO alumnos (id, usuario_id, dni, nombre, apellidos, codigo_barras, aula_id) VALUES ('bb43148f-7ec5-4af0-b96b-46e4acd0c431', '9f65f489-b4e1-4397-9a38-2dca88b8bb76', '61480220', 'Ana Esther', 'Flores Tarazona', '614842', '27217163-1302-4bb0-af8c-99cbb63edc8d');
INSERT INTO usuarios (id, email, password_hash, rol, nombre, apellidos, dni, activo) VALUES ('cc43163e-ebf5-4e02-b713-5baab047d748', '602596@academia.edu', '$2b$10$Kt1WXnRsFi4Ux.r1r8SQD.Ps1ksMrVyIVlHWg9o3Z/3N8hWuZV/3G', 'alumno', 'Melvin Eliel', 'Flores Vela', '60250542', true);
INSERT INTO alumnos (id, usuario_id, dni, nombre, apellidos, codigo_barras, aula_id) VALUES ('b353e5fd-5a1e-49ca-9ff3-0002539eb622', 'cc43163e-ebf5-4e02-b713-5baab047d748', '60250542', 'Melvin Eliel', 'Flores Vela', '602596', '27217163-1302-4bb0-af8c-99cbb63edc8d');
INSERT INTO usuarios (id, email, password_hash, rol, nombre, apellidos, dni, activo) VALUES ('103f6e30-831e-41e7-9c2b-758807df209e', '606757@academia.edu', '$2b$10$Kt1WXnRsFi4Ux.r1r8SQD.Ps1ksMrVyIVlHWg9o3Z/3N8hWuZV/3G', 'alumno', 'Ariana Nicol', 'Fructuoso Ortiz', '60672285', true);
INSERT INTO alumnos (id, usuario_id, dni, nombre, apellidos, codigo_barras, aula_id) VALUES ('85ae0783-05f4-4072-b6a4-41ef3d465a6e', '103f6e30-831e-41e7-9c2b-758807df209e', '60672285', 'Ariana Nicol', 'Fructuoso Ortiz', '606757', '27217163-1302-4bb0-af8c-99cbb63edc8d');
INSERT INTO usuarios (id, email, password_hash, rol, nombre, apellidos, dni, activo) VALUES ('a23a2607-a700-4454-adc6-1cfe17e67a87', '614483@academia.edu', '$2b$10$Kt1WXnRsFi4Ux.r1r8SQD.Ps1ksMrVyIVlHWg9o3Z/3N8hWuZV/3G', 'alumno', 'Yamill Enrique', 'Giraldo Rodriguez', '61447755', true);
INSERT INTO alumnos (id, usuario_id, dni, nombre, apellidos, codigo_barras, aula_id) VALUES ('ffa9d54e-ed75-4b54-b7f1-b6edffc02083', 'a23a2607-a700-4454-adc6-1cfe17e67a87', '61447755', 'Yamill Enrique', 'Giraldo Rodriguez', '614483', '27217163-1302-4bb0-af8c-99cbb63edc8d');
INSERT INTO usuarios (id, email, password_hash, rol, nombre, apellidos, dni, activo) VALUES ('0ab69f1a-bdc8-42fc-9d08-446151bd8ee6', '603778@academia.edu', '$2b$10$Kt1WXnRsFi4Ux.r1r8SQD.Ps1ksMrVyIVlHWg9o3Z/3N8hWuZV/3G', 'alumno', 'Tracy Ximena', 'Gomez Castillo', '60379656', true);
INSERT INTO alumnos (id, usuario_id, dni, nombre, apellidos, codigo_barras, aula_id) VALUES ('f810e0c4-1f5e-4ae5-a898-27521feefeeb', '0ab69f1a-bdc8-42fc-9d08-446151bd8ee6', '60379656', 'Tracy Ximena', 'Gomez Castillo', '603778', '27217163-1302-4bb0-af8c-99cbb63edc8d');
INSERT INTO usuarios (id, email, password_hash, rol, nombre, apellidos, dni, activo) VALUES ('68238a84-6b3f-40c7-b1f0-d5abccedc7b5', '606835@academia.edu', '$2b$10$Kt1WXnRsFi4Ux.r1r8SQD.Ps1ksMrVyIVlHWg9o3Z/3N8hWuZV/3G', 'alumno', 'Alexander Cristian', 'Gomez Huanry', '60680101', true);
INSERT INTO alumnos (id, usuario_id, dni, nombre, apellidos, codigo_barras, aula_id) VALUES ('aa947154-2394-44b1-b581-574cb2e579ea', '68238a84-6b3f-40c7-b1f0-d5abccedc7b5', '60680101', 'Alexander Cristian', 'Gomez Huanry', '606835', '27217163-1302-4bb0-af8c-99cbb63edc8d');
INSERT INTO usuarios (id, email, password_hash, rol, nombre, apellidos, dni, activo) VALUES ('fdd47d4c-f95f-4b43-a759-fbaff69d89a9', '604990@academia.edu', '$2b$10$Kt1WXnRsFi4Ux.r1r8SQD.Ps1ksMrVyIVlHWg9o3Z/3N8hWuZV/3G', 'alumno', 'Jimena Kiara', 'Huaman Villafan', '60497330', true);
INSERT INTO alumnos (id, usuario_id, dni, nombre, apellidos, codigo_barras, aula_id) VALUES ('3d2e7448-3eb4-48a0-8941-c88f354f611d', 'fdd47d4c-f95f-4b43-a759-fbaff69d89a9', '60497330', 'Jimena Kiara', 'Huaman Villafan', '604990', '27217163-1302-4bb0-af8c-99cbb63edc8d');
INSERT INTO usuarios (id, email, password_hash, rol, nombre, apellidos, dni, activo) VALUES ('302a1ea3-8400-4216-89ff-88effe91dca3', '620380@academia.edu', '$2b$10$Kt1WXnRsFi4Ux.r1r8SQD.Ps1ksMrVyIVlHWg9o3Z/3N8hWuZV/3G', 'alumno', 'Ariana Graciela', 'Huayaney Diaz', '62036000', true);
INSERT INTO alumnos (id, usuario_id, dni, nombre, apellidos, codigo_barras, aula_id) VALUES ('1951f98f-c64c-4bf7-abd8-6a3e16da7abe', '302a1ea3-8400-4216-89ff-88effe91dca3', '62036000', 'Ariana Graciela', 'Huayaney Diaz', '620380', '27217163-1302-4bb0-af8c-99cbb63edc8d');
INSERT INTO usuarios (id, email, password_hash, rol, nombre, apellidos, dni, activo) VALUES ('c2f226eb-3b0f-472d-84e3-adef45ca5b96', '616932@academia.edu', '$2b$10$Kt1WXnRsFi4Ux.r1r8SQD.Ps1ksMrVyIVlHWg9o3Z/3N8hWuZV/3G', 'alumno', 'Cristian Brayan', 'Huerta Catalino', '61696570', true);
INSERT INTO alumnos (id, usuario_id, dni, nombre, apellidos, codigo_barras, aula_id) VALUES ('9c19bdcc-0973-4d4f-9175-dad86a49e5f8', 'c2f226eb-3b0f-472d-84e3-adef45ca5b96', '61696570', 'Cristian Brayan', 'Huerta Catalino', '616932', '27217163-1302-4bb0-af8c-99cbb63edc8d');
INSERT INTO usuarios (id, email, password_hash, rol, nombre, apellidos, dni, activo) VALUES ('b71f0ead-fd0a-4ee1-b6ac-b19e5bc3946c', '609886@academia.edu', '$2b$10$Kt1WXnRsFi4Ux.r1r8SQD.Ps1ksMrVyIVlHWg9o3Z/3N8hWuZV/3G', 'alumno', 'Bachelet Helen', 'Lliuya Shuan', '60983881', true);
INSERT INTO alumnos (id, usuario_id, dni, nombre, apellidos, codigo_barras, aula_id) VALUES ('54140a8b-e1b7-4dc6-816d-f98b98b6623a', 'b71f0ead-fd0a-4ee1-b6ac-b19e5bc3946c', '60983881', 'Bachelet Helen', 'Lliuya Shuan', '609886', '27217163-1302-4bb0-af8c-99cbb63edc8d');
INSERT INTO usuarios (id, email, password_hash, rol, nombre, apellidos, dni, activo) VALUES ('bf90e14d-dd8b-429b-a287-ab45b1054a56', '614401@academia.edu', '$2b$10$Kt1WXnRsFi4Ux.r1r8SQD.Ps1ksMrVyIVlHWg9o3Z/3N8hWuZV/3G', 'alumno', 'Maricielo Milagros', 'Mallqui Bautista', '61447651', true);
INSERT INTO alumnos (id, usuario_id, dni, nombre, apellidos, codigo_barras, aula_id) VALUES ('fb6d0416-2815-4770-a5a1-76aa0fe7522b', 'bf90e14d-dd8b-429b-a287-ab45b1054a56', '61447651', 'Maricielo Milagros', 'Mallqui Bautista', '614401', '27217163-1302-4bb0-af8c-99cbb63edc8d');
INSERT INTO usuarios (id, email, password_hash, rol, nombre, apellidos, dni, activo) VALUES ('ef330347-a1f5-41e4-9de6-fd33a596fa3b', '606699@academia.edu', '$2b$10$Kt1WXnRsFi4Ux.r1r8SQD.Ps1ksMrVyIVlHWg9o3Z/3N8hWuZV/3G', 'alumno', 'Roger Jean', 'Ocrospoma Torres', '60668747', true);
INSERT INTO alumnos (id, usuario_id, dni, nombre, apellidos, codigo_barras, aula_id) VALUES ('82d244de-1e8a-4d93-93cc-8244ab86561c', 'ef330347-a1f5-41e4-9de6-fd33a596fa3b', '60668747', 'Roger Jean', 'Ocrospoma Torres', '606699', '27217163-1302-4bb0-af8c-99cbb63edc8d');
INSERT INTO usuarios (id, email, password_hash, rol, nombre, apellidos, dni, activo) VALUES ('3e426d89-307e-47e0-b69f-800cc6782ce7', '614046@academia.edu', '$2b$10$Kt1WXnRsFi4Ux.r1r8SQD.Ps1ksMrVyIVlHWg9o3Z/3N8hWuZV/3G', 'alumno', 'Lizbeth Luzmila', 'Paucar Macedo', '61409125', true);
INSERT INTO alumnos (id, usuario_id, dni, nombre, apellidos, codigo_barras, aula_id) VALUES ('a03a4cd8-b49c-435e-aa86-bf6698a28905', '3e426d89-307e-47e0-b69f-800cc6782ce7', '61409125', 'Lizbeth Luzmila', 'Paucar Macedo', '614046', '27217163-1302-4bb0-af8c-99cbb63edc8d');
INSERT INTO usuarios (id, email, password_hash, rol, nombre, apellidos, dni, activo) VALUES ('60b39e83-647f-4c85-9ea0-4482cbb91d2a', '612309@academia.edu', '$2b$10$Kt1WXnRsFi4Ux.r1r8SQD.Ps1ksMrVyIVlHWg9o3Z/3N8hWuZV/3G', 'alumno', 'Nayely Elizabeth', 'Picon Marquina', '61233020', true);
INSERT INTO alumnos (id, usuario_id, dni, nombre, apellidos, codigo_barras, aula_id) VALUES ('13709ee5-b18a-47a4-9f96-a2e0b8766964', '60b39e83-647f-4c85-9ea0-4482cbb91d2a', '61233020', 'Nayely Elizabeth', 'Picon Marquina', '612309', '27217163-1302-4bb0-af8c-99cbb63edc8d');
INSERT INTO usuarios (id, email, password_hash, rol, nombre, apellidos, dni, activo) VALUES ('952221e5-ff41-43f2-8800-490f00cfb0e3', '600297@academia.edu', '$2b$10$Kt1WXnRsFi4Ux.r1r8SQD.Ps1ksMrVyIVlHWg9o3Z/3N8hWuZV/3G', 'alumno', 'Nilton Augusto', 'Quispe Murillo', '60028094', true);
INSERT INTO alumnos (id, usuario_id, dni, nombre, apellidos, codigo_barras, aula_id) VALUES ('dfba63d5-050e-4a46-8566-9df945b53242', '952221e5-ff41-43f2-8800-490f00cfb0e3', '60028094', 'Nilton Augusto', 'Quispe Murillo', '600297', '27217163-1302-4bb0-af8c-99cbb63edc8d');
INSERT INTO usuarios (id, email, password_hash, rol, nombre, apellidos, dni, activo) VALUES ('7fae2ec6-c5ce-42c2-91a1-91388a5edb4f', '607123@academia.edu', '$2b$10$Kt1WXnRsFi4Ux.r1r8SQD.Ps1ksMrVyIVlHWg9o3Z/3N8hWuZV/3G', 'alumno', 'Amit Taywa', 'Quito Mejia', '60711368', true);
INSERT INTO alumnos (id, usuario_id, dni, nombre, apellidos, codigo_barras, aula_id) VALUES ('62c489fe-5d06-4fe6-ac17-ada51bf499d0', '7fae2ec6-c5ce-42c2-91a1-91388a5edb4f', '60711368', 'Amit Taywa', 'Quito Mejia', '607123', '27217163-1302-4bb0-af8c-99cbb63edc8d');
INSERT INTO usuarios (id, email, password_hash, rol, nombre, apellidos, dni, activo) VALUES ('86210972-d977-4b48-9619-513ed098b20a', '601247@academia.edu', '$2b$10$Kt1WXnRsFi4Ux.r1r8SQD.Ps1ksMrVyIVlHWg9o3Z/3N8hWuZV/3G', 'alumno', 'Jheydi Kiara', 'Rimac Castro', '60123109', true);
INSERT INTO alumnos (id, usuario_id, dni, nombre, apellidos, codigo_barras, aula_id) VALUES ('b3acb032-5db9-4eda-a6a0-ea1980520556', '86210972-d977-4b48-9619-513ed098b20a', '60123109', 'Jheydi Kiara', 'Rimac Castro', '601247', '27217163-1302-4bb0-af8c-99cbb63edc8d');
INSERT INTO usuarios (id, email, password_hash, rol, nombre, apellidos, dni, activo) VALUES ('9cafda68-1c85-42e4-a637-e76179ade2b7', '614826@academia.edu', '$2b$10$Kt1WXnRsFi4Ux.r1r8SQD.Ps1ksMrVyIVlHWg9o3Z/3N8hWuZV/3G', 'alumno', 'William David', 'Robles Dueñas', '61480288', true);
INSERT INTO alumnos (id, usuario_id, dni, nombre, apellidos, codigo_barras, aula_id) VALUES ('7a87f684-d95e-4673-a3a5-5ab3fc2435af', '9cafda68-1c85-42e4-a637-e76179ade2b7', '61480288', 'William David', 'Robles Dueñas', '614826', '27217163-1302-4bb0-af8c-99cbb63edc8d');
INSERT INTO usuarios (id, email, password_hash, rol, nombre, apellidos, dni, activo) VALUES ('1d72e795-5c54-4866-933f-8965a7c2fe91', '602565@academia.edu', '$2b$10$Kt1WXnRsFi4Ux.r1r8SQD.Ps1ksMrVyIVlHWg9o3Z/3N8hWuZV/3G', 'alumno', 'Mayra Jade', 'Rojas Rivas', '60252997', true);
INSERT INTO alumnos (id, usuario_id, dni, nombre, apellidos, codigo_barras, aula_id) VALUES ('57ff9a50-0e54-451e-8875-9b7247bac803', '1d72e795-5c54-4866-933f-8965a7c2fe91', '60252997', 'Mayra Jade', 'Rojas Rivas', '602565', '27217163-1302-4bb0-af8c-99cbb63edc8d');
INSERT INTO usuarios (id, email, password_hash, rol, nombre, apellidos, dni, activo) VALUES ('1c882e7f-62b5-4a1d-9a40-cce2e7f2d40d', '602354@academia.edu', '$2b$10$Kt1WXnRsFi4Ux.r1r8SQD.Ps1ksMrVyIVlHWg9o3Z/3N8hWuZV/3G', 'alumno', 'Josselin Maritza', 'Roque Soto', '60233419', true);
INSERT INTO alumnos (id, usuario_id, dni, nombre, apellidos, codigo_barras, aula_id) VALUES ('73ba23a1-95e1-4289-aee6-4def4ce7853f', '1c882e7f-62b5-4a1d-9a40-cce2e7f2d40d', '60233419', 'Josselin Maritza', 'Roque Soto', '602354', '27217163-1302-4bb0-af8c-99cbb63edc8d');
INSERT INTO usuarios (id, email, password_hash, rol, nombre, apellidos, dni, activo) VALUES ('e9036d8c-7439-4f79-bb95-439e46c280d3', '612342@academia.edu', '$2b$10$Kt1WXnRsFi4Ux.r1r8SQD.Ps1ksMrVyIVlHWg9o3Z/3N8hWuZV/3G', 'alumno', 'Kevin Edicson', 'Velasquez Trinidad', '61233226', true);
INSERT INTO alumnos (id, usuario_id, dni, nombre, apellidos, codigo_barras, aula_id) VALUES ('86fb08eb-a236-449a-85ac-f819da389b6e', 'e9036d8c-7439-4f79-bb95-439e46c280d3', '61233226', 'Kevin Edicson', 'Velasquez Trinidad', '612342', '27217163-1302-4bb0-af8c-99cbb63edc8d');
INSERT INTO usuarios (id, email, password_hash, rol, nombre, apellidos, dni, activo) VALUES ('6a0dda29-d711-41ef-9061-c9d9583e4e80', '754963@academia.edu', '$2b$10$Kt1WXnRsFi4Ux.r1r8SQD.Ps1ksMrVyIVlHWg9o3Z/3N8hWuZV/3G', 'alumno', 'Anahi Pricila', 'Broncano Obregon', '75493964', true);
INSERT INTO alumnos (id, usuario_id, dni, nombre, apellidos, codigo_barras, aula_id) VALUES ('075f3d7b-d06a-45c6-b88a-2f782ab78a19', '6a0dda29-d711-41ef-9061-c9d9583e4e80', '75493964', 'Anahi Pricila', 'Broncano Obregon', '754963', 'f2d296a7-2c4f-43ce-8ec1-bb18013a2b51');
INSERT INTO usuarios (id, email, password_hash, rol, nombre, apellidos, dni, activo) VALUES ('85309dec-06e0-4544-85c6-2211d45d8cd8', '600292@academia.edu', '$2b$10$Kt1WXnRsFi4Ux.r1r8SQD.Ps1ksMrVyIVlHWg9o3Z/3N8hWuZV/3G', 'alumno', 'Marjean Margareth', 'Cantu Cantu', '60022439', true);
INSERT INTO alumnos (id, usuario_id, dni, nombre, apellidos, codigo_barras, aula_id) VALUES ('3236e86f-4af8-4f20-87c8-4b06ca2938ed', '85309dec-06e0-4544-85c6-2211d45d8cd8', '60022439', 'Marjean Margareth', 'Cantu Cantu', '600292', 'f2d296a7-2c4f-43ce-8ec1-bb18013a2b51');
INSERT INTO usuarios (id, email, password_hash, rol, nombre, apellidos, dni, activo) VALUES ('de897566-5237-43df-a6a1-495b26e8f9fd', '604807@academia.edu', '$2b$10$Kt1WXnRsFi4Ux.r1r8SQD.Ps1ksMrVyIVlHWg9o3Z/3N8hWuZV/3G', 'alumno', 'Reynalda Luz', 'Carhuayano Huerta', '60484733', true);
INSERT INTO alumnos (id, usuario_id, dni, nombre, apellidos, codigo_barras, aula_id) VALUES ('05ea13b0-7275-4a6b-92e2-cab8e1d2b252', 'de897566-5237-43df-a6a1-495b26e8f9fd', '60484733', 'Reynalda Luz', 'Carhuayano Huerta', '604807', 'f2d296a7-2c4f-43ce-8ec1-bb18013a2b51');
INSERT INTO usuarios (id, email, password_hash, rol, nombre, apellidos, dni, activo) VALUES ('8e093b88-439e-4e2b-9a35-50014dff4091', '601236@academia.edu', '$2b$10$Kt1WXnRsFi4Ux.r1r8SQD.Ps1ksMrVyIVlHWg9o3Z/3N8hWuZV/3G', 'alumno', 'Khiara Arciely', 'Carrion Vino', '60124142', true);
INSERT INTO alumnos (id, usuario_id, dni, nombre, apellidos, codigo_barras, aula_id) VALUES ('09e2358a-e403-4a35-96c0-338c71f34de6', '8e093b88-439e-4e2b-9a35-50014dff4091', '60124142', 'Khiara Arciely', 'Carrion Vino', '601236', 'f2d296a7-2c4f-43ce-8ec1-bb18013a2b51');
INSERT INTO usuarios (id, email, password_hash, rol, nombre, apellidos, dni, activo) VALUES ('c56abd7f-1f02-4f2f-bd3d-904b16afcf29', '614201@academia.edu', '$2b$10$Kt1WXnRsFi4Ux.r1r8SQD.Ps1ksMrVyIVlHWg9o3Z/3N8hWuZV/3G', 'alumno', 'Jimena Angeles', 'Cipriano Sanchez', '61429143', true);
INSERT INTO alumnos (id, usuario_id, dni, nombre, apellidos, codigo_barras, aula_id) VALUES ('422efc3f-d988-4bb6-8ef4-67b6bd657030', 'c56abd7f-1f02-4f2f-bd3d-904b16afcf29', '61429143', 'Jimena Angeles', 'Cipriano Sanchez', '614201', 'f2d296a7-2c4f-43ce-8ec1-bb18013a2b51');
INSERT INTO usuarios (id, email, password_hash, rol, nombre, apellidos, dni, activo) VALUES ('f30b7ff6-d56e-4388-ae11-8b9eae7cbf7a', '620140@academia.edu', '$2b$10$Kt1WXnRsFi4Ux.r1r8SQD.Ps1ksMrVyIVlHWg9o3Z/3N8hWuZV/3G', 'alumno', 'Gabriela Florencia', 'Corcino Dominguez', '62015105', true);
INSERT INTO alumnos (id, usuario_id, dni, nombre, apellidos, codigo_barras, aula_id) VALUES ('bff91808-9b49-47fd-adb3-008be31210f5', 'f30b7ff6-d56e-4388-ae11-8b9eae7cbf7a', '62015105', 'Gabriela Florencia', 'Corcino Dominguez', '620140', 'f2d296a7-2c4f-43ce-8ec1-bb18013a2b51');
INSERT INTO usuarios (id, email, password_hash, rol, nombre, apellidos, dni, activo) VALUES ('a3db07ed-026b-470d-92ed-23c555fae585', '615971@academia.edu', '$2b$10$Kt1WXnRsFi4Ux.r1r8SQD.Ps1ksMrVyIVlHWg9o3Z/3N8hWuZV/3G', 'alumno', 'Elizabeth', 'Cordova Azaña', '61591982', true);
INSERT INTO alumnos (id, usuario_id, dni, nombre, apellidos, codigo_barras, aula_id) VALUES ('a2405863-557d-4269-bed5-25a7ac518b5c', 'a3db07ed-026b-470d-92ed-23c555fae585', '61591982', 'Elizabeth', 'Cordova Azaña', '615971', 'f2d296a7-2c4f-43ce-8ec1-bb18013a2b51');
INSERT INTO usuarios (id, email, password_hash, rol, nombre, apellidos, dni, activo) VALUES ('5d575784-3dc9-43da-b9a6-9ae5eda6d11f', '612336@academia.edu', '$2b$10$Kt1WXnRsFi4Ux.r1r8SQD.Ps1ksMrVyIVlHWg9o3Z/3N8hWuZV/3G', 'alumno', 'Yamir Hiromi', 'Depaz Ramirez', '61233090', true);
INSERT INTO alumnos (id, usuario_id, dni, nombre, apellidos, codigo_barras, aula_id) VALUES ('8cf2b797-d152-4952-b4a3-520452ad5dce', '5d575784-3dc9-43da-b9a6-9ae5eda6d11f', '61233090', 'Yamir Hiromi', 'Depaz Ramirez', '612336', 'f2d296a7-2c4f-43ce-8ec1-bb18013a2b51');
INSERT INTO usuarios (id, email, password_hash, rol, nombre, apellidos, dni, activo) VALUES ('ac6bdf1a-c482-4c4f-9423-df1ec1ca27b8', '740838@academia.edu', '$2b$10$Kt1WXnRsFi4Ux.r1r8SQD.Ps1ksMrVyIVlHWg9o3Z/3N8hWuZV/3G', 'alumno', 'Francisco Juver', 'Dionicio Leandro', '74081364', true);
INSERT INTO alumnos (id, usuario_id, dni, nombre, apellidos, codigo_barras, aula_id) VALUES ('f294c74e-f039-4465-bafa-119aadbf733c', 'ac6bdf1a-c482-4c4f-9423-df1ec1ca27b8', '74081364', 'Francisco Juver', 'Dionicio Leandro', '740838', 'f2d296a7-2c4f-43ce-8ec1-bb18013a2b51');
INSERT INTO usuarios (id, email, password_hash, rol, nombre, apellidos, dni, activo) VALUES ('6be4ca64-985f-4e3d-bd69-c1d553af897e', '614977@academia.edu', '$2b$10$Kt1WXnRsFi4Ux.r1r8SQD.Ps1ksMrVyIVlHWg9o3Z/3N8hWuZV/3G', 'alumno', 'Mishel Milagros', 'Durand Chilca', '61490156', true);
INSERT INTO alumnos (id, usuario_id, dni, nombre, apellidos, codigo_barras, aula_id) VALUES ('d4d5bc66-880c-48af-b952-720b78117d64', '6be4ca64-985f-4e3d-bd69-c1d553af897e', '61490156', 'Mishel Milagros', 'Durand Chilca', '614977', 'f2d296a7-2c4f-43ce-8ec1-bb18013a2b51');
INSERT INTO usuarios (id, email, password_hash, rol, nombre, apellidos, dni, activo) VALUES ('c911973e-d0ea-4ed6-afc1-f968cd8a74b6', '615887@academia.edu', '$2b$10$Kt1WXnRsFi4Ux.r1r8SQD.Ps1ksMrVyIVlHWg9o3Z/3N8hWuZV/3G', 'alumno', 'Dayana Mileny', 'Evaristo Gutierrez', '61589919', true);
INSERT INTO alumnos (id, usuario_id, dni, nombre, apellidos, codigo_barras, aula_id) VALUES ('77eecd1c-f7a9-4843-be94-ce05df21f0ce', 'c911973e-d0ea-4ed6-afc1-f968cd8a74b6', '61589919', 'Dayana Mileny', 'Evaristo Gutierrez', '615887', 'f2d296a7-2c4f-43ce-8ec1-bb18013a2b51');
INSERT INTO usuarios (id, email, password_hash, rol, nombre, apellidos, dni, activo) VALUES ('d9ebb4e4-c853-48b8-8105-7fdbea673192', '601268@academia.edu', '$2b$10$Kt1WXnRsFi4Ux.r1r8SQD.Ps1ksMrVyIVlHWg9o3Z/3N8hWuZV/3G', 'alumno', 'Heylim Sayuri', 'Gambini Rivera', '60124818', true);
INSERT INTO alumnos (id, usuario_id, dni, nombre, apellidos, codigo_barras, aula_id) VALUES ('3432e7af-1b26-4a2a-81ce-4d8c9922b4a3', 'd9ebb4e4-c853-48b8-8105-7fdbea673192', '60124818', 'Heylim Sayuri', 'Gambini Rivera', '601268', 'f2d296a7-2c4f-43ce-8ec1-bb18013a2b51');
INSERT INTO usuarios (id, email, password_hash, rol, nombre, apellidos, dni, activo) VALUES ('9d022037-82c4-47ed-90ac-ed6690617a44', '602928@academia.edu', '$2b$10$Kt1WXnRsFi4Ux.r1r8SQD.Ps1ksMrVyIVlHWg9o3Z/3N8hWuZV/3G', 'alumno', 'Yury Janeth', 'Garcia Fernandez', '60293154', true);
INSERT INTO alumnos (id, usuario_id, dni, nombre, apellidos, codigo_barras, aula_id) VALUES ('9dd5b96a-ece3-43ee-84c7-dd5a5a5d2ee5', '9d022037-82c4-47ed-90ac-ed6690617a44', '60293154', 'Yury Janeth', 'Garcia Fernandez', '602928', 'f2d296a7-2c4f-43ce-8ec1-bb18013a2b51');
INSERT INTO usuarios (id, email, password_hash, rol, nombre, apellidos, dni, activo) VALUES ('6c48f583-dd8d-4a52-8b75-d93dbf031f58', '614295@academia.edu', '$2b$10$Kt1WXnRsFi4Ux.r1r8SQD.Ps1ksMrVyIVlHWg9o3Z/3N8hWuZV/3G', 'alumno', 'Sergio Andre', 'Gonzales Arnido', '61429182', true);
INSERT INTO alumnos (id, usuario_id, dni, nombre, apellidos, codigo_barras, aula_id) VALUES ('46438bd7-a4b0-4441-ae13-13f68a9c3a93', '6c48f583-dd8d-4a52-8b75-d93dbf031f58', '61429182', 'Sergio Andre', 'Gonzales Arnido', '614295', 'f2d296a7-2c4f-43ce-8ec1-bb18013a2b51');
INSERT INTO usuarios (id, email, password_hash, rol, nombre, apellidos, dni, activo) VALUES ('3df2a5bb-dccd-40f5-846f-cf38b9c512dc', '615856@academia.edu', '$2b$10$Kt1WXnRsFi4Ux.r1r8SQD.Ps1ksMrVyIVlHWg9o3Z/3N8hWuZV/3G', 'alumno', 'Josue Nehemias', 'Gregorio Jara', '61583404', true);
INSERT INTO alumnos (id, usuario_id, dni, nombre, apellidos, codigo_barras, aula_id) VALUES ('0ab07883-d151-478e-9be4-ea02150e9f4d', '3df2a5bb-dccd-40f5-846f-cf38b9c512dc', '61583404', 'Josue Nehemias', 'Gregorio Jara', '615856', 'f2d296a7-2c4f-43ce-8ec1-bb18013a2b51');
INSERT INTO usuarios (id, email, password_hash, rol, nombre, apellidos, dni, activo) VALUES ('fa2b9fb0-9bb4-4d38-b5fd-c1a35b4a6ecb', '616042@academia.edu', '$2b$10$Kt1WXnRsFi4Ux.r1r8SQD.Ps1ksMrVyIVlHWg9o3Z/3N8hWuZV/3G', 'alumno', 'Deydi Angelika', 'Huaman Huamaliano', '61603724', true);
INSERT INTO alumnos (id, usuario_id, dni, nombre, apellidos, codigo_barras, aula_id) VALUES ('058c7a5a-6a3f-4625-9980-0e9bf153d399', 'fa2b9fb0-9bb4-4d38-b5fd-c1a35b4a6ecb', '61603724', 'Deydi Angelika', 'Huaman Huamaliano', '616042', 'f2d296a7-2c4f-43ce-8ec1-bb18013a2b51');
INSERT INTO usuarios (id, email, password_hash, rol, nombre, apellidos, dni, activo) VALUES ('a736ec55-5eec-48c5-aacc-97722f43225b', '765236@academia.edu', '$2b$10$Kt1WXnRsFi4Ux.r1r8SQD.Ps1ksMrVyIVlHWg9o3Z/3N8hWuZV/3G', 'alumno', 'Miguel Angel', 'Laguna Aguado', '76520337', true);
INSERT INTO alumnos (id, usuario_id, dni, nombre, apellidos, codigo_barras, aula_id) VALUES ('52e36eb0-33a6-4506-bcc5-98faedad3c4c', 'a736ec55-5eec-48c5-aacc-97722f43225b', '76520337', 'Miguel Angel', 'Laguna Aguado', '765236', 'f2d296a7-2c4f-43ce-8ec1-bb18013a2b51');
INSERT INTO usuarios (id, email, password_hash, rol, nombre, apellidos, dni, activo) VALUES ('5e3e7ca1-b200-414f-89a3-ae7b10ae65a1', '616129@academia.edu', '$2b$10$Kt1WXnRsFi4Ux.r1r8SQD.Ps1ksMrVyIVlHWg9o3Z/3N8hWuZV/3G', 'alumno', 'Esmeralda Selena', 'Leon Pacha', '61612981', true);
INSERT INTO alumnos (id, usuario_id, dni, nombre, apellidos, codigo_barras, aula_id) VALUES ('7f4b8e8b-699b-4c3b-909a-23d732695801', '5e3e7ca1-b200-414f-89a3-ae7b10ae65a1', '61612981', 'Esmeralda Selena', 'Leon Pacha', '616129', 'f2d296a7-2c4f-43ce-8ec1-bb18013a2b51');
INSERT INTO usuarios (id, email, password_hash, rol, nombre, apellidos, dni, activo) VALUES ('262428bc-6961-4261-a40a-09a71dfb5d11', '613166@academia.edu', '$2b$10$Kt1WXnRsFi4Ux.r1r8SQD.Ps1ksMrVyIVlHWg9o3Z/3N8hWuZV/3G', 'alumno', 'Aracely Tatiana', 'Lopez Lliuya', '61314684', true);
INSERT INTO alumnos (id, usuario_id, dni, nombre, apellidos, codigo_barras, aula_id) VALUES ('0438f066-543c-4b67-bd02-815a55ff2278', '262428bc-6961-4261-a40a-09a71dfb5d11', '61314684', 'Aracely Tatiana', 'Lopez Lliuya', '613166', 'f2d296a7-2c4f-43ce-8ec1-bb18013a2b51');
INSERT INTO usuarios (id, email, password_hash, rol, nombre, apellidos, dni, activo) VALUES ('6483ab84-709d-4edb-86ff-ccb17dfe8aaa', '620475@academia.edu', '$2b$10$Kt1WXnRsFi4Ux.r1r8SQD.Ps1ksMrVyIVlHWg9o3Z/3N8hWuZV/3G', 'alumno', 'Cristina Layeska', 'Maguiña Quiñones', '62042840', true);
INSERT INTO alumnos (id, usuario_id, dni, nombre, apellidos, codigo_barras, aula_id) VALUES ('5ad196a6-eb09-46df-a3fb-c08e6a1ac2bd', '6483ab84-709d-4edb-86ff-ccb17dfe8aaa', '62042840', 'Cristina Layeska', 'Maguiña Quiñones', '620475', 'f2d296a7-2c4f-43ce-8ec1-bb18013a2b51');
INSERT INTO usuarios (id, email, password_hash, rol, nombre, apellidos, dni, activo) VALUES ('496267ac-27f4-4af3-a995-cc473804c012', '602720@academia.edu', '$2b$10$Kt1WXnRsFi4Ux.r1r8SQD.Ps1ksMrVyIVlHWg9o3Z/3N8hWuZV/3G', 'alumno', 'Yanina', 'Manpis Javier', '60274462', true);
INSERT INTO alumnos (id, usuario_id, dni, nombre, apellidos, codigo_barras, aula_id) VALUES ('8002be6a-f78a-4d1b-bb5a-0316ef0f180a', '496267ac-27f4-4af3-a995-cc473804c012', '60274462', 'Yanina', 'Manpis Javier', '602720', 'f2d296a7-2c4f-43ce-8ec1-bb18013a2b51');
INSERT INTO usuarios (id, email, password_hash, rol, nombre, apellidos, dni, activo) VALUES ('ce8a43fa-4cd5-4951-a153-13e82162cb51', '613127@academia.edu', '$2b$10$Kt1WXnRsFi4Ux.r1r8SQD.Ps1ksMrVyIVlHWg9o3Z/3N8hWuZV/3G', 'alumno', 'Mayra Danitza', 'Mejia Alba', '61314613', true);
INSERT INTO alumnos (id, usuario_id, dni, nombre, apellidos, codigo_barras, aula_id) VALUES ('613b3bb5-ab6f-4cb9-a43e-53d03b5e53c9', 'ce8a43fa-4cd5-4951-a153-13e82162cb51', '61314613', 'Mayra Danitza', 'Mejia Alba', '613127', 'f2d296a7-2c4f-43ce-8ec1-bb18013a2b51');
INSERT INTO usuarios (id, email, password_hash, rol, nombre, apellidos, dni, activo) VALUES ('9a6ef697-c190-490b-aab7-50d059422566', '614088@academia.edu', '$2b$10$Kt1WXnRsFi4Ux.r1r8SQD.Ps1ksMrVyIVlHWg9o3Z/3N8hWuZV/3G', 'alumno', 'Brenda Shirley', 'Menacho Rojas', '61409119', true);
INSERT INTO alumnos (id, usuario_id, dni, nombre, apellidos, codigo_barras, aula_id) VALUES ('c3bd38f9-eb3e-46e1-9f26-026bb13e57d6', '9a6ef697-c190-490b-aab7-50d059422566', '61409119', 'Brenda Shirley', 'Menacho Rojas', '614088', 'f2d296a7-2c4f-43ce-8ec1-bb18013a2b51');
INSERT INTO usuarios (id, email, password_hash, rol, nombre, apellidos, dni, activo) VALUES ('9e81c214-277f-45f8-a868-b25f7b9fddff', '612345@academia.edu', '$2b$10$Kt1WXnRsFi4Ux.r1r8SQD.Ps1ksMrVyIVlHWg9o3Z/3N8hWuZV/3G', 'alumno', 'Neil Roland', 'Mendoza Cayo', '61233144', true);
INSERT INTO alumnos (id, usuario_id, dni, nombre, apellidos, codigo_barras, aula_id) VALUES ('0197df94-1092-49e5-9d6b-075d340d4ff0', '9e81c214-277f-45f8-a868-b25f7b9fddff', '61233144', 'Neil Roland', 'Mendoza Cayo', '612345', 'f2d296a7-2c4f-43ce-8ec1-bb18013a2b51');
INSERT INTO usuarios (id, email, password_hash, rol, nombre, apellidos, dni, activo) VALUES ('ad59b76c-4e69-4238-8dd2-a3358a0449b5', '606710@academia.edu', '$2b$10$Kt1WXnRsFi4Ux.r1r8SQD.Ps1ksMrVyIVlHWg9o3Z/3N8hWuZV/3G', 'alumno', 'Margarita Yennyferd', 'Pantoja Sifuentes', '60677198', true);
INSERT INTO alumnos (id, usuario_id, dni, nombre, apellidos, codigo_barras, aula_id) VALUES ('fd0bcf4c-f264-4622-8bbe-53616d8980c2', 'ad59b76c-4e69-4238-8dd2-a3358a0449b5', '60677198', 'Margarita Yennyferd', 'Pantoja Sifuentes', '606710', 'f2d296a7-2c4f-43ce-8ec1-bb18013a2b51');
INSERT INTO usuarios (id, email, password_hash, rol, nombre, apellidos, dni, activo) VALUES ('fe2b6151-e19b-44ae-9d6d-19323aec401b', '614983@academia.edu', '$2b$10$Kt1WXnRsFi4Ux.r1r8SQD.Ps1ksMrVyIVlHWg9o3Z/3N8hWuZV/3G', 'alumno', 'Geraldine Briceida', 'Perez Lomote', '61490162', true);
INSERT INTO alumnos (id, usuario_id, dni, nombre, apellidos, codigo_barras, aula_id) VALUES ('e05d7f4b-5fd7-499d-8fcb-5e2db0db1d4a', 'fe2b6151-e19b-44ae-9d6d-19323aec401b', '61490162', 'Geraldine Briceida', 'Perez Lomote', '614983', 'f2d296a7-2c4f-43ce-8ec1-bb18013a2b51');
INSERT INTO usuarios (id, email, password_hash, rol, nombre, apellidos, dni, activo) VALUES ('670ccd01-8203-4228-8c1c-0f2f52e51fa8', '619177@academia.edu', '$2b$10$Kt1WXnRsFi4Ux.r1r8SQD.Ps1ksMrVyIVlHWg9o3Z/3N8hWuZV/3G', 'alumno', 'Jarumi Nicole', 'Piñashca Gonzales', '61917299', true);
INSERT INTO alumnos (id, usuario_id, dni, nombre, apellidos, codigo_barras, aula_id) VALUES ('d5e03116-f093-4469-a471-7dd7c48e3817', '670ccd01-8203-4228-8c1c-0f2f52e51fa8', '61917299', 'Jarumi Nicole', 'Piñashca Gonzales', '619177', 'f2d296a7-2c4f-43ce-8ec1-bb18013a2b51');
INSERT INTO usuarios (id, email, password_hash, rol, nombre, apellidos, dni, activo) VALUES ('38dd4e4a-d5ef-46f8-b94e-a03b746d20e3', '614031@academia.edu', '$2b$10$Kt1WXnRsFi4Ux.r1r8SQD.Ps1ksMrVyIVlHWg9o3Z/3N8hWuZV/3G', 'alumno', 'Israel Jarushell', 'Ponce Espinoza', '61409409', true);
INSERT INTO alumnos (id, usuario_id, dni, nombre, apellidos, codigo_barras, aula_id) VALUES ('55a1ef75-36e4-4a0e-8252-53f32a8fccf4', '38dd4e4a-d5ef-46f8-b94e-a03b746d20e3', '61409409', 'Israel Jarushell', 'Ponce Espinoza', '614031', 'f2d296a7-2c4f-43ce-8ec1-bb18013a2b51');
INSERT INTO usuarios (id, email, password_hash, rol, nombre, apellidos, dni, activo) VALUES ('7ab7c5e6-9273-4f3c-a563-a4f8ee5131df', '616654@academia.edu', '$2b$10$Kt1WXnRsFi4Ux.r1r8SQD.Ps1ksMrVyIVlHWg9o3Z/3N8hWuZV/3G', 'alumno', 'Mariajulia', 'Ramirez Vargas', '61665913', true);
INSERT INTO alumnos (id, usuario_id, dni, nombre, apellidos, codigo_barras, aula_id) VALUES ('6b7682df-212b-4aa0-a9d9-88baaee34af2', '7ab7c5e6-9273-4f3c-a563-a4f8ee5131df', '61665913', 'Mariajulia', 'Ramirez Vargas', '616654', 'f2d296a7-2c4f-43ce-8ec1-bb18013a2b51');
INSERT INTO usuarios (id, email, password_hash, rol, nombre, apellidos, dni, activo) VALUES ('31308c48-5105-4fef-8075-e7bb20692669', '757584@academia.edu', '$2b$10$Kt1WXnRsFi4Ux.r1r8SQD.Ps1ksMrVyIVlHWg9o3Z/3N8hWuZV/3G', 'alumno', 'Jhordan Alexander', 'Rodriguez Bedon', '75750051', true);
INSERT INTO alumnos (id, usuario_id, dni, nombre, apellidos, codigo_barras, aula_id) VALUES ('cc8517f2-008b-4437-808b-6b0e3e2d159d', '31308c48-5105-4fef-8075-e7bb20692669', '75750051', 'Jhordan Alexander', 'Rodriguez Bedon', '757584', 'f2d296a7-2c4f-43ce-8ec1-bb18013a2b51');
INSERT INTO usuarios (id, email, password_hash, rol, nombre, apellidos, dni, activo) VALUES ('ef82e18a-e3ca-4fd9-b632-e21b99b76368', '614260@academia.edu', '$2b$10$Kt1WXnRsFi4Ux.r1r8SQD.Ps1ksMrVyIVlHWg9o3Z/3N8hWuZV/3G', 'alumno', 'Andy Esaut', 'Salinas Roque', '61429219', true);
INSERT INTO alumnos (id, usuario_id, dni, nombre, apellidos, codigo_barras, aula_id) VALUES ('ff46ac16-512d-4187-8d29-e8b06d31dde2', 'ef82e18a-e3ca-4fd9-b632-e21b99b76368', '61429219', 'Andy Esaut', 'Salinas Roque', '614260', 'f2d296a7-2c4f-43ce-8ec1-bb18013a2b51');
INSERT INTO usuarios (id, email, password_hash, rol, nombre, apellidos, dni, activo) VALUES ('abb7e650-2f23-40ef-87c3-485579c5182d', '605280@academia.edu', '$2b$10$Kt1WXnRsFi4Ux.r1r8SQD.Ps1ksMrVyIVlHWg9o3Z/3N8hWuZV/3G', 'alumno', 'David Sidany', 'Sanchez Albornoz', '60522739', true);
INSERT INTO alumnos (id, usuario_id, dni, nombre, apellidos, codigo_barras, aula_id) VALUES ('e1819f3b-5c5d-4b93-bef6-f2d1555d5561', 'abb7e650-2f23-40ef-87c3-485579c5182d', '60522739', 'David Sidany', 'Sanchez Albornoz', '605280', 'f2d296a7-2c4f-43ce-8ec1-bb18013a2b51');
INSERT INTO usuarios (id, email, password_hash, rol, nombre, apellidos, dni, activo) VALUES ('e2f6ffd0-530b-4d0b-8299-d698e2f4af94', '602612@academia.edu', '$2b$10$Kt1WXnRsFi4Ux.r1r8SQD.Ps1ksMrVyIVlHWg9o3Z/3N8hWuZV/3G', 'alumno', 'Zhaeli Lorena', 'Santillan Lazaro', '60266576', true);
INSERT INTO alumnos (id, usuario_id, dni, nombre, apellidos, codigo_barras, aula_id) VALUES ('0e3fce16-0c0b-45bb-a463-d7407f686bb5', 'e2f6ffd0-530b-4d0b-8299-d698e2f4af94', '60266576', 'Zhaeli Lorena', 'Santillan Lazaro', '602612', 'f2d296a7-2c4f-43ce-8ec1-bb18013a2b51');
INSERT INTO usuarios (id, email, password_hash, rol, nombre, apellidos, dni, activo) VALUES ('c2599dee-584a-46bd-9c09-82c119c280ae', '605174@academia.edu', '$2b$10$Kt1WXnRsFi4Ux.r1r8SQD.Ps1ksMrVyIVlHWg9o3Z/3N8hWuZV/3G', 'alumno', 'Karina Mayli', 'Santos Leiva', '60517964', true);
INSERT INTO alumnos (id, usuario_id, dni, nombre, apellidos, codigo_barras, aula_id) VALUES ('a9bd7646-ae48-451b-9abb-69e1ef509d75', 'c2599dee-584a-46bd-9c09-82c119c280ae', '60517964', 'Karina Mayli', 'Santos Leiva', '605174', 'f2d296a7-2c4f-43ce-8ec1-bb18013a2b51');
INSERT INTO usuarios (id, email, password_hash, rol, nombre, apellidos, dni, activo) VALUES ('7209b160-56d1-4bab-8cd9-f5497777aaa0', '614805@academia.edu', '$2b$10$Kt1WXnRsFi4Ux.r1r8SQD.Ps1ksMrVyIVlHWg9o3Z/3N8hWuZV/3G', 'alumno', 'Yampol Jimy', 'Silverio Sotelo', '61480273', true);
INSERT INTO alumnos (id, usuario_id, dni, nombre, apellidos, codigo_barras, aula_id) VALUES ('00d92ca6-93e7-49b8-97d6-89ba91552fe7', '7209b160-56d1-4bab-8cd9-f5497777aaa0', '61480273', 'Yampol Jimy', 'Silverio Sotelo', '614805', 'f2d296a7-2c4f-43ce-8ec1-bb18013a2b51');
INSERT INTO usuarios (id, email, password_hash, rol, nombre, apellidos, dni, activo) VALUES ('dba1905f-fecd-40d4-8e37-88703402f58d', '606815@academia.edu', '$2b$10$Kt1WXnRsFi4Ux.r1r8SQD.Ps1ksMrVyIVlHWg9o3Z/3N8hWuZV/3G', 'alumno', 'Yesenia Viannet', 'Tarazona Lopez', '60682893', true);
INSERT INTO alumnos (id, usuario_id, dni, nombre, apellidos, codigo_barras, aula_id) VALUES ('caffd533-8f2c-4c54-9f7a-88ebac5b495e', 'dba1905f-fecd-40d4-8e37-88703402f58d', '60682893', 'Yesenia Viannet', 'Tarazona Lopez', '606815', 'f2d296a7-2c4f-43ce-8ec1-bb18013a2b51');
INSERT INTO usuarios (id, email, password_hash, rol, nombre, apellidos, dni, activo) VALUES ('1c8eb2de-c179-42fb-8607-2e50e0048bb9', '620199@academia.edu', '$2b$10$Kt1WXnRsFi4Ux.r1r8SQD.Ps1ksMrVyIVlHWg9o3Z/3N8hWuZV/3G', 'alumno', 'Veronica Alejandra', 'Toledo Rojas', '62014763', true);
INSERT INTO alumnos (id, usuario_id, dni, nombre, apellidos, codigo_barras, aula_id) VALUES ('3b0f8698-b2b9-4e2b-8629-a81c06c166d0', '1c8eb2de-c179-42fb-8607-2e50e0048bb9', '62014763', 'Veronica Alejandra', 'Toledo Rojas', '620199', 'f2d296a7-2c4f-43ce-8ec1-bb18013a2b51');
INSERT INTO usuarios (id, email, password_hash, rol, nombre, apellidos, dni, activo) VALUES ('63813a80-aa8d-42d8-bf02-c89b5010b05a', '605982@academia.edu', '$2b$10$Kt1WXnRsFi4Ux.r1r8SQD.Ps1ksMrVyIVlHWg9o3Z/3N8hWuZV/3G', 'alumno', 'Leonel Maycol', 'Trinidad Jaramillo', '60594836', true);
INSERT INTO alumnos (id, usuario_id, dni, nombre, apellidos, codigo_barras, aula_id) VALUES ('6cec1409-b9f9-4d7a-829e-436668ab1d9d', '63813a80-aa8d-42d8-bf02-c89b5010b05a', '60594836', 'Leonel Maycol', 'Trinidad Jaramillo', '605982', 'f2d296a7-2c4f-43ce-8ec1-bb18013a2b51');
INSERT INTO usuarios (id, email, password_hash, rol, nombre, apellidos, dni, activo) VALUES ('fef476fb-18db-4640-b802-8405b8e92651', '614207@academia.edu', '$2b$10$Kt1WXnRsFi4Ux.r1r8SQD.Ps1ksMrVyIVlHWg9o3Z/3N8hWuZV/3G', 'alumno', 'Lesly Naomi', 'Vargas Mejia', '61429248', true);
INSERT INTO alumnos (id, usuario_id, dni, nombre, apellidos, codigo_barras, aula_id) VALUES ('74fadbf3-9cac-49d0-9125-df8367754ed5', 'fef476fb-18db-4640-b802-8405b8e92651', '61429248', 'Lesly Naomi', 'Vargas Mejia', '614207', 'f2d296a7-2c4f-43ce-8ec1-bb18013a2b51');
INSERT INTO usuarios (id, email, password_hash, rol, nombre, apellidos, dni, activo) VALUES ('f17ef45a-272f-432f-8fd9-6b8fafadc6dd', '612933@academia.edu', '$2b$10$Kt1WXnRsFi4Ux.r1r8SQD.Ps1ksMrVyIVlHWg9o3Z/3N8hWuZV/3G', 'alumno', 'Kelly Betsy', 'Aguirre Mariño', '61298828', true);
INSERT INTO alumnos (id, usuario_id, dni, nombre, apellidos, codigo_barras, aula_id) VALUES ('e98f661f-f758-4ebd-a242-159974d8ffb2', 'f17ef45a-272f-432f-8fd9-6b8fafadc6dd', '61298828', 'Kelly Betsy', 'Aguirre Mariño', '612933', '31fcb349-71e0-497a-b4e6-1046b81b2bc5');
INSERT INTO usuarios (id, email, password_hash, rol, nombre, apellidos, dni, activo) VALUES ('fdcd1b4d-24d3-4aa6-bf7b-9e20e7ed8919', '773488@academia.edu', '$2b$10$Kt1WXnRsFi4Ux.r1r8SQD.Ps1ksMrVyIVlHWg9o3Z/3N8hWuZV/3G', 'alumno', 'Katia Jennifer', 'Aldave Felix', '77343649', true);
INSERT INTO alumnos (id, usuario_id, dni, nombre, apellidos, codigo_barras, aula_id) VALUES ('c53e7372-e849-4408-84d7-f136ef1d0e4f', 'fdcd1b4d-24d3-4aa6-bf7b-9e20e7ed8919', '77343649', 'Katia Jennifer', 'Aldave Felix', '773488', '31fcb349-71e0-497a-b4e6-1046b81b2bc5');
INSERT INTO usuarios (id, email, password_hash, rol, nombre, apellidos, dni, activo) VALUES ('01dced5d-aba1-439b-8e0b-7f3dc82cacef', '617520@academia.edu', '$2b$10$Kt1WXnRsFi4Ux.r1r8SQD.Ps1ksMrVyIVlHWg9o3Z/3N8hWuZV/3G', 'alumno', 'Alexandra Nicole', 'Alvarado Almendrades', '61757836', true);
INSERT INTO alumnos (id, usuario_id, dni, nombre, apellidos, codigo_barras, aula_id) VALUES ('1fb88970-01a4-4ee9-b50e-ab24763deb1a', '01dced5d-aba1-439b-8e0b-7f3dc82cacef', '61757836', 'Alexandra Nicole', 'Alvarado Almendrades', '617520', '31fcb349-71e0-497a-b4e6-1046b81b2bc5');
INSERT INTO usuarios (id, email, password_hash, rol, nombre, apellidos, dni, activo) VALUES ('b0af64dc-3cbc-4d13-9716-abbc5a150193', '765517@academia.edu', '$2b$10$Kt1WXnRsFi4Ux.r1r8SQD.Ps1ksMrVyIVlHWg9o3Z/3N8hWuZV/3G', 'alumno', 'Jhan Pool', 'Barrenechea Vargas', '76556627', true);
INSERT INTO alumnos (id, usuario_id, dni, nombre, apellidos, codigo_barras, aula_id) VALUES ('a70aba56-6591-4114-b1d6-0a1cda2b6a34', 'b0af64dc-3cbc-4d13-9716-abbc5a150193', '76556627', 'Jhan Pool', 'Barrenechea Vargas', '765517', '31fcb349-71e0-497a-b4e6-1046b81b2bc5');
INSERT INTO usuarios (id, email, password_hash, rol, nombre, apellidos, dni, activo) VALUES ('7f9c568f-fca3-4306-92d4-bfad4e7cd11b', '616139@academia.edu', '$2b$10$Kt1WXnRsFi4Ux.r1r8SQD.Ps1ksMrVyIVlHWg9o3Z/3N8hWuZV/3G', 'alumno', 'Cindy Sayuri', 'Bravo Rios', '61611973', true);
INSERT INTO alumnos (id, usuario_id, dni, nombre, apellidos, codigo_barras, aula_id) VALUES ('ad3ae4e9-d0c2-47e9-9b74-fe071c42b8f2', '7f9c568f-fca3-4306-92d4-bfad4e7cd11b', '61611973', 'Cindy Sayuri', 'Bravo Rios', '616139', '31fcb349-71e0-497a-b4e6-1046b81b2bc5');
INSERT INTO usuarios (id, email, password_hash, rol, nombre, apellidos, dni, activo) VALUES ('f2c28f80-7c4d-46c7-9fc4-d8ac15e453ab', '767429@academia.edu', '$2b$10$Kt1WXnRsFi4Ux.r1r8SQD.Ps1ksMrVyIVlHWg9o3Z/3N8hWuZV/3G', 'alumno', 'Jhosue Gerardo', 'Castillo Paucar', '76741661', true);
INSERT INTO alumnos (id, usuario_id, dni, nombre, apellidos, codigo_barras, aula_id) VALUES ('1844eb31-9ac2-43a2-ba3d-ecb73c3504bc', 'f2c28f80-7c4d-46c7-9fc4-d8ac15e453ab', '76741661', 'Jhosue Gerardo', 'Castillo Paucar', '767429', '31fcb349-71e0-497a-b4e6-1046b81b2bc5');
INSERT INTO usuarios (id, email, password_hash, rol, nombre, apellidos, dni, activo) VALUES ('215111db-b066-4c64-92e0-cefe092c0529', '725024@academia.edu', '$2b$10$Kt1WXnRsFi4Ux.r1r8SQD.Ps1ksMrVyIVlHWg9o3Z/3N8hWuZV/3G', 'alumno', 'Marili', 'Castillo Pinedo', '72502862', true);
INSERT INTO alumnos (id, usuario_id, dni, nombre, apellidos, codigo_barras, aula_id) VALUES ('22971c71-0a05-49a9-9398-3ca0bee83ff1', '215111db-b066-4c64-92e0-cefe092c0529', '72502862', 'Marili', 'Castillo Pinedo', '725024', '31fcb349-71e0-497a-b4e6-1046b81b2bc5');
INSERT INTO usuarios (id, email, password_hash, rol, nombre, apellidos, dni, activo) VALUES ('b98b2400-443c-45c1-a638-3469c7353794', '615125@academia.edu', '$2b$10$Kt1WXnRsFi4Ux.r1r8SQD.Ps1ksMrVyIVlHWg9o3Z/3N8hWuZV/3G', 'alumno', 'Mariajesus Yenevit', 'Castillo Villacorta', '61517267', true);
INSERT INTO alumnos (id, usuario_id, dni, nombre, apellidos, codigo_barras, aula_id) VALUES ('31cfb6a0-ef1d-4d08-aab2-2062c2c0907c', 'b98b2400-443c-45c1-a638-3469c7353794', '61517267', 'Mariajesus Yenevit', 'Castillo Villacorta', '615125', '31fcb349-71e0-497a-b4e6-1046b81b2bc5');
INSERT INTO usuarios (id, email, password_hash, rol, nombre, apellidos, dni, activo) VALUES ('52c9956e-a922-4d9b-b6ca-56aa4b25cb15', '612936@academia.edu', '$2b$10$Kt1WXnRsFi4Ux.r1r8SQD.Ps1ksMrVyIVlHWg9o3Z/3N8hWuZV/3G', 'alumno', 'Jhon Imanol', 'Catiri Bañez', '61298646', true);
INSERT INTO alumnos (id, usuario_id, dni, nombre, apellidos, codigo_barras, aula_id) VALUES ('a0968379-6a4e-433f-a8ba-08790e0f7f39', '52c9956e-a922-4d9b-b6ca-56aa4b25cb15', '61298646', 'Jhon Imanol', 'Catiri Bañez', '612936', '31fcb349-71e0-497a-b4e6-1046b81b2bc5');
INSERT INTO usuarios (id, email, password_hash, rol, nombre, apellidos, dni, activo) VALUES ('b6991626-2eda-40b3-a63c-419b66b08bb1', '604012@academia.edu', '$2b$10$Kt1WXnRsFi4Ux.r1r8SQD.Ps1ksMrVyIVlHWg9o3Z/3N8hWuZV/3G', 'alumno', 'Angeli Khiara', 'Chinchey Baltazar', '60407847', true);
INSERT INTO alumnos (id, usuario_id, dni, nombre, apellidos, codigo_barras, aula_id) VALUES ('c4c1ecf8-7dd7-413f-9ff6-703c11fe96a5', 'b6991626-2eda-40b3-a63c-419b66b08bb1', '60407847', 'Angeli Khiara', 'Chinchey Baltazar', '604012', '31fcb349-71e0-497a-b4e6-1046b81b2bc5');
INSERT INTO usuarios (id, email, password_hash, rol, nombre, apellidos, dni, activo) VALUES ('41ca0dd9-a2ea-45bc-aed4-a33e1c7b8b8b', '616063@academia.edu', '$2b$10$Kt1WXnRsFi4Ux.r1r8SQD.Ps1ksMrVyIVlHWg9o3Z/3N8hWuZV/3G', 'alumno', 'Luz Clarita', 'Cilio Norabuena', '61603714', true);
INSERT INTO alumnos (id, usuario_id, dni, nombre, apellidos, codigo_barras, aula_id) VALUES ('b31526a5-c8bd-45df-9ea1-8a9ef9897442', '41ca0dd9-a2ea-45bc-aed4-a33e1c7b8b8b', '61603714', 'Luz Clarita', 'Cilio Norabuena', '616063', '31fcb349-71e0-497a-b4e6-1046b81b2bc5');
INSERT INTO usuarios (id, email, password_hash, rol, nombre, apellidos, dni, activo) VALUES ('cd8eb568-f693-4e8b-bf2e-d9a82c283d20', '613362@academia.edu', '$2b$10$Kt1WXnRsFi4Ux.r1r8SQD.Ps1ksMrVyIVlHWg9o3Z/3N8hWuZV/3G', 'alumno', 'Jorge Alejandro', 'Copaja Collasos', '61331049', true);
INSERT INTO alumnos (id, usuario_id, dni, nombre, apellidos, codigo_barras, aula_id) VALUES ('4db5f462-2353-46c0-b844-3126a1a0a4d5', 'cd8eb568-f693-4e8b-bf2e-d9a82c283d20', '61331049', 'Jorge Alejandro', 'Copaja Collasos', '613362', '31fcb349-71e0-497a-b4e6-1046b81b2bc5');
INSERT INTO usuarios (id, email, password_hash, rol, nombre, apellidos, dni, activo) VALUES ('6c9aab23-82e4-46cb-85e8-82b6d48e3835', '610645@academia.edu', '$2b$10$Kt1WXnRsFi4Ux.r1r8SQD.Ps1ksMrVyIVlHWg9o3Z/3N8hWuZV/3G', 'alumno', 'Christopher Emanuel', 'Dominguez Guillen', '61064074', true);
INSERT INTO alumnos (id, usuario_id, dni, nombre, apellidos, codigo_barras, aula_id) VALUES ('74b6f13e-fdfe-40e7-b139-24d32f8b6224', '6c9aab23-82e4-46cb-85e8-82b6d48e3835', '61064074', 'Christopher Emanuel', 'Dominguez Guillen', '610645', '31fcb349-71e0-497a-b4e6-1046b81b2bc5');
INSERT INTO usuarios (id, email, password_hash, rol, nombre, apellidos, dni, activo) VALUES ('21721e9f-e138-405b-b31d-ea77817fa791', '601273@academia.edu', '$2b$10$Kt1WXnRsFi4Ux.r1r8SQD.Ps1ksMrVyIVlHWg9o3Z/3N8hWuZV/3G', 'alumno', 'Liszeth Melina', 'Fabian Milla', '60125295', true);
INSERT INTO alumnos (id, usuario_id, dni, nombre, apellidos, codigo_barras, aula_id) VALUES ('ed5dad00-cd14-4f57-a169-855ce2022b74', '21721e9f-e138-405b-b31d-ea77817fa791', '60125295', 'Liszeth Melina', 'Fabian Milla', '601273', '31fcb349-71e0-497a-b4e6-1046b81b2bc5');
INSERT INTO usuarios (id, email, password_hash, rol, nombre, apellidos, dni, activo) VALUES ('ece46113-1495-45b3-9da9-97b0815f7624', '723538@academia.edu', '$2b$10$Kt1WXnRsFi4Ux.r1r8SQD.Ps1ksMrVyIVlHWg9o3Z/3N8hWuZV/3G', 'alumno', 'Ivan Paul', 'Fernandez Diaz', '72353923', true);
INSERT INTO alumnos (id, usuario_id, dni, nombre, apellidos, codigo_barras, aula_id) VALUES ('4224a06c-65a9-48d2-93f8-4e464403d5df', 'ece46113-1495-45b3-9da9-97b0815f7624', '72353923', 'Ivan Paul', 'Fernandez Diaz', '723538', '31fcb349-71e0-497a-b4e6-1046b81b2bc5');
INSERT INTO usuarios (id, email, password_hash, rol, nombre, apellidos, dni, activo) VALUES ('d184f285-3991-4aff-8a96-57969ce7682b', '620298@academia.edu', '$2b$10$Kt1WXnRsFi4Ux.r1r8SQD.Ps1ksMrVyIVlHWg9o3Z/3N8hWuZV/3G', 'alumno', 'Juan Manuel', 'Flores Barros', '62028763', true);
INSERT INTO alumnos (id, usuario_id, dni, nombre, apellidos, codigo_barras, aula_id) VALUES ('46c8f35f-12a3-4d38-9ac2-36e36a6c00da', 'd184f285-3991-4aff-8a96-57969ce7682b', '62028763', 'Juan Manuel', 'Flores Barros', '620298', '31fcb349-71e0-497a-b4e6-1046b81b2bc5');
INSERT INTO usuarios (id, email, password_hash, rol, nombre, apellidos, dni, activo) VALUES ('92de6a23-4d19-4074-bfce-94c8e862b36f', '613168@academia.edu', '$2b$10$Kt1WXnRsFi4Ux.r1r8SQD.Ps1ksMrVyIVlHWg9o3Z/3N8hWuZV/3G', 'alumno', 'Maricielolucero', 'Flores Urbano', '61314654', true);
INSERT INTO alumnos (id, usuario_id, dni, nombre, apellidos, codigo_barras, aula_id) VALUES ('4a600a05-d809-47b6-b734-65e98b73b205', '92de6a23-4d19-4074-bfce-94c8e862b36f', '61314654', 'Maricielolucero', 'Flores Urbano', '613168', '31fcb349-71e0-497a-b4e6-1046b81b2bc5');
INSERT INTO usuarios (id, email, password_hash, rol, nombre, apellidos, dni, activo) VALUES ('f4990183-ed45-431f-a2cf-74c7e7168abf', '613123@academia.edu', '$2b$10$Kt1WXnRsFi4Ux.r1r8SQD.Ps1ksMrVyIVlHWg9o3Z/3N8hWuZV/3G', 'alumno', 'Jean', 'Garcia Ardiles', '61314482', true);
INSERT INTO alumnos (id, usuario_id, dni, nombre, apellidos, codigo_barras, aula_id) VALUES ('267b81e9-32dd-454e-b4bc-63d66c7064c6', 'f4990183-ed45-431f-a2cf-74c7e7168abf', '61314482', 'Jean', 'Garcia Ardiles', '613123', '31fcb349-71e0-497a-b4e6-1046b81b2bc5');
INSERT INTO usuarios (id, email, password_hash, rol, nombre, apellidos, dni, activo) VALUES ('8f2d3481-b044-49e7-9ddf-b0aeb1a7de10', '610693@academia.edu', '$2b$10$Kt1WXnRsFi4Ux.r1r8SQD.Ps1ksMrVyIVlHWg9o3Z/3N8hWuZV/3G', 'alumno', 'Arturo Yamir De Jesus', 'Garcia Navarro', '61064161', true);
INSERT INTO alumnos (id, usuario_id, dni, nombre, apellidos, codigo_barras, aula_id) VALUES ('d15b84db-4fa1-42c8-bbc6-55eb9807efa1', '8f2d3481-b044-49e7-9ddf-b0aeb1a7de10', '61064161', 'Arturo Yamir De Jesus', 'Garcia Navarro', '610693', '31fcb349-71e0-497a-b4e6-1046b81b2bc5');
INSERT INTO usuarios (id, email, password_hash, rol, nombre, apellidos, dni, activo) VALUES ('1b610c2c-f5da-454c-9ce8-e850d4084e1d', '616696@academia.edu', '$2b$10$Kt1WXnRsFi4Ux.r1r8SQD.Ps1ksMrVyIVlHWg9o3Z/3N8hWuZV/3G', 'alumno', 'Arnold Beckan', 'Gomero Depaz', '61667466', true);
INSERT INTO alumnos (id, usuario_id, dni, nombre, apellidos, codigo_barras, aula_id) VALUES ('a9ec6802-a135-4b83-8910-20d0ddb1e5ba', '1b610c2c-f5da-454c-9ce8-e850d4084e1d', '61667466', 'Arnold Beckan', 'Gomero Depaz', '616696', '31fcb349-71e0-497a-b4e6-1046b81b2bc5');
INSERT INTO usuarios (id, email, password_hash, rol, nombre, apellidos, dni, activo) VALUES ('ce3e6108-89ee-4b91-b56c-0b7df56d2c18', '601233@academia.edu', '$2b$10$Kt1WXnRsFi4Ux.r1r8SQD.Ps1ksMrVyIVlHWg9o3Z/3N8hWuZV/3G', 'alumno', 'Roberto Carlos', 'Huaman Jamanca', '60123062', true);
INSERT INTO alumnos (id, usuario_id, dni, nombre, apellidos, codigo_barras, aula_id) VALUES ('c53199d7-602e-49b1-b5d3-c91ce821d7dc', 'ce3e6108-89ee-4b91-b56c-0b7df56d2c18', '60123062', 'Roberto Carlos', 'Huaman Jamanca', '601233', '31fcb349-71e0-497a-b4e6-1046b81b2bc5');
INSERT INTO usuarios (id, email, password_hash, rol, nombre, apellidos, dni, activo) VALUES ('7ce38b12-ff9a-45ac-8587-75a3676d6af0', '601227@academia.edu', '$2b$10$Kt1WXnRsFi4Ux.r1r8SQD.Ps1ksMrVyIVlHWg9o3Z/3N8hWuZV/3G', 'alumno', 'Carlosraul', 'Huaranga Valentin', '60120879', true);
INSERT INTO alumnos (id, usuario_id, dni, nombre, apellidos, codigo_barras, aula_id) VALUES ('3ecbb810-406a-427c-9d87-708556c2f88f', '7ce38b12-ff9a-45ac-8587-75a3676d6af0', '60120879', 'Carlosraul', 'Huaranga Valentin', '601227', '31fcb349-71e0-497a-b4e6-1046b81b2bc5');
INSERT INTO usuarios (id, email, password_hash, rol, nombre, apellidos, dni, activo) VALUES ('17671ef5-21e6-40e2-aee2-6c2adc56eb44', '614829@academia.edu', '$2b$10$Kt1WXnRsFi4Ux.r1r8SQD.Ps1ksMrVyIVlHWg9o3Z/3N8hWuZV/3G', 'alumno', 'Sharon Mireya', 'Lozano Cierto', '61480140', true);
INSERT INTO alumnos (id, usuario_id, dni, nombre, apellidos, codigo_barras, aula_id) VALUES ('5c050a9b-e8e9-40f4-8915-e92abcc25751', '17671ef5-21e6-40e2-aee2-6c2adc56eb44', '61480140', 'Sharon Mireya', 'Lozano Cierto', '614829', '31fcb349-71e0-497a-b4e6-1046b81b2bc5');
INSERT INTO usuarios (id, email, password_hash, rol, nombre, apellidos, dni, activo) VALUES ('ac13cb79-2259-4d93-aaa2-c522930e7ad4', '611178@academia.edu', '$2b$10$Kt1WXnRsFi4Ux.r1r8SQD.Ps1ksMrVyIVlHWg9o3Z/3N8hWuZV/3G', 'alumno', 'Jhannet Elina', 'Macedo Albino', '61119873', true);
INSERT INTO alumnos (id, usuario_id, dni, nombre, apellidos, codigo_barras, aula_id) VALUES ('d2b39c29-6404-4252-ba9b-94548fd09d53', 'ac13cb79-2259-4d93-aaa2-c522930e7ad4', '61119873', 'Jhannet Elina', 'Macedo Albino', '611178', '31fcb349-71e0-497a-b4e6-1046b81b2bc5');
INSERT INTO usuarios (id, email, password_hash, rol, nombre, apellidos, dni, activo) VALUES ('115c8e33-cb99-4dd5-869d-23878c86c44a', '616103@academia.edu', '$2b$10$Kt1WXnRsFi4Ux.r1r8SQD.Ps1ksMrVyIVlHWg9o3Z/3N8hWuZV/3G', 'alumno', 'Medaly', 'Moreno Blas', '61611609', true);
INSERT INTO alumnos (id, usuario_id, dni, nombre, apellidos, codigo_barras, aula_id) VALUES ('d3f65580-9c8c-4fcb-8540-264d0a4e76c8', '115c8e33-cb99-4dd5-869d-23878c86c44a', '61611609', 'Medaly', 'Moreno Blas', '616103', '31fcb349-71e0-497a-b4e6-1046b81b2bc5');
INSERT INTO usuarios (id, email, password_hash, rol, nombre, apellidos, dni, activo) VALUES ('3b908c76-4341-4af6-b0e7-7dec1a41abda', '620170@academia.edu', '$2b$10$Kt1WXnRsFi4Ux.r1r8SQD.Ps1ksMrVyIVlHWg9o3Z/3N8hWuZV/3G', 'alumno', 'Gabriel Alexander', 'Neire Toledo', '62014828', true);
INSERT INTO alumnos (id, usuario_id, dni, nombre, apellidos, codigo_barras, aula_id) VALUES ('74f7eb1d-f455-4d7d-92e9-75e2368b8ffc', '3b908c76-4341-4af6-b0e7-7dec1a41abda', '62014828', 'Gabriel Alexander', 'Neire Toledo', '620170', '31fcb349-71e0-497a-b4e6-1046b81b2bc5');
INSERT INTO usuarios (id, email, password_hash, rol, nombre, apellidos, dni, activo) VALUES ('46fea219-0350-4654-9802-a43df9e0d50d', '615118@academia.edu', '$2b$10$Kt1WXnRsFi4Ux.r1r8SQD.Ps1ksMrVyIVlHWg9o3Z/3N8hWuZV/3G', 'alumno', 'Isabel Ximena', 'Paredes Cano', '61517225', true);
INSERT INTO alumnos (id, usuario_id, dni, nombre, apellidos, codigo_barras, aula_id) VALUES ('37df9891-75c3-4b09-befc-2f8db59a27af', '46fea219-0350-4654-9802-a43df9e0d50d', '61517225', 'Isabel Ximena', 'Paredes Cano', '615118', '31fcb349-71e0-497a-b4e6-1046b81b2bc5');
INSERT INTO usuarios (id, email, password_hash, rol, nombre, apellidos, dni, activo) VALUES ('ed1feaca-a29e-4ec0-b87a-99668ba8b822', '603972@academia.edu', '$2b$10$Kt1WXnRsFi4Ux.r1r8SQD.Ps1ksMrVyIVlHWg9o3Z/3N8hWuZV/3G', 'alumno', 'Jheison Steven', 'Paucar Peña', '60394909', true);
INSERT INTO alumnos (id, usuario_id, dni, nombre, apellidos, codigo_barras, aula_id) VALUES ('b296cbe9-d50c-4457-bc6a-ae4d96a4cfe4', 'ed1feaca-a29e-4ec0-b87a-99668ba8b822', '60394909', 'Jheison Steven', 'Paucar Peña', '603972', '31fcb349-71e0-497a-b4e6-1046b81b2bc5');
INSERT INTO usuarios (id, email, password_hash, rol, nombre, apellidos, dni, activo) VALUES ('74f5307f-d11f-4367-8db9-91c09bf15c28', '724011@academia.edu', '$2b$10$Kt1WXnRsFi4Ux.r1r8SQD.Ps1ksMrVyIVlHWg9o3Z/3N8hWuZV/3G', 'alumno', 'Danny Zocimo', 'Peña Meza', '72404631', true);
INSERT INTO alumnos (id, usuario_id, dni, nombre, apellidos, codigo_barras, aula_id) VALUES ('be78ba6f-9a52-4763-808f-3b74b5083089', '74f5307f-d11f-4367-8db9-91c09bf15c28', '72404631', 'Danny Zocimo', 'Peña Meza', '724011', '31fcb349-71e0-497a-b4e6-1046b81b2bc5');
INSERT INTO usuarios (id, email, password_hash, rol, nombre, apellidos, dni, activo) VALUES ('ea4ad511-fbdd-4730-8614-38a426862ea8', '602512@academia.edu', '$2b$10$Kt1WXnRsFi4Ux.r1r8SQD.Ps1ksMrVyIVlHWg9o3Z/3N8hWuZV/3G', 'alumno', 'Flor Deliz', 'Principe Juan', '60259078', true);
INSERT INTO alumnos (id, usuario_id, dni, nombre, apellidos, codigo_barras, aula_id) VALUES ('b7c1dcf3-599d-41b8-a0f4-5a545a6fa9dc', 'ea4ad511-fbdd-4730-8614-38a426862ea8', '60259078', 'Flor Deliz', 'Principe Juan', '602512', '31fcb349-71e0-497a-b4e6-1046b81b2bc5');
INSERT INTO usuarios (id, email, password_hash, rol, nombre, apellidos, dni, activo) VALUES ('33f79b0d-ebad-4e5e-809b-5ea270f3c148', '620185@academia.edu', '$2b$10$Kt1WXnRsFi4Ux.r1r8SQD.Ps1ksMrVyIVlHWg9o3Z/3N8hWuZV/3G', 'alumno', 'Melrouse Kiara', 'Rodriguez Chucho', '62014995', true);
INSERT INTO alumnos (id, usuario_id, dni, nombre, apellidos, codigo_barras, aula_id) VALUES ('7126c1d7-43fb-40fb-b324-075504b7aaca', '33f79b0d-ebad-4e5e-809b-5ea270f3c148', '62014995', 'Melrouse Kiara', 'Rodriguez Chucho', '620185', '31fcb349-71e0-497a-b4e6-1046b81b2bc5');
INSERT INTO usuarios (id, email, password_hash, rol, nombre, apellidos, dni, activo) VALUES ('6ce70bda-b66f-4ad2-b392-350e5912a022', '608591@academia.edu', '$2b$10$Kt1WXnRsFi4Ux.r1r8SQD.Ps1ksMrVyIVlHWg9o3Z/3N8hWuZV/3G', 'alumno', 'Pool Cristopher', 'Rodriguez Toledo', '60858221', true);
INSERT INTO alumnos (id, usuario_id, dni, nombre, apellidos, codigo_barras, aula_id) VALUES ('1a14b6b8-c584-49fa-904c-5d8b55c9a2a2', '6ce70bda-b66f-4ad2-b392-350e5912a022', '60858221', 'Pool Cristopher', 'Rodriguez Toledo', '608591', '31fcb349-71e0-497a-b4e6-1046b81b2bc5');
INSERT INTO usuarios (id, email, password_hash, rol, nombre, apellidos, dni, activo) VALUES ('7c132315-1532-4fd9-8321-0f3653e9ba26', '604188@academia.edu', '$2b$10$Kt1WXnRsFi4Ux.r1r8SQD.Ps1ksMrVyIVlHWg9o3Z/3N8hWuZV/3G', 'alumno', 'Jenny Zenaida', 'Romero Martin', '60411165', true);
INSERT INTO alumnos (id, usuario_id, dni, nombre, apellidos, codigo_barras, aula_id) VALUES ('e5639d41-4a15-4b56-a6cb-34f0ebf93863', '7c132315-1532-4fd9-8321-0f3653e9ba26', '60411165', 'Jenny Zenaida', 'Romero Martin', '604188', '31fcb349-71e0-497a-b4e6-1046b81b2bc5');
INSERT INTO usuarios (id, email, password_hash, rol, nombre, apellidos, dni, activo) VALUES ('9b44913f-2c0e-4d85-8897-1c5b6270988c', '759740@academia.edu', '$2b$10$Kt1WXnRsFi4Ux.r1r8SQD.Ps1ksMrVyIVlHWg9o3Z/3N8hWuZV/3G', 'alumno', 'Jhonatan Smith', 'Tamara Rosales', '75977080', true);
INSERT INTO alumnos (id, usuario_id, dni, nombre, apellidos, codigo_barras, aula_id) VALUES ('6fb66250-40fb-40d8-ae93-3841cc0f986a', '9b44913f-2c0e-4d85-8897-1c5b6270988c', '75977080', 'Jhonatan Smith', 'Tamara Rosales', '759740', '31fcb349-71e0-497a-b4e6-1046b81b2bc5');
INSERT INTO usuarios (id, email, password_hash, rol, nombre, apellidos, dni, activo) VALUES ('3a236825-1b81-43f3-8355-9873e5cd6f3c', '608559@academia.edu', '$2b$10$Kt1WXnRsFi4Ux.r1r8SQD.Ps1ksMrVyIVlHWg9o3Z/3N8hWuZV/3G', 'alumno', 'Jeanpol Luigui', 'Tapia Salazar', '60858257', true);
INSERT INTO alumnos (id, usuario_id, dni, nombre, apellidos, codigo_barras, aula_id) VALUES ('316f009a-daf6-44fa-8b04-3141c31042bb', '3a236825-1b81-43f3-8355-9873e5cd6f3c', '60858257', 'Jeanpol Luigui', 'Tapia Salazar', '608559', '31fcb349-71e0-497a-b4e6-1046b81b2bc5');
INSERT INTO usuarios (id, email, password_hash, rol, nombre, apellidos, dni, activo) VALUES ('945b4035-c5b3-4de8-b327-e35d986bcfdb', '732071@academia.edu', '$2b$10$Kt1WXnRsFi4Ux.r1r8SQD.Ps1ksMrVyIVlHWg9o3Z/3N8hWuZV/3G', 'alumno', 'Robert Victor', 'Tarazona Robles', '73200610', true);
INSERT INTO alumnos (id, usuario_id, dni, nombre, apellidos, codigo_barras, aula_id) VALUES ('1fb1b39e-3eb6-4406-b5de-c2beb51611ee', '945b4035-c5b3-4de8-b327-e35d986bcfdb', '73200610', 'Robert Victor', 'Tarazona Robles', '732071', '31fcb349-71e0-497a-b4e6-1046b81b2bc5');
INSERT INTO usuarios (id, email, password_hash, rol, nombre, apellidos, dni, activo) VALUES ('63274eb9-9da3-4b3f-8e7a-a422a002a68a', '605649@academia.edu', '$2b$10$Kt1WXnRsFi4Ux.r1r8SQD.Ps1ksMrVyIVlHWg9o3Z/3N8hWuZV/3G', 'alumno', 'Jerick Leonardo', 'Trejo Figueroa', '60564728', true);
INSERT INTO alumnos (id, usuario_id, dni, nombre, apellidos, codigo_barras, aula_id) VALUES ('015fbeaa-4365-484b-b091-d9df1dcbd1ae', '63274eb9-9da3-4b3f-8e7a-a422a002a68a', '60564728', 'Jerick Leonardo', 'Trejo Figueroa', '605649', '31fcb349-71e0-497a-b4e6-1046b81b2bc5');
INSERT INTO usuarios (id, email, password_hash, rol, nombre, apellidos, dni, activo) VALUES ('3298098d-23a1-4af3-9ec6-0d64a1f0c71e', '717328@academia.edu', '$2b$10$Kt1WXnRsFi4Ux.r1r8SQD.Ps1ksMrVyIVlHWg9o3Z/3N8hWuZV/3G', 'alumno', 'Dina Margarita', 'Trejo Herrera', '71736095', true);
INSERT INTO alumnos (id, usuario_id, dni, nombre, apellidos, codigo_barras, aula_id) VALUES ('61ab4ab9-35a7-4e2b-be89-64fb02928e23', '3298098d-23a1-4af3-9ec6-0d64a1f0c71e', '71736095', 'Dina Margarita', 'Trejo Herrera', '717328', '31fcb349-71e0-497a-b4e6-1046b81b2bc5');
INSERT INTO usuarios (id, email, password_hash, rol, nombre, apellidos, dni, activo) VALUES ('bfe8310f-6e57-4ff1-8c8b-c949ef43a3e6', '606752@academia.edu', '$2b$10$Kt1WXnRsFi4Ux.r1r8SQD.Ps1ksMrVyIVlHWg9o3Z/3N8hWuZV/3G', 'alumno', 'Medali Yoselin', 'Bonifacio Flores', '60677227', true);
INSERT INTO alumnos (id, usuario_id, dni, nombre, apellidos, codigo_barras, aula_id) VALUES ('00f9e78f-eb90-441f-bb1d-909a11cd57d5', 'bfe8310f-6e57-4ff1-8c8b-c949ef43a3e6', '60677227', 'Medali Yoselin', 'Bonifacio Flores', '606752', '26ba65e7-caac-4e15-9034-2fceed92b2f7');
INSERT INTO usuarios (id, email, password_hash, rol, nombre, apellidos, dni, activo) VALUES ('b99553fb-ef12-4e3b-a8d8-6362dbb6c4f9', '601829@academia.edu', '$2b$10$Kt1WXnRsFi4Ux.r1r8SQD.Ps1ksMrVyIVlHWg9o3Z/3N8hWuZV/3G', 'alumno', 'Franky Damneo', 'Cadillo Mory', '60186579', true);
INSERT INTO alumnos (id, usuario_id, dni, nombre, apellidos, codigo_barras, aula_id) VALUES ('12638811-2e18-4fd3-98a1-6c306f14164d', 'b99553fb-ef12-4e3b-a8d8-6362dbb6c4f9', '60186579', 'Franky Damneo', 'Cadillo Mory', '601829', '26ba65e7-caac-4e15-9034-2fceed92b2f7');
INSERT INTO usuarios (id, email, password_hash, rol, nombre, apellidos, dni, activo) VALUES ('c3eef766-9e6f-46f0-8aee-66af1b2951aa', '601212@academia.edu', '$2b$10$Kt1WXnRsFi4Ux.r1r8SQD.Ps1ksMrVyIVlHWg9o3Z/3N8hWuZV/3G', 'alumno', 'Caterin Romina', 'Cueva Salvador', '60124991', true);
INSERT INTO alumnos (id, usuario_id, dni, nombre, apellidos, codigo_barras, aula_id) VALUES ('7f278333-15d3-46fd-a244-9d228ce0f3aa', 'c3eef766-9e6f-46f0-8aee-66af1b2951aa', '60124991', 'Caterin Romina', 'Cueva Salvador', '601212', '26ba65e7-caac-4e15-9034-2fceed92b2f7');
INSERT INTO usuarios (id, email, password_hash, rol, nombre, apellidos, dni, activo) VALUES ('34909ade-6d83-4607-9dcb-4214b31c17d3', '600289@academia.edu', '$2b$10$Kt1WXnRsFi4Ux.r1r8SQD.Ps1ksMrVyIVlHWg9o3Z/3N8hWuZV/3G', 'alumno', 'Dayana Cielo', 'De La Cruz Retuerto', '60024844', true);
INSERT INTO alumnos (id, usuario_id, dni, nombre, apellidos, codigo_barras, aula_id) VALUES ('f1bea470-0644-4f1f-a604-cd6e1e4fdc16', '34909ade-6d83-4607-9dcb-4214b31c17d3', '60024844', 'Dayana Cielo', 'De La Cruz Retuerto', '600289', '26ba65e7-caac-4e15-9034-2fceed92b2f7');
INSERT INTO usuarios (id, email, password_hash, rol, nombre, apellidos, dni, activo) VALUES ('c9c12ef3-a192-4f0e-89ee-b418ca1a180c', '606172@academia.edu', '$2b$10$Kt1WXnRsFi4Ux.r1r8SQD.Ps1ksMrVyIVlHWg9o3Z/3N8hWuZV/3G', 'alumno', 'Juan Jairo', 'Dominguez Rodriguez', '60611388', true);
INSERT INTO alumnos (id, usuario_id, dni, nombre, apellidos, codigo_barras, aula_id) VALUES ('960b5058-75ac-4dc6-8ff2-66b86173ad66', 'c9c12ef3-a192-4f0e-89ee-b418ca1a180c', '60611388', 'Juan Jairo', 'Dominguez Rodriguez', '606172', '26ba65e7-caac-4e15-9034-2fceed92b2f7');
INSERT INTO usuarios (id, email, password_hash, rol, nombre, apellidos, dni, activo) VALUES ('6a0b4f34-5620-408d-9628-f25ed4fe46d7', '608774@academia.edu', '$2b$10$Kt1WXnRsFi4Ux.r1r8SQD.Ps1ksMrVyIVlHWg9o3Z/3N8hWuZV/3G', 'alumno', 'Jason Angel', 'Duran Coral', '60874948', true);
INSERT INTO alumnos (id, usuario_id, dni, nombre, apellidos, codigo_barras, aula_id) VALUES ('a94e0805-a763-4f0a-9a06-3b5f83c84c1e', '6a0b4f34-5620-408d-9628-f25ed4fe46d7', '60874948', 'Jason Angel', 'Duran Coral', '608774', '26ba65e7-caac-4e15-9034-2fceed92b2f7');
INSERT INTO usuarios (id, email, password_hash, rol, nombre, apellidos, dni, activo) VALUES ('7786e6fc-cceb-4849-9eee-28b062d679e0', '600407@academia.edu', '$2b$10$Kt1WXnRsFi4Ux.r1r8SQD.Ps1ksMrVyIVlHWg9o3Z/3N8hWuZV/3G', 'alumno', 'Yesely Yery', 'Escudero Aburto', '60042439', true);
INSERT INTO alumnos (id, usuario_id, dni, nombre, apellidos, codigo_barras, aula_id) VALUES ('d5779d79-02ca-4af0-a99a-9de4ad6d5d3d', '7786e6fc-cceb-4849-9eee-28b062d679e0', '60042439', 'Yesely Yery', 'Escudero Aburto', '600407', '26ba65e7-caac-4e15-9034-2fceed92b2f7');
INSERT INTO usuarios (id, email, password_hash, rol, nombre, apellidos, dni, activo) VALUES ('b7348c18-92d1-4bfb-9e2c-94da30fa8aa5', '764366@academia.edu', '$2b$10$Kt1WXnRsFi4Ux.r1r8SQD.Ps1ksMrVyIVlHWg9o3Z/3N8hWuZV/3G', 'alumno', 'Rita Esperanza', 'Euscatigue Silvestre', '76435226', true);
INSERT INTO alumnos (id, usuario_id, dni, nombre, apellidos, codigo_barras, aula_id) VALUES ('06441d9c-373f-44e1-9ca2-6c1612cbeec7', 'b7348c18-92d1-4bfb-9e2c-94da30fa8aa5', '76435226', 'Rita Esperanza', 'Euscatigue Silvestre', '764366', '26ba65e7-caac-4e15-9034-2fceed92b2f7');
INSERT INTO usuarios (id, email, password_hash, rol, nombre, apellidos, dni, activo) VALUES ('0a44fb30-3c07-4564-9fc4-aad0c6fa4e42', '615952@academia.edu', '$2b$10$Kt1WXnRsFi4Ux.r1r8SQD.Ps1ksMrVyIVlHWg9o3Z/3N8hWuZV/3G', 'alumno', 'Keluhi Emil', 'Gamboa Bello', '61590673', true);
INSERT INTO alumnos (id, usuario_id, dni, nombre, apellidos, codigo_barras, aula_id) VALUES ('c36906d1-7ea6-4ef0-b6ed-93d08c37ea3f', '0a44fb30-3c07-4564-9fc4-aad0c6fa4e42', '61590673', 'Keluhi Emil', 'Gamboa Bello', '615952', '26ba65e7-caac-4e15-9034-2fceed92b2f7');
INSERT INTO usuarios (id, email, password_hash, rol, nombre, apellidos, dni, activo) VALUES ('b56562eb-d73c-4f55-9578-a68d3d6722b6', '619583@academia.edu', '$2b$10$Kt1WXnRsFi4Ux.r1r8SQD.Ps1ksMrVyIVlHWg9o3Z/3N8hWuZV/3G', 'alumno', 'Luciano Alessandro', 'Garcia Romero', '61957788', true);
INSERT INTO alumnos (id, usuario_id, dni, nombre, apellidos, codigo_barras, aula_id) VALUES ('760c8d38-61a2-468d-8f86-3a1dac14505a', 'b56562eb-d73c-4f55-9578-a68d3d6722b6', '61957788', 'Luciano Alessandro', 'Garcia Romero', '619583', '26ba65e7-caac-4e15-9034-2fceed92b2f7');
INSERT INTO usuarios (id, email, password_hash, rol, nombre, apellidos, dni, activo) VALUES ('6fa395a3-c4c7-4be6-814a-dfc4f1ab4532', '612920@academia.edu', '$2b$10$Kt1WXnRsFi4Ux.r1r8SQD.Ps1ksMrVyIVlHWg9o3Z/3N8hWuZV/3G', 'alumno', 'Nicolas', 'Gaviria Carrillo', '61298833', true);
INSERT INTO alumnos (id, usuario_id, dni, nombre, apellidos, codigo_barras, aula_id) VALUES ('a3b939f6-6b11-49bc-8571-40b71ae0e557', '6fa395a3-c4c7-4be6-814a-dfc4f1ab4532', '61298833', 'Nicolas', 'Gaviria Carrillo', '612920', '26ba65e7-caac-4e15-9034-2fceed92b2f7');
INSERT INTO usuarios (id, email, password_hash, rol, nombre, apellidos, dni, activo) VALUES ('f2627040-9c9e-47e1-87b7-7ae2352e3aab', '602566@academia.edu', '$2b$10$Kt1WXnRsFi4Ux.r1r8SQD.Ps1ksMrVyIVlHWg9o3Z/3N8hWuZV/3G', 'alumno', 'Evelin Mayuri', 'Guerrero Raymundo', '60250488', true);
INSERT INTO alumnos (id, usuario_id, dni, nombre, apellidos, codigo_barras, aula_id) VALUES ('226bdfa9-f351-4ff1-90c9-5cbede631343', 'f2627040-9c9e-47e1-87b7-7ae2352e3aab', '60250488', 'Evelin Mayuri', 'Guerrero Raymundo', '602566', '26ba65e7-caac-4e15-9034-2fceed92b2f7');
INSERT INTO usuarios (id, email, password_hash, rol, nombre, apellidos, dni, activo) VALUES ('983b0d8d-9f24-4b21-9e32-c4bc68d5cf3b', '604718@academia.edu', '$2b$10$Kt1WXnRsFi4Ux.r1r8SQD.Ps1ksMrVyIVlHWg9o3Z/3N8hWuZV/3G', 'alumno', 'Joel', 'Hurtado Huayanay', '60478368', true);
INSERT INTO alumnos (id, usuario_id, dni, nombre, apellidos, codigo_barras, aula_id) VALUES ('aad56d65-64ff-479d-a7bf-19689cdf9469', '983b0d8d-9f24-4b21-9e32-c4bc68d5cf3b', '60478368', 'Joel', 'Hurtado Huayanay', '604718', '26ba65e7-caac-4e15-9034-2fceed92b2f7');
INSERT INTO usuarios (id, email, password_hash, rol, nombre, apellidos, dni, activo) VALUES ('8e835db9-9d93-4f4b-955c-7eb46c53e34a', '607403@academia.edu', '$2b$10$Kt1WXnRsFi4Ux.r1r8SQD.Ps1ksMrVyIVlHWg9o3Z/3N8hWuZV/3G', 'alumno', 'Gabriela Estefani', 'Jara Trujillo', '60740070', true);
INSERT INTO alumnos (id, usuario_id, dni, nombre, apellidos, codigo_barras, aula_id) VALUES ('a19eb876-3678-4958-9fef-4617b63610a5', '8e835db9-9d93-4f4b-955c-7eb46c53e34a', '60740070', 'Gabriela Estefani', 'Jara Trujillo', '607403', '26ba65e7-caac-4e15-9034-2fceed92b2f7');
INSERT INTO usuarios (id, email, password_hash, rol, nombre, apellidos, dni, activo) VALUES ('bade91c3-a39d-4761-9df4-75dd92e35f8c', '617148@academia.edu', '$2b$10$Kt1WXnRsFi4Ux.r1r8SQD.Ps1ksMrVyIVlHWg9o3Z/3N8hWuZV/3G', 'alumno', 'Genesis Sofia', 'Minaya Toledo', '61713540', true);
INSERT INTO alumnos (id, usuario_id, dni, nombre, apellidos, codigo_barras, aula_id) VALUES ('57d87eb3-0a12-458f-acbd-c8eb6f71b6b8', 'bade91c3-a39d-4761-9df4-75dd92e35f8c', '61713540', 'Genesis Sofia', 'Minaya Toledo', '617148', '26ba65e7-caac-4e15-9034-2fceed92b2f7');
INSERT INTO usuarios (id, email, password_hash, rol, nombre, apellidos, dni, activo) VALUES ('63ab6c3c-3963-40e2-b513-8d378c58a0cb', '614848@academia.edu', '$2b$10$Kt1WXnRsFi4Ux.r1r8SQD.Ps1ksMrVyIVlHWg9o3Z/3N8hWuZV/3G', 'alumno', 'Jose Alejandr', 'Nuñez Solis', '61480458', true);
INSERT INTO alumnos (id, usuario_id, dni, nombre, apellidos, codigo_barras, aula_id) VALUES ('553e262a-d933-4a55-8efb-fba7c8c90c95', '63ab6c3c-3963-40e2-b513-8d378c58a0cb', '61480458', 'Jose Alejandr', 'Nuñez Solis', '614848', '26ba65e7-caac-4e15-9034-2fceed92b2f7');
INSERT INTO usuarios (id, email, password_hash, rol, nombre, apellidos, dni, activo) VALUES ('9d29e15a-7db4-4fe2-a699-8889752be88f', '620163@academia.edu', '$2b$10$Kt1WXnRsFi4Ux.r1r8SQD.Ps1ksMrVyIVlHWg9o3Z/3N8hWuZV/3G', 'alumno', 'Yahir Antony', 'Romero Mata', '62015071', true);
INSERT INTO alumnos (id, usuario_id, dni, nombre, apellidos, codigo_barras, aula_id) VALUES ('5a9bbfc0-74b5-428f-81b3-a4a161ff5d79', '9d29e15a-7db4-4fe2-a699-8889752be88f', '62015071', 'Yahir Antony', 'Romero Mata', '620163', '26ba65e7-caac-4e15-9034-2fceed92b2f7');
INSERT INTO usuarios (id, email, password_hash, rol, nombre, apellidos, dni, activo) VALUES ('375e1ae5-a9de-456d-ba0d-fe75e7eb7c39', '601254@academia.edu', '$2b$10$Kt1WXnRsFi4Ux.r1r8SQD.Ps1ksMrVyIVlHWg9o3Z/3N8hWuZV/3G', 'alumno', 'Marili Elizabeth', 'Salinas Anaya', '60124965', true);
INSERT INTO alumnos (id, usuario_id, dni, nombre, apellidos, codigo_barras, aula_id) VALUES ('183fc045-e193-46cb-8a50-d9476d99fd25', '375e1ae5-a9de-456d-ba0d-fe75e7eb7c39', '60124965', 'Marili Elizabeth', 'Salinas Anaya', '601254', '26ba65e7-caac-4e15-9034-2fceed92b2f7');
INSERT INTO usuarios (id, email, password_hash, rol, nombre, apellidos, dni, activo) VALUES ('7dee8385-cf53-44a9-8607-d587795e3812', '604229@academia.edu', '$2b$10$Kt1WXnRsFi4Ux.r1r8SQD.Ps1ksMrVyIVlHWg9o3Z/3N8hWuZV/3G', 'alumno', 'Silvia Chela', 'Tadeo Cilio', '60425135', true);
INSERT INTO alumnos (id, usuario_id, dni, nombre, apellidos, codigo_barras, aula_id) VALUES ('3cb46f2a-971a-44b1-84cb-6e399989758b', '7dee8385-cf53-44a9-8607-d587795e3812', '60425135', 'Silvia Chela', 'Tadeo Cilio', '604229', '26ba65e7-caac-4e15-9034-2fceed92b2f7');
INSERT INTO usuarios (id, email, password_hash, rol, nombre, apellidos, dni, activo) VALUES ('78163773-e9cf-4d59-b458-167a6ea85e17', '610602@academia.edu', '$2b$10$Kt1WXnRsFi4Ux.r1r8SQD.Ps1ksMrVyIVlHWg9o3Z/3N8hWuZV/3G', 'alumno', 'Milena Margiori', 'Torres Molina', '61064085', true);
INSERT INTO alumnos (id, usuario_id, dni, nombre, apellidos, codigo_barras, aula_id) VALUES ('99cd6f54-baeb-4c22-a7a4-6aace95510ec', '78163773-e9cf-4d59-b458-167a6ea85e17', '61064085', 'Milena Margiori', 'Torres Molina', '610602', '26ba65e7-caac-4e15-9034-2fceed92b2f7');
INSERT INTO usuarios (id, email, password_hash, rol, nombre, apellidos, dni, activo) VALUES ('91d8fbff-57c6-4536-a4aa-4e2d952c62b6', '603838@academia.edu', '$2b$10$Kt1WXnRsFi4Ux.r1r8SQD.Ps1ksMrVyIVlHWg9o3Z/3N8hWuZV/3G', 'alumno', 'Deysi Janeth', 'Trejo Arrostegui', '60388106', true);
INSERT INTO alumnos (id, usuario_id, dni, nombre, apellidos, codigo_barras, aula_id) VALUES ('0aa53a39-2846-47a5-85f7-52be7e22b941', '91d8fbff-57c6-4536-a4aa-4e2d952c62b6', '60388106', 'Deysi Janeth', 'Trejo Arrostegui', '603838', '26ba65e7-caac-4e15-9034-2fceed92b2f7');
INSERT INTO usuarios (id, email, password_hash, rol, nombre, apellidos, dni, activo) VALUES ('b1980fd3-b244-4632-b2c0-b77e05041f32', '600288@academia.edu', '$2b$10$Kt1WXnRsFi4Ux.r1r8SQD.Ps1ksMrVyIVlHWg9o3Z/3N8hWuZV/3G', 'alumno', 'Yosselin Sadith', 'Vargas Haro', '60026277', true);
INSERT INTO alumnos (id, usuario_id, dni, nombre, apellidos, codigo_barras, aula_id) VALUES ('7fa6ab6e-c213-4f40-93b6-cc815f1252c7', 'b1980fd3-b244-4632-b2c0-b77e05041f32', '60026277', 'Yosselin Sadith', 'Vargas Haro', '600288', '26ba65e7-caac-4e15-9034-2fceed92b2f7');
INSERT INTO usuarios (id, email, password_hash, rol, nombre, apellidos, dni, activo) VALUES ('4a793377-39a0-41e5-bae2-9f4b67f4074b', '612917@academia.edu', '$2b$10$Kt1WXnRsFi4Ux.r1r8SQD.Ps1ksMrVyIVlHWg9o3Z/3N8hWuZV/3G', 'alumno', 'Miguel Angel', 'Villarreal Toledo', '61298621', true);
INSERT INTO alumnos (id, usuario_id, dni, nombre, apellidos, codigo_barras, aula_id) VALUES ('b7069f68-5dca-4d0f-94cf-f441d58f4075', '4a793377-39a0-41e5-bae2-9f4b67f4074b', '61298621', 'Miguel Angel', 'Villarreal Toledo', '612917', '26ba65e7-caac-4e15-9034-2fceed92b2f7');
INSERT INTO usuarios (id, email, password_hash, rol, nombre, apellidos, dni, activo) VALUES ('42febfed-4a07-4832-af05-ffbb4ad272d3', '602375@academia.edu', '$2b$10$Kt1WXnRsFi4Ux.r1r8SQD.Ps1ksMrVyIVlHWg9o3Z/3N8hWuZV/3G', 'alumno', 'Leysi Yudany', 'Advincula Oropeza', '60233413', true);
INSERT INTO alumnos (id, usuario_id, dni, nombre, apellidos, codigo_barras, aula_id) VALUES ('21964f53-fc66-4118-8abd-fc1c1537562f', '42febfed-4a07-4832-af05-ffbb4ad272d3', '60233413', 'Leysi Yudany', 'Advincula Oropeza', '602375', '5e06d776-d8cc-4cc2-9b61-29496876232e');
INSERT INTO usuarios (id, email, password_hash, rol, nombre, apellidos, dni, activo) VALUES ('7896878e-5f52-4ca9-b552-3cd87015faef', '721030@academia.edu', '$2b$10$Kt1WXnRsFi4Ux.r1r8SQD.Ps1ksMrVyIVlHWg9o3Z/3N8hWuZV/3G', 'alumno', 'Leydi Lizet Freyda', 'Agustin Cespedes', '72101660', true);
INSERT INTO alumnos (id, usuario_id, dni, nombre, apellidos, codigo_barras, aula_id) VALUES ('172e1720-12dd-4aca-bf19-099a8ad172cb', '7896878e-5f52-4ca9-b552-3cd87015faef', '72101660', 'Leydi Lizet Freyda', 'Agustin Cespedes', '721030', '5e06d776-d8cc-4cc2-9b61-29496876232e');
INSERT INTO usuarios (id, email, password_hash, rol, nombre, apellidos, dni, activo) VALUES ('ec5c9545-5788-461b-99ce-3c009cb73bb6', '614877@academia.edu', '$2b$10$Kt1WXnRsFi4Ux.r1r8SQD.Ps1ksMrVyIVlHWg9o3Z/3N8hWuZV/3G', 'alumno', 'Erica Shadid', 'Alvarado Bustamante', '61480312', true);
INSERT INTO alumnos (id, usuario_id, dni, nombre, apellidos, codigo_barras, aula_id) VALUES ('323baf17-7141-4e7c-8f67-e9f9b828eef1', 'ec5c9545-5788-461b-99ce-3c009cb73bb6', '61480312', 'Erica Shadid', 'Alvarado Bustamante', '614877', '5e06d776-d8cc-4cc2-9b61-29496876232e');
INSERT INTO usuarios (id, email, password_hash, rol, nombre, apellidos, dni, activo) VALUES ('bd9c43ce-3132-4f6f-bb2d-2e095b75b98b', '615662@academia.edu', '$2b$10$Kt1WXnRsFi4Ux.r1r8SQD.Ps1ksMrVyIVlHWg9o3Z/3N8hWuZV/3G', 'alumno', 'Claudio Edinzon', 'Ayala Espinoza', '61565767', true);
INSERT INTO alumnos (id, usuario_id, dni, nombre, apellidos, codigo_barras, aula_id) VALUES ('2c372845-ff2e-4558-9049-f8dbd3466db9', 'bd9c43ce-3132-4f6f-bb2d-2e095b75b98b', '61565767', 'Claudio Edinzon', 'Ayala Espinoza', '615662', '5e06d776-d8cc-4cc2-9b61-29496876232e');
INSERT INTO usuarios (id, email, password_hash, rol, nombre, apellidos, dni, activo) VALUES ('7033f12c-bee6-4493-9f56-1550f80beb87', '603926@academia.edu', '$2b$10$Kt1WXnRsFi4Ux.r1r8SQD.Ps1ksMrVyIVlHWg9o3Z/3N8hWuZV/3G', 'alumno', 'Melani Pamela', 'Casimiro Aparicio', '60394019', true);
INSERT INTO alumnos (id, usuario_id, dni, nombre, apellidos, codigo_barras, aula_id) VALUES ('06d50386-3a22-4c45-b014-0c0ad57d3d74', '7033f12c-bee6-4493-9f56-1550f80beb87', '60394019', 'Melani Pamela', 'Casimiro Aparicio', '603926', '5e06d776-d8cc-4cc2-9b61-29496876232e');
INSERT INTO usuarios (id, email, password_hash, rol, nombre, apellidos, dni, activo) VALUES ('5f7609c3-415c-408e-b30d-300d297ff4c4', '718587@academia.edu', '$2b$10$Kt1WXnRsFi4Ux.r1r8SQD.Ps1ksMrVyIVlHWg9o3Z/3N8hWuZV/3G', 'alumno', 'Albert Saul', 'Castillo Leon', '71855498', true);
INSERT INTO alumnos (id, usuario_id, dni, nombre, apellidos, codigo_barras, aula_id) VALUES ('8290fcab-b40e-4b05-866c-e5c4ba1b3584', '5f7609c3-415c-408e-b30d-300d297ff4c4', '71855498', 'Albert Saul', 'Castillo Leon', '718587', '5e06d776-d8cc-4cc2-9b61-29496876232e');
INSERT INTO usuarios (id, email, password_hash, rol, nombre, apellidos, dni, activo) VALUES ('a28e0ea9-8205-4807-8fdb-3d6d265f406b', '603348@academia.edu', '$2b$10$Kt1WXnRsFi4Ux.r1r8SQD.Ps1ksMrVyIVlHWg9o3Z/3N8hWuZV/3G', 'alumno', 'Yerelin Yesbit', 'Cordova Liñan', '60334135', true);
INSERT INTO alumnos (id, usuario_id, dni, nombre, apellidos, codigo_barras, aula_id) VALUES ('38554fbc-a147-4192-8db1-b64b9a5e2781', 'a28e0ea9-8205-4807-8fdb-3d6d265f406b', '60334135', 'Yerelin Yesbit', 'Cordova Liñan', '603348', '5e06d776-d8cc-4cc2-9b61-29496876232e');
INSERT INTO usuarios (id, email, password_hash, rol, nombre, apellidos, dni, activo) VALUES ('75a6f42a-e5cc-4011-9689-8c7a0859fad2', '618198@academia.edu', '$2b$10$Kt1WXnRsFi4Ux.r1r8SQD.Ps1ksMrVyIVlHWg9o3Z/3N8hWuZV/3G', 'alumno', 'Arnaldo Denilson', 'Corso Sarmiento', '61815673', true);
INSERT INTO alumnos (id, usuario_id, dni, nombre, apellidos, codigo_barras, aula_id) VALUES ('a7b0206a-1be3-4af3-ac20-f358fbbfd2e8', '75a6f42a-e5cc-4011-9689-8c7a0859fad2', '61815673', 'Arnaldo Denilson', 'Corso Sarmiento', '618198', '5e06d776-d8cc-4cc2-9b61-29496876232e');
INSERT INTO usuarios (id, email, password_hash, rol, nombre, apellidos, dni, activo) VALUES ('be5c136f-f345-4212-bbab-de0aa177fafb', '619466@academia.edu', '$2b$10$Kt1WXnRsFi4Ux.r1r8SQD.Ps1ksMrVyIVlHWg9o3Z/3N8hWuZV/3G', 'alumno', 'Marilu', 'Diaz Fernández', '61946551', true);
INSERT INTO alumnos (id, usuario_id, dni, nombre, apellidos, codigo_barras, aula_id) VALUES ('58c22467-4098-4ef5-8d9c-ba258547d3ce', 'be5c136f-f345-4212-bbab-de0aa177fafb', '61946551', 'Marilu', 'Diaz Fernández', '619466', '5e06d776-d8cc-4cc2-9b61-29496876232e');
INSERT INTO usuarios (id, email, password_hash, rol, nombre, apellidos, dni, activo) VALUES ('9bc767f0-dce9-4b13-a280-e6766458bc55', '725614@academia.edu', '$2b$10$Kt1WXnRsFi4Ux.r1r8SQD.Ps1ksMrVyIVlHWg9o3Z/3N8hWuZV/3G', 'alumno', 'Nelva Andrea', 'Espinoza Calderon', '72566005', true);
INSERT INTO alumnos (id, usuario_id, dni, nombre, apellidos, codigo_barras, aula_id) VALUES ('bcffc571-6a86-4977-bd9d-55d40942beb7', '9bc767f0-dce9-4b13-a280-e6766458bc55', '72566005', 'Nelva Andrea', 'Espinoza Calderon', '725614', '5e06d776-d8cc-4cc2-9b61-29496876232e');
INSERT INTO usuarios (id, email, password_hash, rol, nombre, apellidos, dni, activo) VALUES ('952f2d01-7b5a-42c5-a05f-48ae060cb048', '769450@academia.edu', '$2b$10$Kt1WXnRsFi4Ux.r1r8SQD.Ps1ksMrVyIVlHWg9o3Z/3N8hWuZV/3G', 'alumno', 'Kiara Brissa', 'Flores Solorzano', '76944291', true);
INSERT INTO alumnos (id, usuario_id, dni, nombre, apellidos, codigo_barras, aula_id) VALUES ('806f444a-0656-4e1b-8ce1-130654843933', '952f2d01-7b5a-42c5-a05f-48ae060cb048', '76944291', 'Kiara Brissa', 'Flores Solorzano', '769450', '5e06d776-d8cc-4cc2-9b61-29496876232e');
INSERT INTO usuarios (id, email, password_hash, rol, nombre, apellidos, dni, activo) VALUES ('3b37fb9d-5ad0-4612-b2dc-11cd38607aba', '616069@academia.edu', '$2b$10$Kt1WXnRsFi4Ux.r1r8SQD.Ps1ksMrVyIVlHWg9o3Z/3N8hWuZV/3G', 'alumno', 'Luz Mariza', 'Galan Cunza', '61603708', true);
INSERT INTO alumnos (id, usuario_id, dni, nombre, apellidos, codigo_barras, aula_id) VALUES ('b8358855-a991-4eea-b297-e8aa0c24065d', '3b37fb9d-5ad0-4612-b2dc-11cd38607aba', '61603708', 'Luz Mariza', 'Galan Cunza', '616069', '5e06d776-d8cc-4cc2-9b61-29496876232e');
INSERT INTO usuarios (id, email, password_hash, rol, nombre, apellidos, dni, activo) VALUES ('a69e4f54-a3f9-4371-ad99-b3dda78b8f3f', '613146@academia.edu', '$2b$10$Kt1WXnRsFi4Ux.r1r8SQD.Ps1ksMrVyIVlHWg9o3Z/3N8hWuZV/3G', 'alumno', 'Rosa Mariluz', 'Giraldo Medoza', '61314732', true);
INSERT INTO alumnos (id, usuario_id, dni, nombre, apellidos, codigo_barras, aula_id) VALUES ('29950a0b-a579-4392-9dbe-672bcde248d2', 'a69e4f54-a3f9-4371-ad99-b3dda78b8f3f', '61314732', 'Rosa Mariluz', 'Giraldo Medoza', '613146', '5e06d776-d8cc-4cc2-9b61-29496876232e');
INSERT INTO usuarios (id, email, password_hash, rol, nombre, apellidos, dni, activo) VALUES ('16fa0c21-13a8-483b-9f7e-43690871fd03', '614296@academia.edu', '$2b$10$Kt1WXnRsFi4Ux.r1r8SQD.Ps1ksMrVyIVlHWg9o3Z/3N8hWuZV/3G', 'alumno', 'Maricel Dafne', 'Huaman Huaman', '61429161', true);
INSERT INTO alumnos (id, usuario_id, dni, nombre, apellidos, codigo_barras, aula_id) VALUES ('614a8f57-cbd0-47fa-856f-740d4c299f3c', '16fa0c21-13a8-483b-9f7e-43690871fd03', '61429161', 'Maricel Dafne', 'Huaman Huaman', '614296', '5e06d776-d8cc-4cc2-9b61-29496876232e');
INSERT INTO usuarios (id, email, password_hash, rol, nombre, apellidos, dni, activo) VALUES ('bd822e77-4e6d-43ca-8e61-aafe6bb964c4', '603687@academia.edu', '$2b$10$Kt1WXnRsFi4Ux.r1r8SQD.Ps1ksMrVyIVlHWg9o3Z/3N8hWuZV/3G', 'alumno', 'Rosse Aszuminc', 'Isidro Vega', '60363946', true);
INSERT INTO alumnos (id, usuario_id, dni, nombre, apellidos, codigo_barras, aula_id) VALUES ('b70d6017-1eb3-4eb4-afd1-c983973e87b8', 'bd822e77-4e6d-43ca-8e61-aafe6bb964c4', '60363946', 'Rosse Aszuminc', 'Isidro Vega', '603687', '5e06d776-d8cc-4cc2-9b61-29496876232e');
INSERT INTO usuarios (id, email, password_hash, rol, nombre, apellidos, dni, activo) VALUES ('60946aaf-0c97-45f2-92e9-8bcb252f9799', '606015@academia.edu', '$2b$10$Kt1WXnRsFi4Ux.r1r8SQD.Ps1ksMrVyIVlHWg9o3Z/3N8hWuZV/3G', 'alumno', 'Yamille Yasira', 'Llecllish Quispe', '60609277', true);
INSERT INTO alumnos (id, usuario_id, dni, nombre, apellidos, codigo_barras, aula_id) VALUES ('06833462-ca70-4f0b-a16b-954c3934e956', '60946aaf-0c97-45f2-92e9-8bcb252f9799', '60609277', 'Yamille Yasira', 'Llecllish Quispe', '606015', '5e06d776-d8cc-4cc2-9b61-29496876232e');
INSERT INTO usuarios (id, email, password_hash, rol, nombre, apellidos, dni, activo) VALUES ('e0582a7b-ab9f-46b9-90be-57e537e95eed', '620113@academia.edu', '$2b$10$Kt1WXnRsFi4Ux.r1r8SQD.Ps1ksMrVyIVlHWg9o3Z/3N8hWuZV/3G', 'alumno', 'Deysi Lizbet', 'Lliuya De La Cruz', '62015020', true);
INSERT INTO alumnos (id, usuario_id, dni, nombre, apellidos, codigo_barras, aula_id) VALUES ('07f20cc3-af59-4cd2-a974-50481b4505c9', 'e0582a7b-ab9f-46b9-90be-57e537e95eed', '62015020', 'Deysi Lizbet', 'Lliuya De La Cruz', '620113', '5e06d776-d8cc-4cc2-9b61-29496876232e');
INSERT INTO usuarios (id, email, password_hash, rol, nombre, apellidos, dni, activo) VALUES ('4059cdd6-76a4-451f-b32d-182441397d31', '601209@academia.edu', '$2b$10$Kt1WXnRsFi4Ux.r1r8SQD.Ps1ksMrVyIVlHWg9o3Z/3N8hWuZV/3G', 'alumno', 'Froylan Miguel', 'Maguiña Albino', '60123287', true);
INSERT INTO alumnos (id, usuario_id, dni, nombre, apellidos, codigo_barras, aula_id) VALUES ('68be8ec3-6485-424a-a3a6-382efe58682f', '4059cdd6-76a4-451f-b32d-182441397d31', '60123287', 'Froylan Miguel', 'Maguiña Albino', '601209', '5e06d776-d8cc-4cc2-9b61-29496876232e');
INSERT INTO usuarios (id, email, password_hash, rol, nombre, apellidos, dni, activo) VALUES ('ea3b3917-fce4-4384-8d33-4761f27ffb84', '604061@academia.edu', '$2b$10$Kt1WXnRsFi4Ux.r1r8SQD.Ps1ksMrVyIVlHWg9o3Z/3N8hWuZV/3G', 'alumno', 'Yesenia Elida', 'Matias Valentin', '60400683', true);
INSERT INTO alumnos (id, usuario_id, dni, nombre, apellidos, codigo_barras, aula_id) VALUES ('e23d453e-aa4b-4fec-9615-2312b6b672ac', 'ea3b3917-fce4-4384-8d33-4761f27ffb84', '60400683', 'Yesenia Elida', 'Matias Valentin', '604061', '5e06d776-d8cc-4cc2-9b61-29496876232e');
INSERT INTO usuarios (id, email, password_hash, rol, nombre, apellidos, dni, activo) VALUES ('27ea92eb-d109-47a9-9320-c04683a073ec', '765757@academia.edu', '$2b$10$Kt1WXnRsFi4Ux.r1r8SQD.Ps1ksMrVyIVlHWg9o3Z/3N8hWuZV/3G', 'alumno', 'Elvira Libia', 'Mejia Chavez', '76575090', true);
INSERT INTO alumnos (id, usuario_id, dni, nombre, apellidos, codigo_barras, aula_id) VALUES ('d7644b77-e5b6-4171-b456-7a6eae216e90', '27ea92eb-d109-47a9-9320-c04683a073ec', '76575090', 'Elvira Libia', 'Mejia Chavez', '765757', '5e06d776-d8cc-4cc2-9b61-29496876232e');
INSERT INTO usuarios (id, email, password_hash, rol, nombre, apellidos, dni, activo) VALUES ('d1c7a3d3-a324-46e4-b0f6-3735752bc6b1', '615133@academia.edu', '$2b$10$Kt1WXnRsFi4Ux.r1r8SQD.Ps1ksMrVyIVlHWg9o3Z/3N8hWuZV/3G', 'alumno', 'Xiomara Alexandra', 'Menacho Sabino', '61517333', true);
INSERT INTO alumnos (id, usuario_id, dni, nombre, apellidos, codigo_barras, aula_id) VALUES ('7be2817b-1242-4c3e-9169-02e146568404', 'd1c7a3d3-a324-46e4-b0f6-3735752bc6b1', '61517333', 'Xiomara Alexandra', 'Menacho Sabino', '615133', '5e06d776-d8cc-4cc2-9b61-29496876232e');
INSERT INTO usuarios (id, email, password_hash, rol, nombre, apellidos, dni, activo) VALUES ('36d595c9-5bfc-4260-b052-095cf2a66908', '619516@academia.edu', '$2b$10$Kt1WXnRsFi4Ux.r1r8SQD.Ps1ksMrVyIVlHWg9o3Z/3N8hWuZV/3G', 'alumno', 'Victor Del Piero', 'Mendoza Melgarejo', '61957660', true);
INSERT INTO alumnos (id, usuario_id, dni, nombre, apellidos, codigo_barras, aula_id) VALUES ('3b84d903-f938-4acb-a3fd-62cf1878e2d4', '36d595c9-5bfc-4260-b052-095cf2a66908', '61957660', 'Victor Del Piero', 'Mendoza Melgarejo', '619516', '5e06d776-d8cc-4cc2-9b61-29496876232e');
INSERT INTO usuarios (id, email, password_hash, rol, nombre, apellidos, dni, activo) VALUES ('9b3452fa-1942-44b5-862a-49e41f10803b', '614827@academia.edu', '$2b$10$Kt1WXnRsFi4Ux.r1r8SQD.Ps1ksMrVyIVlHWg9o3Z/3N8hWuZV/3G', 'alumno', 'Jeanella Mirella', 'Mendoza Ortega', '61480235', true);
INSERT INTO alumnos (id, usuario_id, dni, nombre, apellidos, codigo_barras, aula_id) VALUES ('428db22f-96c9-4d40-81b9-a68d9bed5d83', '9b3452fa-1942-44b5-862a-49e41f10803b', '61480235', 'Jeanella Mirella', 'Mendoza Ortega', '614827', '5e06d776-d8cc-4cc2-9b61-29496876232e');
INSERT INTO usuarios (id, email, password_hash, rol, nombre, apellidos, dni, activo) VALUES ('6a968c24-6647-489f-b699-e2f56d5f9524', '614841@academia.edu', '$2b$10$Kt1WXnRsFi4Ux.r1r8SQD.Ps1ksMrVyIVlHWg9o3Z/3N8hWuZV/3G', 'alumno', 'Claudia Qorianka Gina', 'Morales Flores', '61480357', true);
INSERT INTO alumnos (id, usuario_id, dni, nombre, apellidos, codigo_barras, aula_id) VALUES ('338b769b-749f-4fd9-98c7-a4620daa457f', '6a968c24-6647-489f-b699-e2f56d5f9524', '61480357', 'Claudia Qorianka Gina', 'Morales Flores', '614841', '5e06d776-d8cc-4cc2-9b61-29496876232e');
INSERT INTO usuarios (id, email, password_hash, rol, nombre, apellidos, dni, activo) VALUES ('d4eef861-52b9-445b-8834-1840d733b30d', '611311@academia.edu', '$2b$10$Kt1WXnRsFi4Ux.r1r8SQD.Ps1ksMrVyIVlHWg9o3Z/3N8hWuZV/3G', 'alumno', 'Angel Sebastian', 'Natividad Cano', '61136737', true);
INSERT INTO alumnos (id, usuario_id, dni, nombre, apellidos, codigo_barras, aula_id) VALUES ('95887b2d-6fd8-4f17-a862-4e8ea2de66fb', 'd4eef861-52b9-445b-8834-1840d733b30d', '61136737', 'Angel Sebastian', 'Natividad Cano', '611311', '5e06d776-d8cc-4cc2-9b61-29496876232e');
INSERT INTO usuarios (id, email, password_hash, rol, nombre, apellidos, dni, activo) VALUES ('f73e6433-76d1-420f-9c68-a9d70f6a8703', '614254@academia.edu', '$2b$10$Kt1WXnRsFi4Ux.r1r8SQD.Ps1ksMrVyIVlHWg9o3Z/3N8hWuZV/3G', 'alumno', 'Denilson Roylan', 'Norabuena Mejia', '61429243', true);
INSERT INTO alumnos (id, usuario_id, dni, nombre, apellidos, codigo_barras, aula_id) VALUES ('ecc4fccd-c702-4578-bdc0-ef96fa9e8070', 'f73e6433-76d1-420f-9c68-a9d70f6a8703', '61429243', 'Denilson Roylan', 'Norabuena Mejia', '614254', '5e06d776-d8cc-4cc2-9b61-29496876232e');
INSERT INTO usuarios (id, email, password_hash, rol, nombre, apellidos, dni, activo) VALUES ('f4a33dc4-4f1d-4752-a92f-378b061db838', '601244@academia.edu', '$2b$10$Kt1WXnRsFi4Ux.r1r8SQD.Ps1ksMrVyIVlHWg9o3Z/3N8hWuZV/3G', 'alumno', 'Anghelly Jhomira', 'Oropeza Alvino', '60123766', true);
INSERT INTO alumnos (id, usuario_id, dni, nombre, apellidos, codigo_barras, aula_id) VALUES ('bf403c10-6ad3-4cc8-affe-f23134dead82', 'f4a33dc4-4f1d-4752-a92f-378b061db838', '60123766', 'Anghelly Jhomira', 'Oropeza Alvino', '601244', '5e06d776-d8cc-4cc2-9b61-29496876232e');
INSERT INTO usuarios (id, email, password_hash, rol, nombre, apellidos, dni, activo) VALUES ('e18cebac-b16f-4e59-84a9-873643cbf268', '614891@academia.edu', '$2b$10$Kt1WXnRsFi4Ux.r1r8SQD.Ps1ksMrVyIVlHWg9o3Z/3N8hWuZV/3G', 'alumno', 'Jose Emanuel', 'Ortega Rodriguez', '61480154', true);
INSERT INTO alumnos (id, usuario_id, dni, nombre, apellidos, codigo_barras, aula_id) VALUES ('78be2d58-0713-438e-b547-39cedf73062f', 'e18cebac-b16f-4e59-84a9-873643cbf268', '61480154', 'Jose Emanuel', 'Ortega Rodriguez', '614891', '5e06d776-d8cc-4cc2-9b61-29496876232e');
INSERT INTO usuarios (id, email, password_hash, rol, nombre, apellidos, dni, activo) VALUES ('f2fc687d-6e6f-48fd-82df-5888c768a863', '612334@academia.edu', '$2b$10$Kt1WXnRsFi4Ux.r1r8SQD.Ps1ksMrVyIVlHWg9o3Z/3N8hWuZV/3G', 'alumno', 'Jakelyn Xiomara', 'Polo Mautino', '61233257', true);
INSERT INTO alumnos (id, usuario_id, dni, nombre, apellidos, codigo_barras, aula_id) VALUES ('49d2545c-82a0-40bd-a370-2b52b59d286d', 'f2fc687d-6e6f-48fd-82df-5888c768a863', '61233257', 'Jakelyn Xiomara', 'Polo Mautino', '612334', '5e06d776-d8cc-4cc2-9b61-29496876232e');
INSERT INTO usuarios (id, email, password_hash, rol, nombre, apellidos, dni, activo) VALUES ('1beeef1e-3267-459e-943b-4dd5d4d0346b', '606793@academia.edu', '$2b$10$Kt1WXnRsFi4Ux.r1r8SQD.Ps1ksMrVyIVlHWg9o3Z/3N8hWuZV/3G', 'alumno', 'Mayly Pilar', 'Portella Romero', '60677192', true);
INSERT INTO alumnos (id, usuario_id, dni, nombre, apellidos, codigo_barras, aula_id) VALUES ('f043800c-45b4-47af-a436-da0912206868', '1beeef1e-3267-459e-943b-4dd5d4d0346b', '60677192', 'Mayly Pilar', 'Portella Romero', '606793', '5e06d776-d8cc-4cc2-9b61-29496876232e');
INSERT INTO usuarios (id, email, password_hash, rol, nombre, apellidos, dni, activo) VALUES ('8a446103-efb2-4d10-909b-0d1e56c46302', '603339@academia.edu', '$2b$10$Kt1WXnRsFi4Ux.r1r8SQD.Ps1ksMrVyIVlHWg9o3Z/3N8hWuZV/3G', 'alumno', 'Lida Wendy', 'Primo Murga', '60335098', true);
INSERT INTO alumnos (id, usuario_id, dni, nombre, apellidos, codigo_barras, aula_id) VALUES ('0144e482-8b62-4a7d-adc2-f1b538e66fa3', '8a446103-efb2-4d10-909b-0d1e56c46302', '60335098', 'Lida Wendy', 'Primo Murga', '603339', '5e06d776-d8cc-4cc2-9b61-29496876232e');
INSERT INTO usuarios (id, email, password_hash, rol, nombre, apellidos, dni, activo) VALUES ('899ffbdd-97dc-4b0c-88a3-d41628294507', '620098@academia.edu', '$2b$10$Kt1WXnRsFi4Ux.r1r8SQD.Ps1ksMrVyIVlHWg9o3Z/3N8hWuZV/3G', 'alumno', 'Rocio Maricielo', 'Pumaricra Granados', '62009957', true);
INSERT INTO alumnos (id, usuario_id, dni, nombre, apellidos, codigo_barras, aula_id) VALUES ('6ce11db5-721b-40bd-bdff-1689086e01f8', '899ffbdd-97dc-4b0c-88a3-d41628294507', '62009957', 'Rocio Maricielo', 'Pumaricra Granados', '620098', '5e06d776-d8cc-4cc2-9b61-29496876232e');
INSERT INTO usuarios (id, email, password_hash, rol, nombre, apellidos, dni, activo) VALUES ('3525df17-3ab3-445f-9ecf-2086bafa1101', '610653@academia.edu', '$2b$10$Kt1WXnRsFi4Ux.r1r8SQD.Ps1ksMrVyIVlHWg9o3Z/3N8hWuZV/3G', 'alumno', 'Brits Mariabelen', 'Quito Norabuena', '61064381', true);
INSERT INTO alumnos (id, usuario_id, dni, nombre, apellidos, codigo_barras, aula_id) VALUES ('18352928-827f-4ec8-895c-2223c8b74d3e', '3525df17-3ab3-445f-9ecf-2086bafa1101', '61064381', 'Brits Mariabelen', 'Quito Norabuena', '610653', '5e06d776-d8cc-4cc2-9b61-29496876232e');
INSERT INTO usuarios (id, email, password_hash, rol, nombre, apellidos, dni, activo) VALUES ('4b602a05-0e4c-4be0-97e3-85a1168e23e5', '606786@academia.edu', '$2b$10$Kt1WXnRsFi4Ux.r1r8SQD.Ps1ksMrVyIVlHWg9o3Z/3N8hWuZV/3G', 'alumno', 'Blanca Flor', 'Reyes Crispin', '60672271', true);
INSERT INTO alumnos (id, usuario_id, dni, nombre, apellidos, codigo_barras, aula_id) VALUES ('60d22b5c-5d27-4dd2-9052-bc37612844c5', '4b602a05-0e4c-4be0-97e3-85a1168e23e5', '60672271', 'Blanca Flor', 'Reyes Crispin', '606786', '5e06d776-d8cc-4cc2-9b61-29496876232e');
INSERT INTO usuarios (id, email, password_hash, rol, nombre, apellidos, dni, activo) VALUES ('008643a9-97a8-4fef-adf1-962345e7d717', '603705@academia.edu', '$2b$10$Kt1WXnRsFi4Ux.r1r8SQD.Ps1ksMrVyIVlHWg9o3Z/3N8hWuZV/3G', 'alumno', 'Mariela Sofia', 'Rodriguez Vergara', '60379691', true);
INSERT INTO alumnos (id, usuario_id, dni, nombre, apellidos, codigo_barras, aula_id) VALUES ('0068b6b9-79df-4822-8b0e-c640ae3aa4c5', '008643a9-97a8-4fef-adf1-962345e7d717', '60379691', 'Mariela Sofia', 'Rodriguez Vergara', '603705', '5e06d776-d8cc-4cc2-9b61-29496876232e');
INSERT INTO usuarios (id, email, password_hash, rol, nombre, apellidos, dni, activo) VALUES ('9eb20c71-2537-496b-8bd5-4c179b77f752', '614080@academia.edu', '$2b$10$Kt1WXnRsFi4Ux.r1r8SQD.Ps1ksMrVyIVlHWg9o3Z/3N8hWuZV/3G', 'alumno', 'Maribel Antonia', 'Rosario Atusparia', '61409384', true);
INSERT INTO alumnos (id, usuario_id, dni, nombre, apellidos, codigo_barras, aula_id) VALUES ('061e4759-e8c7-449d-a45f-1838a4c96254', '9eb20c71-2537-496b-8bd5-4c179b77f752', '61409384', 'Maribel Antonia', 'Rosario Atusparia', '614080', '5e06d776-d8cc-4cc2-9b61-29496876232e');
INSERT INTO usuarios (id, email, password_hash, rol, nombre, apellidos, dni, activo) VALUES ('a205fa5b-5959-4749-9480-e9f39a67f6af', '616198@academia.edu', '$2b$10$Kt1WXnRsFi4Ux.r1r8SQD.Ps1ksMrVyIVlHWg9o3Z/3N8hWuZV/3G', 'alumno', 'Angie Nohelia', 'Salas Castillo', '61611690', true);
INSERT INTO alumnos (id, usuario_id, dni, nombre, apellidos, codigo_barras, aula_id) VALUES ('ef4d486a-c5e9-4975-aaa9-b9c431a4a60c', 'a205fa5b-5959-4749-9480-e9f39a67f6af', '61611690', 'Angie Nohelia', 'Salas Castillo', '616198', '5e06d776-d8cc-4cc2-9b61-29496876232e');
INSERT INTO usuarios (id, email, password_hash, rol, nombre, apellidos, dni, activo) VALUES ('39cc6937-2394-4fc8-962f-ec1e25133210', '606118@academia.edu', '$2b$10$Kt1WXnRsFi4Ux.r1r8SQD.Ps1ksMrVyIVlHWg9o3Z/3N8hWuZV/3G', 'alumno', 'Sali Keico', 'Sobrados Quispe', '60618126', true);
INSERT INTO alumnos (id, usuario_id, dni, nombre, apellidos, codigo_barras, aula_id) VALUES ('fc88d627-4872-4aa7-b232-527cf73831c4', '39cc6937-2394-4fc8-962f-ec1e25133210', '60618126', 'Sali Keico', 'Sobrados Quispe', '606118', '5e06d776-d8cc-4cc2-9b61-29496876232e');
INSERT INTO usuarios (id, email, password_hash, rol, nombre, apellidos, dni, activo) VALUES ('2723caf1-df41-484d-a1c6-830c54a1f815', '619536@academia.edu', '$2b$10$Kt1WXnRsFi4Ux.r1r8SQD.Ps1ksMrVyIVlHWg9o3Z/3N8hWuZV/3G', 'alumno', 'Sanyi Alexander', 'Tamara Olivares', '61957695', true);
INSERT INTO alumnos (id, usuario_id, dni, nombre, apellidos, codigo_barras, aula_id) VALUES ('9213e6af-7bda-40fb-9297-7112a34f13c8', '2723caf1-df41-484d-a1c6-830c54a1f815', '61957695', 'Sanyi Alexander', 'Tamara Olivares', '619536', '5e06d776-d8cc-4cc2-9b61-29496876232e');
INSERT INTO usuarios (id, email, password_hash, rol, nombre, apellidos, dni, activo) VALUES ('5aa14263-a68d-4020-ac2b-99bd4e5e4946', '607069@academia.edu', '$2b$10$Kt1WXnRsFi4Ux.r1r8SQD.Ps1ksMrVyIVlHWg9o3Z/3N8hWuZV/3G', 'alumno', 'Jeanpiere Gregory', 'Tarazona Salcedo', '60705128', true);
INSERT INTO alumnos (id, usuario_id, dni, nombre, apellidos, codigo_barras, aula_id) VALUES ('c0efc910-f0e7-4a81-8fc1-8cb940bc0193', '5aa14263-a68d-4020-ac2b-99bd4e5e4946', '60705128', 'Jeanpiere Gregory', 'Tarazona Salcedo', '607069', '5e06d776-d8cc-4cc2-9b61-29496876232e');
INSERT INTO usuarios (id, email, password_hash, rol, nombre, apellidos, dni, activo) VALUES ('86e1463d-e054-45cb-842e-99b5f657d902', '603759@academia.edu', '$2b$10$Kt1WXnRsFi4Ux.r1r8SQD.Ps1ksMrVyIVlHWg9o3Z/3N8hWuZV/3G', 'alumno', 'Shanel Iomara', 'Vergara Cacha', '60379666', true);
INSERT INTO alumnos (id, usuario_id, dni, nombre, apellidos, codigo_barras, aula_id) VALUES ('288f8dc2-70bd-4a72-9f03-27343f67a716', '86e1463d-e054-45cb-842e-99b5f657d902', '60379666', 'Shanel Iomara', 'Vergara Cacha', '603759', '5e06d776-d8cc-4cc2-9b61-29496876232e');
INSERT INTO usuarios (id, email, password_hash, rol, nombre, apellidos, dni, activo) VALUES ('4eba9084-d10f-4f32-8026-7a2a4d3f7223', '605094@academia.edu', '$2b$10$Kt1WXnRsFi4Ux.r1r8SQD.Ps1ksMrVyIVlHWg9o3Z/3N8hWuZV/3G', 'alumno', 'Sonaly Bethzabe', 'Yldefonso Arias', '60507368', true);
INSERT INTO alumnos (id, usuario_id, dni, nombre, apellidos, codigo_barras, aula_id) VALUES ('598311b7-13bd-49ca-b9af-14fe4588db47', '4eba9084-d10f-4f32-8026-7a2a4d3f7223', '60507368', 'Sonaly Bethzabe', 'Yldefonso Arias', '605094', '5e06d776-d8cc-4cc2-9b61-29496876232e');
INSERT INTO usuarios (id, email, password_hash, rol, nombre, apellidos, dni, activo) VALUES ('b4d1072a-11cf-4294-bc6e-e73dd1e74c21', '607255@academia.edu', '$2b$10$Kt1WXnRsFi4Ux.r1r8SQD.Ps1ksMrVyIVlHWg9o3Z/3N8hWuZV/3G', 'alumno', 'Rossely Britney', 'Zarzosa Cubillas', '60724728', true);
INSERT INTO alumnos (id, usuario_id, dni, nombre, apellidos, codigo_barras, aula_id) VALUES ('041aaeaa-669c-41f1-8139-d78444469260', 'b4d1072a-11cf-4294-bc6e-e73dd1e74c21', '60724728', 'Rossely Britney', 'Zarzosa Cubillas', '607255', '5e06d776-d8cc-4cc2-9b61-29496876232e');
INSERT INTO usuarios (id, email, password_hash, rol, nombre, apellidos, dni, activo) VALUES ('f4282d62-0951-41d0-85bb-979d8fb0cc35', '601255@academia.edu', '$2b$10$Kt1WXnRsFi4Ux.r1r8SQD.Ps1ksMrVyIVlHWg9o3Z/3N8hWuZV/3G', 'alumno', 'Cielo Briggith Mishell', 'Zavala Rodriguez', '60126822', true);
INSERT INTO alumnos (id, usuario_id, dni, nombre, apellidos, codigo_barras, aula_id) VALUES ('67a0ed6f-dc86-4815-bb0e-f7779ba32628', 'f4282d62-0951-41d0-85bb-979d8fb0cc35', '60126822', 'Cielo Briggith Mishell', 'Zavala Rodriguez', '601255', '5e06d776-d8cc-4cc2-9b61-29496876232e');
INSERT INTO usuarios (id, email, password_hash, rol, nombre, apellidos, dni, activo) VALUES ('837a600c-92bd-4b7f-8364-f2250ee7f9e6', '614240@academia.edu', '$2b$10$Kt1WXnRsFi4Ux.r1r8SQD.Ps1ksMrVyIVlHWg9o3Z/3N8hWuZV/3G', 'alumno', 'Shantal Anabel', 'Albino Cacha', '61429318', true);
INSERT INTO alumnos (id, usuario_id, dni, nombre, apellidos, codigo_barras, aula_id) VALUES ('89e6900d-af1e-4191-8b42-3fe5c81f78ff', '837a600c-92bd-4b7f-8364-f2250ee7f9e6', '61429318', 'Shantal Anabel', 'Albino Cacha', '614240', 'c67ea921-05b3-4102-837f-e2c751c1fb52');
INSERT INTO usuarios (id, email, password_hash, rol, nombre, apellidos, dni, activo) VALUES ('dbfffb8b-4b13-4b6c-9000-23695f87836b', '614804@academia.edu', '$2b$10$Kt1WXnRsFi4Ux.r1r8SQD.Ps1ksMrVyIVlHWg9o3Z/3N8hWuZV/3G', 'alumno', 'Aylin Clariett', 'Alva Polo', '61480332', true);
INSERT INTO alumnos (id, usuario_id, dni, nombre, apellidos, codigo_barras, aula_id) VALUES ('d819be3d-69c5-41fa-8281-d6373250255b', 'dbfffb8b-4b13-4b6c-9000-23695f87836b', '61480332', 'Aylin Clariett', 'Alva Polo', '614804', 'c67ea921-05b3-4102-837f-e2c751c1fb52');
INSERT INTO usuarios (id, email, password_hash, rol, nombre, apellidos, dni, activo) VALUES ('05fe24fd-8497-43f0-9704-54a27687d297', '620535@academia.edu', '$2b$10$Kt1WXnRsFi4Ux.r1r8SQD.Ps1ksMrVyIVlHWg9o3Z/3N8hWuZV/3G', 'alumno', 'Jheyms Menly', 'Aranda Cerna', '62058318', true);
INSERT INTO alumnos (id, usuario_id, dni, nombre, apellidos, codigo_barras, aula_id) VALUES ('89a40818-e7e9-45a5-b774-63a5e0dcdb01', '05fe24fd-8497-43f0-9704-54a27687d297', '62058318', 'Jheyms Menly', 'Aranda Cerna', '620535', 'c67ea921-05b3-4102-837f-e2c751c1fb52');
INSERT INTO usuarios (id, email, password_hash, rol, nombre, apellidos, dni, activo) VALUES ('10fe2a49-ffbc-4099-a60e-17f5c612662e', '616360@academia.edu', '$2b$10$Kt1WXnRsFi4Ux.r1r8SQD.Ps1ksMrVyIVlHWg9o3Z/3N8hWuZV/3G', 'alumno', 'Maylin Yuri', 'Bazan Vargas', '61632058', true);
INSERT INTO alumnos (id, usuario_id, dni, nombre, apellidos, codigo_barras, aula_id) VALUES ('b40f0a07-b289-4b71-80d2-00942197d0e8', '10fe2a49-ffbc-4099-a60e-17f5c612662e', '61632058', 'Maylin Yuri', 'Bazan Vargas', '616360', 'c67ea921-05b3-4102-837f-e2c751c1fb52');
INSERT INTO usuarios (id, email, password_hash, rol, nombre, apellidos, dni, activo) VALUES ('366201b8-45be-4965-a163-bd1ccfc58242', '603427@academia.edu', '$2b$10$Kt1WXnRsFi4Ux.r1r8SQD.Ps1ksMrVyIVlHWg9o3Z/3N8hWuZV/3G', 'alumno', 'Evelyn Sofia', 'Blas Tarazona', '60346694', true);
INSERT INTO alumnos (id, usuario_id, dni, nombre, apellidos, codigo_barras, aula_id) VALUES ('6b9781d2-f39d-42f3-a4ab-362e40a9e8c7', '366201b8-45be-4965-a163-bd1ccfc58242', '60346694', 'Evelyn Sofia', 'Blas Tarazona', '603427', 'c67ea921-05b3-4102-837f-e2c751c1fb52');
INSERT INTO usuarios (id, email, password_hash, rol, nombre, apellidos, dni, activo) VALUES ('48cb861a-342f-4ae7-b4a0-e77d373902e9', '619415@academia.edu', '$2b$10$Kt1WXnRsFi4Ux.r1r8SQD.Ps1ksMrVyIVlHWg9o3Z/3N8hWuZV/3G', 'alumno', 'Enith Lizeth', 'Brioso Salazar', '61948093', true);
INSERT INTO alumnos (id, usuario_id, dni, nombre, apellidos, codigo_barras, aula_id) VALUES ('002abe0a-6a9a-4f8d-9abc-cb6846831299', '48cb861a-342f-4ae7-b4a0-e77d373902e9', '61948093', 'Enith Lizeth', 'Brioso Salazar', '619415', 'c67ea921-05b3-4102-837f-e2c751c1fb52');
INSERT INTO usuarios (id, email, password_hash, rol, nombre, apellidos, dni, activo) VALUES ('94a0d735-3461-4147-8efc-cb92a291709d', '620183@academia.edu', '$2b$10$Kt1WXnRsFi4Ux.r1r8SQD.Ps1ksMrVyIVlHWg9o3Z/3N8hWuZV/3G', 'alumno', 'Damaris Lucero', 'Broncano Rashta', '62015039', true);
INSERT INTO alumnos (id, usuario_id, dni, nombre, apellidos, codigo_barras, aula_id) VALUES ('e141693a-cfbd-44ed-abc9-004416cef90b', '94a0d735-3461-4147-8efc-cb92a291709d', '62015039', 'Damaris Lucero', 'Broncano Rashta', '620183', 'c67ea921-05b3-4102-837f-e2c751c1fb52');
INSERT INTO usuarios (id, email, password_hash, rol, nombre, apellidos, dni, activo) VALUES ('26a9a4c6-e854-4e16-ab4f-b01a6b32d73b', '612361@academia.edu', '$2b$10$Kt1WXnRsFi4Ux.r1r8SQD.Ps1ksMrVyIVlHWg9o3Z/3N8hWuZV/3G', 'alumno', 'Sayuri Fatima Del Rosario', 'Castillo Mendez', '61232909', true);
INSERT INTO alumnos (id, usuario_id, dni, nombre, apellidos, codigo_barras, aula_id) VALUES ('2ec76e26-2b12-4d5e-96a3-ffb929b61682', '26a9a4c6-e854-4e16-ab4f-b01a6b32d73b', '61232909', 'Sayuri Fatima Del Rosario', 'Castillo Mendez', '612361', 'c67ea921-05b3-4102-837f-e2c751c1fb52');
INSERT INTO usuarios (id, email, password_hash, rol, nombre, apellidos, dni, activo) VALUES ('422017d2-9482-4171-8935-29298f7ac72b', '602113@academia.edu', '$2b$10$Kt1WXnRsFi4Ux.r1r8SQD.Ps1ksMrVyIVlHWg9o3Z/3N8hWuZV/3G', 'alumno', 'Rosa Flor', 'Castillo Morales', '60212622', true);
INSERT INTO alumnos (id, usuario_id, dni, nombre, apellidos, codigo_barras, aula_id) VALUES ('ee77dcdb-1cce-49b7-950c-156a6492fe75', '422017d2-9482-4171-8935-29298f7ac72b', '60212622', 'Rosa Flor', 'Castillo Morales', '602113', 'c67ea921-05b3-4102-837f-e2c751c1fb52');
INSERT INTO usuarios (id, email, password_hash, rol, nombre, apellidos, dni, activo) VALUES ('26017721-5c4e-481c-ad9e-9266db11a52a', '603946@academia.edu', '$2b$10$Kt1WXnRsFi4Ux.r1r8SQD.Ps1ksMrVyIVlHWg9o3Z/3N8hWuZV/3G', 'alumno', 'Jeferson Yasler', 'Chavez Guerra', '60392356', true);
INSERT INTO alumnos (id, usuario_id, dni, nombre, apellidos, codigo_barras, aula_id) VALUES ('78c45706-eff7-4a0e-aad5-cfbf18894b0d', '26017721-5c4e-481c-ad9e-9266db11a52a', '60392356', 'Jeferson Yasler', 'Chavez Guerra', '603946', 'c67ea921-05b3-4102-837f-e2c751c1fb52');
INSERT INTO usuarios (id, email, password_hash, rol, nombre, apellidos, dni, activo) VALUES ('1d8da082-6fb4-4274-b655-bef3bdfb78ff', '603903@academia.edu', '$2b$10$Kt1WXnRsFi4Ux.r1r8SQD.Ps1ksMrVyIVlHWg9o3Z/3N8hWuZV/3G', 'alumno', 'Jhan Carlos', 'Chavez Guerra', '60392357', true);
INSERT INTO alumnos (id, usuario_id, dni, nombre, apellidos, codigo_barras, aula_id) VALUES ('c1d8698b-e26f-4cf4-b0c6-880c2dd868de', '1d8da082-6fb4-4274-b655-bef3bdfb78ff', '60392357', 'Jhan Carlos', 'Chavez Guerra', '603903', 'c67ea921-05b3-4102-837f-e2c751c1fb52');
INSERT INTO usuarios (id, email, password_hash, rol, nombre, apellidos, dni, activo) VALUES ('d942aa91-036c-4673-8768-a05c39f64ed3', '614066@academia.edu', '$2b$10$Kt1WXnRsFi4Ux.r1r8SQD.Ps1ksMrVyIVlHWg9o3Z/3N8hWuZV/3G', 'alumno', 'Daniela Alejandra', 'Cochachin Castillo', '61409187', true);
INSERT INTO alumnos (id, usuario_id, dni, nombre, apellidos, codigo_barras, aula_id) VALUES ('27432274-856b-41a3-9281-bae36de62700', 'd942aa91-036c-4673-8768-a05c39f64ed3', '61409187', 'Daniela Alejandra', 'Cochachin Castillo', '614066', 'c67ea921-05b3-4102-837f-e2c751c1fb52');
INSERT INTO usuarios (id, email, password_hash, rol, nombre, apellidos, dni, activo) VALUES ('4225b9fe-06fc-4b99-9e9a-2336771d16fd', '612984@academia.edu', '$2b$10$Kt1WXnRsFi4Ux.r1r8SQD.Ps1ksMrVyIVlHWg9o3Z/3N8hWuZV/3G', 'alumno', 'Anahy Angela', 'Cordova Macedo', '61298839', true);
INSERT INTO alumnos (id, usuario_id, dni, nombre, apellidos, codigo_barras, aula_id) VALUES ('24fa29fe-8dca-4050-a5fc-65a1fa5ebd11', '4225b9fe-06fc-4b99-9e9a-2336771d16fd', '61298839', 'Anahy Angela', 'Cordova Macedo', '612984', 'c67ea921-05b3-4102-837f-e2c751c1fb52');
INSERT INTO usuarios (id, email, password_hash, rol, nombre, apellidos, dni, activo) VALUES ('1facde02-2906-4c0a-a597-d28ccb559e43', '616487@academia.edu', '$2b$10$Kt1WXnRsFi4Ux.r1r8SQD.Ps1ksMrVyIVlHWg9o3Z/3N8hWuZV/3G', 'alumno', 'Sharik Sarelly', 'Corpus Vara', '61642159', true);
INSERT INTO alumnos (id, usuario_id, dni, nombre, apellidos, codigo_barras, aula_id) VALUES ('d5c6cbdf-b78c-4ded-abec-1b37ace477ac', '1facde02-2906-4c0a-a597-d28ccb559e43', '61642159', 'Sharik Sarelly', 'Corpus Vara', '616487', 'c67ea921-05b3-4102-837f-e2c751c1fb52');
INSERT INTO usuarios (id, email, password_hash, rol, nombre, apellidos, dni, activo) VALUES ('d0a88fc6-776f-466c-b2d2-8be04cdec9c1', '603225@academia.edu', '$2b$10$Kt1WXnRsFi4Ux.r1r8SQD.Ps1ksMrVyIVlHWg9o3Z/3N8hWuZV/3G', 'alumno', 'Kenndy Yadith', 'Cueva Dextre', '60320171', true);
INSERT INTO alumnos (id, usuario_id, dni, nombre, apellidos, codigo_barras, aula_id) VALUES ('a30dd696-2d29-4798-a3d7-ac46f2023577', 'd0a88fc6-776f-466c-b2d2-8be04cdec9c1', '60320171', 'Kenndy Yadith', 'Cueva Dextre', '603225', 'c67ea921-05b3-4102-837f-e2c751c1fb52');
INSERT INTO usuarios (id, email, password_hash, rol, nombre, apellidos, dni, activo) VALUES ('526e4273-c50b-4e45-962f-cf961953a243', '609198@academia.edu', '$2b$10$Kt1WXnRsFi4Ux.r1r8SQD.Ps1ksMrVyIVlHWg9o3Z/3N8hWuZV/3G', 'alumno', 'Angelica Victoria', 'De La Cruz Aguilar', '60912429', true);
INSERT INTO alumnos (id, usuario_id, dni, nombre, apellidos, codigo_barras, aula_id) VALUES ('052e9db4-387b-493b-8d20-4f54c60afcbe', '526e4273-c50b-4e45-962f-cf961953a243', '60912429', 'Angelica Victoria', 'De La Cruz Aguilar', '609198', 'c67ea921-05b3-4102-837f-e2c751c1fb52');
INSERT INTO usuarios (id, email, password_hash, rol, nombre, apellidos, dni, activo) VALUES ('394ee376-9bda-486d-9260-6dc6afad285b', '614825@academia.edu', '$2b$10$Kt1WXnRsFi4Ux.r1r8SQD.Ps1ksMrVyIVlHWg9o3Z/3N8hWuZV/3G', 'alumno', 'Alejandra Guadalupe', 'Depaz Huaman', '61480240', true);
INSERT INTO alumnos (id, usuario_id, dni, nombre, apellidos, codigo_barras, aula_id) VALUES ('f761f7fa-348a-46c8-aa5d-b3e93c4b11d8', '394ee376-9bda-486d-9260-6dc6afad285b', '61480240', 'Alejandra Guadalupe', 'Depaz Huaman', '614825', 'c67ea921-05b3-4102-837f-e2c751c1fb52');
INSERT INTO usuarios (id, email, password_hash, rol, nombre, apellidos, dni, activo) VALUES ('20312252-3ea2-4db7-8e6a-1f9140a69d5a', '600284@academia.edu', '$2b$10$Kt1WXnRsFi4Ux.r1r8SQD.Ps1ksMrVyIVlHWg9o3Z/3N8hWuZV/3G', 'alumno', 'Ziomara Aidair', 'Gamarra Paucar', '60022477', true);
INSERT INTO alumnos (id, usuario_id, dni, nombre, apellidos, codigo_barras, aula_id) VALUES ('f44d190d-584d-485c-927e-88fe0079def4', '20312252-3ea2-4db7-8e6a-1f9140a69d5a', '60022477', 'Ziomara Aidair', 'Gamarra Paucar', '600284', 'c67ea921-05b3-4102-837f-e2c751c1fb52');
INSERT INTO usuarios (id, email, password_hash, rol, nombre, apellidos, dni, activo) VALUES ('5bc4fb96-f267-4ac7-b5f2-6bd9613aca8f', '810200@academia.edu', '$2b$10$Kt1WXnRsFi4Ux.r1r8SQD.Ps1ksMrVyIVlHWg9o3Z/3N8hWuZV/3G', 'alumno', 'Karla Valeria Gabriella', 'Guzman Rimac', '81024521', true);
INSERT INTO alumnos (id, usuario_id, dni, nombre, apellidos, codigo_barras, aula_id) VALUES ('cccfe13a-8878-400f-8820-6dfb2fe0f136', '5bc4fb96-f267-4ac7-b5f2-6bd9613aca8f', '81024521', 'Karla Valeria Gabriella', 'Guzman Rimac', '810200', 'c67ea921-05b3-4102-837f-e2c751c1fb52');
INSERT INTO usuarios (id, email, password_hash, rol, nombre, apellidos, dni, activo) VALUES ('06b08abc-1c33-49cd-af45-20becbba1d47', '620119@academia.edu', '$2b$10$Kt1WXnRsFi4Ux.r1r8SQD.Ps1ksMrVyIVlHWg9o3Z/3N8hWuZV/3G', 'alumno', 'Erikson Rodrigo', 'Haro Maguiña', '62014767', true);
INSERT INTO alumnos (id, usuario_id, dni, nombre, apellidos, codigo_barras, aula_id) VALUES ('39a0795d-6733-4b10-a7f5-60371bfd2717', '06b08abc-1c33-49cd-af45-20becbba1d47', '62014767', 'Erikson Rodrigo', 'Haro Maguiña', '620119', 'c67ea921-05b3-4102-837f-e2c751c1fb52');
INSERT INTO usuarios (id, email, password_hash, rol, nombre, apellidos, dni, activo) VALUES ('bca79a55-ac22-4a90-923c-fd4031bc495e', '616337@academia.edu', '$2b$10$Kt1WXnRsFi4Ux.r1r8SQD.Ps1ksMrVyIVlHWg9o3Z/3N8hWuZV/3G', 'alumno', 'Anabely Jhusbeli', 'Jimeno Roca', '61632169', true);
INSERT INTO alumnos (id, usuario_id, dni, nombre, apellidos, codigo_barras, aula_id) VALUES ('840c7fa1-b46a-44c8-9744-fac0a42bbd4a', 'bca79a55-ac22-4a90-923c-fd4031bc495e', '61632169', 'Anabely Jhusbeli', 'Jimeno Roca', '616337', 'c67ea921-05b3-4102-837f-e2c751c1fb52');
INSERT INTO usuarios (id, email, password_hash, rol, nombre, apellidos, dni, activo) VALUES ('bc1b70c9-3263-45cc-838d-d0cae79fd98e', '601263@academia.edu', '$2b$10$Kt1WXnRsFi4Ux.r1r8SQD.Ps1ksMrVyIVlHWg9o3Z/3N8hWuZV/3G', 'alumno', 'Heysen Kennedy', 'Leon Garcia', '60126776', true);
INSERT INTO alumnos (id, usuario_id, dni, nombre, apellidos, codigo_barras, aula_id) VALUES ('b60fcd21-4a47-45d0-bc43-e2541dc246b5', 'bc1b70c9-3263-45cc-838d-d0cae79fd98e', '60126776', 'Heysen Kennedy', 'Leon Garcia', '601263', 'c67ea921-05b3-4102-837f-e2c751c1fb52');
INSERT INTO usuarios (id, email, password_hash, rol, nombre, apellidos, dni, activo) VALUES ('6be08349-0f5a-4baa-85ba-70e911437818', '722080@academia.edu', '$2b$10$Kt1WXnRsFi4Ux.r1r8SQD.Ps1ksMrVyIVlHWg9o3Z/3N8hWuZV/3G', 'alumno', 'Jhosep Emmanuel Adrian', 'Macedo Rios', '72207524', true);
INSERT INTO alumnos (id, usuario_id, dni, nombre, apellidos, codigo_barras, aula_id) VALUES ('702e1b3e-b18a-4081-a46b-6e5d1aaf11b9', '6be08349-0f5a-4baa-85ba-70e911437818', '72207524', 'Jhosep Emmanuel Adrian', 'Macedo Rios', '722080', 'c67ea921-05b3-4102-837f-e2c751c1fb52');
INSERT INTO usuarios (id, email, password_hash, rol, nombre, apellidos, dni, activo) VALUES ('616d68e7-efcb-4b81-a1bf-62fc842800af', '606716@academia.edu', '$2b$10$Kt1WXnRsFi4Ux.r1r8SQD.Ps1ksMrVyIVlHWg9o3Z/3N8hWuZV/3G', 'alumno', 'Briza Celeste', 'Obregon Fernandez', '60675688', true);
INSERT INTO alumnos (id, usuario_id, dni, nombre, apellidos, codigo_barras, aula_id) VALUES ('3f3c65c0-d3a9-4e19-891d-d163fdfb675d', '616d68e7-efcb-4b81-a1bf-62fc842800af', '60675688', 'Briza Celeste', 'Obregon Fernandez', '606716', 'c67ea921-05b3-4102-837f-e2c751c1fb52');
INSERT INTO usuarios (id, email, password_hash, rol, nombre, apellidos, dni, activo) VALUES ('bb42af29-5840-4096-aeea-b58978a244a6', '723465@academia.edu', '$2b$10$Kt1WXnRsFi4Ux.r1r8SQD.Ps1ksMrVyIVlHWg9o3Z/3N8hWuZV/3G', 'alumno', 'Mary Gracia', 'Olivo Tarazona', '72345080', true);
INSERT INTO alumnos (id, usuario_id, dni, nombre, apellidos, codigo_barras, aula_id) VALUES ('3c18e88c-aa79-4e24-b58b-8435a47146e1', 'bb42af29-5840-4096-aeea-b58978a244a6', '72345080', 'Mary Gracia', 'Olivo Tarazona', '723465', 'c67ea921-05b3-4102-837f-e2c751c1fb52');
INSERT INTO usuarios (id, email, password_hash, rol, nombre, apellidos, dni, activo) VALUES ('1bb16eb8-4004-4f09-bded-2894ff51ba03', '601203@academia.edu', '$2b$10$Kt1WXnRsFi4Ux.r1r8SQD.Ps1ksMrVyIVlHWg9o3Z/3N8hWuZV/3G', 'alumno', 'Yeyson Marco', 'Palma Obregon', '60121257', true);
INSERT INTO alumnos (id, usuario_id, dni, nombre, apellidos, codigo_barras, aula_id) VALUES ('07701b6b-b26f-4eef-a9bd-c1bb02bd1eca', '1bb16eb8-4004-4f09-bded-2894ff51ba03', '60121257', 'Yeyson Marco', 'Palma Obregon', '601203', 'c67ea921-05b3-4102-837f-e2c751c1fb52');
INSERT INTO usuarios (id, email, password_hash, rol, nombre, apellidos, dni, activo) VALUES ('cc28719b-16ed-4238-a13c-a9a81f625190', '611413@academia.edu', '$2b$10$Kt1WXnRsFi4Ux.r1r8SQD.Ps1ksMrVyIVlHWg9o3Z/3N8hWuZV/3G', 'alumno', 'Pily Araceli', 'Parari Santillan', '61147293', true);
INSERT INTO alumnos (id, usuario_id, dni, nombre, apellidos, codigo_barras, aula_id) VALUES ('afdf88b9-6500-42fa-9300-97bc6c3b37fb', 'cc28719b-16ed-4238-a13c-a9a81f625190', '61147293', 'Pily Araceli', 'Parari Santillan', '611413', 'c67ea921-05b3-4102-837f-e2c751c1fb52');
INSERT INTO usuarios (id, email, password_hash, rol, nombre, apellidos, dni, activo) VALUES ('f17c9fcf-3353-4020-b02b-32bb68c7a818', '762099@academia.edu', '$2b$10$Kt1WXnRsFi4Ux.r1r8SQD.Ps1ksMrVyIVlHWg9o3Z/3N8hWuZV/3G', 'alumno', 'Thalia Nathaly', 'Picon Rosas', '76202551', true);
INSERT INTO alumnos (id, usuario_id, dni, nombre, apellidos, codigo_barras, aula_id) VALUES ('67181305-5d90-4a8c-ba49-5a769fbfbd6e', 'f17c9fcf-3353-4020-b02b-32bb68c7a818', '76202551', 'Thalia Nathaly', 'Picon Rosas', '762099', 'c67ea921-05b3-4102-837f-e2c751c1fb52');
INSERT INTO usuarios (id, email, password_hash, rol, nombre, apellidos, dni, activo) VALUES ('1033bf1d-868d-43ee-87a7-9f9e90638b0e', '602820@academia.edu', '$2b$10$Kt1WXnRsFi4Ux.r1r8SQD.Ps1ksMrVyIVlHWg9o3Z/3N8hWuZV/3G', 'alumno', 'Charlotte Jessi', 'Quesada Gamarra', '60289476', true);
INSERT INTO alumnos (id, usuario_id, dni, nombre, apellidos, codigo_barras, aula_id) VALUES ('9459405f-11cf-4ecd-b158-58f0f31cd482', '1033bf1d-868d-43ee-87a7-9f9e90638b0e', '60289476', 'Charlotte Jessi', 'Quesada Gamarra', '602820', 'c67ea921-05b3-4102-837f-e2c751c1fb52');
INSERT INTO usuarios (id, email, password_hash, rol, nombre, apellidos, dni, activo) VALUES ('8fbd0dd1-9a73-4fba-b676-e379cba09e07', '711951@academia.edu', '$2b$10$Kt1WXnRsFi4Ux.r1r8SQD.Ps1ksMrVyIVlHWg9o3Z/3N8hWuZV/3G', 'alumno', 'Luis Fernando Timoteo', 'Requez Espinoza', '71191828', true);
INSERT INTO alumnos (id, usuario_id, dni, nombre, apellidos, codigo_barras, aula_id) VALUES ('8ab97621-33ab-4e5b-b733-1c07170bda1d', '8fbd0dd1-9a73-4fba-b676-e379cba09e07', '71191828', 'Luis Fernando Timoteo', 'Requez Espinoza', '711951', 'c67ea921-05b3-4102-837f-e2c751c1fb52');
INSERT INTO usuarios (id, email, password_hash, rol, nombre, apellidos, dni, activo) VALUES ('8e3bffd5-72ec-4e60-af0c-59a3d208c033', '613191@academia.edu', '$2b$10$Kt1WXnRsFi4Ux.r1r8SQD.Ps1ksMrVyIVlHWg9o3Z/3N8hWuZV/3G', 'alumno', 'Sarita Kelem', 'Rodriguez Cadillo', '61314526', true);
INSERT INTO alumnos (id, usuario_id, dni, nombre, apellidos, codigo_barras, aula_id) VALUES ('07934832-36e4-4102-9161-73dae48773e5', '8e3bffd5-72ec-4e60-af0c-59a3d208c033', '61314526', 'Sarita Kelem', 'Rodriguez Cadillo', '613191', 'c67ea921-05b3-4102-837f-e2c751c1fb52');
INSERT INTO usuarios (id, email, password_hash, rol, nombre, apellidos, dni, activo) VALUES ('2d6033fe-a94d-4a6b-9904-4b372fc6c10f', '759339@academia.edu', '$2b$10$Kt1WXnRsFi4Ux.r1r8SQD.Ps1ksMrVyIVlHWg9o3Z/3N8hWuZV/3G', 'alumno', 'Sebastian Gabriel', 'Rosales Garro', '75939693', true);
INSERT INTO alumnos (id, usuario_id, dni, nombre, apellidos, codigo_barras, aula_id) VALUES ('85638274-0867-447a-8260-0e848385c349', '2d6033fe-a94d-4a6b-9904-4b372fc6c10f', '75939693', 'Sebastian Gabriel', 'Rosales Garro', '759339', 'c67ea921-05b3-4102-837f-e2c751c1fb52');
INSERT INTO usuarios (id, email, password_hash, rol, nombre, apellidos, dni, activo) VALUES ('fb1b902d-3918-43cb-b252-854b9a3f1435', '620182@academia.edu', '$2b$10$Kt1WXnRsFi4Ux.r1r8SQD.Ps1ksMrVyIVlHWg9o3Z/3N8hWuZV/3G', 'alumno', 'Dhafnner Sebastian', 'Sanchez Cacha', '62015084', true);
INSERT INTO alumnos (id, usuario_id, dni, nombre, apellidos, codigo_barras, aula_id) VALUES ('da9ebd01-f741-46eb-86c2-08f6f8b7c7ac', 'fb1b902d-3918-43cb-b252-854b9a3f1435', '62015084', 'Dhafnner Sebastian', 'Sanchez Cacha', '620182', 'c67ea921-05b3-4102-837f-e2c751c1fb52');
INSERT INTO usuarios (id, email, password_hash, rol, nombre, apellidos, dni, activo) VALUES ('9a37e44e-b124-4603-bd4c-117ce3bd9abf', '610623@academia.edu', '$2b$10$Kt1WXnRsFi4Ux.r1r8SQD.Ps1ksMrVyIVlHWg9o3Z/3N8hWuZV/3G', 'alumno', 'Ariana Nicolle', 'Sigueñas Rimac', '61063957', true);
INSERT INTO alumnos (id, usuario_id, dni, nombre, apellidos, codigo_barras, aula_id) VALUES ('c3941371-7f2f-4bca-a578-555dea30453a', '9a37e44e-b124-4603-bd4c-117ce3bd9abf', '61063957', 'Ariana Nicolle', 'Sigueñas Rimac', '610623', 'c67ea921-05b3-4102-837f-e2c751c1fb52');
INSERT INTO usuarios (id, email, password_hash, rol, nombre, apellidos, dni, activo) VALUES ('76abfba5-70b5-461a-835b-43136e2693fd', '707240@academia.edu', '$2b$10$Kt1WXnRsFi4Ux.r1r8SQD.Ps1ksMrVyIVlHWg9o3Z/3N8hWuZV/3G', 'alumno', 'Nancy Celeste', 'Tavara Luciano', '70723415', true);
INSERT INTO alumnos (id, usuario_id, dni, nombre, apellidos, codigo_barras, aula_id) VALUES ('e10f938d-e1a0-4098-9179-ae6793159c86', '76abfba5-70b5-461a-835b-43136e2693fd', '70723415', 'Nancy Celeste', 'Tavara Luciano', '707240', 'c67ea921-05b3-4102-837f-e2c751c1fb52');
INSERT INTO usuarios (id, email, password_hash, rol, nombre, apellidos, dni, activo) VALUES ('adf06e1b-d67f-467e-b18b-137cc4deccab', '614001@academia.edu', '$2b$10$Kt1WXnRsFi4Ux.r1r8SQD.Ps1ksMrVyIVlHWg9o3Z/3N8hWuZV/3G', 'alumno', 'Amira Alejandra', 'Valdivieso Chavez', '61409162', true);
INSERT INTO alumnos (id, usuario_id, dni, nombre, apellidos, codigo_barras, aula_id) VALUES ('a2b22a65-1010-46a7-89f0-d3c9d3de2aee', 'adf06e1b-d67f-467e-b18b-137cc4deccab', '61409162', 'Amira Alejandra', 'Valdivieso Chavez', '614001', 'c67ea921-05b3-4102-837f-e2c751c1fb52');
INSERT INTO usuarios (id, email, password_hash, rol, nombre, apellidos, dni, activo) VALUES ('23e37d9c-4b49-46eb-98e0-a2958dbac9e9', '610627@academia.edu', '$2b$10$Kt1WXnRsFi4Ux.r1r8SQD.Ps1ksMrVyIVlHWg9o3Z/3N8hWuZV/3G', 'alumno', 'Yojibeth Dayany', 'Vasquez Vino', '61064210', true);
INSERT INTO alumnos (id, usuario_id, dni, nombre, apellidos, codigo_barras, aula_id) VALUES ('293d3561-7cec-4f17-a082-9e8aefe1c856', '23e37d9c-4b49-46eb-98e0-a2958dbac9e9', '61064210', 'Yojibeth Dayany', 'Vasquez Vino', '610627', 'c67ea921-05b3-4102-837f-e2c751c1fb52');
INSERT INTO usuarios (id, email, password_hash, rol, nombre, apellidos, dni, activo) VALUES ('6d2862f2-3064-4847-99a1-fc0996457552', '611516@academia.edu', '$2b$10$Kt1WXnRsFi4Ux.r1r8SQD.Ps1ksMrVyIVlHWg9o3Z/3N8hWuZV/3G', 'alumno', 'Juan David', 'Cadillo Asencio', '61155619', true);
INSERT INTO alumnos (id, usuario_id, dni, nombre, apellidos, codigo_barras, aula_id) VALUES ('6562843b-b1ee-4e89-a026-70c69db465e8', '6d2862f2-3064-4847-99a1-fc0996457552', '61155619', 'Juan David', 'Cadillo Asencio', '611516', '27217163-1302-4bb0-af8c-99cbb63edc8d');
INSERT INTO usuarios (id, email, password_hash, rol, nombre, apellidos, dni, activo) VALUES ('86b2d5c1-dd90-45d2-9f85-6e4c2b81396b', '075540@academia.edu', '$2b$10$Kt1WXnRsFi4Ux.r1r8SQD.Ps1ksMrVyIVlHWg9o3Z/3N8hWuZV/3G', 'alumno', 'Ana Rosa', 'Algendones Ramos', '07552426', true);
INSERT INTO alumnos (id, usuario_id, dni, nombre, apellidos, codigo_barras, aula_id) VALUES ('75cb3252-4e3c-4344-9103-e7671f59f9b4', '86b2d5c1-dd90-45d2-9f85-6e4c2b81396b', '07552426', 'Ana Rosa', 'Algendones Ramos', '075540', '26ba65e7-caac-4e15-9034-2fceed92b2f7');
INSERT INTO usuarios (id, email, password_hash, rol, nombre, apellidos, dni, activo) VALUES ('d83d32ab-cacb-4dcc-9cd8-156130fa3338', '611988@academia.edu', '$2b$10$Kt1WXnRsFi4Ux.r1r8SQD.Ps1ksMrVyIVlHWg9o3Z/3N8hWuZV/3G', 'alumno', 'Emerzon Eduardo', 'Crisolo Minaya', '61191512', true);
INSERT INTO alumnos (id, usuario_id, dni, nombre, apellidos, codigo_barras, aula_id) VALUES ('8ad49d76-2214-45e1-8149-12e45eabd7ef', 'd83d32ab-cacb-4dcc-9cd8-156130fa3338', '61191512', 'Emerzon Eduardo', 'Crisolo Minaya', '611988', '26ba65e7-caac-4e15-9034-2fceed92b2f7');
INSERT INTO usuarios (id, email, password_hash, rol, nombre, apellidos, dni, activo) VALUES ('822d1b58-ec9b-48f8-9455-c1fda4c5f5f8', '620016@academia.edu', '$2b$10$Kt1WXnRsFi4Ux.r1r8SQD.Ps1ksMrVyIVlHWg9o3Z/3N8hWuZV/3G', 'alumno', 'Yamely Yanely', 'Osorio Mendez', '62009834', true);
INSERT INTO alumnos (id, usuario_id, dni, nombre, apellidos, codigo_barras, aula_id) VALUES ('89464c84-55e3-41db-b570-5d3ef18b5e95', '822d1b58-ec9b-48f8-9455-c1fda4c5f5f8', '62009834', 'Yamely Yanely', 'Osorio Mendez', '620016', 'de66e925-5606-461b-b354-76d124a8551f');
INSERT INTO usuarios (id, email, password_hash, rol, nombre, apellidos, dni, activo) VALUES ('9ae51d3f-7b2d-422c-98b5-66c9f446e8b6', '606917@academia.edu', '$2b$10$Kt1WXnRsFi4Ux.r1r8SQD.Ps1ksMrVyIVlHWg9o3Z/3N8hWuZV/3G', 'alumno', 'Max Gesu', 'Ponte Silva', '60695067', true);
INSERT INTO alumnos (id, usuario_id, dni, nombre, apellidos, codigo_barras, aula_id) VALUES ('1eadd3ff-380b-4ba3-b713-0ec39c2d2b15', '9ae51d3f-7b2d-422c-98b5-66c9f446e8b6', '60695067', 'Max Gesu', 'Ponte Silva', '606917', 'de66e925-5606-461b-b354-76d124a8551f');
INSERT INTO usuarios (id, email, password_hash, rol, nombre, apellidos, dni, activo) VALUES ('71162d4e-9180-4d87-b27c-485ec3c5d04c', '609593@academia.edu', '$2b$10$Kt1WXnRsFi4Ux.r1r8SQD.Ps1ksMrVyIVlHWg9o3Z/3N8hWuZV/3G', 'alumno', 'Zoila Guadalupe', 'Andavisa Corpus', '60957691', true);
INSERT INTO alumnos (id, usuario_id, dni, nombre, apellidos, codigo_barras, aula_id) VALUES ('5bf69456-9bd6-4afc-81df-092b37d1b090', '71162d4e-9180-4d87-b27c-485ec3c5d04c', '60957691', 'Zoila Guadalupe', 'Andavisa Corpus', '609593', 'c67ea921-05b3-4102-837f-e2c751c1fb52');
INSERT INTO usuarios (id, email, password_hash, rol, nombre, apellidos, dni, activo) VALUES ('db160308-ee57-415b-8594-457b4365fa55', '605902@academia.edu', '$2b$10$Kt1WXnRsFi4Ux.r1r8SQD.Ps1ksMrVyIVlHWg9o3Z/3N8hWuZV/3G', 'alumno', 'Medalith Rosa', 'Garcia Cueva', '60594781', true);
INSERT INTO alumnos (id, usuario_id, dni, nombre, apellidos, codigo_barras, aula_id) VALUES ('7d151efa-eb7e-45d5-b42a-68031e8e5983', 'db160308-ee57-415b-8594-457b4365fa55', '60594781', 'Medalith Rosa', 'Garcia Cueva', '605902', 'c67ea921-05b3-4102-837f-e2c751c1fb52');
INSERT INTO usuarios (id, email, password_hash, rol, nombre, apellidos, dni, activo) VALUES ('e85a283d-2f8e-4343-a7e5-8922c1004b70', '756719@academia.edu', '$2b$10$Kt1WXnRsFi4Ux.r1r8SQD.Ps1ksMrVyIVlHWg9o3Z/3N8hWuZV/3G', 'alumno', 'Beatriz Rosmery', 'Septimo Matias', '75675571', true);
INSERT INTO alumnos (id, usuario_id, dni, nombre, apellidos, codigo_barras, aula_id) VALUES ('187ee232-c23e-46e5-92a9-d3d1eba5a452', 'e85a283d-2f8e-4343-a7e5-8922c1004b70', '75675571', 'Beatriz Rosmery', 'Septimo Matias', '756719', '26ba65e7-caac-4e15-9034-2fceed92b2f7');
INSERT INTO usuarios (id, email, password_hash, rol, nombre, apellidos, dni, activo) VALUES ('61fc63c3-d406-4fff-bd05-0643f1a8698c', '602870@academia.edu', '$2b$10$Kt1WXnRsFi4Ux.r1r8SQD.Ps1ksMrVyIVlHWg9o3Z/3N8hWuZV/3G', 'alumno', 'Elvira Sofia', 'Calvo Toledo', '60286010', true);
INSERT INTO alumnos (id, usuario_id, dni, nombre, apellidos, codigo_barras, aula_id) VALUES ('5756e52f-e622-44fe-8fc4-119c80386c0c', '61fc63c3-d406-4fff-bd05-0643f1a8698c', '60286010', 'Elvira Sofia', 'Calvo Toledo', '602870', '26ba65e7-caac-4e15-9034-2fceed92b2f7');
INSERT INTO usuarios (id, email, password_hash, rol, nombre, apellidos, dni, activo) VALUES ('6adb1d61-8aca-4d33-b47f-113d78a79fbe', '620132@academia.edu', '$2b$10$Kt1WXnRsFi4Ux.r1r8SQD.Ps1ksMrVyIVlHWg9o3Z/3N8hWuZV/3G', 'alumno', 'Alexander Daniel', 'Ramirez Lirion', '62014801', true);
INSERT INTO alumnos (id, usuario_id, dni, nombre, apellidos, codigo_barras, aula_id) VALUES ('76806eb0-9f02-44ce-a73e-d4e58bf00bbe', '6adb1d61-8aca-4d33-b47f-113d78a79fbe', '62014801', 'Alexander Daniel', 'Ramirez Lirion', '620132', 'c67ea921-05b3-4102-837f-e2c751c1fb52');
INSERT INTO usuarios (id, email, password_hash, rol, nombre, apellidos, dni, activo) VALUES ('15ff6311-d5fb-40b0-b594-52a909da6d0e', '602853@academia.edu', '$2b$10$Kt1WXnRsFi4Ux.r1r8SQD.Ps1ksMrVyIVlHWg9o3Z/3N8hWuZV/3G', 'alumno', 'Eduardo Fredy', 'Calvo Toledo', '60286009', true);
INSERT INTO alumnos (id, usuario_id, dni, nombre, apellidos, codigo_barras, aula_id) VALUES ('c7482abd-5a7c-4b89-931f-504dd4ba8132', '15ff6311-d5fb-40b0-b594-52a909da6d0e', '60286009', 'Eduardo Fredy', 'Calvo Toledo', '602853', 'de66e925-5606-461b-b354-76d124a8551f');
INSERT INTO usuarios (id, email, password_hash, rol, nombre, apellidos, dni, activo) VALUES ('c26fe3a5-bd6f-482f-bbbd-4deb1c6e1ad0', '614072@academia.edu', '$2b$10$Kt1WXnRsFi4Ux.r1r8SQD.Ps1ksMrVyIVlHWg9o3Z/3N8hWuZV/3G', 'alumno', 'Daniel Jairo', 'Velasquez Gavino', '61409390', true);
INSERT INTO alumnos (id, usuario_id, dni, nombre, apellidos, codigo_barras, aula_id) VALUES ('49326c37-cd22-4c04-89cb-9bfdc46843cf', 'c26fe3a5-bd6f-482f-bbbd-4deb1c6e1ad0', '61409390', 'Daniel Jairo', 'Velasquez Gavino', '614072', 'de66e925-5606-461b-b354-76d124a8551f');
INSERT INTO usuarios (id, email, password_hash, rol, nombre, apellidos, dni, activo) VALUES ('36952449-09f0-40ae-9fe8-da26c8d11750', '614224@academia.edu', '$2b$10$Kt1WXnRsFi4Ux.r1r8SQD.Ps1ksMrVyIVlHWg9o3Z/3N8hWuZV/3G', 'alumno', 'Fiorella Dennis', 'Cruz Vargas', '61429289', true);
INSERT INTO alumnos (id, usuario_id, dni, nombre, apellidos, codigo_barras, aula_id) VALUES ('53f930f7-45d9-4ae5-9191-efea246995bf', '36952449-09f0-40ae-9fe8-da26c8d11750', '61429289', 'Fiorella Dennis', 'Cruz Vargas', '614224', 'de66e925-5606-461b-b354-76d124a8551f');
INSERT INTO usuarios (id, email, password_hash, rol, nombre, apellidos, dni, activo) VALUES ('cb241fb4-7c55-465a-a3ca-e15d759e6a5c', '602399@academia.edu', '$2b$10$Kt1WXnRsFi4Ux.r1r8SQD.Ps1ksMrVyIVlHWg9o3Z/3N8hWuZV/3G', 'alumno', 'Alvaro', 'Alarcon Ariza', '60235320', true);
INSERT INTO alumnos (id, usuario_id, dni, nombre, apellidos, codigo_barras, aula_id) VALUES ('aad41fe7-8d83-4f1d-ad9b-30eac101de01', 'cb241fb4-7c55-465a-a3ca-e15d759e6a5c', '60235320', 'Alvaro', 'Alarcon Ariza', '602399', 'c67ea921-05b3-4102-837f-e2c751c1fb52');
INSERT INTO usuarios (id, email, password_hash, rol, nombre, apellidos, dni, activo) VALUES ('6d1fd4fe-a232-4d39-b800-e783f4f24daa', '604147@academia.edu', '$2b$10$Kt1WXnRsFi4Ux.r1r8SQD.Ps1ksMrVyIVlHWg9o3Z/3N8hWuZV/3G', 'alumno', 'Elot Noel', 'Silvestre Lopez', '60411345', true);
INSERT INTO alumnos (id, usuario_id, dni, nombre, apellidos, codigo_barras, aula_id) VALUES ('66274b66-88ae-4aca-aef1-49bd10b58958', '6d1fd4fe-a232-4d39-b800-e783f4f24daa', '60411345', 'Elot Noel', 'Silvestre Lopez', '604147', 'de66e925-5606-461b-b354-76d124a8551f');
INSERT INTO usuarios (id, email, password_hash, rol, nombre, apellidos, dni, activo) VALUES ('05edb87a-5597-495d-aec9-bb9cc9951a5c', '612370@academia.edu', '$2b$10$Kt1WXnRsFi4Ux.r1r8SQD.Ps1ksMrVyIVlHWg9o3Z/3N8hWuZV/3G', 'alumno', 'Gianpier Eduardo', 'Mejia Bazan', '61232893', true);
INSERT INTO alumnos (id, usuario_id, dni, nombre, apellidos, codigo_barras, aula_id) VALUES ('a29ff2f2-166b-4f57-94d3-91efe6016986', '05edb87a-5597-495d-aec9-bb9cc9951a5c', '61232893', 'Gianpier Eduardo', 'Mejia Bazan', '612370', '26ba65e7-caac-4e15-9034-2fceed92b2f7');
INSERT INTO usuarios (id, email, password_hash, rol, nombre, apellidos, dni, activo) VALUES ('c7a7d16b-48de-496d-9f0b-85fe06601216', '731005@academia.edu', '$2b$10$Kt1WXnRsFi4Ux.r1r8SQD.Ps1ksMrVyIVlHWg9o3Z/3N8hWuZV/3G', 'alumno', 'Enders Gianmarco', 'Aguirre Montalvo', '73103733', true);
INSERT INTO alumnos (id, usuario_id, dni, nombre, apellidos, codigo_barras, aula_id) VALUES ('5e059483-913d-4409-a307-02ab90719194', 'c7a7d16b-48de-496d-9f0b-85fe06601216', '73103733', 'Enders Gianmarco', 'Aguirre Montalvo', '731005', 'de66e925-5606-461b-b354-76d124a8551f');
INSERT INTO usuarios (id, email, password_hash, rol, nombre, apellidos, dni, activo) VALUES ('fcb438d4-2dbb-49ab-8f0d-af3373d8e844', '615761@academia.edu', '$2b$10$Kt1WXnRsFi4Ux.r1r8SQD.Ps1ksMrVyIVlHWg9o3Z/3N8hWuZV/3G', 'alumno', 'Nora Luzmila', 'Obregon Cabrera', '61577179', true);
INSERT INTO alumnos (id, usuario_id, dni, nombre, apellidos, codigo_barras, aula_id) VALUES ('b1adf52d-1b53-4918-bba5-93d093dc965f', 'fcb438d4-2dbb-49ab-8f0d-af3373d8e844', '61577179', 'Nora Luzmila', 'Obregon Cabrera', '615761', 'c67ea921-05b3-4102-837f-e2c751c1fb52');
INSERT INTO usuarios (id, email, password_hash, rol, nombre, apellidos, dni, activo) VALUES ('9de89411-a7b5-4ad2-84f4-51e19745b695', '603068@academia.edu', '$2b$10$Kt1WXnRsFi4Ux.r1r8SQD.Ps1ksMrVyIVlHWg9o3Z/3N8hWuZV/3G', 'alumno', 'Neysa Tabita', 'Apolinario Gomez', '60302161', true);
INSERT INTO alumnos (id, usuario_id, dni, nombre, apellidos, codigo_barras, aula_id) VALUES ('c1625506-e08e-4c26-8a4c-e9676a38af90', '9de89411-a7b5-4ad2-84f4-51e19745b695', '60302161', 'Neysa Tabita', 'Apolinario Gomez', '603068', 'c67ea921-05b3-4102-837f-e2c751c1fb52');
INSERT INTO usuarios (id, email, password_hash, rol, nombre, apellidos, dni, activo) VALUES ('99b9d806-3815-477f-999b-d0bec1b7d6d6', '617084@academia.edu', '$2b$10$Kt1WXnRsFi4Ux.r1r8SQD.Ps1ksMrVyIVlHWg9o3Z/3N8hWuZV/3G', 'alumno', 'Florencia Eugenia', 'Machco Gomez', '61708138', true);
INSERT INTO alumnos (id, usuario_id, dni, nombre, apellidos, codigo_barras, aula_id) VALUES ('6f6b7ad8-62a0-4cd1-b2fb-edc81c33d9ea', '99b9d806-3815-477f-999b-d0bec1b7d6d6', '61708138', 'Florencia Eugenia', 'Machco Gomez', '617084', '26ba65e7-caac-4e15-9034-2fceed92b2f7');
INSERT INTO usuarios (id, email, password_hash, rol, nombre, apellidos, dni, activo) VALUES ('397e12b7-7e1b-461b-bb47-627ef98ef729', '618317@academia.edu', '$2b$10$Kt1WXnRsFi4Ux.r1r8SQD.Ps1ksMrVyIVlHWg9o3Z/3N8hWuZV/3G', 'alumno', 'Yamira Jimena Televisa', 'Ramirez Ramirez', '61831644', true);
INSERT INTO alumnos (id, usuario_id, dni, nombre, apellidos, codigo_barras, aula_id) VALUES ('a48f199d-8033-4b63-b72c-0abb60a2e0dc', '397e12b7-7e1b-461b-bb47-627ef98ef729', '61831644', 'Yamira Jimena Televisa', 'Ramirez Ramirez', '618317', '26ba65e7-caac-4e15-9034-2fceed92b2f7');
INSERT INTO usuarios (id, email, password_hash, rol, nombre, apellidos, dni, activo) VALUES ('4e0272b4-71b3-44e3-8a71-f478c156dbf8', '620142@academia.edu', '$2b$10$Kt1WXnRsFi4Ux.r1r8SQD.Ps1ksMrVyIVlHWg9o3Z/3N8hWuZV/3G', 'alumno', 'James Enmsi', 'Medina Rodriguez', '62014776', true);
INSERT INTO alumnos (id, usuario_id, dni, nombre, apellidos, codigo_barras, aula_id) VALUES ('3c4b0141-2af5-41b7-8ef3-9c7b7249f3b1', '4e0272b4-71b3-44e3-8a71-f478c156dbf8', '62014776', 'James Enmsi', 'Medina Rodriguez', '620142', '26ba65e7-caac-4e15-9034-2fceed92b2f7');
INSERT INTO usuarios (id, email, password_hash, rol, nombre, apellidos, dni, activo) VALUES ('2171e4fd-ab97-4c8a-bf9b-fe89347b7c75', '614927@academia.edu', '$2b$10$Kt1WXnRsFi4Ux.r1r8SQD.Ps1ksMrVyIVlHWg9o3Z/3N8hWuZV/3G', 'alumno', 'Maite Guadalupe', 'Chilca Mejia', '61490184', true);
INSERT INTO alumnos (id, usuario_id, dni, nombre, apellidos, codigo_barras, aula_id) VALUES ('58117743-18a8-451f-9ed1-527d8ed96740', '2171e4fd-ab97-4c8a-bf9b-fe89347b7c75', '61490184', 'Maite Guadalupe', 'Chilca Mejia', '614927', '26ba65e7-caac-4e15-9034-2fceed92b2f7');
INSERT INTO usuarios (id, email, password_hash, rol, nombre, apellidos, dni, activo) VALUES ('6de354a4-0928-4a8d-8de3-c7620b0c7bf4', '603331@academia.edu', '$2b$10$Kt1WXnRsFi4Ux.r1r8SQD.Ps1ksMrVyIVlHWg9o3Z/3N8hWuZV/3G', 'alumno', 'Kelly Sheyla', 'Sandoval Saavedra', '60336861', true);
INSERT INTO alumnos (id, usuario_id, dni, nombre, apellidos, codigo_barras, aula_id) VALUES ('98dc3103-a8cb-4112-ab86-b235c6070867', '6de354a4-0928-4a8d-8de3-c7620b0c7bf4', '60336861', 'Kelly Sheyla', 'Sandoval Saavedra', '603331', '26ba65e7-caac-4e15-9034-2fceed92b2f7');
INSERT INTO usuarios (id, email, password_hash, rol, nombre, apellidos, dni, activo) VALUES ('ec8484d6-c9d5-45d2-b02e-bf4014db7440', '614233@academia.edu', '$2b$10$Kt1WXnRsFi4Ux.r1r8SQD.Ps1ksMrVyIVlHWg9o3Z/3N8hWuZV/3G', 'alumno', 'Jhadde Estrella Paloma', 'Gilio Norabuena', '61429052', true);
INSERT INTO alumnos (id, usuario_id, dni, nombre, apellidos, codigo_barras, aula_id) VALUES ('11e6447a-7343-4c7a-9489-b551b6f914ad', 'ec8484d6-c9d5-45d2-b02e-bf4014db7440', '61429052', 'Jhadde Estrella Paloma', 'Gilio Norabuena', '614233', '40017dfb-7699-40f7-b93a-77d5cc3cf3c1');
INSERT INTO usuarios (id, email, password_hash, rol, nombre, apellidos, dni, activo) VALUES ('c9035e77-df9c-4f99-bd88-9add3f3fade9', '711745@academia.edu', '$2b$10$Kt1WXnRsFi4Ux.r1r8SQD.Ps1ksMrVyIVlHWg9o3Z/3N8hWuZV/3G', 'alumno', 'Jeymi Mayli', 'Macedo Castro', '71178762', true);
INSERT INTO alumnos (id, usuario_id, dni, nombre, apellidos, codigo_barras, aula_id) VALUES ('486737d3-c63a-4491-a1f4-64db5b4ada61', 'c9035e77-df9c-4f99-bd88-9add3f3fade9', '71178762', 'Jeymi Mayli', 'Macedo Castro', '711745', '26ba65e7-caac-4e15-9034-2fceed92b2f7');
INSERT INTO usuarios (id, email, password_hash, rol, nombre, apellidos, dni, activo) VALUES ('c9717fba-540b-45a5-a123-b711ad9dd8f9', '600281@academia.edu', '$2b$10$Kt1WXnRsFi4Ux.r1r8SQD.Ps1ksMrVyIVlHWg9o3Z/3N8hWuZV/3G', 'alumno', 'Kevin Alex', 'Mallqui Figueroa', '60028589', true);
INSERT INTO alumnos (id, usuario_id, dni, nombre, apellidos, codigo_barras, aula_id) VALUES ('70778f67-b694-4d2a-874d-0c71720322d2', 'c9717fba-540b-45a5-a123-b711ad9dd8f9', '60028589', 'Kevin Alex', 'Mallqui Figueroa', '600281', '26ba65e7-caac-4e15-9034-2fceed92b2f7');
INSERT INTO usuarios (id, email, password_hash, rol, nombre, apellidos, dni, activo) VALUES ('9d1ee529-9279-4b22-824f-4b92a2821eef', '603912@academia.edu', '$2b$10$Kt1WXnRsFi4Ux.r1r8SQD.Ps1ksMrVyIVlHWg9o3Z/3N8hWuZV/3G', 'alumno', 'Fabricio Alexander', 'Cantu Vidal', '60393546', true);
INSERT INTO alumnos (id, usuario_id, dni, nombre, apellidos, codigo_barras, aula_id) VALUES ('e6fbeced-7ddc-4c8d-8752-ed30c85776eb', '9d1ee529-9279-4b22-824f-4b92a2821eef', '60393546', 'Fabricio Alexander', 'Cantu Vidal', '603912', '26ba65e7-caac-4e15-9034-2fceed92b2f7');
INSERT INTO usuarios (id, email, password_hash, rol, nombre, apellidos, dni, activo) VALUES ('2d824485-d03e-4b5a-9671-99ede77bbddd', '621038@academia.edu', '$2b$10$Kt1WXnRsFi4Ux.r1r8SQD.Ps1ksMrVyIVlHWg9o3Z/3N8hWuZV/3G', 'alumno', 'Marco Antonio', 'Atencia Espinoza', '62105200', true);
INSERT INTO alumnos (id, usuario_id, dni, nombre, apellidos, codigo_barras, aula_id) VALUES ('f4b9a306-2004-44da-865b-48975250c6b3', '2d824485-d03e-4b5a-9671-99ede77bbddd', '62105200', 'Marco Antonio', 'Atencia Espinoza', '621038', '26ba65e7-caac-4e15-9034-2fceed92b2f7');
INSERT INTO usuarios (id, email, password_hash, rol, nombre, apellidos, dni, activo) VALUES ('cf9e7789-5dab-43d7-8ac4-43c7eb3f5ffc', '604055@academia.edu', '$2b$10$Kt1WXnRsFi4Ux.r1r8SQD.Ps1ksMrVyIVlHWg9o3Z/3N8hWuZV/3G', 'alumno', 'Jeremy Deyvis', 'Palma Rapray', '60405063', true);
INSERT INTO alumnos (id, usuario_id, dni, nombre, apellidos, codigo_barras, aula_id) VALUES ('42e249ae-61a1-46e8-884c-f357da5eff68', 'cf9e7789-5dab-43d7-8ac4-43c7eb3f5ffc', '60405063', 'Jeremy Deyvis', 'Palma Rapray', '604055', '40017dfb-7699-40f7-b93a-77d5cc3cf3c1');
INSERT INTO usuarios (id, email, password_hash, rol, nombre, apellidos, dni, activo) VALUES ('f2b66b36-25ee-4abc-a5b0-55164076f60b', '606183@academia.edu', '$2b$10$Kt1WXnRsFi4Ux.r1r8SQD.Ps1ksMrVyIVlHWg9o3Z/3N8hWuZV/3G', 'alumno', 'Mario Eusebio', 'Vega Arce', '60614329', true);
INSERT INTO alumnos (id, usuario_id, dni, nombre, apellidos, codigo_barras, aula_id) VALUES ('6162bc15-2f1b-42f6-9e5e-1d5c39509879', 'f2b66b36-25ee-4abc-a5b0-55164076f60b', '60614329', 'Mario Eusebio', 'Vega Arce', '606183', '31fcb349-71e0-497a-b4e6-1046b81b2bc5');
INSERT INTO usuarios (id, email, password_hash, rol, nombre, apellidos, dni, activo) VALUES ('459b23a4-0017-4b79-9f6f-3cd56cb5be6e', '615866@academia.edu', '$2b$10$Kt1WXnRsFi4Ux.r1r8SQD.Ps1ksMrVyIVlHWg9o3Z/3N8hWuZV/3G', 'alumno', 'Lorgio Antoni', 'Vega Reyes', '61589932', true);
INSERT INTO alumnos (id, usuario_id, dni, nombre, apellidos, codigo_barras, aula_id) VALUES ('c3f83073-3c8f-447c-b340-29bfeee149bf', '459b23a4-0017-4b79-9f6f-3cd56cb5be6e', '61589932', 'Lorgio Antoni', 'Vega Reyes', '615866', '40017dfb-7699-40f7-b93a-77d5cc3cf3c1');
INSERT INTO usuarios (id, email, password_hash, rol, nombre, apellidos, dni, activo) VALUES ('dc8efe54-6769-4b6c-b5e7-ecc58eea86b6', '746600@academia.edu', '$2b$10$Kt1WXnRsFi4Ux.r1r8SQD.Ps1ksMrVyIVlHWg9o3Z/3N8hWuZV/3G', 'alumno', 'Liliana Mary', 'Huanri Sanchez', '74660855', true);
INSERT INTO alumnos (id, usuario_id, dni, nombre, apellidos, codigo_barras, aula_id) VALUES ('9edc1a3d-95c8-4b97-90f9-8980ad188774', 'dc8efe54-6769-4b6c-b5e7-ecc58eea86b6', '74660855', 'Liliana Mary', 'Huanri Sanchez', '746600', '31fcb349-71e0-497a-b4e6-1046b81b2bc5');
INSERT INTO usuarios (id, email, password_hash, rol, nombre, apellidos, dni, activo) VALUES ('a58781b5-5b25-4637-9462-3c3b2b411140', '713688@academia.edu', '$2b$10$Kt1WXnRsFi4Ux.r1r8SQD.Ps1ksMrVyIVlHWg9o3Z/3N8hWuZV/3G', 'alumno', 'Anhai Maribel', 'Ugarte Sanchez', '71367474', true);
INSERT INTO alumnos (id, usuario_id, dni, nombre, apellidos, codigo_barras, aula_id) VALUES ('ca283821-2a06-48f3-9857-05c4adcbec3a', 'a58781b5-5b25-4637-9462-3c3b2b411140', '71367474', 'Anhai Maribel', 'Ugarte Sanchez', '713688', 'f2d296a7-2c4f-43ce-8ec1-bb18013a2b51');
INSERT INTO usuarios (id, email, password_hash, rol, nombre, apellidos, dni, activo) VALUES ('c9bbac7d-1763-41c0-8e7b-571b05f4c891', '609516@academia.edu', '$2b$10$Kt1WXnRsFi4Ux.r1r8SQD.Ps1ksMrVyIVlHWg9o3Z/3N8hWuZV/3G', 'alumno', 'Laura Valentina', 'Chuquilin Duran', '60957472', true);
INSERT INTO alumnos (id, usuario_id, dni, nombre, apellidos, codigo_barras, aula_id) VALUES ('5d509423-17d2-4ab2-ab43-c3b5a15bc647', 'c9bbac7d-1763-41c0-8e7b-571b05f4c891', '60957472', 'Laura Valentina', 'Chuquilin Duran', '609516', '27217163-1302-4bb0-af8c-99cbb63edc8d');
INSERT INTO usuarios (id, email, password_hash, rol, nombre, apellidos, dni, activo) VALUES ('29a33389-e790-443d-a250-446f8da2a5f6', '614032@academia.edu', '$2b$10$Kt1WXnRsFi4Ux.r1r8SQD.Ps1ksMrVyIVlHWg9o3Z/3N8hWuZV/3G', 'alumno', 'Dayana Beatriz', 'Velasquez Norabuena', '61409499', true);
INSERT INTO alumnos (id, usuario_id, dni, nombre, apellidos, codigo_barras, aula_id) VALUES ('cd991f1e-71c7-425d-bd06-da71ff6e2a3b', '29a33389-e790-443d-a250-446f8da2a5f6', '61409499', 'Dayana Beatriz', 'Velasquez Norabuena', '614032', '27217163-1302-4bb0-af8c-99cbb63edc8d');
INSERT INTO usuarios (id, email, password_hash, rol, nombre, apellidos, dni, activo) VALUES ('68b455f4-8171-4e39-9b3b-57b1978143dc', '602748@academia.edu', '$2b$10$Kt1WXnRsFi4Ux.r1r8SQD.Ps1ksMrVyIVlHWg9o3Z/3N8hWuZV/3G', 'alumno', 'Leiner Nicol', 'Vega Chico', '60274471', true);
INSERT INTO alumnos (id, usuario_id, dni, nombre, apellidos, codigo_barras, aula_id) VALUES ('3767a424-e1d8-4033-b947-d05719f2cdc2', '68b455f4-8171-4e39-9b3b-57b1978143dc', '60274471', 'Leiner Nicol', 'Vega Chico', '602748', '40017dfb-7699-40f7-b93a-77d5cc3cf3c1');
INSERT INTO usuarios (id, email, password_hash, rol, nombre, apellidos, dni, activo) VALUES ('fbc640d4-3d61-4b18-9c7f-286bdd3c57ea', '707356@academia.edu', '$2b$10$Kt1WXnRsFi4Ux.r1r8SQD.Ps1ksMrVyIVlHWg9o3Z/3N8hWuZV/3G', 'alumno', 'Said Angel', 'Vasconsuelo Fernandez', '70736203', true);
INSERT INTO alumnos (id, usuario_id, dni, nombre, apellidos, codigo_barras, aula_id) VALUES ('26863fd0-a8a1-4234-b60f-2ceb16e47a72', 'fbc640d4-3d61-4b18-9c7f-286bdd3c57ea', '70736203', 'Said Angel', 'Vasconsuelo Fernandez', '707356', 'f2d296a7-2c4f-43ce-8ec1-bb18013a2b51');
INSERT INTO usuarios (id, email, password_hash, rol, nombre, apellidos, dni, activo) VALUES ('0b6a0f50-8693-4bbd-96b8-445bb96edd71', '602488@academia.edu', '$2b$10$Kt1WXnRsFi4Ux.r1r8SQD.Ps1ksMrVyIVlHWg9o3Z/3N8hWuZV/3G', 'alumno', 'Aron Maximo', 'Angeles Avelino', '60241980', true);
INSERT INTO alumnos (id, usuario_id, dni, nombre, apellidos, codigo_barras, aula_id) VALUES ('d370dd73-1411-477a-8fbd-ac1d150a8efc', '0b6a0f50-8693-4bbd-96b8-445bb96edd71', '60241980', 'Aron Maximo', 'Angeles Avelino', '602488', 'f2d296a7-2c4f-43ce-8ec1-bb18013a2b51');
INSERT INTO usuarios (id, email, password_hash, rol, nombre, apellidos, dni, activo) VALUES ('4afee3a9-f168-4de1-a418-72f728840919', '604062@academia.edu', '$2b$10$Kt1WXnRsFi4Ux.r1r8SQD.Ps1ksMrVyIVlHWg9o3Z/3N8hWuZV/3G', 'alumno', 'Huampoy Johangia', 'Matos Mendez', '60406310', true);
INSERT INTO alumnos (id, usuario_id, dni, nombre, apellidos, codigo_barras, aula_id) VALUES ('31ace1cc-e2c9-4131-8445-196ee9632246', '4afee3a9-f168-4de1-a418-72f728840919', '60406310', 'Huampoy Johangia', 'Matos Mendez', '604062', 'de66e925-5606-461b-b354-76d124a8551f');
INSERT INTO usuarios (id, email, password_hash, rol, nombre, apellidos, dni, activo) VALUES ('c2454073-7c70-437b-a72d-97986e15cfac', '616182@academia.edu', '$2b$10$Kt1WXnRsFi4Ux.r1r8SQD.Ps1ksMrVyIVlHWg9o3Z/3N8hWuZV/3G', 'alumno', 'Crisly Maria Fernanda', 'Gabriel De La Cruz', '61612960', true);
INSERT INTO alumnos (id, usuario_id, dni, nombre, apellidos, codigo_barras, aula_id) VALUES ('dae07a3a-307f-413a-b728-923301dd35cf', 'c2454073-7c70-437b-a72d-97986e15cfac', '61612960', 'Crisly Maria Fernanda', 'Gabriel De La Cruz', '616182', '26ba65e7-caac-4e15-9034-2fceed92b2f7');
INSERT INTO usuarios (id, email, password_hash, rol, nombre, apellidos, dni, activo) VALUES ('a518483c-4b12-4a1a-a1e8-4667105f7b60', '605168@academia.edu', '$2b$10$Kt1WXnRsFi4Ux.r1r8SQD.Ps1ksMrVyIVlHWg9o3Z/3N8hWuZV/3G', 'alumno', 'Alvaro Franco', 'Ortiz Huerta', '60517401', true);
INSERT INTO alumnos (id, usuario_id, dni, nombre, apellidos, codigo_barras, aula_id) VALUES ('e36780c3-a219-4ac3-abe6-4569c85668da', 'a518483c-4b12-4a1a-a1e8-4667105f7b60', '60517401', 'Alvaro Franco', 'Ortiz Huerta', '605168', '26ba65e7-caac-4e15-9034-2fceed92b2f7');
INSERT INTO usuarios (id, email, password_hash, rol, nombre, apellidos, dni, activo) VALUES ('f358dc54-3cc3-4119-a6c7-5e29d508cbce', '602848@academia.edu', '$2b$10$Kt1WXnRsFi4Ux.r1r8SQD.Ps1ksMrVyIVlHWg9o3Z/3N8hWuZV/3G', 'alumno', 'Federico Alfredo', 'Chacpi Gutierrez', '60286692', true);
INSERT INTO alumnos (id, usuario_id, dni, nombre, apellidos, codigo_barras, aula_id) VALUES ('2a898fb6-cf1e-4844-94ce-9104b31360bb', 'f358dc54-3cc3-4119-a6c7-5e29d508cbce', '60286692', 'Federico Alfredo', 'Chacpi Gutierrez', '602848', 'de66e925-5606-461b-b354-76d124a8551f');
INSERT INTO usuarios (id, email, password_hash, rol, nombre, apellidos, dni, activo) VALUES ('e5dd16e6-8fa8-4306-9ac9-a3aeb718eef3', '603740@academia.edu', '$2b$10$Kt1WXnRsFi4Ux.r1r8SQD.Ps1ksMrVyIVlHWg9o3Z/3N8hWuZV/3G', 'alumno', 'Katherine Karenn', 'Rupay Alvino', '60379673', true);
INSERT INTO alumnos (id, usuario_id, dni, nombre, apellidos, codigo_barras, aula_id) VALUES ('789e00b9-b5d0-4aa9-919a-262f38e3edfb', 'e5dd16e6-8fa8-4306-9ac9-a3aeb718eef3', '60379673', 'Katherine Karenn', 'Rupay Alvino', '603740', 'c67ea921-05b3-4102-837f-e2c751c1fb52');
INSERT INTO usuarios (id, email, password_hash, rol, nombre, apellidos, dni, activo) VALUES ('5bbf6375-786f-41e3-acb1-339ed0515255', '615617@academia.edu', '$2b$10$Kt1WXnRsFi4Ux.r1r8SQD.Ps1ksMrVyIVlHWg9o3Z/3N8hWuZV/3G', 'alumno', 'Axel Yocep', 'Morales Huacanaca', '61568001', true);
INSERT INTO alumnos (id, usuario_id, dni, nombre, apellidos, codigo_barras, aula_id) VALUES ('ecf68df7-a75a-4b02-96dc-3998df75553a', '5bbf6375-786f-41e3-acb1-339ed0515255', '61568001', 'Axel Yocep', 'Morales Huacanaca', '615617', 'de66e925-5606-461b-b354-76d124a8551f');
INSERT INTO usuarios (id, email, password_hash, rol, nombre, apellidos, dni, activo) VALUES ('77a59f0b-0d2e-4436-96df-d9beb633cd5a', '611583@academia.edu', '$2b$10$Kt1WXnRsFi4Ux.r1r8SQD.Ps1ksMrVyIVlHWg9o3Z/3N8hWuZV/3G', 'alumno', 'Noemi Isabel', 'Figueroa Prudencio', '61155568', true);
INSERT INTO alumnos (id, usuario_id, dni, nombre, apellidos, codigo_barras, aula_id) VALUES ('ed93a4d9-0989-4195-9399-78187dca7d79', '77a59f0b-0d2e-4436-96df-d9beb633cd5a', '61155568', 'Noemi Isabel', 'Figueroa Prudencio', '611583', '26ba65e7-caac-4e15-9034-2fceed92b2f7');
INSERT INTO usuarios (id, email, password_hash, rol, nombre, apellidos, dni, activo) VALUES ('f1cb2bc7-285d-4da7-9603-75d9d2169fa9', '617100@academia.edu', '$2b$10$Kt1WXnRsFi4Ux.r1r8SQD.Ps1ksMrVyIVlHWg9o3Z/3N8hWuZV/3G', 'alumno', 'Diego Cristofer', 'Minaya Campos', '61713650', true);
INSERT INTO alumnos (id, usuario_id, dni, nombre, apellidos, codigo_barras, aula_id) VALUES ('75815d2c-4463-4301-90f0-c99879a93a1f', 'f1cb2bc7-285d-4da7-9603-75d9d2169fa9', '61713650', 'Diego Cristofer', 'Minaya Campos', '617100', 'de66e925-5606-461b-b354-76d124a8551f');

-- -------------------------------------------------------
-- DOCENTES (76 unicos)
-- -------------------------------------------------------
INSERT INTO usuarios (id, email, password_hash, rol, nombre, apellidos, dni, activo) VALUES ('6c39adf7-b2cb-4cda-a045-3b8ba1d4ee4e', '32958759@docente.academia.edu', '$2b$10$Kt1WXnRsFi4Ux.r1r8SQD.Ps1ksMrVyIVlHWg9o3Z/3N8hWuZV/3G', 'docente', 'Jackson', 'García Muñoz', '32958759', true);
INSERT INTO docentes (id, usuario_id, dni, nombre, apellidos, especialidad, telefono_whatsapp) VALUES ('4c55621f-b7cf-4bfe-84f3-cd25eefa93cc', '6c39adf7-b2cb-4cda-a045-3b8ba1d4ee4e', '32958759', 'Jackson', 'García Muñoz', 'RAZONAMIENTO MATEMÁTICO', NULL);
INSERT INTO usuarios (id, email, password_hash, rol, nombre, apellidos, dni, activo) VALUES ('d40d2dc9-6839-478a-929b-b6811c5b3550', '73226735@docente.academia.edu', '$2b$10$Kt1WXnRsFi4Ux.r1r8SQD.Ps1ksMrVyIVlHWg9o3Z/3N8hWuZV/3G', 'docente', 'Karen Violeta', 'Bueno De La O', '73226735', true);
INSERT INTO docentes (id, usuario_id, dni, nombre, apellidos, especialidad, telefono_whatsapp) VALUES ('bea0a0cb-e272-42a0-936c-14ff05b85947', 'd40d2dc9-6839-478a-929b-b6811c5b3550', '73226735', 'Karen Violeta', 'Bueno De La O', 'RAZONAMIENTO MATEMÁTICO', NULL);
INSERT INTO usuarios (id, email, password_hash, rol, nombre, apellidos, dni, activo) VALUES ('6c4d1388-2659-4d0a-be17-f87d8649d276', '77162474@docente.academia.edu', '$2b$10$Kt1WXnRsFi4Ux.r1r8SQD.Ps1ksMrVyIVlHWg9o3Z/3N8hWuZV/3G', 'docente', 'Fredy Jesús', 'Bello Reyes', '77162474', true);
INSERT INTO docentes (id, usuario_id, dni, nombre, apellidos, especialidad, telefono_whatsapp) VALUES ('c186d791-d4d9-4ceb-bd7f-b1b7ae92e532', '6c4d1388-2659-4d0a-be17-f87d8649d276', '77162474', 'Fredy Jesús', 'Bello Reyes', 'RAZONAMIENTO MATEMÁTICO', NULL);
INSERT INTO usuarios (id, email, password_hash, rol, nombre, apellidos, dni, activo) VALUES ('8c6e3d5d-86ba-4b12-9a66-23f3d7cf6260', '71403474@docente.academia.edu', '$2b$10$Kt1WXnRsFi4Ux.r1r8SQD.Ps1ksMrVyIVlHWg9o3Z/3N8hWuZV/3G', 'docente', 'Juan Giuseppe', 'Julca Chinchay', '71403474', true);
INSERT INTO docentes (id, usuario_id, dni, nombre, apellidos, especialidad, telefono_whatsapp) VALUES ('1f0e4b0e-4534-4027-9430-d65f94bd0e38', '8c6e3d5d-86ba-4b12-9a66-23f3d7cf6260', '71403474', 'Juan Giuseppe', 'Julca Chinchay', 'RAZONAMIENTO MATEMÁTICO', NULL);
INSERT INTO usuarios (id, email, password_hash, rol, nombre, apellidos, dni, activo) VALUES ('461a8669-2b82-4702-96ed-58f70578b655', '47696567@docente.academia.edu', '$2b$10$Kt1WXnRsFi4Ux.r1r8SQD.Ps1ksMrVyIVlHWg9o3Z/3N8hWuZV/3G', 'docente', 'Fray Armando', 'Barreto Flores', '47696567', true);
INSERT INTO docentes (id, usuario_id, dni, nombre, apellidos, especialidad, telefono_whatsapp) VALUES ('b37a8850-1c12-43ac-a3e7-42f681c653af', '461a8669-2b82-4702-96ed-58f70578b655', '47696567', 'Fray Armando', 'Barreto Flores', 'RAZONAMIENTO MATEMÁTICO', NULL);
INSERT INTO usuarios (id, email, password_hash, rol, nombre, apellidos, dni, activo) VALUES ('6d386f12-768b-48e1-8d34-33e4f4555f17', '46871908@docente.academia.edu', '$2b$10$Kt1WXnRsFi4Ux.r1r8SQD.Ps1ksMrVyIVlHWg9o3Z/3N8hWuZV/3G', 'docente', 'Saúl Felipe', 'Ramírez Huarac', '46871908', true);
INSERT INTO docentes (id, usuario_id, dni, nombre, apellidos, especialidad, telefono_whatsapp) VALUES ('5186ee9c-2eeb-495a-bf76-545f6275fbfc', '6d386f12-768b-48e1-8d34-33e4f4555f17', '46871908', 'Saúl Felipe', 'Ramírez Huarac', 'RAZONAMIENTO MATEMÁTICO', NULL);
INSERT INTO usuarios (id, email, password_hash, rol, nombre, apellidos, dni, activo) VALUES ('21e36d3a-7627-4c30-afc2-f6777fcabe65', '71397558@docente.academia.edu', '$2b$10$Kt1WXnRsFi4Ux.r1r8SQD.Ps1ksMrVyIVlHWg9o3Z/3N8hWuZV/3G', 'docente', 'Elí Jeferson', 'Bañez Gamarra', '71397558', true);
INSERT INTO docentes (id, usuario_id, dni, nombre, apellidos, especialidad, telefono_whatsapp) VALUES ('9f92048f-b173-48c3-9e84-bbc68d021575', '21e36d3a-7627-4c30-afc2-f6777fcabe65', '71397558', 'Elí Jeferson', 'Bañez Gamarra', 'RAZONAMIENTO VERBAL', NULL);
INSERT INTO usuarios (id, email, password_hash, rol, nombre, apellidos, dni, activo) VALUES ('7713517c-2cbf-49d4-8ef3-e4e036b528fc', '75750056@docente.academia.edu', '$2b$10$Kt1WXnRsFi4Ux.r1r8SQD.Ps1ksMrVyIVlHWg9o3Z/3N8hWuZV/3G', 'docente', 'Noelia Katherin', 'Javier Heredia', '75750056', true);
INSERT INTO docentes (id, usuario_id, dni, nombre, apellidos, especialidad, telefono_whatsapp) VALUES ('15971d50-7808-4183-a5b5-ab5bae673ab8', '7713517c-2cbf-49d4-8ef3-e4e036b528fc', '75750056', 'Noelia Katherin', 'Javier Heredia', 'RAZONAMIENTO VERBAL', NULL);
INSERT INTO usuarios (id, email, password_hash, rol, nombre, apellidos, dni, activo) VALUES ('16dfbf99-b115-4005-8344-294ebe420bd4', '71772771@docente.academia.edu', '$2b$10$Kt1WXnRsFi4Ux.r1r8SQD.Ps1ksMrVyIVlHWg9o3Z/3N8hWuZV/3G', 'docente', 'Norhelia Leonela', 'Mendoza Solís', '71772771', true);
INSERT INTO docentes (id, usuario_id, dni, nombre, apellidos, especialidad, telefono_whatsapp) VALUES ('068ba1ab-5438-4027-ae32-de8cddd6cd44', '16dfbf99-b115-4005-8344-294ebe420bd4', '71772771', 'Norhelia Leonela', 'Mendoza Solís', 'RAZONAMIENTO VERBAL', NULL);
INSERT INTO usuarios (id, email, password_hash, rol, nombre, apellidos, dni, activo) VALUES ('316aba82-66bc-4705-9508-4cca7936ede7', '70571680@docente.academia.edu', '$2b$10$Kt1WXnRsFi4Ux.r1r8SQD.Ps1ksMrVyIVlHWg9o3Z/3N8hWuZV/3G', 'docente', 'Doris Katya', 'Rosales Ramírez', '70571680', true);
INSERT INTO docentes (id, usuario_id, dni, nombre, apellidos, especialidad, telefono_whatsapp) VALUES ('d100bfd1-db3e-4373-bddf-a681d982cfc5', '316aba82-66bc-4705-9508-4cca7936ede7', '70571680', 'Doris Katya', 'Rosales Ramírez', 'RAZONAMIENTO VERBAL', NULL);
INSERT INTO usuarios (id, email, password_hash, rol, nombre, apellidos, dni, activo) VALUES ('10be03ad-a355-48e7-a509-f6327c98da10', '74069237@docente.academia.edu', '$2b$10$Kt1WXnRsFi4Ux.r1r8SQD.Ps1ksMrVyIVlHWg9o3Z/3N8hWuZV/3G', 'docente', 'Mónica Fiorella', 'Figueroa López', '74069237', true);
INSERT INTO docentes (id, usuario_id, dni, nombre, apellidos, especialidad, telefono_whatsapp) VALUES ('cc272aae-6c2e-4742-8426-6f566ed60d14', '10be03ad-a355-48e7-a509-f6327c98da10', '74069237', 'Mónica Fiorella', 'Figueroa López', 'RAZONAMIENTO VERBAL', NULL);
INSERT INTO usuarios (id, email, password_hash, rol, nombre, apellidos, dni, activo) VALUES ('5a56a2a5-c7f8-4a1e-bbe1-47dfc18d431c', '31672206@docente.academia.edu', '$2b$10$Kt1WXnRsFi4Ux.r1r8SQD.Ps1ksMrVyIVlHWg9o3Z/3N8hWuZV/3G', 'docente', 'Daniel', 'Gonzales Rosales', '31672206', true);
INSERT INTO docentes (id, usuario_id, dni, nombre, apellidos, especialidad, telefono_whatsapp) VALUES ('532c15db-e2db-4925-bc55-d2aa17716505', '5a56a2a5-c7f8-4a1e-bbe1-47dfc18d431c', '31672206', 'Daniel', 'Gonzales Rosales', 'RAZONAMIENTO VERBAL', NULL);
INSERT INTO usuarios (id, email, password_hash, rol, nombre, apellidos, dni, activo) VALUES ('f5b453bc-ec2b-4217-8da3-6b49056f0f98', '40658098@docente.academia.edu', '$2b$10$Kt1WXnRsFi4Ux.r1r8SQD.Ps1ksMrVyIVlHWg9o3Z/3N8hWuZV/3G', 'docente', 'Didí Richard', 'Cadillo Rosas', '40658098', true);
INSERT INTO docentes (id, usuario_id, dni, nombre, apellidos, especialidad, telefono_whatsapp) VALUES ('74e649f2-fd27-4042-9d6f-cb4c9d7c8407', 'f5b453bc-ec2b-4217-8da3-6b49056f0f98', '40658098', 'Didí Richard', 'Cadillo Rosas', 'COMUNICACIÓN', NULL);
INSERT INTO usuarios (id, email, password_hash, rol, nombre, apellidos, dni, activo) VALUES ('20f47ee4-040b-487c-9c84-1dcc0bc7c8f2', '42362629@docente.academia.edu', '$2b$10$Kt1WXnRsFi4Ux.r1r8SQD.Ps1ksMrVyIVlHWg9o3Z/3N8hWuZV/3G', 'docente', 'Marleny Vanessa', 'Nolasco Huamán', '42362629', true);
INSERT INTO docentes (id, usuario_id, dni, nombre, apellidos, especialidad, telefono_whatsapp) VALUES ('b23a2311-d4ae-400c-8f9c-64364a9b9ddb', '20f47ee4-040b-487c-9c84-1dcc0bc7c8f2', '42362629', 'Marleny Vanessa', 'Nolasco Huamán', 'COMUNICACIÓN', NULL);
INSERT INTO usuarios (id, email, password_hash, rol, nombre, apellidos, dni, activo) VALUES ('a8e95db3-bff9-49b2-9ad5-cb682ea5b68e', '45215236@docente.academia.edu', '$2b$10$Kt1WXnRsFi4Ux.r1r8SQD.Ps1ksMrVyIVlHWg9o3Z/3N8hWuZV/3G', 'docente', 'Frans Musber', 'Pajuelo Macedo', '45215236', true);
INSERT INTO docentes (id, usuario_id, dni, nombre, apellidos, especialidad, telefono_whatsapp) VALUES ('75c74dc5-a3ee-46bf-a08d-47c9cc2c1337', 'a8e95db3-bff9-49b2-9ad5-cb682ea5b68e', '45215236', 'Frans Musber', 'Pajuelo Macedo', 'COMUNICACIÓN', NULL);
INSERT INTO usuarios (id, email, password_hash, rol, nombre, apellidos, dni, activo) VALUES ('64fc6ae3-a26d-4406-8344-7414c90aa6d2', '73503050@docente.academia.edu', '$2b$10$Kt1WXnRsFi4Ux.r1r8SQD.Ps1ksMrVyIVlHWg9o3Z/3N8hWuZV/3G', 'docente', 'Ketty Edith', 'Menacho Quesada', '73503050', true);
INSERT INTO docentes (id, usuario_id, dni, nombre, apellidos, especialidad, telefono_whatsapp) VALUES ('4ca33911-e26d-486c-80cb-babba083fce1', '64fc6ae3-a26d-4406-8344-7414c90aa6d2', '73503050', 'Ketty Edith', 'Menacho Quesada', 'COMUNICACIÓN', NULL);
INSERT INTO usuarios (id, email, password_hash, rol, nombre, apellidos, dni, activo) VALUES ('5c8b6b94-7e23-4e42-ad9a-1df501572b12', '42550207@docente.academia.edu', '$2b$10$Kt1WXnRsFi4Ux.r1r8SQD.Ps1ksMrVyIVlHWg9o3Z/3N8hWuZV/3G', 'docente', 'Sonia Yessica', 'Yauri Quiñones', '42550207', true);
INSERT INTO docentes (id, usuario_id, dni, nombre, apellidos, especialidad, telefono_whatsapp) VALUES ('aba5fa5c-9133-4130-b23d-af384d41e2b4', '5c8b6b94-7e23-4e42-ad9a-1df501572b12', '42550207', 'Sonia Yessica', 'Yauri Quiñones', 'COMUNICACIÓN', NULL);
INSERT INTO usuarios (id, email, password_hash, rol, nombre, apellidos, dni, activo) VALUES ('defea887-a12b-4f96-84d6-cef8b2425682', '75262216@docente.academia.edu', '$2b$10$Kt1WXnRsFi4Ux.r1r8SQD.Ps1ksMrVyIVlHWg9o3Z/3N8hWuZV/3G', 'docente', 'Christian Ale', 'Maza Lázaro', '75262216', true);
INSERT INTO docentes (id, usuario_id, dni, nombre, apellidos, especialidad, telefono_whatsapp) VALUES ('fd94db05-839e-4b95-b403-a1a9a152bc24', 'defea887-a12b-4f96-84d6-cef8b2425682', '75262216', 'Christian Ale', 'Maza Lázaro', 'COMUNICACIÓN', NULL);
INSERT INTO usuarios (id, email, password_hash, rol, nombre, apellidos, dni, activo) VALUES ('9ff4f3c1-b094-4078-9c88-badeefc79dda', '75335792@docente.academia.edu', '$2b$10$Kt1WXnRsFi4Ux.r1r8SQD.Ps1ksMrVyIVlHWg9o3Z/3N8hWuZV/3G', 'docente', 'Jorge Luís', 'Toledo Huamán', '75335792', true);
INSERT INTO docentes (id, usuario_id, dni, nombre, apellidos, especialidad, telefono_whatsapp) VALUES ('ec56fb56-202e-4c6f-a799-6a1c7d2ff6d5', '9ff4f3c1-b094-4078-9c88-badeefc79dda', '75335792', 'Jorge Luís', 'Toledo Huamán', 'COMUNICACIÓN', NULL);
INSERT INTO usuarios (id, email, password_hash, rol, nombre, apellidos, dni, activo) VALUES ('ae99cd20-0409-48f8-9c1c-0b061d001175', '71790111@docente.academia.edu', '$2b$10$Kt1WXnRsFi4Ux.r1r8SQD.Ps1ksMrVyIVlHWg9o3Z/3N8hWuZV/3G', 'docente', 'Jhon Cesar', 'Cruz Benites', '71790111', true);
INSERT INTO docentes (id, usuario_id, dni, nombre, apellidos, especialidad, telefono_whatsapp) VALUES ('352e7341-9c66-40b7-bd29-3c93477d9202', 'ae99cd20-0409-48f8-9c1c-0b061d001175', '71790111', 'Jhon Cesar', 'Cruz Benites', 'ÁLGEBRA', NULL);
INSERT INTO usuarios (id, email, password_hash, rol, nombre, apellidos, dni, activo) VALUES ('175d8bfa-be8a-46ef-9897-db1b6d831b41', '41982355@docente.academia.edu', '$2b$10$Kt1WXnRsFi4Ux.r1r8SQD.Ps1ksMrVyIVlHWg9o3Z/3N8hWuZV/3G', 'docente', 'Manuel Teodoro', 'Villanueva Chauca', '41982355', true);
INSERT INTO docentes (id, usuario_id, dni, nombre, apellidos, especialidad, telefono_whatsapp) VALUES ('95db8f19-9e73-4df7-8106-b8edfa810e1e', '175d8bfa-be8a-46ef-9897-db1b6d831b41', '41982355', 'Manuel Teodoro', 'Villanueva Chauca', 'ÁLGEBRA', NULL);
INSERT INTO usuarios (id, email, password_hash, rol, nombre, apellidos, dni, activo) VALUES ('81b2a02f-f660-477d-8eb8-bd7147ff0cd6', '44356369@docente.academia.edu', '$2b$10$Kt1WXnRsFi4Ux.r1r8SQD.Ps1ksMrVyIVlHWg9o3Z/3N8hWuZV/3G', 'docente', 'David Rooshwell', 'Maguiña Rosales', '44356369', true);
INSERT INTO docentes (id, usuario_id, dni, nombre, apellidos, especialidad, telefono_whatsapp) VALUES ('2a16fe5d-f131-4d0c-a190-78e5d3efd4f5', '81b2a02f-f660-477d-8eb8-bd7147ff0cd6', '44356369', 'David Rooshwell', 'Maguiña Rosales', 'ÁLGEBRA', NULL);
INSERT INTO usuarios (id, email, password_hash, rol, nombre, apellidos, dni, activo) VALUES ('7088b5fc-ffe4-4ec7-8627-ac20aeabaf5e', '76840364@docente.academia.edu', '$2b$10$Kt1WXnRsFi4Ux.r1r8SQD.Ps1ksMrVyIVlHWg9o3Z/3N8hWuZV/3G', 'docente', 'Roberto Aimar', 'Támara Chavez', '76840364', true);
INSERT INTO docentes (id, usuario_id, dni, nombre, apellidos, especialidad, telefono_whatsapp) VALUES ('2ea7e0b4-c1e2-484b-9559-fe29bd39a97d', '7088b5fc-ffe4-4ec7-8627-ac20aeabaf5e', '76840364', 'Roberto Aimar', 'Támara Chavez', 'ÁLGEBRA', NULL);
INSERT INTO usuarios (id, email, password_hash, rol, nombre, apellidos, dni, activo) VALUES ('dc6f717d-00e3-4166-80e6-9f2a50d159f6', '71990464@docente.academia.edu', '$2b$10$Kt1WXnRsFi4Ux.r1r8SQD.Ps1ksMrVyIVlHWg9o3Z/3N8hWuZV/3G', 'docente', 'Franklin Enderson', 'Vega Velasquez', '71990464', true);
INSERT INTO docentes (id, usuario_id, dni, nombre, apellidos, especialidad, telefono_whatsapp) VALUES ('8a13a55a-309e-4406-b9b5-fa9b1d4759df', 'dc6f717d-00e3-4166-80e6-9f2a50d159f6', '71990464', 'Franklin Enderson', 'Vega Velasquez', 'ÁLGEBRA', NULL);
INSERT INTO usuarios (id, email, password_hash, rol, nombre, apellidos, dni, activo) VALUES ('89ef2c35-88f0-4dfb-8bef-c137e4665a57', '41465442@docente.academia.edu', '$2b$10$Kt1WXnRsFi4Ux.r1r8SQD.Ps1ksMrVyIVlHWg9o3Z/3N8hWuZV/3G', 'docente', 'Miguel Arnulfo', 'Maguiña Molina', '41465442', true);
INSERT INTO docentes (id, usuario_id, dni, nombre, apellidos, especialidad, telefono_whatsapp) VALUES ('777be5f1-3d80-414b-8545-781c312c77a2', '89ef2c35-88f0-4dfb-8bef-c137e4665a57', '41465442', 'Miguel Arnulfo', 'Maguiña Molina', 'ÁLGEBRA', NULL);
INSERT INTO usuarios (id, email, password_hash, rol, nombre, apellidos, dni, activo) VALUES ('4a98f127-4bb7-4249-918b-2f28b52650f8', '48418483@docente.academia.edu', '$2b$10$Kt1WXnRsFi4Ux.r1r8SQD.Ps1ksMrVyIVlHWg9o3Z/3N8hWuZV/3G', 'docente', 'Perci Yuliño', 'Melgarejo Rosas', '48418483', true);
INSERT INTO docentes (id, usuario_id, dni, nombre, apellidos, especialidad, telefono_whatsapp) VALUES ('416fc527-6ac8-4ef4-83a7-989219a42538', '4a98f127-4bb7-4249-918b-2f28b52650f8', '48418483', 'Perci Yuliño', 'Melgarejo Rosas', 'ARITMÉTICA', NULL);
INSERT INTO usuarios (id, email, password_hash, rol, nombre, apellidos, dni, activo) VALUES ('4a3363cd-7194-417c-8b32-c2bf0a0db078', '42682732@docente.academia.edu', '$2b$10$Kt1WXnRsFi4Ux.r1r8SQD.Ps1ksMrVyIVlHWg9o3Z/3N8hWuZV/3G', 'docente', 'Garay Santisteban', 'Jonhy S.', '42682732', true);
INSERT INTO docentes (id, usuario_id, dni, nombre, apellidos, especialidad, telefono_whatsapp) VALUES ('e5452706-4d33-43d2-ad6c-af58b4b5ce4c', '4a3363cd-7194-417c-8b32-c2bf0a0db078', '42682732', 'Garay Santisteban', 'Jonhy S.', 'ARITMÉTICA', NULL);
INSERT INTO usuarios (id, email, password_hash, rol, nombre, apellidos, dni, activo) VALUES ('856083a8-ef3e-479c-b527-0fe996a6a9e5', '70137131@docente.academia.edu', '$2b$10$Kt1WXnRsFi4Ux.r1r8SQD.Ps1ksMrVyIVlHWg9o3Z/3N8hWuZV/3G', 'docente', 'Katty Janeth', 'Huayaney Granados', '70137131', true);
INSERT INTO docentes (id, usuario_id, dni, nombre, apellidos, especialidad, telefono_whatsapp) VALUES ('3dd56932-ee04-4670-991b-7dfc64a20d14', '856083a8-ef3e-479c-b527-0fe996a6a9e5', '70137131', 'Katty Janeth', 'Huayaney Granados', 'ARITMÉTICA', NULL);
INSERT INTO usuarios (id, email, password_hash, rol, nombre, apellidos, dni, activo) VALUES ('f8da2061-ef5d-4784-9151-85fbbb1dd61e', '72229595@docente.academia.edu', '$2b$10$Kt1WXnRsFi4Ux.r1r8SQD.Ps1ksMrVyIVlHWg9o3Z/3N8hWuZV/3G', 'docente', 'José Francisco', 'Arias Abendaño', '72229595', true);
INSERT INTO docentes (id, usuario_id, dni, nombre, apellidos, especialidad, telefono_whatsapp) VALUES ('016ab59d-9e13-4d65-b52c-db1f24bd7324', 'f8da2061-ef5d-4784-9151-85fbbb1dd61e', '72229595', 'José Francisco', 'Arias Abendaño', 'ARITMÉTICA', NULL);
INSERT INTO usuarios (id, email, password_hash, rol, nombre, apellidos, dni, activo) VALUES ('d6daef67-8d46-444f-84cc-539386ed3241', '42213770@docente.academia.edu', '$2b$10$Kt1WXnRsFi4Ux.r1r8SQD.Ps1ksMrVyIVlHWg9o3Z/3N8hWuZV/3G', 'docente', 'Orlando', 'Javier Rosas', '42213770', true);
INSERT INTO docentes (id, usuario_id, dni, nombre, apellidos, especialidad, telefono_whatsapp) VALUES ('e48ae9d1-321c-4c91-9720-1518a6203c02', 'd6daef67-8d46-444f-84cc-539386ed3241', '42213770', 'Orlando', 'Javier Rosas', 'ARITMÉTICA', NULL);
INSERT INTO usuarios (id, email, password_hash, rol, nombre, apellidos, dni, activo) VALUES ('ee6a6df6-7a1f-4ead-92d4-e5b5d2ea2bf6', '76161542@docente.academia.edu', '$2b$10$Kt1WXnRsFi4Ux.r1r8SQD.Ps1ksMrVyIVlHWg9o3Z/3N8hWuZV/3G', 'docente', 'Marck Anthony', 'Molina Morales', '76161542', true);
INSERT INTO docentes (id, usuario_id, dni, nombre, apellidos, especialidad, telefono_whatsapp) VALUES ('ce67f49a-b900-456b-acd8-1685fcbf1305', 'ee6a6df6-7a1f-4ead-92d4-e5b5d2ea2bf6', '76161542', 'Marck Anthony', 'Molina Morales', 'ARITMÉTICA', NULL);
INSERT INTO usuarios (id, email, password_hash, rol, nombre, apellidos, dni, activo) VALUES ('f339967d-16d5-44a0-831e-28c4b465abac', '42961709@docente.academia.edu', '$2b$10$Kt1WXnRsFi4Ux.r1r8SQD.Ps1ksMrVyIVlHWg9o3Z/3N8hWuZV/3G', 'docente', 'Yoven Nicodemos', 'Alva De La Cruz', '42961709', true);
INSERT INTO docentes (id, usuario_id, dni, nombre, apellidos, especialidad, telefono_whatsapp) VALUES ('de24631f-ebf1-458d-8e75-375e655ad2c2', 'f339967d-16d5-44a0-831e-28c4b465abac', '42961709', 'Yoven Nicodemos', 'Alva De La Cruz', 'BIOLOGÍA', NULL);
INSERT INTO usuarios (id, email, password_hash, rol, nombre, apellidos, dni, activo) VALUES ('84e45ace-4e8f-4e36-83f5-bd182a361047', '32640433@docente.academia.edu', '$2b$10$Kt1WXnRsFi4Ux.r1r8SQD.Ps1ksMrVyIVlHWg9o3Z/3N8hWuZV/3G', 'docente', 'Segundo', 'Yanac Salavador', '32640433', true);
INSERT INTO docentes (id, usuario_id, dni, nombre, apellidos, especialidad, telefono_whatsapp) VALUES ('a83a3b2c-012d-4aa9-9281-19ca48d582dc', '84e45ace-4e8f-4e36-83f5-bd182a361047', '32640433', 'Segundo', 'Yanac Salavador', 'BIOLOGÍA', NULL);
INSERT INTO usuarios (id, email, password_hash, rol, nombre, apellidos, dni, activo) VALUES ('5aafcf82-0297-4322-8be5-325d8337fdf9', '45207690@docente.academia.edu', '$2b$10$Kt1WXnRsFi4Ux.r1r8SQD.Ps1ksMrVyIVlHWg9o3Z/3N8hWuZV/3G', 'docente', 'Emanuel José', 'Maguiña Zambrano', '45207690', true);
INSERT INTO docentes (id, usuario_id, dni, nombre, apellidos, especialidad, telefono_whatsapp) VALUES ('d248bf97-5564-4bc3-a261-bb9fbb4ae74b', '5aafcf82-0297-4322-8be5-325d8337fdf9', '45207690', 'Emanuel José', 'Maguiña Zambrano', 'BIOLOGÍA', NULL);
INSERT INTO usuarios (id, email, password_hash, rol, nombre, apellidos, dni, activo) VALUES ('2a387956-e74d-4c64-b900-062281f8abc1', '45418060@docente.academia.edu', '$2b$10$Kt1WXnRsFi4Ux.r1r8SQD.Ps1ksMrVyIVlHWg9o3Z/3N8hWuZV/3G', 'docente', 'Rubén Darío', 'Gervacio Ramos', '45418060', true);
INSERT INTO docentes (id, usuario_id, dni, nombre, apellidos, especialidad, telefono_whatsapp) VALUES ('479f75a8-234a-4eb8-bc0d-06b82de95bd9', '2a387956-e74d-4c64-b900-062281f8abc1', '45418060', 'Rubén Darío', 'Gervacio Ramos', 'BIOLOGÍA', NULL);
INSERT INTO usuarios (id, email, password_hash, rol, nombre, apellidos, dni, activo) VALUES ('99affb98-f0d0-4e60-b60a-2cda7c761855', '60429497@docente.academia.edu', '$2b$10$Kt1WXnRsFi4Ux.r1r8SQD.Ps1ksMrVyIVlHWg9o3Z/3N8hWuZV/3G', 'docente', 'Angello Gesu', 'Sánchez Moreno', '60429497', true);
INSERT INTO docentes (id, usuario_id, dni, nombre, apellidos, especialidad, telefono_whatsapp) VALUES ('7f0da89a-6e24-4213-b3ba-bb95031f8896', '99affb98-f0d0-4e60-b60a-2cda7c761855', '60429497', 'Angello Gesu', 'Sánchez Moreno', 'BIOLOGÍA', NULL);
INSERT INTO usuarios (id, email, password_hash, rol, nombre, apellidos, dni, activo) VALUES ('d28a77d7-a01e-4b6a-ab8b-e4ff7aa89655', '60983967@docente.academia.edu', '$2b$10$Kt1WXnRsFi4Ux.r1r8SQD.Ps1ksMrVyIVlHWg9o3Z/3N8hWuZV/3G', 'docente', 'Luís Ancil', 'Castillo Miranda', '60983967', true);
INSERT INTO docentes (id, usuario_id, dni, nombre, apellidos, especialidad, telefono_whatsapp) VALUES ('fed1e3f4-ead7-4a12-a078-1b23b912950b', 'd28a77d7-a01e-4b6a-ab8b-e4ff7aa89655', '60983967', 'Luís Ancil', 'Castillo Miranda', 'BIOLOGÍA', NULL);
INSERT INTO usuarios (id, email, password_hash, rol, nombre, apellidos, dni, activo) VALUES ('aff88442-b74c-4a90-8f9f-e4d34a8edd00', '31654991@docente.academia.edu', '$2b$10$Kt1WXnRsFi4Ux.r1r8SQD.Ps1ksMrVyIVlHWg9o3Z/3N8hWuZV/3G', 'docente', 'Mónica Marisol', 'Gonzales Aranda', '31654991', true);
INSERT INTO docentes (id, usuario_id, dni, nombre, apellidos, especialidad, telefono_whatsapp) VALUES ('3efe9acc-249e-4f6a-897f-3ac7f846c83f', 'aff88442-b74c-4a90-8f9f-e4d34a8edd00', '31654991', 'Mónica Marisol', 'Gonzales Aranda', 'QUÍMICA', NULL);
INSERT INTO usuarios (id, email, password_hash, rol, nombre, apellidos, dni, activo) VALUES ('1a75a126-b79f-4324-a440-eb053a8c898a', '43991199@docente.academia.edu', '$2b$10$Kt1WXnRsFi4Ux.r1r8SQD.Ps1ksMrVyIVlHWg9o3Z/3N8hWuZV/3G', 'docente', 'Alejandro Cochachin', 'Bonifacio Sánchez', '43991199', true);
INSERT INTO docentes (id, usuario_id, dni, nombre, apellidos, especialidad, telefono_whatsapp) VALUES ('27c957b1-d856-4db9-b6dd-c6944805aa7b', '1a75a126-b79f-4324-a440-eb053a8c898a', '43991199', 'Alejandro Cochachin', 'Bonifacio Sánchez', 'QUÍMICA', NULL);
INSERT INTO usuarios (id, email, password_hash, rol, nombre, apellidos, dni, activo) VALUES ('d3b305f5-b310-4c2b-a38a-b6ed3e21a614', '42921298@docente.academia.edu', '$2b$10$Kt1WXnRsFi4Ux.r1r8SQD.Ps1ksMrVyIVlHWg9o3Z/3N8hWuZV/3G', 'docente', 'John Aldo', 'Charry Colonia', '42921298', true);
INSERT INTO docentes (id, usuario_id, dni, nombre, apellidos, especialidad, telefono_whatsapp) VALUES ('e9a10d70-e7af-4120-8459-4ace9a733189', 'd3b305f5-b310-4c2b-a38a-b6ed3e21a614', '42921298', 'John Aldo', 'Charry Colonia', 'QUÍMICA', NULL);
INSERT INTO usuarios (id, email, password_hash, rol, nombre, apellidos, dni, activo) VALUES ('502d207e-309b-4101-871b-42457ef5e644', '76208692@docente.academia.edu', '$2b$10$Kt1WXnRsFi4Ux.r1r8SQD.Ps1ksMrVyIVlHWg9o3Z/3N8hWuZV/3G', 'docente', 'Angelo Vieri', 'Torres Reyes', '76208692', true);
INSERT INTO docentes (id, usuario_id, dni, nombre, apellidos, especialidad, telefono_whatsapp) VALUES ('4c05aeef-291a-4706-a2eb-8b9aaf70f49f', '502d207e-309b-4101-871b-42457ef5e644', '76208692', 'Angelo Vieri', 'Torres Reyes', 'QUÍMICA', NULL);
INSERT INTO usuarios (id, email, password_hash, rol, nombre, apellidos, dni, activo) VALUES ('f4be3822-4f8e-4969-bc31-240bc4603366', '80495382@docente.academia.edu', '$2b$10$Kt1WXnRsFi4Ux.r1r8SQD.Ps1ksMrVyIVlHWg9o3Z/3N8hWuZV/3G', 'docente', 'Calle Reyes', 'Jimmy Ruben', '80495382', true);
INSERT INTO docentes (id, usuario_id, dni, nombre, apellidos, especialidad, telefono_whatsapp) VALUES ('020861a4-0c88-4d5d-b5f6-038e17c7d03c', 'f4be3822-4f8e-4969-bc31-240bc4603366', '80495382', 'Calle Reyes', 'Jimmy Ruben', 'QUÍMICA', NULL);
INSERT INTO usuarios (id, email, password_hash, rol, nombre, apellidos, dni, activo) VALUES ('1ef8aa03-1acc-435f-a220-00ba8ae1aba3', '42543583@docente.academia.edu', '$2b$10$Kt1WXnRsFi4Ux.r1r8SQD.Ps1ksMrVyIVlHWg9o3Z/3N8hWuZV/3G', 'docente', 'Teófanes Luís', 'Callupe Carrera', '42543583', true);
INSERT INTO docentes (id, usuario_id, dni, nombre, apellidos, especialidad, telefono_whatsapp) VALUES ('a77e45e1-1394-45d9-bc4a-203b2bc23645', '1ef8aa03-1acc-435f-a220-00ba8ae1aba3', '42543583', 'Teófanes Luís', 'Callupe Carrera', 'FÍSICA', NULL);
INSERT INTO usuarios (id, email, password_hash, rol, nombre, apellidos, dni, activo) VALUES ('9f408c69-9627-46ae-b59f-11b02a338be3', '70569351@docente.academia.edu', '$2b$10$Kt1WXnRsFi4Ux.r1r8SQD.Ps1ksMrVyIVlHWg9o3Z/3N8hWuZV/3G', 'docente', 'Milena Wendy', 'Dueñas Dextre', '70569351', true);
INSERT INTO docentes (id, usuario_id, dni, nombre, apellidos, especialidad, telefono_whatsapp) VALUES ('0e1cef1c-9d49-4ace-9fa5-ba293ba501cf', '9f408c69-9627-46ae-b59f-11b02a338be3', '70569351', 'Milena Wendy', 'Dueñas Dextre', 'FÍSICA', NULL);
INSERT INTO usuarios (id, email, password_hash, rol, nombre, apellidos, dni, activo) VALUES ('f30ae05a-2769-407a-8831-853e64f06b4a', '76353814@docente.academia.edu', '$2b$10$Kt1WXnRsFi4Ux.r1r8SQD.Ps1ksMrVyIVlHWg9o3Z/3N8hWuZV/3G', 'docente', 'José Luís', 'Robles Castro', '76353814', true);
INSERT INTO docentes (id, usuario_id, dni, nombre, apellidos, especialidad, telefono_whatsapp) VALUES ('6a91fe8b-3b59-463c-a3cb-38111ad779fc', 'f30ae05a-2769-407a-8831-853e64f06b4a', '76353814', 'José Luís', 'Robles Castro', 'FÍSICA', NULL);
INSERT INTO usuarios (id, email, password_hash, rol, nombre, apellidos, dni, activo) VALUES ('18a7f334-ac97-42e8-94e1-570e047e7a4e', '40563862@docente.academia.edu', '$2b$10$Kt1WXnRsFi4Ux.r1r8SQD.Ps1ksMrVyIVlHWg9o3Z/3N8hWuZV/3G', 'docente', 'Rubén Mario', 'Leiva Bernuy', '40563862', true);
INSERT INTO docentes (id, usuario_id, dni, nombre, apellidos, especialidad, telefono_whatsapp) VALUES ('5140ab69-e43c-44b9-98d2-33bc78346f34', '18a7f334-ac97-42e8-94e1-570e047e7a4e', '40563862', 'Rubén Mario', 'Leiva Bernuy', 'TRIGONOMETRÍA', NULL);
INSERT INTO usuarios (id, email, password_hash, rol, nombre, apellidos, dni, activo) VALUES ('c6735c02-5a40-4a1c-adc9-546f15c1d8cc', '41173183@docente.academia.edu', '$2b$10$Kt1WXnRsFi4Ux.r1r8SQD.Ps1ksMrVyIVlHWg9o3Z/3N8hWuZV/3G', 'docente', 'Juan Carlos', 'Rodríguez Palacios', '41173183', true);
INSERT INTO docentes (id, usuario_id, dni, nombre, apellidos, especialidad, telefono_whatsapp) VALUES ('12049863-7915-436a-bd6a-7d7cd03c879e', 'c6735c02-5a40-4a1c-adc9-546f15c1d8cc', '41173183', 'Juan Carlos', 'Rodríguez Palacios', 'TRIGONOMETRÍA', NULL);
INSERT INTO usuarios (id, email, password_hash, rol, nombre, apellidos, dni, activo) VALUES ('dd3fbfa3-1f5b-4416-a710-e97f1acd1771', '41389566@docente.academia.edu', '$2b$10$Kt1WXnRsFi4Ux.r1r8SQD.Ps1ksMrVyIVlHWg9o3Z/3N8hWuZV/3G', 'docente', 'Manuela Grimalda', 'Prudencio Carrera', '41389566', true);
INSERT INTO docentes (id, usuario_id, dni, nombre, apellidos, especialidad, telefono_whatsapp) VALUES ('6c8a7c09-8d2c-4575-b0cc-b0d564e1de57', 'dd3fbfa3-1f5b-4416-a710-e97f1acd1771', '41389566', 'Manuela Grimalda', 'Prudencio Carrera', 'TRIGONOMETRÍA', NULL);
INSERT INTO usuarios (id, email, password_hash, rol, nombre, apellidos, dni, activo) VALUES ('dcd6fd50-0798-4aaf-a190-3c102acb3d16', '47014400@docente.academia.edu', '$2b$10$Kt1WXnRsFi4Ux.r1r8SQD.Ps1ksMrVyIVlHWg9o3Z/3N8hWuZV/3G', 'docente', 'Nacho Eduar', 'Castillejo Morales', '47014400', true);
INSERT INTO docentes (id, usuario_id, dni, nombre, apellidos, especialidad, telefono_whatsapp) VALUES ('6e838a6f-5c54-456e-b151-35607a4d1fa9', 'dcd6fd50-0798-4aaf-a190-3c102acb3d16', '47014400', 'Nacho Eduar', 'Castillejo Morales', 'GEOMETRÍA', NULL);
INSERT INTO usuarios (id, email, password_hash, rol, nombre, apellidos, dni, activo) VALUES ('8222766d-fdb0-44ea-81a8-90a72697a8f4', '77170080@docente.academia.edu', '$2b$10$Kt1WXnRsFi4Ux.r1r8SQD.Ps1ksMrVyIVlHWg9o3Z/3N8hWuZV/3G', 'docente', 'Edinzon Alex', 'Zambrano Guillermo', '77170080', true);
INSERT INTO docentes (id, usuario_id, dni, nombre, apellidos, especialidad, telefono_whatsapp) VALUES ('825a3aac-724a-4440-9952-b495ae5eb9c4', '8222766d-fdb0-44ea-81a8-90a72697a8f4', '77170080', 'Edinzon Alex', 'Zambrano Guillermo', 'GEOMETRÍA', NULL);
INSERT INTO usuarios (id, email, password_hash, rol, nombre, apellidos, dni, activo) VALUES ('eb99c4ac-3886-41ef-bf72-5ae5f36e0c62', '75404952@docente.academia.edu', '$2b$10$Kt1WXnRsFi4Ux.r1r8SQD.Ps1ksMrVyIVlHWg9o3Z/3N8hWuZV/3G', 'docente', 'Luís Waldir', 'Guillermo Chavez', '75404952', true);
INSERT INTO docentes (id, usuario_id, dni, nombre, apellidos, especialidad, telefono_whatsapp) VALUES ('45b3977f-627c-4b98-bb83-a11e3903e622', 'eb99c4ac-3886-41ef-bf72-5ae5f36e0c62', '75404952', 'Luís Waldir', 'Guillermo Chavez', 'GEOMETRÍA', NULL);
INSERT INTO usuarios (id, email, password_hash, rol, nombre, apellidos, dni, activo) VALUES ('889c25f6-4729-42e6-97a7-9dc568646218', '31679186@docente.academia.edu', '$2b$10$Kt1WXnRsFi4Ux.r1r8SQD.Ps1ksMrVyIVlHWg9o3Z/3N8hWuZV/3G', 'docente', 'Néstor Arturo', 'Olivera Ramírez', '31679186', true);
INSERT INTO docentes (id, usuario_id, dni, nombre, apellidos, especialidad, telefono_whatsapp) VALUES ('344b85ce-fb82-4d36-9317-325931820319', '889c25f6-4729-42e6-97a7-9dc568646218', '31679186', 'Néstor Arturo', 'Olivera Ramírez', 'HISTORIA', NULL);
INSERT INTO usuarios (id, email, password_hash, rol, nombre, apellidos, dni, activo) VALUES ('8d18a19b-76e2-4bef-a204-8239fca6423b', '31682515@docente.academia.edu', '$2b$10$Kt1WXnRsFi4Ux.r1r8SQD.Ps1ksMrVyIVlHWg9o3Z/3N8hWuZV/3G', 'docente', 'Valdelomar Abrahan', 'Rojas Romero', '31682515', true);
INSERT INTO docentes (id, usuario_id, dni, nombre, apellidos, especialidad, telefono_whatsapp) VALUES ('67d4d6f1-46b2-4d18-aa9b-4e51538ff34e', '8d18a19b-76e2-4bef-a204-8239fca6423b', '31682515', 'Valdelomar Abrahan', 'Rojas Romero', 'HISTORIA', NULL);
INSERT INTO usuarios (id, email, password_hash, rol, nombre, apellidos, dni, activo) VALUES ('af72b05f-b9f0-44de-b414-fb2910887964', '71292076@docente.academia.edu', '$2b$10$Kt1WXnRsFi4Ux.r1r8SQD.Ps1ksMrVyIVlHWg9o3Z/3N8hWuZV/3G', 'docente', 'Yorllelina Estefany', 'Bustamante Rondan', '71292076', true);
INSERT INTO docentes (id, usuario_id, dni, nombre, apellidos, especialidad, telefono_whatsapp) VALUES ('dd1dae47-a5ba-4082-8165-39d2d104a196', 'af72b05f-b9f0-44de-b414-fb2910887964', '71292076', 'Yorllelina Estefany', 'Bustamante Rondan', 'HISTORIA', NULL);
INSERT INTO usuarios (id, email, password_hash, rol, nombre, apellidos, dni, activo) VALUES ('dea5266a-d1a0-4e6c-a035-e4001c81a809', '70110154@docente.academia.edu', '$2b$10$Kt1WXnRsFi4Ux.r1r8SQD.Ps1ksMrVyIVlHWg9o3Z/3N8hWuZV/3G', 'docente', 'Juan Ernesto', 'Pardo Jácome', '70110154', true);
INSERT INTO docentes (id, usuario_id, dni, nombre, apellidos, especialidad, telefono_whatsapp) VALUES ('8ab818e7-cf6f-4fd3-86a8-43875179b611', 'dea5266a-d1a0-4e6c-a035-e4001c81a809', '70110154', 'Juan Ernesto', 'Pardo Jácome', 'EDUCACIÓN CÍVICA', NULL);
INSERT INTO usuarios (id, email, password_hash, rol, nombre, apellidos, dni, activo) VALUES ('7a869b19-577a-434c-8296-5c6b928a1f34', '42550209@docente.academia.edu', '$2b$10$Kt1WXnRsFi4Ux.r1r8SQD.Ps1ksMrVyIVlHWg9o3Z/3N8hWuZV/3G', 'docente', 'Robert Orlandini', 'Rosales Depaz', '42550209', true);
INSERT INTO docentes (id, usuario_id, dni, nombre, apellidos, especialidad, telefono_whatsapp) VALUES ('0893003d-5886-44a0-9cc7-4c964ea76d7a', '7a869b19-577a-434c-8296-5c6b928a1f34', '42550209', 'Robert Orlandini', 'Rosales Depaz', 'EDUCACIÓN CÍVICA', NULL);
INSERT INTO usuarios (id, email, password_hash, rol, nombre, apellidos, dni, activo) VALUES ('f9b7e622-5946-445f-a154-21cba293b99e', '73376590@docente.academia.edu', '$2b$10$Kt1WXnRsFi4Ux.r1r8SQD.Ps1ksMrVyIVlHWg9o3Z/3N8hWuZV/3G', 'docente', 'Almendra Julissa', 'Chavez Moreno', '73376590', true);
INSERT INTO docentes (id, usuario_id, dni, nombre, apellidos, especialidad, telefono_whatsapp) VALUES ('958a4a18-03c5-4da5-969a-e6af119bd2cb', 'f9b7e622-5946-445f-a154-21cba293b99e', '73376590', 'Almendra Julissa', 'Chavez Moreno', 'EDUCACIÓN CÍVICA', NULL);
INSERT INTO usuarios (id, email, password_hash, rol, nombre, apellidos, dni, activo) VALUES ('0c57e8fa-70d4-434f-9c2f-076dc23ef78c', '10614861@docente.academia.edu', '$2b$10$Kt1WXnRsFi4Ux.r1r8SQD.Ps1ksMrVyIVlHWg9o3Z/3N8hWuZV/3G', 'docente', 'Romel Santiago', 'Dávila Calvo', '10614861', true);
INSERT INTO docentes (id, usuario_id, dni, nombre, apellidos, especialidad, telefono_whatsapp) VALUES ('4c3c04ac-4bab-44ca-b931-86dedb0ed747', '0c57e8fa-70d4-434f-9c2f-076dc23ef78c', '10614861', 'Romel Santiago', 'Dávila Calvo', 'GEOGRAFÍA', NULL);
INSERT INTO usuarios (id, email, password_hash, rol, nombre, apellidos, dni, activo) VALUES ('77f08b45-660c-4bc3-9694-97e3c23398cf', '32042464@docente.academia.edu', '$2b$10$Kt1WXnRsFi4Ux.r1r8SQD.Ps1ksMrVyIVlHWg9o3Z/3N8hWuZV/3G', 'docente', 'Norma Miriam', 'Cóndor Sánchez De Carrillo', '32042464', true);
INSERT INTO docentes (id, usuario_id, dni, nombre, apellidos, especialidad, telefono_whatsapp) VALUES ('7f73fce6-0119-4785-b200-3e1a859325ff', '77f08b45-660c-4bc3-9694-97e3c23398cf', '32042464', 'Norma Miriam', 'Cóndor Sánchez De Carrillo', 'GEOGRAFÍA', NULL);
INSERT INTO usuarios (id, email, password_hash, rol, nombre, apellidos, dni, activo) VALUES ('b7d87e45-ba80-44c7-ac4d-67224377a4b7', '41174122@docente.academia.edu', '$2b$10$Kt1WXnRsFi4Ux.r1r8SQD.Ps1ksMrVyIVlHWg9o3Z/3N8hWuZV/3G', 'docente', 'Lenin Fernando', 'Bocanegra Calvo', '41174122', true);
INSERT INTO docentes (id, usuario_id, dni, nombre, apellidos, especialidad, telefono_whatsapp) VALUES ('0e121ea6-02c3-4067-9745-705ecf9a6392', 'b7d87e45-ba80-44c7-ac4d-67224377a4b7', '41174122', 'Lenin Fernando', 'Bocanegra Calvo', 'GEOGRAFÍA', NULL);
INSERT INTO usuarios (id, email, password_hash, rol, nombre, apellidos, dni, activo) VALUES ('1f48c891-2548-4eae-976b-db90c989ae5f', '47381055@docente.academia.edu', '$2b$10$Kt1WXnRsFi4Ux.r1r8SQD.Ps1ksMrVyIVlHWg9o3Z/3N8hWuZV/3G', 'docente', 'Lisbeth', 'Chavez Sanchez', '47381055', true);
INSERT INTO docentes (id, usuario_id, dni, nombre, apellidos, especialidad, telefono_whatsapp) VALUES ('1c42b9c9-f6fd-4fd3-90e8-4e5fd50c7638', '1f48c891-2548-4eae-976b-db90c989ae5f', '47381055', 'Lisbeth', 'Chavez Sanchez', 'ECONOMÍA', NULL);
INSERT INTO usuarios (id, email, password_hash, rol, nombre, apellidos, dni, activo) VALUES ('fbcd4274-0f79-4ef9-9618-2e6fe0bea1f5', '77346130@docente.academia.edu', '$2b$10$Kt1WXnRsFi4Ux.r1r8SQD.Ps1ksMrVyIVlHWg9o3Z/3N8hWuZV/3G', 'docente', 'Stephany Kristel', 'Yovera Collas', '77346130', true);
INSERT INTO docentes (id, usuario_id, dni, nombre, apellidos, especialidad, telefono_whatsapp) VALUES ('747abb0d-2cbb-41ea-88f6-8ba6dcfe23fe', 'fbcd4274-0f79-4ef9-9618-2e6fe0bea1f5', '77346130', 'Stephany Kristel', 'Yovera Collas', 'PSICOLOGÍA', NULL);
INSERT INTO usuarios (id, email, password_hash, rol, nombre, apellidos, dni, activo) VALUES ('5a481c17-688c-48d1-a6a1-4689bea3f690', '76685394@docente.academia.edu', '$2b$10$Kt1WXnRsFi4Ux.r1r8SQD.Ps1ksMrVyIVlHWg9o3Z/3N8hWuZV/3G', 'docente', 'Luís David', 'Rosales Huamán', '76685394', true);
INSERT INTO docentes (id, usuario_id, dni, nombre, apellidos, especialidad, telefono_whatsapp) VALUES ('6d45900f-5e18-4813-bab6-014db39e494d', '5a481c17-688c-48d1-a6a1-4689bea3f690', '76685394', 'Luís David', 'Rosales Huamán', 'PSICOLOGÍA', NULL);
INSERT INTO usuarios (id, email, password_hash, rol, nombre, apellidos, dni, activo) VALUES ('c18cb6bc-172a-4d80-9aff-e7c877338a99', '71397506@docente.academia.edu', '$2b$10$Kt1WXnRsFi4Ux.r1r8SQD.Ps1ksMrVyIVlHWg9o3Z/3N8hWuZV/3G', 'docente', 'Amadeo Moisés', 'Durand Guimaray', '71397506', true);
INSERT INTO docentes (id, usuario_id, dni, nombre, apellidos, especialidad, telefono_whatsapp) VALUES ('f12060b7-36da-4e56-8952-02a3225bdf96', 'c18cb6bc-172a-4d80-9aff-e7c877338a99', '71397506', 'Amadeo Moisés', 'Durand Guimaray', 'PSICOLOGÍA', NULL);
INSERT INTO usuarios (id, email, password_hash, rol, nombre, apellidos, dni, activo) VALUES ('dd6cbb1d-449f-4f25-b828-64ef48d8001d', '31626694@docente.academia.edu', '$2b$10$Kt1WXnRsFi4Ux.r1r8SQD.Ps1ksMrVyIVlHWg9o3Z/3N8hWuZV/3G', 'docente', 'Ricardo Martín', 'Rodriguez Buendía', '31626694', true);
INSERT INTO docentes (id, usuario_id, dni, nombre, apellidos, especialidad, telefono_whatsapp) VALUES ('bead898d-0424-4e35-9d9f-f36ee550aa0d', 'dd6cbb1d-449f-4f25-b828-64ef48d8001d', '31626694', 'Ricardo Martín', 'Rodriguez Buendía', 'ANATOMÍA', NULL);
INSERT INTO usuarios (id, email, password_hash, rol, nombre, apellidos, dni, activo) VALUES ('5c5bcbd9-e0a5-4ba8-b746-f40500ab94e8', '75887775@docente.academia.edu', '$2b$10$Kt1WXnRsFi4Ux.r1r8SQD.Ps1ksMrVyIVlHWg9o3Z/3N8hWuZV/3G', 'docente', 'Edwin Lionel', 'Castillo Miranda', '75887775', true);
INSERT INTO docentes (id, usuario_id, dni, nombre, apellidos, especialidad, telefono_whatsapp) VALUES ('48e67bcc-9deb-4073-8a13-ea30e2e664d4', '5c5bcbd9-e0a5-4ba8-b746-f40500ab94e8', '75887775', 'Edwin Lionel', 'Castillo Miranda', 'ANATOMÍA', NULL);
INSERT INTO usuarios (id, email, password_hash, rol, nombre, apellidos, dni, activo) VALUES ('326c4b2f-05c0-4160-9594-b47d24c51d5f', '46793797@docente.academia.edu', '$2b$10$Kt1WXnRsFi4Ux.r1r8SQD.Ps1ksMrVyIVlHWg9o3Z/3N8hWuZV/3G', 'docente', 'Brian', 'Olivares Tarrillo', '46793797', true);
INSERT INTO docentes (id, usuario_id, dni, nombre, apellidos, especialidad, telefono_whatsapp) VALUES ('811cb5ef-9715-4b2a-a3cf-4a296d7a5fea', '326c4b2f-05c0-4160-9594-b47d24c51d5f', '46793797', 'Brian', 'Olivares Tarrillo', 'ANATOMÍA', NULL);
INSERT INTO usuarios (id, email, password_hash, rol, nombre, apellidos, dni, activo) VALUES ('f71e2df8-b475-4781-b184-0b1651db5e08', '47258126@docente.academia.edu', '$2b$10$Kt1WXnRsFi4Ux.r1r8SQD.Ps1ksMrVyIVlHWg9o3Z/3N8hWuZV/3G', 'docente', 'Johnson Kamerlingh', 'Lomote Vega', '47258126', true);
INSERT INTO docentes (id, usuario_id, dni, nombre, apellidos, especialidad, telefono_whatsapp) VALUES ('15d95bc5-a370-40db-90d2-c5eb2d0e92b3', 'f71e2df8-b475-4781-b184-0b1651db5e08', '47258126', 'Johnson Kamerlingh', 'Lomote Vega', 'ESTADÍSTICA', NULL);
INSERT INTO usuarios (id, email, password_hash, rol, nombre, apellidos, dni, activo) VALUES ('4591e950-8da9-4fb4-96b3-4ff350973edc', '17848381@docente.academia.edu', '$2b$10$Kt1WXnRsFi4Ux.r1r8SQD.Ps1ksMrVyIVlHWg9o3Z/3N8hWuZV/3G', 'docente', 'Jorge Luís', 'Llanos Tiznado', '17848381', true);
INSERT INTO docentes (id, usuario_id, dni, nombre, apellidos, especialidad, telefono_whatsapp) VALUES ('f401d560-ad6f-4de8-a4a5-88608b5bec85', '4591e950-8da9-4fb4-96b3-4ff350973edc', '17848381', 'Jorge Luís', 'Llanos Tiznado', 'ESTADÍSTICA', NULL);
INSERT INTO usuarios (id, email, password_hash, rol, nombre, apellidos, dni, activo) VALUES ('891b62e3-825f-4551-ba39-a224701be316', '77125237@docente.academia.edu', '$2b$10$Kt1WXnRsFi4Ux.r1r8SQD.Ps1ksMrVyIVlHWg9o3Z/3N8hWuZV/3G', 'docente', 'Osorio', 'Maldonado', '77125237', true);
INSERT INTO docentes (id, usuario_id, dni, nombre, apellidos, especialidad, telefono_whatsapp) VALUES ('ba75f9c5-71ac-4563-8417-953585c6a403', '891b62e3-825f-4551-ba39-a224701be316', '77125237', 'Osorio', 'Maldonado', 'BIOLOGÍA', NULL);
INSERT INTO usuarios (id, email, password_hash, rol, nombre, apellidos, dni, activo) VALUES ('cc4dc34e-2d0d-4349-835d-487896afd243', '76141456@docente.academia.edu', '$2b$10$Kt1WXnRsFi4Ux.r1r8SQD.Ps1ksMrVyIVlHWg9o3Z/3N8hWuZV/3G', 'docente', 'Valois', 'Anaya Morales', '76141456', true);
INSERT INTO docentes (id, usuario_id, dni, nombre, apellidos, especialidad, telefono_whatsapp) VALUES ('dc956e0e-4f83-4e64-9fb4-491bcc474a65', 'cc4dc34e-2d0d-4349-835d-487896afd243', '76141456', 'Valois', 'Anaya Morales', 'QUÍMICA', NULL);
INSERT INTO usuarios (id, email, password_hash, rol, nombre, apellidos, dni, activo) VALUES ('2627bc35-94bb-4eee-8553-536cd9ed6d6d', '44644652@docente.academia.edu', '$2b$10$Kt1WXnRsFi4Ux.r1r8SQD.Ps1ksMrVyIVlHWg9o3Z/3N8hWuZV/3G', 'docente', 'Iris Regina', 'Camones Olivera', '44644652', true);
INSERT INTO docentes (id, usuario_id, dni, nombre, apellidos, especialidad, telefono_whatsapp) VALUES ('3f685255-737c-437e-87b9-3365a02e4126', '2627bc35-94bb-4eee-8553-536cd9ed6d6d', '44644652', 'Iris Regina', 'Camones Olivera', 'RAZONAMIENTO VERBAL', NULL);
INSERT INTO usuarios (id, email, password_hash, rol, nombre, apellidos, dni, activo) VALUES ('baadf3c1-565f-4a0e-8423-a2486ed9661d', '72102508@docente.academia.edu', '$2b$10$Kt1WXnRsFi4Ux.r1r8SQD.Ps1ksMrVyIVlHWg9o3Z/3N8hWuZV/3G', 'docente', 'Daniela Judith', 'Oliveros Cueva', '72102508', true);
INSERT INTO docentes (id, usuario_id, dni, nombre, apellidos, especialidad, telefono_whatsapp) VALUES ('2e19efd2-98c1-4010-9448-110f51da22e1', 'baadf3c1-565f-4a0e-8423-a2486ed9661d', '72102508', 'Daniela Judith', 'Oliveros Cueva', 'RAZONAMIENTO VERBAL', NULL);
INSERT INTO usuarios (id, email, password_hash, rol, nombre, apellidos, dni, activo) VALUES ('bb779c83-44b5-4d77-9684-be3505dd5bdf', '32405820@docente.academia.edu', '$2b$10$Kt1WXnRsFi4Ux.r1r8SQD.Ps1ksMrVyIVlHWg9o3Z/3N8hWuZV/3G', 'docente', 'Jorge', 'Durán Fernandez', '32405820', true);
INSERT INTO docentes (id, usuario_id, dni, nombre, apellidos, especialidad, telefono_whatsapp) VALUES ('dbb5e040-6d4e-47c0-9601-23f7ed8149cc', 'bb779c83-44b5-4d77-9684-be3505dd5bdf', '32405820', 'Jorge', 'Durán Fernandez', 'HISTORIA', NULL);
INSERT INTO usuarios (id, email, password_hash, rol, nombre, apellidos, dni, activo) VALUES ('d778c72e-ceed-4061-833b-e9e7c26802dc', '42983739@docente.academia.edu', '$2b$10$Kt1WXnRsFi4Ux.r1r8SQD.Ps1ksMrVyIVlHWg9o3Z/3N8hWuZV/3G', 'docente', 'Marco', 'Figueroa Gonzaga', '42983739', true);
INSERT INTO docentes (id, usuario_id, dni, nombre, apellidos, especialidad, telefono_whatsapp) VALUES ('aefbc028-d9de-4197-907b-a3e05fcbdc1a', 'd778c72e-ceed-4061-833b-e9e7c26802dc', '42983739', 'Marco', 'Figueroa Gonzaga', 'BIOLOGIA', NULL);
INSERT INTO usuarios (id, email, password_hash, rol, nombre, apellidos, dni, activo) VALUES ('782f9877-7887-4fb3-881f-80a6b593c02b', '42553000@docente.academia.edu', '$2b$10$Kt1WXnRsFi4Ux.r1r8SQD.Ps1ksMrVyIVlHWg9o3Z/3N8hWuZV/3G', 'docente', 'Cáceres', 'Enrique Milla', '42553000', true);
INSERT INTO docentes (id, usuario_id, dni, nombre, apellidos, especialidad, telefono_whatsapp) VALUES ('ec170220-4663-4107-b89e-e33830402455', '782f9877-7887-4fb3-881f-80a6b593c02b', '42553000', 'Cáceres', 'Enrique Milla', 'CÍVICA', NULL);

COMMIT;

-- Resumen: ciclo 1 | aulas 22 | cursos 18 | alumnos 969 | docentes 76