BEGIN;

-- -------------------------------------------------------
-- 1. LIMPIEZA DE DATOS ANTERIORES
-- -------------------------------------------------------
DELETE FROM asistencias;
DELETE FROM alumnos_apoderados;
DELETE FROM horarios;
DELETE FROM alumnos;
DELETE FROM apoderados;
DELETE FROM docentes;
DELETE FROM cursos;
DELETE FROM recursos_biblioteca;
DELETE FROM comunicados_envios;
DELETE FROM comunicados;
DELETE FROM aulas;
DELETE FROM ciclos;
DELETE FROM usuarios WHERE rol IN ('alumno','docente','apoderado');

-- -------------------------------------------------------
-- 2. CICLO 2026-I
-- -------------------------------------------------------
INSERT INTO ciclos (id, nombre, fecha_inicio, fecha_fin, activo) VALUES ('9de43ad4-e6da-4b26-bacb-011bbf817c42', '2026-I', '2026-03-01', '2026-07-31', true);

-- -------------------------------------------------------
-- 3. AULAS (22 secciones)
-- -------------------------------------------------------
INSERT INTO aulas (id, ciclo_id, nombre, turno, area, cupo_maximo) VALUES ('d6264332-df85-4eba-915e-c3597a2f8e5e', '9de43ad4-e6da-4b26-bacb-011bbf817c42', 'C-001', 'manana', 'ciencias', 50);
INSERT INTO aulas (id, ciclo_id, nombre, turno, area, cupo_maximo) VALUES ('2d286663-14ff-43d7-b7dd-6fc3ae79be88', '9de43ad4-e6da-4b26-bacb-011bbf817c42', 'C-001', 'tarde', 'ciencias', 50);
INSERT INTO aulas (id, ciclo_id, nombre, turno, area, cupo_maximo) VALUES ('54244746-32f5-47a0-ba8e-3a5df9446b75', '9de43ad4-e6da-4b26-bacb-011bbf817c42', 'C-002', 'manana', 'ciencias', 50);
INSERT INTO aulas (id, ciclo_id, nombre, turno, area, cupo_maximo) VALUES ('f525d3ef-fda4-4dd8-a95e-3888c014d8c5', '9de43ad4-e6da-4b26-bacb-011bbf817c42', 'C-002', 'tarde', 'ciencias', 50);
INSERT INTO aulas (id, ciclo_id, nombre, turno, area, cupo_maximo) VALUES ('d42eb759-4bc8-4598-a345-debdd98bda4a', '9de43ad4-e6da-4b26-bacb-011bbf817c42', 'C-003', 'manana', 'ciencias', 50);
INSERT INTO aulas (id, ciclo_id, nombre, turno, area, cupo_maximo) VALUES ('70e74985-85b5-4ade-b9df-4ca55510451b', '9de43ad4-e6da-4b26-bacb-011bbf817c42', 'C-003', 'tarde', 'ciencias', 50);
INSERT INTO aulas (id, ciclo_id, nombre, turno, area, cupo_maximo) VALUES ('82ba2eea-6c49-46cd-97e0-5dcd5eb042f6', '9de43ad4-e6da-4b26-bacb-011bbf817c42', 'C-004', 'manana', 'ciencias', 50);
INSERT INTO aulas (id, ciclo_id, nombre, turno, area, cupo_maximo) VALUES ('a41e627c-0222-4b7c-a6c6-3dc33646475e', '9de43ad4-e6da-4b26-bacb-011bbf817c42', 'C-004', 'tarde', 'ciencias', 50);
INSERT INTO aulas (id, ciclo_id, nombre, turno, area, cupo_maximo) VALUES ('63c58957-5256-41a1-b60b-52c7a0391c7d', '9de43ad4-e6da-4b26-bacb-011bbf817c42', 'C-005', 'manana', 'ciencias', 50);
INSERT INTO aulas (id, ciclo_id, nombre, turno, area, cupo_maximo) VALUES ('0f3ec80b-e8b9-4e6e-b194-01fd2d2c7e1a', '9de43ad4-e6da-4b26-bacb-011bbf817c42', 'L-001', 'manana', 'letras', 50);
INSERT INTO aulas (id, ciclo_id, nombre, turno, area, cupo_maximo) VALUES ('9b4917ab-bb24-46ce-b761-62031913cb59', '9de43ad4-e6da-4b26-bacb-011bbf817c42', 'L-001', 'tarde', 'letras', 50);
INSERT INTO aulas (id, ciclo_id, nombre, turno, area, cupo_maximo) VALUES ('8066c540-c18e-4a7f-ba61-6593ace796bb', '9de43ad4-e6da-4b26-bacb-011bbf817c42', 'L-002', 'manana', 'letras', 50);
INSERT INTO aulas (id, ciclo_id, nombre, turno, area, cupo_maximo) VALUES ('5351da14-19c6-4c41-986b-341827d2f528', '9de43ad4-e6da-4b26-bacb-011bbf817c42', 'L-002', 'tarde', 'letras', 50);
INSERT INTO aulas (id, ciclo_id, nombre, turno, area, cupo_maximo) VALUES ('377d4af5-46c8-4d6b-9e77-c51e18a0cea2', '9de43ad4-e6da-4b26-bacb-011bbf817c42', 'L-003', 'manana', 'letras', 50);
INSERT INTO aulas (id, ciclo_id, nombre, turno, area, cupo_maximo) VALUES ('7b9a3937-e856-48ee-854c-59be910fc57c', '9de43ad4-e6da-4b26-bacb-011bbf817c42', 'L-003', 'tarde', 'letras', 50);
INSERT INTO aulas (id, ciclo_id, nombre, turno, area, cupo_maximo) VALUES ('1e209df8-76e5-404b-80ff-cf85af2beb5b', '9de43ad4-e6da-4b26-bacb-011bbf817c42', 'L-004', 'manana', 'letras', 50);
INSERT INTO aulas (id, ciclo_id, nombre, turno, area, cupo_maximo) VALUES ('1cddbf00-002c-469b-a55d-9ee6cc478ec4', '9de43ad4-e6da-4b26-bacb-011bbf817c42', 'L-004', 'tarde', 'letras', 50);
INSERT INTO aulas (id, ciclo_id, nombre, turno, area, cupo_maximo) VALUES ('86f11312-1ea6-4414-8379-9ae0ccbd6874', '9de43ad4-e6da-4b26-bacb-011bbf817c42', 'L-005', 'manana', 'letras', 50);
INSERT INTO aulas (id, ciclo_id, nombre, turno, area, cupo_maximo) VALUES ('b5cb3f78-3699-4704-99cc-75c0a6a6c124', '9de43ad4-e6da-4b26-bacb-011bbf817c42', 'M-001', 'manana', 'medicas', 50);
INSERT INTO aulas (id, ciclo_id, nombre, turno, area, cupo_maximo) VALUES ('95a0346d-544a-45f0-8de7-461a3161754c', '9de43ad4-e6da-4b26-bacb-011bbf817c42', 'M-001', 'tarde', 'medicas', 50);
INSERT INTO aulas (id, ciclo_id, nombre, turno, area, cupo_maximo) VALUES ('3a34b2ce-bdb1-4d84-96cd-4d4fa10d6b59', '9de43ad4-e6da-4b26-bacb-011bbf817c42', 'M-002', 'manana', 'medicas', 50);
INSERT INTO aulas (id, ciclo_id, nombre, turno, area, cupo_maximo) VALUES ('f1ac4074-6103-4ea2-8e7a-f7b13f4b003f', '9de43ad4-e6da-4b26-bacb-011bbf817c42', 'M-002', 'tarde', 'medicas', 50);

-- -------------------------------------------------------
-- 4. USUARIOS + ALUMNOS (969 estudiantes)
--    Contrasena por defecto: Matricula2026
-- -------------------------------------------------------
INSERT INTO usuarios (id, email, password_hash, rol, nombre, apellidos, dni, activo) VALUES ('11936aa5-d175-4a48-a048-8b3e24061cb4', '616414@academia.edu', '$2b$10$Kt1WXnRsFi4Ux.r1r8SQD.Ps1ksMrVyIVlHWg9o3Z/3N8hWuZV/3G', 'alumno', 'Viviana Noyra', 'Alvarado Arribasplata', '61643013', true);
INSERT INTO alumnos (id, usuario_id, dni, nombre, apellidos, codigo_barras, aula_id) VALUES ('170b7bb4-f442-4d42-a52d-39c574d5c64b', '11936aa5-d175-4a48-a048-8b3e24061cb4', '61643013', 'Viviana Noyra', 'Alvarado Arribasplata', '616414', '3a34b2ce-bdb1-4d84-96cd-4d4fa10d6b59');
INSERT INTO usuarios (id, email, password_hash, rol, nombre, apellidos, dni, activo) VALUES ('ab652390-a373-4c97-a120-9fc004d2f035', '605956@academia.edu', '$2b$10$Kt1WXnRsFi4Ux.r1r8SQD.Ps1ksMrVyIVlHWg9o3Z/3N8hWuZV/3G', 'alumno', 'Nayely Mayli', 'Antonio Morales', '60594833', true);
INSERT INTO alumnos (id, usuario_id, dni, nombre, apellidos, codigo_barras, aula_id) VALUES ('bbfa8d36-1619-458c-9de2-2a76764044fc', 'ab652390-a373-4c97-a120-9fc004d2f035', '60594833', 'Nayely Mayli', 'Antonio Morales', '605956', '3a34b2ce-bdb1-4d84-96cd-4d4fa10d6b59');
INSERT INTO usuarios (id, email, password_hash, rol, nombre, apellidos, dni, activo) VALUES ('312b892f-0884-4cc2-9828-94f8c2ed2b64', '750562@academia.edu', '$2b$10$Kt1WXnRsFi4Ux.r1r8SQD.Ps1ksMrVyIVlHWg9o3Z/3N8hWuZV/3G', 'alumno', 'Nayely Gristel', 'Baltazar Amado', '75059841', true);
INSERT INTO alumnos (id, usuario_id, dni, nombre, apellidos, codigo_barras, aula_id) VALUES ('e72742b0-954f-406d-8a46-f646d7f55d70', '312b892f-0884-4cc2-9828-94f8c2ed2b64', '75059841', 'Nayely Gristel', 'Baltazar Amado', '750562', '3a34b2ce-bdb1-4d84-96cd-4d4fa10d6b59');
INSERT INTO usuarios (id, email, password_hash, rol, nombre, apellidos, dni, activo) VALUES ('9aa358e5-1235-42d0-898f-dbd0c274a415', '601291@academia.edu', '$2b$10$Kt1WXnRsFi4Ux.r1r8SQD.Ps1ksMrVyIVlHWg9o3Z/3N8hWuZV/3G', 'alumno', 'Gimena Angela', 'Broncano Torres', '60124131', true);
INSERT INTO alumnos (id, usuario_id, dni, nombre, apellidos, codigo_barras, aula_id) VALUES ('62792b40-ac31-42a1-8490-8e5aa4c6036c', '9aa358e5-1235-42d0-898f-dbd0c274a415', '60124131', 'Gimena Angela', 'Broncano Torres', '601291', '3a34b2ce-bdb1-4d84-96cd-4d4fa10d6b59');
INSERT INTO usuarios (id, email, password_hash, rol, nombre, apellidos, dni, activo) VALUES ('5ad0460d-55d6-4f31-9c24-0c8d5e4d926f', '602470@academia.edu', '$2b$10$Kt1WXnRsFi4Ux.r1r8SQD.Ps1ksMrVyIVlHWg9o3Z/3N8hWuZV/3G', 'alumno', 'Yosel', 'Buastos Martinez', '60242305', true);
INSERT INTO alumnos (id, usuario_id, dni, nombre, apellidos, codigo_barras, aula_id) VALUES ('24582a0b-9fd2-488f-8ec3-8ef7e822ba53', '5ad0460d-55d6-4f31-9c24-0c8d5e4d926f', '60242305', 'Yosel', 'Buastos Martinez', '602470', '3a34b2ce-bdb1-4d84-96cd-4d4fa10d6b59');
INSERT INTO usuarios (id, email, password_hash, rol, nombre, apellidos, dni, activo) VALUES ('b9a48c24-7c83-4c74-85af-040bf7603c14', '603902@academia.edu', '$2b$10$Kt1WXnRsFi4Ux.r1r8SQD.Ps1ksMrVyIVlHWg9o3Z/3N8hWuZV/3G', 'alumno', 'Lizbeth Yuliana', 'Calixto Chaicha', '60395624', true);
INSERT INTO alumnos (id, usuario_id, dni, nombre, apellidos, codigo_barras, aula_id) VALUES ('f5b9138f-f540-47a4-b538-704e771730a1', 'b9a48c24-7c83-4c74-85af-040bf7603c14', '60395624', 'Lizbeth Yuliana', 'Calixto Chaicha', '603902', '3a34b2ce-bdb1-4d84-96cd-4d4fa10d6b59');
INSERT INTO usuarios (id, email, password_hash, rol, nombre, apellidos, dni, activo) VALUES ('3cb75f20-568c-46e1-9772-1a8960e1ec8d', '603779@academia.edu', '$2b$10$Kt1WXnRsFi4Ux.r1r8SQD.Ps1ksMrVyIVlHWg9o3Z/3N8hWuZV/3G', 'alumno', 'Mishely Yuly', 'Canares Soto', '60378139', true);
INSERT INTO alumnos (id, usuario_id, dni, nombre, apellidos, codigo_barras, aula_id) VALUES ('7d462461-5520-49d6-aab2-87e820f4d125', '3cb75f20-568c-46e1-9772-1a8960e1ec8d', '60378139', 'Mishely Yuly', 'Canares Soto', '603779', '3a34b2ce-bdb1-4d84-96cd-4d4fa10d6b59');
INSERT INTO usuarios (id, email, password_hash, rol, nombre, apellidos, dni, activo) VALUES ('b577c847-48f8-4f63-8a8e-d2e14e126b6d', '603363@academia.edu', '$2b$10$Kt1WXnRsFi4Ux.r1r8SQD.Ps1ksMrVyIVlHWg9o3Z/3N8hWuZV/3G', 'alumno', 'Deyvid Diego', 'Castillo Moreno', '60338169', true);
INSERT INTO alumnos (id, usuario_id, dni, nombre, apellidos, codigo_barras, aula_id) VALUES ('3189d293-e1c1-487a-af93-1cf4663e5207', 'b577c847-48f8-4f63-8a8e-d2e14e126b6d', '60338169', 'Deyvid Diego', 'Castillo Moreno', '603363', '3a34b2ce-bdb1-4d84-96cd-4d4fa10d6b59');
INSERT INTO usuarios (id, email, password_hash, rol, nombre, apellidos, dni, activo) VALUES ('50be1d97-df16-419f-b5dd-19750092f2e6', '711615@academia.edu', '$2b$10$Kt1WXnRsFi4Ux.r1r8SQD.Ps1ksMrVyIVlHWg9o3Z/3N8hWuZV/3G', 'alumno', 'Miguel Angel', 'Diaz Morales', '71166130', true);
INSERT INTO alumnos (id, usuario_id, dni, nombre, apellidos, codigo_barras, aula_id) VALUES ('ac6a6e6f-2e8d-464f-9721-a7cee9ac3720', '50be1d97-df16-419f-b5dd-19750092f2e6', '71166130', 'Miguel Angel', 'Diaz Morales', '711615', '3a34b2ce-bdb1-4d84-96cd-4d4fa10d6b59');
INSERT INTO usuarios (id, email, password_hash, rol, nombre, apellidos, dni, activo) VALUES ('f3afe6f6-a4cb-46fa-8c56-e1ca94f73499', '613196@academia.edu', '$2b$10$Kt1WXnRsFi4Ux.r1r8SQD.Ps1ksMrVyIVlHWg9o3Z/3N8hWuZV/3G', 'alumno', 'Eliana Hermelinda', 'Diaz Rosales', '61314359', true);
INSERT INTO alumnos (id, usuario_id, dni, nombre, apellidos, codigo_barras, aula_id) VALUES ('56d07114-9d61-4937-bc07-010769eae649', 'f3afe6f6-a4cb-46fa-8c56-e1ca94f73499', '61314359', 'Eliana Hermelinda', 'Diaz Rosales', '613196', '3a34b2ce-bdb1-4d84-96cd-4d4fa10d6b59');
INSERT INTO usuarios (id, email, password_hash, rol, nombre, apellidos, dni, activo) VALUES ('7b761732-7324-48dc-9a8e-926e68610b4a', '620135@academia.edu', '$2b$10$Kt1WXnRsFi4Ux.r1r8SQD.Ps1ksMrVyIVlHWg9o3Z/3N8hWuZV/3G', 'alumno', 'Nicolas De Bari', 'Dionicio Chavez', '62014895', true);
INSERT INTO alumnos (id, usuario_id, dni, nombre, apellidos, codigo_barras, aula_id) VALUES ('b5f42167-0351-48bb-8224-5613429f56af', '7b761732-7324-48dc-9a8e-926e68610b4a', '62014895', 'Nicolas De Bari', 'Dionicio Chavez', '620135', '3a34b2ce-bdb1-4d84-96cd-4d4fa10d6b59');
INSERT INTO usuarios (id, email, password_hash, rol, nombre, apellidos, dni, activo) VALUES ('5ed2cc99-6cce-42f8-82d8-f57c923048e5', '603763@academia.edu', '$2b$10$Kt1WXnRsFi4Ux.r1r8SQD.Ps1ksMrVyIVlHWg9o3Z/3N8hWuZV/3G', 'alumno', 'Ruth Yeny', 'Espinoza Ramirez', '60378797', true);
INSERT INTO alumnos (id, usuario_id, dni, nombre, apellidos, codigo_barras, aula_id) VALUES ('66d9d0cd-828a-4e7a-a2a0-d6bd2fea7dac', '5ed2cc99-6cce-42f8-82d8-f57c923048e5', '60378797', 'Ruth Yeny', 'Espinoza Ramirez', '603763', '3a34b2ce-bdb1-4d84-96cd-4d4fa10d6b59');
INSERT INTO usuarios (id, email, password_hash, rol, nombre, apellidos, dni, activo) VALUES ('3a590eaf-507b-4001-9ea8-d57b38e29c6d', '612485@academia.edu', '$2b$10$Kt1WXnRsFi4Ux.r1r8SQD.Ps1ksMrVyIVlHWg9o3Z/3N8hWuZV/3G', 'alumno', 'Yameli Azumi', 'Espinoza Ramirez', '61245180', true);
INSERT INTO alumnos (id, usuario_id, dni, nombre, apellidos, codigo_barras, aula_id) VALUES ('5edab19f-4904-4150-8cba-ac7db6ec8dfc', '3a590eaf-507b-4001-9ea8-d57b38e29c6d', '61245180', 'Yameli Azumi', 'Espinoza Ramirez', '612485', '3a34b2ce-bdb1-4d84-96cd-4d4fa10d6b59');
INSERT INTO usuarios (id, email, password_hash, rol, nombre, apellidos, dni, activo) VALUES ('dc46096f-9a44-453f-901e-29961ecd617a', '607411@academia.edu', '$2b$10$Kt1WXnRsFi4Ux.r1r8SQD.Ps1ksMrVyIVlHWg9o3Z/3N8hWuZV/3G', 'alumno', 'Yajaira Rossey', 'Garcia Alarcon', '60740358', true);
INSERT INTO alumnos (id, usuario_id, dni, nombre, apellidos, codigo_barras, aula_id) VALUES ('a6c33cf2-f0bd-426b-91a6-8ca2cb81c93a', 'dc46096f-9a44-453f-901e-29961ecd617a', '60740358', 'Yajaira Rossey', 'Garcia Alarcon', '607411', '3a34b2ce-bdb1-4d84-96cd-4d4fa10d6b59');
INSERT INTO usuarios (id, email, password_hash, rol, nombre, apellidos, dni, activo) VALUES ('bdc19386-b054-4da8-83d2-e957d36521ff', '604033@academia.edu', '$2b$10$Kt1WXnRsFi4Ux.r1r8SQD.Ps1ksMrVyIVlHWg9o3Z/3N8hWuZV/3G', 'alumno', 'Melisa Gimena', 'Garcia Lliuya', '60405078', true);
INSERT INTO alumnos (id, usuario_id, dni, nombre, apellidos, codigo_barras, aula_id) VALUES ('ae689276-2837-467f-9c68-8db93b48e3dd', 'bdc19386-b054-4da8-83d2-e957d36521ff', '60405078', 'Melisa Gimena', 'Garcia Lliuya', '604033', '3a34b2ce-bdb1-4d84-96cd-4d4fa10d6b59');
INSERT INTO usuarios (id, email, password_hash, rol, nombre, apellidos, dni, activo) VALUES ('ccd26ae2-f835-463d-ab09-db61dc53696f', '602468@academia.edu', '$2b$10$Kt1WXnRsFi4Ux.r1r8SQD.Ps1ksMrVyIVlHWg9o3Z/3N8hWuZV/3G', 'alumno', 'Brayan Kevin', 'Giraldo Mendoza', '60244586', true);
INSERT INTO alumnos (id, usuario_id, dni, nombre, apellidos, codigo_barras, aula_id) VALUES ('f2c14e0e-e032-48bc-b15d-c226e3f5478a', 'ccd26ae2-f835-463d-ab09-db61dc53696f', '60244586', 'Brayan Kevin', 'Giraldo Mendoza', '602468', '3a34b2ce-bdb1-4d84-96cd-4d4fa10d6b59');
INSERT INTO usuarios (id, email, password_hash, rol, nombre, apellidos, dni, activo) VALUES ('d38da8e9-b151-49bf-8501-322d191450d6', '603291@academia.edu', '$2b$10$Kt1WXnRsFi4Ux.r1r8SQD.Ps1ksMrVyIVlHWg9o3Z/3N8hWuZV/3G', 'alumno', 'Paulina Flor', 'Huamaliano Dominguez', '60327286', true);
INSERT INTO alumnos (id, usuario_id, dni, nombre, apellidos, codigo_barras, aula_id) VALUES ('52ac4fa5-009b-4112-bdb7-fa4ae9c946a1', 'd38da8e9-b151-49bf-8501-322d191450d6', '60327286', 'Paulina Flor', 'Huamaliano Dominguez', '603291', '3a34b2ce-bdb1-4d84-96cd-4d4fa10d6b59');
INSERT INTO usuarios (id, email, password_hash, rol, nombre, apellidos, dni, activo) VALUES ('737cc275-a18a-4258-ae65-35ba3d594122', '618237@academia.edu', '$2b$10$Kt1WXnRsFi4Ux.r1r8SQD.Ps1ksMrVyIVlHWg9o3Z/3N8hWuZV/3G', 'alumno', 'Camila Guisel', 'Huaman Lirion', '61822254', true);
INSERT INTO alumnos (id, usuario_id, dni, nombre, apellidos, codigo_barras, aula_id) VALUES ('ae03a985-f535-4edc-94ec-b0e5b3eabc37', '737cc275-a18a-4258-ae65-35ba3d594122', '61822254', 'Camila Guisel', 'Huaman Lirion', '618237', '3a34b2ce-bdb1-4d84-96cd-4d4fa10d6b59');
INSERT INTO usuarios (id, email, password_hash, rol, nombre, apellidos, dni, activo) VALUES ('d7484f64-34dc-4214-b6c9-f81caf30d825', '734993@academia.edu', '$2b$10$Kt1WXnRsFi4Ux.r1r8SQD.Ps1ksMrVyIVlHWg9o3Z/3N8hWuZV/3G', 'alumno', 'Michel Chriss', 'Huanri Aguayo', '73496548', true);
INSERT INTO alumnos (id, usuario_id, dni, nombre, apellidos, codigo_barras, aula_id) VALUES ('69e0acda-4cea-4a54-a5ae-3c3449aad7d3', 'd7484f64-34dc-4214-b6c9-f81caf30d825', '73496548', 'Michel Chriss', 'Huanri Aguayo', '734993', '3a34b2ce-bdb1-4d84-96cd-4d4fa10d6b59');
INSERT INTO usuarios (id, email, password_hash, rol, nombre, apellidos, dni, activo) VALUES ('48f53a59-601e-47f9-b6e7-b3f3edf1f34f', '614964@academia.edu', '$2b$10$Kt1WXnRsFi4Ux.r1r8SQD.Ps1ksMrVyIVlHWg9o3Z/3N8hWuZV/3G', 'alumno', 'Merly Adriana', 'Lagua Flores', '61490876', true);
INSERT INTO alumnos (id, usuario_id, dni, nombre, apellidos, codigo_barras, aula_id) VALUES ('37808817-932e-4aa9-b30e-6a38cfa84c22', '48f53a59-601e-47f9-b6e7-b3f3edf1f34f', '61490876', 'Merly Adriana', 'Lagua Flores', '614964', '3a34b2ce-bdb1-4d84-96cd-4d4fa10d6b59');
INSERT INTO usuarios (id, email, password_hash, rol, nombre, apellidos, dni, activo) VALUES ('b01e9f01-ae89-444e-95d5-ab782eb3f8a6', '616126@academia.edu', '$2b$10$Kt1WXnRsFi4Ux.r1r8SQD.Ps1ksMrVyIVlHWg9o3Z/3N8hWuZV/3G', 'alumno', 'Sarai Shamyra', 'Leon Caro', '61616197', true);
INSERT INTO alumnos (id, usuario_id, dni, nombre, apellidos, codigo_barras, aula_id) VALUES ('e123fbdb-f6f7-443c-8115-d8e9e4d7a05e', 'b01e9f01-ae89-444e-95d5-ab782eb3f8a6', '61616197', 'Sarai Shamyra', 'Leon Caro', '616126', '3a34b2ce-bdb1-4d84-96cd-4d4fa10d6b59');
INSERT INTO usuarios (id, email, password_hash, rol, nombre, apellidos, dni, activo) VALUES ('c1902ea7-cd91-487d-abb4-9fdbbe13949f', '612938@academia.edu', '$2b$10$Kt1WXnRsFi4Ux.r1r8SQD.Ps1ksMrVyIVlHWg9o3Z/3N8hWuZV/3G', 'alumno', 'Marcela Alessandra', 'Leon Espiritu', '61298813', true);
INSERT INTO alumnos (id, usuario_id, dni, nombre, apellidos, codigo_barras, aula_id) VALUES ('d97ada6c-1208-4fb2-bf94-d326cc481106', 'c1902ea7-cd91-487d-abb4-9fdbbe13949f', '61298813', 'Marcela Alessandra', 'Leon Espiritu', '612938', '3a34b2ce-bdb1-4d84-96cd-4d4fa10d6b59');
INSERT INTO usuarios (id, email, password_hash, rol, nombre, apellidos, dni, activo) VALUES ('3b44a9c1-ebfd-44ed-b808-a595b9c966f5', '603324@academia.edu', '$2b$10$Kt1WXnRsFi4Ux.r1r8SQD.Ps1ksMrVyIVlHWg9o3Z/3N8hWuZV/3G', 'alumno', 'Yuseth Nathaly', 'Llanos Santos', '60331054', true);
INSERT INTO alumnos (id, usuario_id, dni, nombre, apellidos, codigo_barras, aula_id) VALUES ('d226bada-c117-4752-866d-d91bcd03d96b', '3b44a9c1-ebfd-44ed-b808-a595b9c966f5', '60331054', 'Yuseth Nathaly', 'Llanos Santos', '603324', '3a34b2ce-bdb1-4d84-96cd-4d4fa10d6b59');
INSERT INTO usuarios (id, email, password_hash, rol, nombre, apellidos, dni, activo) VALUES ('59e1c019-b15d-4cdf-bb63-67c0bc9baae1', '600246@academia.edu', '$2b$10$Kt1WXnRsFi4Ux.r1r8SQD.Ps1ksMrVyIVlHWg9o3Z/3N8hWuZV/3G', 'alumno', 'Rosalinda Azucena', 'Matias Solorzano', '60022637', true);
INSERT INTO alumnos (id, usuario_id, dni, nombre, apellidos, codigo_barras, aula_id) VALUES ('0da339f8-0eb5-41b2-8905-97ceffb97342', '59e1c019-b15d-4cdf-bb63-67c0bc9baae1', '60022637', 'Rosalinda Azucena', 'Matias Solorzano', '600246', '3a34b2ce-bdb1-4d84-96cd-4d4fa10d6b59');
INSERT INTO usuarios (id, email, password_hash, rol, nombre, apellidos, dni, activo) VALUES ('b9a96e66-d881-4ff3-a0a6-cb3f54e07c86', '612989@academia.edu', '$2b$10$Kt1WXnRsFi4Ux.r1r8SQD.Ps1ksMrVyIVlHWg9o3Z/3N8hWuZV/3G', 'alumno', 'Evelyn Esmeralda', 'Mejia Leon', '61298800', true);
INSERT INTO alumnos (id, usuario_id, dni, nombre, apellidos, codigo_barras, aula_id) VALUES ('cc7e98db-4a0f-421a-b2c5-1a509cedb880', 'b9a96e66-d881-4ff3-a0a6-cb3f54e07c86', '61298800', 'Evelyn Esmeralda', 'Mejia Leon', '612989', '3a34b2ce-bdb1-4d84-96cd-4d4fa10d6b59');
INSERT INTO usuarios (id, email, password_hash, rol, nombre, apellidos, dni, activo) VALUES ('6ebfb659-a624-4a9d-b871-0feb8e812e75', '609547@academia.edu', '$2b$10$Kt1WXnRsFi4Ux.r1r8SQD.Ps1ksMrVyIVlHWg9o3Z/3N8hWuZV/3G', 'alumno', 'Rosario Esperanza', 'Molina Rosas', '60957871', true);
INSERT INTO alumnos (id, usuario_id, dni, nombre, apellidos, codigo_barras, aula_id) VALUES ('4b70c112-d53b-44ba-9f55-6e6ddae4ef30', '6ebfb659-a624-4a9d-b871-0feb8e812e75', '60957871', 'Rosario Esperanza', 'Molina Rosas', '609547', '3a34b2ce-bdb1-4d84-96cd-4d4fa10d6b59');
INSERT INTO usuarios (id, email, password_hash, rol, nombre, apellidos, dni, activo) VALUES ('40f8b3e3-676b-45fe-bb2f-cc9819ea8318', '614823@academia.edu', '$2b$10$Kt1WXnRsFi4Ux.r1r8SQD.Ps1ksMrVyIVlHWg9o3Z/3N8hWuZV/3G', 'alumno', 'Maria Alejandra', 'Namay Colonia', '61480272', true);
INSERT INTO alumnos (id, usuario_id, dni, nombre, apellidos, codigo_barras, aula_id) VALUES ('0b5f5568-3540-4d43-8810-6cb11df0a240', '40f8b3e3-676b-45fe-bb2f-cc9819ea8318', '61480272', 'Maria Alejandra', 'Namay Colonia', '614823', '3a34b2ce-bdb1-4d84-96cd-4d4fa10d6b59');
INSERT INTO usuarios (id, email, password_hash, rol, nombre, apellidos, dni, activo) VALUES ('cb302e66-4af6-44fd-8b0a-acecbd51a717', '610669@academia.edu', '$2b$10$Kt1WXnRsFi4Ux.r1r8SQD.Ps1ksMrVyIVlHWg9o3Z/3N8hWuZV/3G', 'alumno', 'Yesica Patricia', 'Obregon Huanuco', '61064154', true);
INSERT INTO alumnos (id, usuario_id, dni, nombre, apellidos, codigo_barras, aula_id) VALUES ('65065c56-fbff-41a3-a4eb-ec24e82be900', 'cb302e66-4af6-44fd-8b0a-acecbd51a717', '61064154', 'Yesica Patricia', 'Obregon Huanuco', '610669', '3a34b2ce-bdb1-4d84-96cd-4d4fa10d6b59');
INSERT INTO usuarios (id, email, password_hash, rol, nombre, apellidos, dni, activo) VALUES ('3d2ed70a-4179-42fd-980c-c690cb05c2f8', '603374@academia.edu', '$2b$10$Kt1WXnRsFi4Ux.r1r8SQD.Ps1ksMrVyIVlHWg9o3Z/3N8hWuZV/3G', 'alumno', 'Nilda', 'Ortiz Huerta', '60336854', true);
INSERT INTO alumnos (id, usuario_id, dni, nombre, apellidos, codigo_barras, aula_id) VALUES ('d7585668-2534-45a5-b5e7-bcba4af0cb1f', '3d2ed70a-4179-42fd-980c-c690cb05c2f8', '60336854', 'Nilda', 'Ortiz Huerta', '603374', '3a34b2ce-bdb1-4d84-96cd-4d4fa10d6b59');
INSERT INTO usuarios (id, email, password_hash, rol, nombre, apellidos, dni, activo) VALUES ('2cb3d6ee-c3ed-4415-ac49-300e5cba0c49', '615155@academia.edu', '$2b$10$Kt1WXnRsFi4Ux.r1r8SQD.Ps1ksMrVyIVlHWg9o3Z/3N8hWuZV/3G', 'alumno', 'Sandra Yamile', 'Ortiz Mautino', '61517222', true);
INSERT INTO alumnos (id, usuario_id, dni, nombre, apellidos, codigo_barras, aula_id) VALUES ('21b76bf2-e905-486b-98ee-6c39e4aaa5f2', '2cb3d6ee-c3ed-4415-ac49-300e5cba0c49', '61517222', 'Sandra Yamile', 'Ortiz Mautino', '615155', '3a34b2ce-bdb1-4d84-96cd-4d4fa10d6b59');
INSERT INTO usuarios (id, email, password_hash, rol, nombre, apellidos, dni, activo) VALUES ('5b864834-cf53-4b8d-9330-a88ca4cdc2cb', '723483@academia.edu', '$2b$10$Kt1WXnRsFi4Ux.r1r8SQD.Ps1ksMrVyIVlHWg9o3Z/3N8hWuZV/3G', 'alumno', 'Stibel Williams', 'Pernia Mayta', '72343839', true);
INSERT INTO alumnos (id, usuario_id, dni, nombre, apellidos, codigo_barras, aula_id) VALUES ('b3738437-b759-4036-abae-360857b1566f', '5b864834-cf53-4b8d-9330-a88ca4cdc2cb', '72343839', 'Stibel Williams', 'Pernia Mayta', '723483', '3a34b2ce-bdb1-4d84-96cd-4d4fa10d6b59');
INSERT INTO usuarios (id, email, password_hash, rol, nombre, apellidos, dni, activo) VALUES ('7b3613d5-d966-47c8-aafc-b84c5f037493', '606873@academia.edu', '$2b$10$Kt1WXnRsFi4Ux.r1r8SQD.Ps1ksMrVyIVlHWg9o3Z/3N8hWuZV/3G', 'alumno', 'Jasmin Angela', 'Quiroz Casio', '60683088', true);
INSERT INTO alumnos (id, usuario_id, dni, nombre, apellidos, codigo_barras, aula_id) VALUES ('1c15ac71-73e4-4361-86c9-114b0a2533e5', '7b3613d5-d966-47c8-aafc-b84c5f037493', '60683088', 'Jasmin Angela', 'Quiroz Casio', '606873', '3a34b2ce-bdb1-4d84-96cd-4d4fa10d6b59');
INSERT INTO usuarios (id, email, password_hash, rol, nombre, apellidos, dni, activo) VALUES ('254e273a-3d2e-4960-9ec3-6e16ad509b67', '606944@academia.edu', '$2b$10$Kt1WXnRsFi4Ux.r1r8SQD.Ps1ksMrVyIVlHWg9o3Z/3N8hWuZV/3G', 'alumno', 'Elizabeth Elvira', 'Ramirez Falcon', '60691888', true);
INSERT INTO alumnos (id, usuario_id, dni, nombre, apellidos, codigo_barras, aula_id) VALUES ('f12f98e5-6675-4422-9a51-7a328ec6ceab', '254e273a-3d2e-4960-9ec3-6e16ad509b67', '60691888', 'Elizabeth Elvira', 'Ramirez Falcon', '606944', '3a34b2ce-bdb1-4d84-96cd-4d4fa10d6b59');
INSERT INTO usuarios (id, email, password_hash, rol, nombre, apellidos, dni, activo) VALUES ('05a33767-b08a-49da-b34a-6ac358a829c6', '615861@academia.edu', '$2b$10$Kt1WXnRsFi4Ux.r1r8SQD.Ps1ksMrVyIVlHWg9o3Z/3N8hWuZV/3G', 'alumno', 'Artemio Fidencio', 'Reyes Baltazar', '61589928', true);
INSERT INTO alumnos (id, usuario_id, dni, nombre, apellidos, codigo_barras, aula_id) VALUES ('8f3b3701-5923-44b3-b282-ab5008f17ad0', '05a33767-b08a-49da-b34a-6ac358a829c6', '61589928', 'Artemio Fidencio', 'Reyes Baltazar', '615861', '3a34b2ce-bdb1-4d84-96cd-4d4fa10d6b59');
INSERT INTO usuarios (id, email, password_hash, rol, nombre, apellidos, dni, activo) VALUES ('a59085ed-f226-4214-bee4-5c073040e446', '614057@academia.edu', '$2b$10$Kt1WXnRsFi4Ux.r1r8SQD.Ps1ksMrVyIVlHWg9o3Z/3N8hWuZV/3G', 'alumno', 'Diarly Yunly', 'Roque Garcia', '61409476', true);
INSERT INTO alumnos (id, usuario_id, dni, nombre, apellidos, codigo_barras, aula_id) VALUES ('50ddd1db-51be-486f-afb9-415143ff5513', 'a59085ed-f226-4214-bee4-5c073040e446', '61409476', 'Diarly Yunly', 'Roque Garcia', '614057', '3a34b2ce-bdb1-4d84-96cd-4d4fa10d6b59');
INSERT INTO usuarios (id, email, password_hash, rol, nombre, apellidos, dni, activo) VALUES ('85b5fc2b-4a6e-4898-bf8e-f4d20d2aec91', '614030@academia.edu', '$2b$10$Kt1WXnRsFi4Ux.r1r8SQD.Ps1ksMrVyIVlHWg9o3Z/3N8hWuZV/3G', 'alumno', 'Susie Nicolle', 'Rosales Jamanca', '61409348', true);
INSERT INTO alumnos (id, usuario_id, dni, nombre, apellidos, codigo_barras, aula_id) VALUES ('4815e543-9793-4bc7-96d2-7c758c19c0e4', '85b5fc2b-4a6e-4898-bf8e-f4d20d2aec91', '61409348', 'Susie Nicolle', 'Rosales Jamanca', '614030', '3a34b2ce-bdb1-4d84-96cd-4d4fa10d6b59');
INSERT INTO usuarios (id, email, password_hash, rol, nombre, apellidos, dni, activo) VALUES ('32232b01-f5a3-4c14-abb7-e75a12335acf', '711011@academia.edu', '$2b$10$Kt1WXnRsFi4Ux.r1r8SQD.Ps1ksMrVyIVlHWg9o3Z/3N8hWuZV/3G', 'alumno', 'Elmer André', 'Salas Celestino', '62518208', true);
INSERT INTO alumnos (id, usuario_id, dni, nombre, apellidos, codigo_barras, aula_id) VALUES ('1817cd89-2597-4474-9739-7afb5dba6918', '32232b01-f5a3-4c14-abb7-e75a12335acf', '62518208', 'Elmer André', 'Salas Celestino', '711011', '3a34b2ce-bdb1-4d84-96cd-4d4fa10d6b59');
INSERT INTO usuarios (id, email, password_hash, rol, nombre, apellidos, dni, activo) VALUES ('af3aa4ec-9bfb-4874-9bd0-5c92ba637f51', '614271@academia.edu', '$2b$10$Kt1WXnRsFi4Ux.r1r8SQD.Ps1ksMrVyIVlHWg9o3Z/3N8hWuZV/3G', 'alumno', 'Sayuri Meyli', 'Salazar Nolasco', '61429148', true);
INSERT INTO alumnos (id, usuario_id, dni, nombre, apellidos, codigo_barras, aula_id) VALUES ('36705224-baf3-45e4-be17-0d1045df4fd5', 'af3aa4ec-9bfb-4874-9bd0-5c92ba637f51', '61429148', 'Sayuri Meyli', 'Salazar Nolasco', '614271', '3a34b2ce-bdb1-4d84-96cd-4d4fa10d6b59');
INSERT INTO usuarios (id, email, password_hash, rol, nombre, apellidos, dni, activo) VALUES ('f9f24669-4adf-4c8d-8f8e-ccb317d68d09', '632649@academia.edu', '$2b$10$Kt1WXnRsFi4Ux.r1r8SQD.Ps1ksMrVyIVlHWg9o3Z/3N8hWuZV/3G', 'alumno', 'Paola Celina', 'Valentin Reyes', '63261082', true);
INSERT INTO alumnos (id, usuario_id, dni, nombre, apellidos, codigo_barras, aula_id) VALUES ('08f1aeaf-25ef-4b3b-9b94-4b996352e9d6', 'f9f24669-4adf-4c8d-8f8e-ccb317d68d09', '63261082', 'Paola Celina', 'Valentin Reyes', '632649', '3a34b2ce-bdb1-4d84-96cd-4d4fa10d6b59');
INSERT INTO usuarios (id, email, password_hash, rol, nombre, apellidos, dni, activo) VALUES ('be899694-7180-4b90-b115-3b8206e85343', '607402@academia.edu', '$2b$10$Kt1WXnRsFi4Ux.r1r8SQD.Ps1ksMrVyIVlHWg9o3Z/3N8hWuZV/3G', 'alumno', 'Vaneza Yanela', 'Valenzuela Antunez', '60740240', true);
INSERT INTO alumnos (id, usuario_id, dni, nombre, apellidos, codigo_barras, aula_id) VALUES ('da6ad00a-fdc6-441b-8532-37f9fa433c17', 'be899694-7180-4b90-b115-3b8206e85343', '60740240', 'Vaneza Yanela', 'Valenzuela Antunez', '607402', '3a34b2ce-bdb1-4d84-96cd-4d4fa10d6b59');
INSERT INTO usuarios (id, email, password_hash, rol, nombre, apellidos, dni, activo) VALUES ('95f3e88c-cd78-49b7-9c43-54b727d60057', '612991@academia.edu', '$2b$10$Kt1WXnRsFi4Ux.r1r8SQD.Ps1ksMrVyIVlHWg9o3Z/3N8hWuZV/3G', 'alumno', 'Brayahn Frank Duks', 'Valladares Requelme', '61298849', true);
INSERT INTO alumnos (id, usuario_id, dni, nombre, apellidos, codigo_barras, aula_id) VALUES ('0f0ce28e-2f65-4b70-b938-1d95d5139a4a', '95f3e88c-cd78-49b7-9c43-54b727d60057', '61298849', 'Brayahn Frank Duks', 'Valladares Requelme', '612991', '3a34b2ce-bdb1-4d84-96cd-4d4fa10d6b59');
INSERT INTO usuarios (id, email, password_hash, rol, nombre, apellidos, dni, activo) VALUES ('e82d3699-641c-4d0a-a8af-56b3ac820b3e', '606527@academia.edu', '$2b$10$Kt1WXnRsFi4Ux.r1r8SQD.Ps1ksMrVyIVlHWg9o3Z/3N8hWuZV/3G', 'alumno', 'Rossy Sofia', 'Vasquez Mego', '60655010', true);
INSERT INTO alumnos (id, usuario_id, dni, nombre, apellidos, codigo_barras, aula_id) VALUES ('c9b9d35c-2edb-41fb-aef5-8041146d03c4', 'e82d3699-641c-4d0a-a8af-56b3ac820b3e', '60655010', 'Rossy Sofia', 'Vasquez Mego', '606527', '3a34b2ce-bdb1-4d84-96cd-4d4fa10d6b59');
INSERT INTO usuarios (id, email, password_hash, rol, nombre, apellidos, dni, activo) VALUES ('1da2a722-a665-4f19-860a-7436c995ef7d', '602369@academia.edu', '$2b$10$Kt1WXnRsFi4Ux.r1r8SQD.Ps1ksMrVyIVlHWg9o3Z/3N8hWuZV/3G', 'alumno', 'Rosmeri Shanet', 'Yauri Lucero', '60233423', true);
INSERT INTO alumnos (id, usuario_id, dni, nombre, apellidos, codigo_barras, aula_id) VALUES ('49e572ee-14f4-4ab2-9b3c-8e089c23f741', '1da2a722-a665-4f19-860a-7436c995ef7d', '60233423', 'Rosmeri Shanet', 'Yauri Lucero', '602369', '3a34b2ce-bdb1-4d84-96cd-4d4fa10d6b59');
INSERT INTO usuarios (id, email, password_hash, rol, nombre, apellidos, dni, activo) VALUES ('94197a1d-093a-4101-bd9e-7920d0e5ab2a', '723332@academia.edu', '$2b$10$Kt1WXnRsFi4Ux.r1r8SQD.Ps1ksMrVyIVlHWg9o3Z/3N8hWuZV/3G', 'alumno', 'Heydi Yerami', 'Alonzo Figueroa', '72339324', true);
INSERT INTO alumnos (id, usuario_id, dni, nombre, apellidos, codigo_barras, aula_id) VALUES ('18660da9-1a9d-43be-bf7e-9cfba7b8773a', '94197a1d-093a-4101-bd9e-7920d0e5ab2a', '72339324', 'Heydi Yerami', 'Alonzo Figueroa', '723332', 'b5cb3f78-3699-4704-99cc-75c0a6a6c124');
INSERT INTO usuarios (id, email, password_hash, rol, nombre, apellidos, dni, activo) VALUES ('3331726c-5bdb-40b9-a8ea-29f537842936', '602876@academia.edu', '$2b$10$Kt1WXnRsFi4Ux.r1r8SQD.Ps1ksMrVyIVlHWg9o3Z/3N8hWuZV/3G', 'alumno', 'Anabel Sayuri', 'Balabarca Norabuena', '60281982', true);
INSERT INTO alumnos (id, usuario_id, dni, nombre, apellidos, codigo_barras, aula_id) VALUES ('cea6e5a4-4806-44ac-8d31-aa020abb8b24', '3331726c-5bdb-40b9-a8ea-29f537842936', '60281982', 'Anabel Sayuri', 'Balabarca Norabuena', '602876', 'b5cb3f78-3699-4704-99cc-75c0a6a6c124');
INSERT INTO usuarios (id, email, password_hash, rol, nombre, apellidos, dni, activo) VALUES ('18aaf089-90fe-4f9a-82d3-b18b4de7f445', '616109@academia.edu', '$2b$10$Kt1WXnRsFi4Ux.r1r8SQD.Ps1ksMrVyIVlHWg9o3Z/3N8hWuZV/3G', 'alumno', 'Yuli Jimena', 'Benancio Mendoza', '61612956', true);
INSERT INTO alumnos (id, usuario_id, dni, nombre, apellidos, codigo_barras, aula_id) VALUES ('df05d8b3-bd33-49ff-a9ea-1502d5d12b97', '18aaf089-90fe-4f9a-82d3-b18b4de7f445', '61612956', 'Yuli Jimena', 'Benancio Mendoza', '616109', 'b5cb3f78-3699-4704-99cc-75c0a6a6c124');
INSERT INTO usuarios (id, email, password_hash, rol, nombre, apellidos, dni, activo) VALUES ('a723a2b5-26e7-4fad-aaf6-0caa32e985d4', '603702@academia.edu', '$2b$10$Kt1WXnRsFi4Ux.r1r8SQD.Ps1ksMrVyIVlHWg9o3Z/3N8hWuZV/3G', 'alumno', 'Karel Fernanda', 'Bravo Calero', '60374462', true);
INSERT INTO alumnos (id, usuario_id, dni, nombre, apellidos, codigo_barras, aula_id) VALUES ('e11f3d88-8860-4b12-9f8f-fd6608530ebf', 'a723a2b5-26e7-4fad-aaf6-0caa32e985d4', '60374462', 'Karel Fernanda', 'Bravo Calero', '603702', 'b5cb3f78-3699-4704-99cc-75c0a6a6c124');
INSERT INTO usuarios (id, email, password_hash, rol, nombre, apellidos, dni, activo) VALUES ('81075fe6-2cd3-4dcb-bc8d-9b23b86dd64f', '613616@academia.edu', '$2b$10$Kt1WXnRsFi4Ux.r1r8SQD.Ps1ksMrVyIVlHWg9o3Z/3N8hWuZV/3G', 'alumno', 'Rosmery Luz', 'Bula Bonilla', '61363131', true);
INSERT INTO alumnos (id, usuario_id, dni, nombre, apellidos, codigo_barras, aula_id) VALUES ('88702434-f48c-4eed-ae83-e96df310d564', '81075fe6-2cd3-4dcb-bc8d-9b23b86dd64f', '61363131', 'Rosmery Luz', 'Bula Bonilla', '613616', 'b5cb3f78-3699-4704-99cc-75c0a6a6c124');
INSERT INTO usuarios (id, email, password_hash, rol, nombre, apellidos, dni, activo) VALUES ('0391830e-4d77-4d9f-a021-24b50bf4e37f', '616043@academia.edu', '$2b$10$Kt1WXnRsFi4Ux.r1r8SQD.Ps1ksMrVyIVlHWg9o3Z/3N8hWuZV/3G', 'alumno', 'Mariela Roci', 'Cadillo Alva', '61608270', true);
INSERT INTO alumnos (id, usuario_id, dni, nombre, apellidos, codigo_barras, aula_id) VALUES ('39de25c0-96dc-4a99-8dcf-6ad3b4125b1e', '0391830e-4d77-4d9f-a021-24b50bf4e37f', '61608270', 'Mariela Roci', 'Cadillo Alva', '616043', 'b5cb3f78-3699-4704-99cc-75c0a6a6c124');
INSERT INTO usuarios (id, email, password_hash, rol, nombre, apellidos, dni, activo) VALUES ('8cd362ba-2ea6-46a5-b92f-2f3c775916d0', '612385@academia.edu', '$2b$10$Kt1WXnRsFi4Ux.r1r8SQD.Ps1ksMrVyIVlHWg9o3Z/3N8hWuZV/3G', 'alumno', 'Anjali Xiomara', 'Castro Vergara', '61233126', true);
INSERT INTO alumnos (id, usuario_id, dni, nombre, apellidos, codigo_barras, aula_id) VALUES ('eee3214f-0b39-465a-9b7c-f242e2593e1f', '8cd362ba-2ea6-46a5-b92f-2f3c775916d0', '61233126', 'Anjali Xiomara', 'Castro Vergara', '612385', 'b5cb3f78-3699-4704-99cc-75c0a6a6c124');
INSERT INTO usuarios (id, email, password_hash, rol, nombre, apellidos, dni, activo) VALUES ('3b31d011-a8fb-41f0-a7bf-9f9a1742ba6b', '614748@academia.edu', '$2b$10$Kt1WXnRsFi4Ux.r1r8SQD.Ps1ksMrVyIVlHWg9o3Z/3N8hWuZV/3G', 'alumno', 'Carlos Andres', 'Chavez Linares', '61471475', true);
INSERT INTO alumnos (id, usuario_id, dni, nombre, apellidos, codigo_barras, aula_id) VALUES ('accee5e5-4ddf-4391-8297-1c897a48481c', '3b31d011-a8fb-41f0-a7bf-9f9a1742ba6b', '61471475', 'Carlos Andres', 'Chavez Linares', '614748', 'b5cb3f78-3699-4704-99cc-75c0a6a6c124');
INSERT INTO usuarios (id, email, password_hash, rol, nombre, apellidos, dni, activo) VALUES ('13712c4a-7bdc-47f6-a7a1-7ffc6ecee415', '625118@academia.edu', '$2b$10$Kt1WXnRsFi4Ux.r1r8SQD.Ps1ksMrVyIVlHWg9o3Z/3N8hWuZV/3G', 'alumno', 'Germayony Leonor', 'Chinchay Ccari', '62518544', true);
INSERT INTO alumnos (id, usuario_id, dni, nombre, apellidos, codigo_barras, aula_id) VALUES ('16537fdc-8d96-4ad8-a6bb-d61cf144c57d', '13712c4a-7bdc-47f6-a7a1-7ffc6ecee415', '62518544', 'Germayony Leonor', 'Chinchay Ccari', '625118', 'b5cb3f78-3699-4704-99cc-75c0a6a6c124');
INSERT INTO usuarios (id, email, password_hash, rol, nombre, apellidos, dni, activo) VALUES ('a53e4b53-ef7b-4fe1-aff3-51864c51a81b', '607164@academia.edu', '$2b$10$Kt1WXnRsFi4Ux.r1r8SQD.Ps1ksMrVyIVlHWg9o3Z/3N8hWuZV/3G', 'alumno', 'Yocelina Karla', 'Cruz Cruz', '60711371', true);
INSERT INTO alumnos (id, usuario_id, dni, nombre, apellidos, codigo_barras, aula_id) VALUES ('e4bf40b5-2d9c-4e26-ba57-10acb9396c16', 'a53e4b53-ef7b-4fe1-aff3-51864c51a81b', '60711371', 'Yocelina Karla', 'Cruz Cruz', '607164', 'b5cb3f78-3699-4704-99cc-75c0a6a6c124');
INSERT INTO usuarios (id, email, password_hash, rol, nombre, apellidos, dni, activo) VALUES ('85781523-17c5-4f9c-a5b0-f7edb0292533', '618841@academia.edu', '$2b$10$Kt1WXnRsFi4Ux.r1r8SQD.Ps1ksMrVyIVlHWg9o3Z/3N8hWuZV/3G', 'alumno', 'Mauricio Javier', 'Depaz Yauri', '61880138', true);
INSERT INTO alumnos (id, usuario_id, dni, nombre, apellidos, codigo_barras, aula_id) VALUES ('f703fba1-060e-44d1-a9bd-d2176ae2bbc5', '85781523-17c5-4f9c-a5b0-f7edb0292533', '61880138', 'Mauricio Javier', 'Depaz Yauri', '618841', 'b5cb3f78-3699-4704-99cc-75c0a6a6c124');
INSERT INTO usuarios (id, email, password_hash, rol, nombre, apellidos, dni, activo) VALUES ('20e7d038-9940-4f7c-baed-e13e569c98d5', '604240@academia.edu', '$2b$10$Kt1WXnRsFi4Ux.r1r8SQD.Ps1ksMrVyIVlHWg9o3Z/3N8hWuZV/3G', 'alumno', 'Joshua Marcell', 'Enriquez Yauri', '61409381', true);
INSERT INTO alumnos (id, usuario_id, dni, nombre, apellidos, codigo_barras, aula_id) VALUES ('10fcc337-25ae-4fec-b453-a0c5be23cfca', '20e7d038-9940-4f7c-baed-e13e569c98d5', '61409381', 'Joshua Marcell', 'Enriquez Yauri', '604240', 'b5cb3f78-3699-4704-99cc-75c0a6a6c124');
INSERT INTO usuarios (id, email, password_hash, rol, nombre, apellidos, dni, activo) VALUES ('b7e51946-4f5a-401c-b8da-6b4e1305c28f', '603732@academia.edu', '$2b$10$Kt1WXnRsFi4Ux.r1r8SQD.Ps1ksMrVyIVlHWg9o3Z/3N8hWuZV/3G', 'alumno', 'Luis Alberto', 'Fernandez Aira', '60378116', true);
INSERT INTO alumnos (id, usuario_id, dni, nombre, apellidos, codigo_barras, aula_id) VALUES ('84a0518b-85b1-47f7-8cfe-201f6b299baf', 'b7e51946-4f5a-401c-b8da-6b4e1305c28f', '60378116', 'Luis Alberto', 'Fernandez Aira', '603732', 'b5cb3f78-3699-4704-99cc-75c0a6a6c124');
INSERT INTO usuarios (id, email, password_hash, rol, nombre, apellidos, dni, activo) VALUES ('062cbc99-cd94-4924-adaf-ab507b579652', '603178@academia.edu', '$2b$10$Kt1WXnRsFi4Ux.r1r8SQD.Ps1ksMrVyIVlHWg9o3Z/3N8hWuZV/3G', 'alumno', 'Dayra Marela', 'Fernandez Condor', '60319586', true);
INSERT INTO alumnos (id, usuario_id, dni, nombre, apellidos, codigo_barras, aula_id) VALUES ('6a7a12fa-9aa3-4c13-b627-1b51beeb836e', '062cbc99-cd94-4924-adaf-ab507b579652', '60319586', 'Dayra Marela', 'Fernandez Condor', '603178', 'b5cb3f78-3699-4704-99cc-75c0a6a6c124');
INSERT INTO usuarios (id, email, password_hash, rol, nombre, apellidos, dni, activo) VALUES ('a67ad473-ce46-4847-a67a-f8881afea9b0', '612414@academia.edu', '$2b$10$Kt1WXnRsFi4Ux.r1r8SQD.Ps1ksMrVyIVlHWg9o3Z/3N8hWuZV/3G', 'alumno', 'Waleska Angelina', 'Flores Rosas', '61245258', true);
INSERT INTO alumnos (id, usuario_id, dni, nombre, apellidos, codigo_barras, aula_id) VALUES ('65d3a911-0d23-443b-b45c-46355ec998d2', 'a67ad473-ce46-4847-a67a-f8881afea9b0', '61245258', 'Waleska Angelina', 'Flores Rosas', '612414', 'b5cb3f78-3699-4704-99cc-75c0a6a6c124');
INSERT INTO usuarios (id, email, password_hash, rol, nombre, apellidos, dni, activo) VALUES ('090aaca2-8bab-4441-83a0-dc95209f5cc2', '615116@academia.edu', '$2b$10$Kt1WXnRsFi4Ux.r1r8SQD.Ps1ksMrVyIVlHWg9o3Z/3N8hWuZV/3G', 'alumno', 'Amy Kate', 'Granados Ramirez', '61517345', true);
INSERT INTO alumnos (id, usuario_id, dni, nombre, apellidos, codigo_barras, aula_id) VALUES ('7388675f-c65a-41b2-8162-f330b5e16e5f', '090aaca2-8bab-4441-83a0-dc95209f5cc2', '61517345', 'Amy Kate', 'Granados Ramirez', '615116', 'b5cb3f78-3699-4704-99cc-75c0a6a6c124');
INSERT INTO usuarios (id, email, password_hash, rol, nombre, apellidos, dni, activo) VALUES ('759f70ac-80a4-4cf1-af6c-6f5579dc1015', '615176@academia.edu', '$2b$10$Kt1WXnRsFi4Ux.r1r8SQD.Ps1ksMrVyIVlHWg9o3Z/3N8hWuZV/3G', 'alumno', 'Erika Margarita', 'Guerrero Lopez', '61517384', true);
INSERT INTO alumnos (id, usuario_id, dni, nombre, apellidos, codigo_barras, aula_id) VALUES ('7ee6362f-6206-48ac-a11d-86c61015c41a', '759f70ac-80a4-4cf1-af6c-6f5579dc1015', '61517384', 'Erika Margarita', 'Guerrero Lopez', '615176', 'b5cb3f78-3699-4704-99cc-75c0a6a6c124');
INSERT INTO usuarios (id, email, password_hash, rol, nombre, apellidos, dni, activo) VALUES ('d3b0c5a7-3345-4d9f-acc3-44f0d3e59cc6', '604038@academia.edu', '$2b$10$Kt1WXnRsFi4Ux.r1r8SQD.Ps1ksMrVyIVlHWg9o3Z/3N8hWuZV/3G', 'alumno', 'Deymi Maribel', 'Huamaliano Ocaña', '60407829', true);
INSERT INTO alumnos (id, usuario_id, dni, nombre, apellidos, codigo_barras, aula_id) VALUES ('f002a53e-951a-435a-9a4d-353a11dc01ab', 'd3b0c5a7-3345-4d9f-acc3-44f0d3e59cc6', '60407829', 'Deymi Maribel', 'Huamaliano Ocaña', '604038', 'b5cb3f78-3699-4704-99cc-75c0a6a6c124');
INSERT INTO usuarios (id, email, password_hash, rol, nombre, apellidos, dni, activo) VALUES ('97564b48-e642-4af2-bfe1-afec190933dd', '603781@academia.edu', '$2b$10$Kt1WXnRsFi4Ux.r1r8SQD.Ps1ksMrVyIVlHWg9o3Z/3N8hWuZV/3G', 'alumno', 'Noris Noemi', 'Huaman Julca', '60374465', true);
INSERT INTO alumnos (id, usuario_id, dni, nombre, apellidos, codigo_barras, aula_id) VALUES ('d8de8915-b5ed-4d0b-91a2-7a0ab18e7381', '97564b48-e642-4af2-bfe1-afec190933dd', '60374465', 'Noris Noemi', 'Huaman Julca', '603781', 'b5cb3f78-3699-4704-99cc-75c0a6a6c124');
INSERT INTO usuarios (id, email, password_hash, rol, nombre, apellidos, dni, activo) VALUES ('cb79eabc-84e7-4d1b-b542-0316d5770d7d', '606636@academia.edu', '$2b$10$Kt1WXnRsFi4Ux.r1r8SQD.Ps1ksMrVyIVlHWg9o3Z/3N8hWuZV/3G', 'alumno', 'Katte Kiomi', 'Julca Aranda', '60668666', true);
INSERT INTO alumnos (id, usuario_id, dni, nombre, apellidos, codigo_barras, aula_id) VALUES ('b3afaffc-f722-4072-9966-e186d6ec8cb9', 'cb79eabc-84e7-4d1b-b542-0316d5770d7d', '60668666', 'Katte Kiomi', 'Julca Aranda', '606636', 'b5cb3f78-3699-4704-99cc-75c0a6a6c124');
INSERT INTO usuarios (id, email, password_hash, rol, nombre, apellidos, dni, activo) VALUES ('dfbfe227-4a4a-474d-9022-827853b5a7ae', '602663@academia.edu', '$2b$10$Kt1WXnRsFi4Ux.r1r8SQD.Ps1ksMrVyIVlHWg9o3Z/3N8hWuZV/3G', 'alumno', 'Lucia Fatima', 'Lopez Amez', '60268050', true);
INSERT INTO alumnos (id, usuario_id, dni, nombre, apellidos, codigo_barras, aula_id) VALUES ('ba60d5be-ccb9-41c6-aad3-15fcb12a8681', 'dfbfe227-4a4a-474d-9022-827853b5a7ae', '60268050', 'Lucia Fatima', 'Lopez Amez', '602663', 'b5cb3f78-3699-4704-99cc-75c0a6a6c124');
INSERT INTO usuarios (id, email, password_hash, rol, nombre, apellidos, dni, activo) VALUES ('0246ad47-27c9-414d-985b-c5b83667f95b', '603991@academia.edu', '$2b$10$Kt1WXnRsFi4Ux.r1r8SQD.Ps1ksMrVyIVlHWg9o3Z/3N8hWuZV/3G', 'alumno', 'Dayana Lisceline', 'Maguiña Chavez', '60395146', true);
INSERT INTO alumnos (id, usuario_id, dni, nombre, apellidos, codigo_barras, aula_id) VALUES ('4e9301d4-9f75-4abb-a839-d87ce8bdfa9f', '0246ad47-27c9-414d-985b-c5b83667f95b', '60395146', 'Dayana Lisceline', 'Maguiña Chavez', '603991', 'b5cb3f78-3699-4704-99cc-75c0a6a6c124');
INSERT INTO usuarios (id, email, password_hash, rol, nombre, apellidos, dni, activo) VALUES ('e808e834-9656-48d2-b4a3-c3adacae2657', '606817@academia.edu', '$2b$10$Kt1WXnRsFi4Ux.r1r8SQD.Ps1ksMrVyIVlHWg9o3Z/3N8hWuZV/3G', 'alumno', 'Elida Orfelinda', 'Mayo Sanchez', '60682941', true);
INSERT INTO alumnos (id, usuario_id, dni, nombre, apellidos, codigo_barras, aula_id) VALUES ('511e3067-8e3f-412a-8c18-0b15d1ffc83b', 'e808e834-9656-48d2-b4a3-c3adacae2657', '60682941', 'Elida Orfelinda', 'Mayo Sanchez', '606817', 'b5cb3f78-3699-4704-99cc-75c0a6a6c124');
INSERT INTO usuarios (id, email, password_hash, rol, nombre, apellidos, dni, activo) VALUES ('f788b04c-f6f6-4d99-9944-71e991ba75f0', '604056@academia.edu', '$2b$10$Kt1WXnRsFi4Ux.r1r8SQD.Ps1ksMrVyIVlHWg9o3Z/3N8hWuZV/3G', 'alumno', 'Nahelly Milagros', 'Mego Marchena', '60400566', true);
INSERT INTO alumnos (id, usuario_id, dni, nombre, apellidos, codigo_barras, aula_id) VALUES ('35b90cf0-dd88-4856-aaf6-51293e41214d', 'f788b04c-f6f6-4d99-9944-71e991ba75f0', '60400566', 'Nahelly Milagros', 'Mego Marchena', '604056', 'b5cb3f78-3699-4704-99cc-75c0a6a6c124');
INSERT INTO usuarios (id, email, password_hash, rol, nombre, apellidos, dni, activo) VALUES ('783c368f-2b66-491b-9700-61659c60a072', '616426@academia.edu', '$2b$10$Kt1WXnRsFi4Ux.r1r8SQD.Ps1ksMrVyIVlHWg9o3Z/3N8hWuZV/3G', 'alumno', 'Liliana Blanca Cristina', 'Mejia Carlos', '61644559', true);
INSERT INTO alumnos (id, usuario_id, dni, nombre, apellidos, codigo_barras, aula_id) VALUES ('5586721a-9bfa-4c14-afe6-82e0379eea53', '783c368f-2b66-491b-9700-61659c60a072', '61644559', 'Liliana Blanca Cristina', 'Mejia Carlos', '616426', 'b5cb3f78-3699-4704-99cc-75c0a6a6c124');
INSERT INTO usuarios (id, email, password_hash, rol, nombre, apellidos, dni, activo) VALUES ('1014f4e7-4f37-4df0-923f-20eeca2072ba', '603524@academia.edu', '$2b$10$Kt1WXnRsFi4Ux.r1r8SQD.Ps1ksMrVyIVlHWg9o3Z/3N8hWuZV/3G', 'alumno', 'Janeth Sonia', 'Mena Ramirez', '60357081', true);
INSERT INTO alumnos (id, usuario_id, dni, nombre, apellidos, codigo_barras, aula_id) VALUES ('4ac717fa-1bd6-49f6-8d5d-e1a0d0474052', '1014f4e7-4f37-4df0-923f-20eeca2072ba', '60357081', 'Janeth Sonia', 'Mena Ramirez', '603524', 'b5cb3f78-3699-4704-99cc-75c0a6a6c124');
INSERT INTO usuarios (id, email, password_hash, rol, nombre, apellidos, dni, activo) VALUES ('0156aff0-6e24-4d7e-9e97-c5e340160ff1', '600272@academia.edu', '$2b$10$Kt1WXnRsFi4Ux.r1r8SQD.Ps1ksMrVyIVlHWg9o3Z/3N8hWuZV/3G', 'alumno', 'Annie Yoli', 'Mendoza Mozombite', '60028222', true);
INSERT INTO alumnos (id, usuario_id, dni, nombre, apellidos, codigo_barras, aula_id) VALUES ('22644003-259a-4d9e-90bd-0951a9faed8d', '0156aff0-6e24-4d7e-9e97-c5e340160ff1', '60028222', 'Annie Yoli', 'Mendoza Mozombite', '600272', 'b5cb3f78-3699-4704-99cc-75c0a6a6c124');
INSERT INTO usuarios (id, email, password_hash, rol, nombre, apellidos, dni, activo) VALUES ('29332f30-462c-4584-96dc-ec6db8efab82', '601271@academia.edu', '$2b$10$Kt1WXnRsFi4Ux.r1r8SQD.Ps1ksMrVyIVlHWg9o3Z/3N8hWuZV/3G', 'alumno', 'Mery Yulissa', 'Morales Jimenez', '60128179', true);
INSERT INTO alumnos (id, usuario_id, dni, nombre, apellidos, codigo_barras, aula_id) VALUES ('770da879-619d-425e-9257-4b5f27f413a3', '29332f30-462c-4584-96dc-ec6db8efab82', '60128179', 'Mery Yulissa', 'Morales Jimenez', '601271', 'b5cb3f78-3699-4704-99cc-75c0a6a6c124');
INSERT INTO usuarios (id, email, password_hash, rol, nombre, apellidos, dni, activo) VALUES ('f764b400-9900-402d-8949-9dbf774ef20a', '601204@academia.edu', '$2b$10$Kt1WXnRsFi4Ux.r1r8SQD.Ps1ksMrVyIVlHWg9o3Z/3N8hWuZV/3G', 'alumno', 'Cristina Adela', 'Morales Solorzano', '60123461', true);
INSERT INTO alumnos (id, usuario_id, dni, nombre, apellidos, codigo_barras, aula_id) VALUES ('0537cbe5-90c9-4c43-8844-240453024008', 'f764b400-9900-402d-8949-9dbf774ef20a', '60123461', 'Cristina Adela', 'Morales Solorzano', '601204', 'b5cb3f78-3699-4704-99cc-75c0a6a6c124');
INSERT INTO usuarios (id, email, password_hash, rol, nombre, apellidos, dni, activo) VALUES ('daaeff82-fb6f-4a0a-b6ae-8d976678ddd2', '755800@academia.edu', '$2b$10$Kt1WXnRsFi4Ux.r1r8SQD.Ps1ksMrVyIVlHWg9o3Z/3N8hWuZV/3G', 'alumno', 'Yoselin Lorena', 'Moreno Chinchay', '75583608', true);
INSERT INTO alumnos (id, usuario_id, dni, nombre, apellidos, codigo_barras, aula_id) VALUES ('628ddd7e-7e05-4698-b2a3-4b780644dbd8', 'daaeff82-fb6f-4a0a-b6ae-8d976678ddd2', '75583608', 'Yoselin Lorena', 'Moreno Chinchay', '755800', 'b5cb3f78-3699-4704-99cc-75c0a6a6c124');
INSERT INTO usuarios (id, email, password_hash, rol, nombre, apellidos, dni, activo) VALUES ('f8bb405a-c6b3-4391-8086-7672811a7c31', '723869@academia.edu', '$2b$10$Kt1WXnRsFi4Ux.r1r8SQD.Ps1ksMrVyIVlHWg9o3Z/3N8hWuZV/3G', 'alumno', 'Llioson Mayqui', 'Ñope Calzado', '72384751', true);
INSERT INTO alumnos (id, usuario_id, dni, nombre, apellidos, codigo_barras, aula_id) VALUES ('7f7fe46c-0a79-484d-9230-ffedf4b1adb0', 'f8bb405a-c6b3-4391-8086-7672811a7c31', '72384751', 'Llioson Mayqui', 'Ñope Calzado', '723869', 'b5cb3f78-3699-4704-99cc-75c0a6a6c124');
INSERT INTO usuarios (id, email, password_hash, rol, nombre, apellidos, dni, activo) VALUES ('abeb41c4-a616-406f-8d6e-6a62122d1ce1', '603316@academia.edu', '$2b$10$Kt1WXnRsFi4Ux.r1r8SQD.Ps1ksMrVyIVlHWg9o3Z/3N8hWuZV/3G', 'alumno', 'Karma Anali', 'Olivares Trujillo', '60336883', true);
INSERT INTO alumnos (id, usuario_id, dni, nombre, apellidos, codigo_barras, aula_id) VALUES ('c933bbf2-d80e-4063-b3f9-1a729e5eabff', 'abeb41c4-a616-406f-8d6e-6a62122d1ce1', '60336883', 'Karma Anali', 'Olivares Trujillo', '603316', 'b5cb3f78-3699-4704-99cc-75c0a6a6c124');
INSERT INTO usuarios (id, email, password_hash, rol, nombre, apellidos, dni, activo) VALUES ('ed405d56-56da-4f06-8ce8-dd5e5a907a88', '619402@academia.edu', '$2b$10$Kt1WXnRsFi4Ux.r1r8SQD.Ps1ksMrVyIVlHWg9o3Z/3N8hWuZV/3G', 'alumno', 'Yasmin', 'Osorio Herrera', '61943578', true);
INSERT INTO alumnos (id, usuario_id, dni, nombre, apellidos, codigo_barras, aula_id) VALUES ('af708e3d-7703-41bf-8a57-e8a00b95e497', 'ed405d56-56da-4f06-8ce8-dd5e5a907a88', '61943578', 'Yasmin', 'Osorio Herrera', '619402', 'b5cb3f78-3699-4704-99cc-75c0a6a6c124');
INSERT INTO usuarios (id, email, password_hash, rol, nombre, apellidos, dni, activo) VALUES ('e643da59-0af6-4b4f-8a55-4a6b69fc5bf9', '731603@academia.edu', '$2b$10$Kt1WXnRsFi4Ux.r1r8SQD.Ps1ksMrVyIVlHWg9o3Z/3N8hWuZV/3G', 'alumno', 'Lizaret Isidora', 'Paira Cruz', '73162267', true);
INSERT INTO alumnos (id, usuario_id, dni, nombre, apellidos, codigo_barras, aula_id) VALUES ('fa71b92c-2ed5-4309-a71a-77044ae0664d', 'e643da59-0af6-4b4f-8a55-4a6b69fc5bf9', '73162267', 'Lizaret Isidora', 'Paira Cruz', '731603', 'b5cb3f78-3699-4704-99cc-75c0a6a6c124');
INSERT INTO usuarios (id, email, password_hash, rol, nombre, apellidos, dni, activo) VALUES ('3f0b2824-9904-42f4-8da6-7d4a175cf0e9', '603978@academia.edu', '$2b$10$Kt1WXnRsFi4Ux.r1r8SQD.Ps1ksMrVyIVlHWg9o3Z/3N8hWuZV/3G', 'alumno', 'Ayelen Amira', 'Poma Miñano', '60395111', true);
INSERT INTO alumnos (id, usuario_id, dni, nombre, apellidos, codigo_barras, aula_id) VALUES ('fd2d01f1-c6b3-406b-9c40-7829dd62c42c', '3f0b2824-9904-42f4-8da6-7d4a175cf0e9', '60395111', 'Ayelen Amira', 'Poma Miñano', '603978', 'b5cb3f78-3699-4704-99cc-75c0a6a6c124');
INSERT INTO usuarios (id, email, password_hash, rol, nombre, apellidos, dni, activo) VALUES ('55d796af-9447-4467-a985-a7b1c8c6870b', '606973@academia.edu', '$2b$10$Kt1WXnRsFi4Ux.r1r8SQD.Ps1ksMrVyIVlHWg9o3Z/3N8hWuZV/3G', 'alumno', 'Claribel Ayelin', 'Ramos Buiza', '60695081', true);
INSERT INTO alumnos (id, usuario_id, dni, nombre, apellidos, codigo_barras, aula_id) VALUES ('68b1e1d0-2e6b-497e-bfb4-525667b96a51', '55d796af-9447-4467-a985-a7b1c8c6870b', '60695081', 'Claribel Ayelin', 'Ramos Buiza', '606973', 'b5cb3f78-3699-4704-99cc-75c0a6a6c124');
INSERT INTO usuarios (id, email, password_hash, rol, nombre, apellidos, dni, activo) VALUES ('0f18065f-eb94-4c35-ad8a-38734603356f', '601267@academia.edu', '$2b$10$Kt1WXnRsFi4Ux.r1r8SQD.Ps1ksMrVyIVlHWg9o3Z/3N8hWuZV/3G', 'alumno', 'Tatia Maribel', 'Retuerto Jaramillo', '60126481', true);
INSERT INTO alumnos (id, usuario_id, dni, nombre, apellidos, codigo_barras, aula_id) VALUES ('7543a3cd-5632-4d60-b2c8-de93c36d3e43', '0f18065f-eb94-4c35-ad8a-38734603356f', '60126481', 'Tatia Maribel', 'Retuerto Jaramillo', '601267', 'b5cb3f78-3699-4704-99cc-75c0a6a6c124');
INSERT INTO usuarios (id, email, password_hash, rol, nombre, apellidos, dni, activo) VALUES ('3fb61ebe-1c2b-453c-835d-6fed87db0fd2', '615197@academia.edu', '$2b$10$Kt1WXnRsFi4Ux.r1r8SQD.Ps1ksMrVyIVlHWg9o3Z/3N8hWuZV/3G', 'alumno', 'Nicoll Medalit', 'Rivas Barreto', '61517302', true);
INSERT INTO alumnos (id, usuario_id, dni, nombre, apellidos, codigo_barras, aula_id) VALUES ('198d285a-e2cf-4c26-a4db-a8121f14d645', '3fb61ebe-1c2b-453c-835d-6fed87db0fd2', '61517302', 'Nicoll Medalit', 'Rivas Barreto', '615197', 'b5cb3f78-3699-4704-99cc-75c0a6a6c124');
INSERT INTO usuarios (id, email, password_hash, rol, nombre, apellidos, dni, activo) VALUES ('dbdec492-f452-4671-baaf-3238f3bc1315', '606957@academia.edu', '$2b$10$Kt1WXnRsFi4Ux.r1r8SQD.Ps1ksMrVyIVlHWg9o3Z/3N8hWuZV/3G', 'alumno', 'Anabel Paloma', 'Rivera Veramendi', '60691902', true);
INSERT INTO alumnos (id, usuario_id, dni, nombre, apellidos, codigo_barras, aula_id) VALUES ('933da192-3108-4201-9c8d-324cb7f0e901', 'dbdec492-f452-4671-baaf-3238f3bc1315', '60691902', 'Anabel Paloma', 'Rivera Veramendi', '606957', 'b5cb3f78-3699-4704-99cc-75c0a6a6c124');
INSERT INTO usuarios (id, email, password_hash, rol, nombre, apellidos, dni, activo) VALUES ('998fc448-c2b2-4a51-ab74-2196f05758cc', '614045@academia.edu', '$2b$10$Kt1WXnRsFi4Ux.r1r8SQD.Ps1ksMrVyIVlHWg9o3Z/3N8hWuZV/3G', 'alumno', 'Alison Tatiana', 'Rosales Villanueva', '61409462', true);
INSERT INTO alumnos (id, usuario_id, dni, nombre, apellidos, codigo_barras, aula_id) VALUES ('e24e0af0-2eef-4cd7-a452-5f0bf9981754', '998fc448-c2b2-4a51-ab74-2196f05758cc', '61409462', 'Alison Tatiana', 'Rosales Villanueva', '614045', 'b5cb3f78-3699-4704-99cc-75c0a6a6c124');
INSERT INTO usuarios (id, email, password_hash, rol, nombre, apellidos, dni, activo) VALUES ('b6d033f6-a368-45e2-a87a-002cff6e3def', '614226@academia.edu', '$2b$10$Kt1WXnRsFi4Ux.r1r8SQD.Ps1ksMrVyIVlHWg9o3Z/3N8hWuZV/3G', 'alumno', 'Susan Gabriela', 'Rosas Baylon', '61429133', true);
INSERT INTO alumnos (id, usuario_id, dni, nombre, apellidos, codigo_barras, aula_id) VALUES ('fae09f21-905d-4761-b438-ceefe7eab02b', 'b6d033f6-a368-45e2-a87a-002cff6e3def', '61429133', 'Susan Gabriela', 'Rosas Baylon', '614226', 'b5cb3f78-3699-4704-99cc-75c0a6a6c124');
INSERT INTO usuarios (id, email, password_hash, rol, nombre, apellidos, dni, activo) VALUES ('3da973eb-2576-470a-bcc6-e8480b057e37', '743891@academia.edu', '$2b$10$Kt1WXnRsFi4Ux.r1r8SQD.Ps1ksMrVyIVlHWg9o3Z/3N8hWuZV/3G', 'alumno', 'Harrison Sidane', 'Sanchez Morales', '74385985', true);
INSERT INTO alumnos (id, usuario_id, dni, nombre, apellidos, codigo_barras, aula_id) VALUES ('acb04f17-5b55-4abd-908a-08bc073b66ec', '3da973eb-2576-470a-bcc6-e8480b057e37', '74385985', 'Harrison Sidane', 'Sanchez Morales', '743891', 'b5cb3f78-3699-4704-99cc-75c0a6a6c124');
INSERT INTO usuarios (id, email, password_hash, rol, nombre, apellidos, dni, activo) VALUES ('24be98ab-0e99-43b8-9319-51b1e02bc5d9', '600211@academia.edu', '$2b$10$Kt1WXnRsFi4Ux.r1r8SQD.Ps1ksMrVyIVlHWg9o3Z/3N8hWuZV/3G', 'alumno', 'Daen Maely', 'Torres Hurtado', '60022041', true);
INSERT INTO alumnos (id, usuario_id, dni, nombre, apellidos, codigo_barras, aula_id) VALUES ('91e66bd0-8940-4e0b-8f85-7dc4822e03f2', '24be98ab-0e99-43b8-9319-51b1e02bc5d9', '60022041', 'Daen Maely', 'Torres Hurtado', '600211', 'b5cb3f78-3699-4704-99cc-75c0a6a6c124');
INSERT INTO usuarios (id, email, password_hash, rol, nombre, apellidos, dni, activo) VALUES ('cfe96223-818b-47af-aaba-2e99e2b97cd3', '606775@academia.edu', '$2b$10$Kt1WXnRsFi4Ux.r1r8SQD.Ps1ksMrVyIVlHWg9o3Z/3N8hWuZV/3G', 'alumno', 'Ximena Marisol', 'Trujillo Malvas', '60677230', true);
INSERT INTO alumnos (id, usuario_id, dni, nombre, apellidos, codigo_barras, aula_id) VALUES ('ce4df99c-263a-4d8f-820d-c5d4c3bbf840', 'cfe96223-818b-47af-aaba-2e99e2b97cd3', '60677230', 'Ximena Marisol', 'Trujillo Malvas', '606775', 'b5cb3f78-3699-4704-99cc-75c0a6a6c124');
INSERT INTO usuarios (id, email, password_hash, rol, nombre, apellidos, dni, activo) VALUES ('e30eb372-e5ab-4d9d-b4bf-b64fcdb8aa41', '606184@academia.edu', '$2b$10$Kt1WXnRsFi4Ux.r1r8SQD.Ps1ksMrVyIVlHWg9o3Z/3N8hWuZV/3G', 'alumno', 'Yeral Monica', 'Veramendi Calancho', '60611373', true);
INSERT INTO alumnos (id, usuario_id, dni, nombre, apellidos, codigo_barras, aula_id) VALUES ('5fd5ed5b-6937-4a7a-a8d4-5ffa8d7c2714', 'e30eb372-e5ab-4d9d-b4bf-b64fcdb8aa41', '60611373', 'Yeral Monica', 'Veramendi Calancho', '606184', 'b5cb3f78-3699-4704-99cc-75c0a6a6c124');
INSERT INTO usuarios (id, email, password_hash, rol, nombre, apellidos, dni, activo) VALUES ('6ddab927-27c9-4d86-a27f-a364f77594b1', '613653@academia.edu', '$2b$10$Kt1WXnRsFi4Ux.r1r8SQD.Ps1ksMrVyIVlHWg9o3Z/3N8hWuZV/3G', 'alumno', 'Yudit Angela', 'Yucyuc Jimenez', '61363066', true);
INSERT INTO alumnos (id, usuario_id, dni, nombre, apellidos, codigo_barras, aula_id) VALUES ('ee586752-7be2-4097-bfb9-28268383a5dd', '6ddab927-27c9-4d86-a27f-a364f77594b1', '61363066', 'Yudit Angela', 'Yucyuc Jimenez', '613653', 'b5cb3f78-3699-4704-99cc-75c0a6a6c124');
INSERT INTO usuarios (id, email, password_hash, rol, nombre, apellidos, dni, activo) VALUES ('7c05249d-751e-482c-988a-5c5722f6f07f', '601235@academia.edu', '$2b$10$Kt1WXnRsFi4Ux.r1r8SQD.Ps1ksMrVyIVlHWg9o3Z/3N8hWuZV/3G', 'alumno', 'Nayely Nataly', 'Aguilar Bartolome', '60123628', true);
INSERT INTO alumnos (id, usuario_id, dni, nombre, apellidos, codigo_barras, aula_id) VALUES ('920be3ae-cad0-4887-acf2-1b5a05e2fd3e', '7c05249d-751e-482c-988a-5c5722f6f07f', '60123628', 'Nayely Nataly', 'Aguilar Bartolome', '601235', '86f11312-1ea6-4414-8379-9ae0ccbd6874');
INSERT INTO usuarios (id, email, password_hash, rol, nombre, apellidos, dni, activo) VALUES ('a3662a46-3b4e-4fb8-b32c-c566482ac816', '703659@academia.edu', '$2b$10$Kt1WXnRsFi4Ux.r1r8SQD.Ps1ksMrVyIVlHWg9o3Z/3N8hWuZV/3G', 'alumno', 'Rosli Sell', 'Alegre Espiritu', '70361695', true);
INSERT INTO alumnos (id, usuario_id, dni, nombre, apellidos, codigo_barras, aula_id) VALUES ('6a46e886-4038-480f-b119-c63e8495146a', 'a3662a46-3b4e-4fb8-b32c-c566482ac816', '70361695', 'Rosli Sell', 'Alegre Espiritu', '703659', '86f11312-1ea6-4414-8379-9ae0ccbd6874');
INSERT INTO usuarios (id, email, password_hash, rol, nombre, apellidos, dni, activo) VALUES ('12ba0340-7829-4c7c-b74f-5b6779d37f74', '763906@academia.edu', '$2b$10$Kt1WXnRsFi4Ux.r1r8SQD.Ps1ksMrVyIVlHWg9o3Z/3N8hWuZV/3G', 'alumno', 'Evelyn Angelica', 'Angeles Cabana', '76392205', true);
INSERT INTO alumnos (id, usuario_id, dni, nombre, apellidos, codigo_barras, aula_id) VALUES ('8c572be2-9b35-47b9-83f1-305da732d63a', '12ba0340-7829-4c7c-b74f-5b6779d37f74', '76392205', 'Evelyn Angelica', 'Angeles Cabana', '763906', '86f11312-1ea6-4414-8379-9ae0ccbd6874');
INSERT INTO usuarios (id, email, password_hash, rol, nombre, apellidos, dni, activo) VALUES ('63889e0e-e8b1-44d3-ac0e-fbe875852e20', '614838@academia.edu', '$2b$10$Kt1WXnRsFi4Ux.r1r8SQD.Ps1ksMrVyIVlHWg9o3Z/3N8hWuZV/3G', 'alumno', 'Alexandra Ibeth', 'Aponte Tadeo', '61480063', true);
INSERT INTO alumnos (id, usuario_id, dni, nombre, apellidos, codigo_barras, aula_id) VALUES ('828ec9f1-f15a-476b-8993-f454b447f800', '63889e0e-e8b1-44d3-ac0e-fbe875852e20', '61480063', 'Alexandra Ibeth', 'Aponte Tadeo', '614838', '86f11312-1ea6-4414-8379-9ae0ccbd6874');
INSERT INTO usuarios (id, email, password_hash, rol, nombre, apellidos, dni, activo) VALUES ('fbeecc0f-46c9-4b38-9267-672d01624099', '620103@academia.edu', '$2b$10$Kt1WXnRsFi4Ux.r1r8SQD.Ps1ksMrVyIVlHWg9o3Z/3N8hWuZV/3G', 'alumno', 'Sebastian Damon', 'Blanco Saenz', '62015017', true);
INSERT INTO alumnos (id, usuario_id, dni, nombre, apellidos, codigo_barras, aula_id) VALUES ('b91c4ab5-1326-4aae-a6fe-218ad41ff341', 'fbeecc0f-46c9-4b38-9267-672d01624099', '62015017', 'Sebastian Damon', 'Blanco Saenz', '620103', '86f11312-1ea6-4414-8379-9ae0ccbd6874');
INSERT INTO usuarios (id, email, password_hash, rol, nombre, apellidos, dni, activo) VALUES ('103e0466-a6b8-4882-9ca0-d0b3d7345147', '613210@academia.edu', '$2b$10$Kt1WXnRsFi4Ux.r1r8SQD.Ps1ksMrVyIVlHWg9o3Z/3N8hWuZV/3G', 'alumno', 'Geampool Fernando', 'Casio Mendoza', '61321690', true);
INSERT INTO alumnos (id, usuario_id, dni, nombre, apellidos, codigo_barras, aula_id) VALUES ('7fa8f2ec-68a8-4103-9558-385c7545e210', '103e0466-a6b8-4882-9ca0-d0b3d7345147', '61321690', 'Geampool Fernando', 'Casio Mendoza', '613210', '86f11312-1ea6-4414-8379-9ae0ccbd6874');
INSERT INTO usuarios (id, email, password_hash, rol, nombre, apellidos, dni, activo) VALUES ('d25c4768-f9de-425d-827b-f73608c69ee9', '613141@academia.edu', '$2b$10$Kt1WXnRsFi4Ux.r1r8SQD.Ps1ksMrVyIVlHWg9o3Z/3N8hWuZV/3G', 'alumno', 'Misky Paola', 'Celmi Gomez', '61314674', true);
INSERT INTO alumnos (id, usuario_id, dni, nombre, apellidos, codigo_barras, aula_id) VALUES ('4527321a-8d95-41f6-8395-5054f1cd74ac', 'd25c4768-f9de-425d-827b-f73608c69ee9', '61314674', 'Misky Paola', 'Celmi Gomez', '613141', '86f11312-1ea6-4414-8379-9ae0ccbd6874');
INSERT INTO usuarios (id, email, password_hash, rol, nombre, apellidos, dni, activo) VALUES ('d30415e6-8fcc-4f3e-a965-c210e82139ea', '607434@academia.edu', '$2b$10$Kt1WXnRsFi4Ux.r1r8SQD.Ps1ksMrVyIVlHWg9o3Z/3N8hWuZV/3G', 'alumno', 'Valeria', 'Cerna Canon', '60740160', true);
INSERT INTO alumnos (id, usuario_id, dni, nombre, apellidos, codigo_barras, aula_id) VALUES ('09258a5a-3d95-48ba-b1ad-a6cb20dc36b4', 'd30415e6-8fcc-4f3e-a965-c210e82139ea', '60740160', 'Valeria', 'Cerna Canon', '607434', '86f11312-1ea6-4414-8379-9ae0ccbd6874');
INSERT INTO usuarios (id, email, password_hash, rol, nombre, apellidos, dni, activo) VALUES ('84230be1-ee8a-4486-9207-72fba47db13b', '600253@academia.edu', '$2b$10$Kt1WXnRsFi4Ux.r1r8SQD.Ps1ksMrVyIVlHWg9o3Z/3N8hWuZV/3G', 'alumno', 'Evelin Zarai', 'Cerrate Copertino', '60024848', true);
INSERT INTO alumnos (id, usuario_id, dni, nombre, apellidos, codigo_barras, aula_id) VALUES ('453ee81b-1375-4c7c-ad71-bd2da1f961f4', '84230be1-ee8a-4486-9207-72fba47db13b', '60024848', 'Evelin Zarai', 'Cerrate Copertino', '600253', '86f11312-1ea6-4414-8379-9ae0ccbd6874');
INSERT INTO usuarios (id, email, password_hash, rol, nombre, apellidos, dni, activo) VALUES ('9520b946-1639-4c8c-99ac-3e568cb2ef4e', '606978@academia.edu', '$2b$10$Kt1WXnRsFi4Ux.r1r8SQD.Ps1ksMrVyIVlHWg9o3Z/3N8hWuZV/3G', 'alumno', 'Ruth Zaray', 'Chavez Chavez', '60691865', true);
INSERT INTO alumnos (id, usuario_id, dni, nombre, apellidos, codigo_barras, aula_id) VALUES ('6535e812-6d96-44b4-a2f7-c93f3a9f9972', '9520b946-1639-4c8c-99ac-3e568cb2ef4e', '60691865', 'Ruth Zaray', 'Chavez Chavez', '606978', '86f11312-1ea6-4414-8379-9ae0ccbd6874');
INSERT INTO usuarios (id, email, password_hash, rol, nombre, apellidos, dni, activo) VALUES ('65837db7-5fb6-42d2-a740-d7eb1769b446', '606090@academia.edu', '$2b$10$Kt1WXnRsFi4Ux.r1r8SQD.Ps1ksMrVyIVlHWg9o3Z/3N8hWuZV/3G', 'alumno', 'Milagros Guadalupe', 'Chavez Nieto', '60609265', true);
INSERT INTO alumnos (id, usuario_id, dni, nombre, apellidos, codigo_barras, aula_id) VALUES ('2acf59e8-3753-4e16-b1a2-4b9848d6471c', '65837db7-5fb6-42d2-a740-d7eb1769b446', '60609265', 'Milagros Guadalupe', 'Chavez Nieto', '606090', '86f11312-1ea6-4414-8379-9ae0ccbd6874');
INSERT INTO usuarios (id, email, password_hash, rol, nombre, apellidos, dni, activo) VALUES ('bd1f7526-77ce-4475-b6ad-d837b528710d', '606797@academia.edu', '$2b$10$Kt1WXnRsFi4Ux.r1r8SQD.Ps1ksMrVyIVlHWg9o3Z/3N8hWuZV/3G', 'alumno', 'Annay Asuncion', 'De La Cruz Chavez', '60672310', true);
INSERT INTO alumnos (id, usuario_id, dni, nombre, apellidos, codigo_barras, aula_id) VALUES ('a8a1cea3-2f38-4553-b609-77a0aea75bdb', 'bd1f7526-77ce-4475-b6ad-d837b528710d', '60672310', 'Annay Asuncion', 'De La Cruz Chavez', '606797', '86f11312-1ea6-4414-8379-9ae0ccbd6874');
INSERT INTO usuarios (id, email, password_hash, rol, nombre, apellidos, dni, activo) VALUES ('51aaf4c7-1519-435a-b1a0-e1c35a90ecdf', '601265@academia.edu', '$2b$10$Kt1WXnRsFi4Ux.r1r8SQD.Ps1ksMrVyIVlHWg9o3Z/3N8hWuZV/3G', 'alumno', 'Yessi Alicia', 'Delgado Julca', '60123767', true);
INSERT INTO alumnos (id, usuario_id, dni, nombre, apellidos, codigo_barras, aula_id) VALUES ('debccf9e-ad8d-4670-9dcf-6df09f83ebdb', '51aaf4c7-1519-435a-b1a0-e1c35a90ecdf', '60123767', 'Yessi Alicia', 'Delgado Julca', '601265', '86f11312-1ea6-4414-8379-9ae0ccbd6874');
INSERT INTO usuarios (id, email, password_hash, rol, nombre, apellidos, dni, activo) VALUES ('da9ad0e5-6602-4d55-a293-10f45a26b6b4', '610817@academia.edu', '$2b$10$Kt1WXnRsFi4Ux.r1r8SQD.Ps1ksMrVyIVlHWg9o3Z/3N8hWuZV/3G', 'alumno', 'Sergio Derek', 'Depaz Gamarra', '61080736', true);
INSERT INTO alumnos (id, usuario_id, dni, nombre, apellidos, codigo_barras, aula_id) VALUES ('1732b4da-9636-4586-bb41-f7d9c543d327', 'da9ad0e5-6602-4d55-a293-10f45a26b6b4', '61080736', 'Sergio Derek', 'Depaz Gamarra', '610817', '86f11312-1ea6-4414-8379-9ae0ccbd6874');
INSERT INTO usuarios (id, email, password_hash, rol, nombre, apellidos, dni, activo) VALUES ('671abb8d-a209-4baf-8c0a-722a23f4ce7c', '729859@academia.edu', '$2b$10$Kt1WXnRsFi4Ux.r1r8SQD.Ps1ksMrVyIVlHWg9o3Z/3N8hWuZV/3G', 'alumno', 'Adriann', 'Dietrich Granda', '72987067', true);
INSERT INTO alumnos (id, usuario_id, dni, nombre, apellidos, codigo_barras, aula_id) VALUES ('eafc52f9-bae9-4329-89fd-be6a0ba56c71', '671abb8d-a209-4baf-8c0a-722a23f4ce7c', '72987067', 'Adriann', 'Dietrich Granda', '729859', '86f11312-1ea6-4414-8379-9ae0ccbd6874');
INSERT INTO usuarios (id, email, password_hash, rol, nombre, apellidos, dni, activo) VALUES ('def38ed4-2a69-408e-ae67-ed5c2bba114d', '614451@academia.edu', '$2b$10$Kt1WXnRsFi4Ux.r1r8SQD.Ps1ksMrVyIVlHWg9o3Z/3N8hWuZV/3G', 'alumno', 'Noemi Rosmery', 'Encarnacion Tolentino', '61447673', true);
INSERT INTO alumnos (id, usuario_id, dni, nombre, apellidos, codigo_barras, aula_id) VALUES ('97c09b0a-3a62-4ef2-b02a-1b3a5fffe7e5', 'def38ed4-2a69-408e-ae67-ed5c2bba114d', '61447673', 'Noemi Rosmery', 'Encarnacion Tolentino', '614451', '86f11312-1ea6-4414-8379-9ae0ccbd6874');
INSERT INTO usuarios (id, email, password_hash, rol, nombre, apellidos, dni, activo) VALUES ('60df373a-517c-41af-b94d-4cf6f13965d5', '616756@academia.edu', '$2b$10$Kt1WXnRsFi4Ux.r1r8SQD.Ps1ksMrVyIVlHWg9o3Z/3N8hWuZV/3G', 'alumno', 'Yanina Azumi', 'Enrique Asencios', '61678216', true);
INSERT INTO alumnos (id, usuario_id, dni, nombre, apellidos, codigo_barras, aula_id) VALUES ('bc961b18-c616-470b-9373-6bfe46af7c36', '60df373a-517c-41af-b94d-4cf6f13965d5', '61678216', 'Yanina Azumi', 'Enrique Asencios', '616756', '86f11312-1ea6-4414-8379-9ae0ccbd6874');
INSERT INTO usuarios (id, email, password_hash, rol, nombre, apellidos, dni, activo) VALUES ('59496ef8-e801-4671-b7af-4213deffe2c9', '610668@academia.edu', '$2b$10$Kt1WXnRsFi4Ux.r1r8SQD.Ps1ksMrVyIVlHWg9o3Z/3N8hWuZV/3G', 'alumno', 'David', 'Fernandez Cubos', '61064076', true);
INSERT INTO alumnos (id, usuario_id, dni, nombre, apellidos, codigo_barras, aula_id) VALUES ('3d6e0bf9-d173-4a3d-8578-2e281c97c6df', '59496ef8-e801-4671-b7af-4213deffe2c9', '61064076', 'David', 'Fernandez Cubos', '610668', '86f11312-1ea6-4414-8379-9ae0ccbd6874');
INSERT INTO usuarios (id, email, password_hash, rol, nombre, apellidos, dni, activo) VALUES ('d1765ad0-adf8-4b61-8133-a01535dbb5e7', '000001@academia.edu', '$2b$10$Kt1WXnRsFi4Ux.r1r8SQD.Ps1ksMrVyIVlHWg9o3Z/3N8hWuZV/3G', 'alumno', 'Demma Emily', 'Fernandez Canares', '62100346', true);
INSERT INTO alumnos (id, usuario_id, dni, nombre, apellidos, codigo_barras, aula_id) VALUES ('12ae23ad-901b-4779-9e05-05044c0ac7af', 'd1765ad0-adf8-4b61-8133-a01535dbb5e7', '62100346', 'Demma Emily', 'Fernandez Canares', '000001', '86f11312-1ea6-4414-8379-9ae0ccbd6874');
INSERT INTO usuarios (id, email, password_hash, rol, nombre, apellidos, dni, activo) VALUES ('7454bda6-92f7-494c-8fd9-be8534f6909e', '602728@academia.edu', '$2b$10$Kt1WXnRsFi4Ux.r1r8SQD.Ps1ksMrVyIVlHWg9o3Z/3N8hWuZV/3G', 'alumno', 'Maili Victoria', 'Garcia Paucar', '60274740', true);
INSERT INTO alumnos (id, usuario_id, dni, nombre, apellidos, codigo_barras, aula_id) VALUES ('48c26eeb-8bf0-48ff-99a3-aa09a8ead8e3', '7454bda6-92f7-494c-8fd9-be8534f6909e', '60274740', 'Maili Victoria', 'Garcia Paucar', '602728', '86f11312-1ea6-4414-8379-9ae0ccbd6874');
INSERT INTO usuarios (id, email, password_hash, rol, nombre, apellidos, dni, activo) VALUES ('35127852-b397-44c8-b47a-198572bacd34', '614026@academia.edu', '$2b$10$Kt1WXnRsFi4Ux.r1r8SQD.Ps1ksMrVyIVlHWg9o3Z/3N8hWuZV/3G', 'alumno', 'Pedro Antonio', 'Leyva Hurtado', '61409513', true);
INSERT INTO alumnos (id, usuario_id, dni, nombre, apellidos, codigo_barras, aula_id) VALUES ('00b4dbd4-a4af-47c5-b9fc-291cd575aa75', '35127852-b397-44c8-b47a-198572bacd34', '61409513', 'Pedro Antonio', 'Leyva Hurtado', '614026', '86f11312-1ea6-4414-8379-9ae0ccbd6874');
INSERT INTO usuarios (id, email, password_hash, rol, nombre, apellidos, dni, activo) VALUES ('35c25779-79d2-49f1-ae26-fd5ecc0b8870', '614000@academia.edu', '$2b$10$Kt1WXnRsFi4Ux.r1r8SQD.Ps1ksMrVyIVlHWg9o3Z/3N8hWuZV/3G', 'alumno', 'Naysha Marilin', 'Loli Castillo', '61409286', true);
INSERT INTO alumnos (id, usuario_id, dni, nombre, apellidos, codigo_barras, aula_id) VALUES ('31f52dc3-d8b6-4684-87ce-98d8b19ecfde', '35c25779-79d2-49f1-ae26-fd5ecc0b8870', '61409286', 'Naysha Marilin', 'Loli Castillo', '614000', '86f11312-1ea6-4414-8379-9ae0ccbd6874');
INSERT INTO usuarios (id, email, password_hash, rol, nombre, apellidos, dni, activo) VALUES ('ee184df8-b0ce-4df6-94ee-af8077b3ce8d', '709222@academia.edu', '$2b$10$Kt1WXnRsFi4Ux.r1r8SQD.Ps1ksMrVyIVlHWg9o3Z/3N8hWuZV/3G', 'alumno', 'Josue Alex', 'Lopez Apolinario', '70922671', true);
INSERT INTO alumnos (id, usuario_id, dni, nombre, apellidos, codigo_barras, aula_id) VALUES ('379ff483-3cec-44ca-ac5c-46569bf4d85c', 'ee184df8-b0ce-4df6-94ee-af8077b3ce8d', '70922671', 'Josue Alex', 'Lopez Apolinario', '709222', '86f11312-1ea6-4414-8379-9ae0ccbd6874');
INSERT INTO usuarios (id, email, password_hash, rol, nombre, apellidos, dni, activo) VALUES ('d21775c9-7cda-4fdf-b88a-5dc9c294ee45', '613111@academia.edu', '$2b$10$Kt1WXnRsFi4Ux.r1r8SQD.Ps1ksMrVyIVlHWg9o3Z/3N8hWuZV/3G', 'alumno', 'Anlly Ana Lucia', 'Lopez Paucar', '61314356', true);
INSERT INTO alumnos (id, usuario_id, dni, nombre, apellidos, codigo_barras, aula_id) VALUES ('822c7980-c219-4e0e-982c-d9051987c37d', 'd21775c9-7cda-4fdf-b88a-5dc9c294ee45', '61314356', 'Anlly Ana Lucia', 'Lopez Paucar', '613111', '86f11312-1ea6-4414-8379-9ae0ccbd6874');
INSERT INTO usuarios (id, email, password_hash, rol, nombre, apellidos, dni, activo) VALUES ('0cf618e2-696d-4ee5-b1b4-265cb576949c', '760200@academia.edu', '$2b$10$Kt1WXnRsFi4Ux.r1r8SQD.Ps1ksMrVyIVlHWg9o3Z/3N8hWuZV/3G', 'alumno', 'Gimena Florcita', 'Maguiña Guerrero', '76025266', true);
INSERT INTO alumnos (id, usuario_id, dni, nombre, apellidos, codigo_barras, aula_id) VALUES ('70029b75-1bae-4bf0-9582-f8bc9d5165e1', '0cf618e2-696d-4ee5-b1b4-265cb576949c', '76025266', 'Gimena Florcita', 'Maguiña Guerrero', '760200', '86f11312-1ea6-4414-8379-9ae0ccbd6874');
INSERT INTO usuarios (id, email, password_hash, rol, nombre, apellidos, dni, activo) VALUES ('ee4317f1-9e5c-4872-87e4-235125f6b849', '616094@academia.edu', '$2b$10$Kt1WXnRsFi4Ux.r1r8SQD.Ps1ksMrVyIVlHWg9o3Z/3N8hWuZV/3G', 'alumno', 'Estrellita Marili', 'Medina Valenzuela', '61606301', true);
INSERT INTO alumnos (id, usuario_id, dni, nombre, apellidos, codigo_barras, aula_id) VALUES ('3a117316-e26a-4134-b0cf-a1307c7f6c67', 'ee4317f1-9e5c-4872-87e4-235125f6b849', '61606301', 'Estrellita Marili', 'Medina Valenzuela', '616094', '86f11312-1ea6-4414-8379-9ae0ccbd6874');
INSERT INTO usuarios (id, email, password_hash, rol, nombre, apellidos, dni, activo) VALUES ('6f740628-013a-41a0-b5a9-22c6a34bd790', '614054@academia.edu', '$2b$10$Kt1WXnRsFi4Ux.r1r8SQD.Ps1ksMrVyIVlHWg9o3Z/3N8hWuZV/3G', 'alumno', 'Yefferson Jerardo', 'Mendez Tafur', '61409208', true);
INSERT INTO alumnos (id, usuario_id, dni, nombre, apellidos, codigo_barras, aula_id) VALUES ('d9a03bcb-1abb-459f-a176-c24799034d89', '6f740628-013a-41a0-b5a9-22c6a34bd790', '61409208', 'Yefferson Jerardo', 'Mendez Tafur', '614054', '86f11312-1ea6-4414-8379-9ae0ccbd6874');
INSERT INTO usuarios (id, email, password_hash, rol, nombre, apellidos, dni, activo) VALUES ('2b000799-447c-4486-b820-ca5306bfdf5b', '614267@academia.edu', '$2b$10$Kt1WXnRsFi4Ux.r1r8SQD.Ps1ksMrVyIVlHWg9o3Z/3N8hWuZV/3G', 'alumno', 'Betsabe Guadalupe', 'Morales Moreno', '61429073', true);
INSERT INTO alumnos (id, usuario_id, dni, nombre, apellidos, codigo_barras, aula_id) VALUES ('cb038c76-5c19-4f23-8b05-32219d898b91', '2b000799-447c-4486-b820-ca5306bfdf5b', '61429073', 'Betsabe Guadalupe', 'Morales Moreno', '614267', '86f11312-1ea6-4414-8379-9ae0ccbd6874');
INSERT INTO usuarios (id, email, password_hash, rol, nombre, apellidos, dni, activo) VALUES ('a7a42206-4781-4a67-b429-7378d0c04024', '763564@academia.edu', '$2b$10$Kt1WXnRsFi4Ux.r1r8SQD.Ps1ksMrVyIVlHWg9o3Z/3N8hWuZV/3G', 'alumno', 'Joans Cesar', 'Norabuena Arista', '76357579', true);
INSERT INTO alumnos (id, usuario_id, dni, nombre, apellidos, codigo_barras, aula_id) VALUES ('9dbd5222-e453-4b3b-9e8d-3902273def34', 'a7a42206-4781-4a67-b429-7378d0c04024', '76357579', 'Joans Cesar', 'Norabuena Arista', '763564', '86f11312-1ea6-4414-8379-9ae0ccbd6874');
INSERT INTO usuarios (id, email, password_hash, rol, nombre, apellidos, dni, activo) VALUES ('737376a2-a7de-460b-9b59-11e86422df1f', '605202@academia.edu', '$2b$10$Kt1WXnRsFi4Ux.r1r8SQD.Ps1ksMrVyIVlHWg9o3Z/3N8hWuZV/3G', 'alumno', 'Mayquel Brayan', 'Obregon Piscoche', '60524535', true);
INSERT INTO alumnos (id, usuario_id, dni, nombre, apellidos, codigo_barras, aula_id) VALUES ('d0e7eb94-ce27-47bd-86fd-b5f95fc17c38', '737376a2-a7de-460b-9b59-11e86422df1f', '60524535', 'Mayquel Brayan', 'Obregon Piscoche', '605202', '86f11312-1ea6-4414-8379-9ae0ccbd6874');
INSERT INTO usuarios (id, email, password_hash, rol, nombre, apellidos, dni, activo) VALUES ('6cdeb52c-fbc7-483f-bf3b-8e8c033049f2', '603642@academia.edu', '$2b$10$Kt1WXnRsFi4Ux.r1r8SQD.Ps1ksMrVyIVlHWg9o3Z/3N8hWuZV/3G', 'alumno', 'Diara Helen', 'Pallaca Flores', '60365009', true);
INSERT INTO alumnos (id, usuario_id, dni, nombre, apellidos, codigo_barras, aula_id) VALUES ('755f5e49-f140-449b-9a34-59f2e1fc7f30', '6cdeb52c-fbc7-483f-bf3b-8e8c033049f2', '60365009', 'Diara Helen', 'Pallaca Flores', '603642', '86f11312-1ea6-4414-8379-9ae0ccbd6874');
INSERT INTO usuarios (id, email, password_hash, rol, nombre, apellidos, dni, activo) VALUES ('f3d8dc7e-3415-4f02-acfb-b1f392313ff5', '613681@academia.edu', '$2b$10$Kt1WXnRsFi4Ux.r1r8SQD.Ps1ksMrVyIVlHWg9o3Z/3N8hWuZV/3G', 'alumno', 'Daniela Velen', 'Paredes Milla', '61363196', true);
INSERT INTO alumnos (id, usuario_id, dni, nombre, apellidos, codigo_barras, aula_id) VALUES ('a3ff61ae-997b-423d-b4b4-36a6766f709a', 'f3d8dc7e-3415-4f02-acfb-b1f392313ff5', '61363196', 'Daniela Velen', 'Paredes Milla', '613681', '86f11312-1ea6-4414-8379-9ae0ccbd6874');
INSERT INTO usuarios (id, email, password_hash, rol, nombre, apellidos, dni, activo) VALUES ('fc8ee257-d694-4e78-90a3-866be3b829d9', '614040@academia.edu', '$2b$10$Kt1WXnRsFi4Ux.r1r8SQD.Ps1ksMrVyIVlHWg9o3Z/3N8hWuZV/3G', 'alumno', 'Janely Gabriela', 'Rodriguez Penadillo', '61409307', true);
INSERT INTO alumnos (id, usuario_id, dni, nombre, apellidos, codigo_barras, aula_id) VALUES ('aba338cf-ebd0-440a-9e9a-5af28ac595c8', 'fc8ee257-d694-4e78-90a3-866be3b829d9', '61409307', 'Janely Gabriela', 'Rodriguez Penadillo', '614040', '86f11312-1ea6-4414-8379-9ae0ccbd6874');
INSERT INTO usuarios (id, email, password_hash, rol, nombre, apellidos, dni, activo) VALUES ('1268e2a1-cb35-4970-87fd-68be20545012', '601230@academia.edu', '$2b$10$Kt1WXnRsFi4Ux.r1r8SQD.Ps1ksMrVyIVlHWg9o3Z/3N8hWuZV/3G', 'alumno', 'Tania Karen', 'Rodriguez Rosas', '60124005', true);
INSERT INTO alumnos (id, usuario_id, dni, nombre, apellidos, codigo_barras, aula_id) VALUES ('07c73874-fabe-4200-be3b-91059ceb5191', '1268e2a1-cb35-4970-87fd-68be20545012', '60124005', 'Tania Karen', 'Rodriguez Rosas', '601230', '86f11312-1ea6-4414-8379-9ae0ccbd6874');
INSERT INTO usuarios (id, email, password_hash, rol, nombre, apellidos, dni, activo) VALUES ('906a9470-3d83-4356-a980-da1e2d0ea892', '620484@academia.edu', '$2b$10$Kt1WXnRsFi4Ux.r1r8SQD.Ps1ksMrVyIVlHWg9o3Z/3N8hWuZV/3G', 'alumno', 'Rosalie Celine', 'Rosales Torres', '62042865', true);
INSERT INTO alumnos (id, usuario_id, dni, nombre, apellidos, codigo_barras, aula_id) VALUES ('fb48213e-fef3-480c-a9cf-f7396c17ed9a', '906a9470-3d83-4356-a980-da1e2d0ea892', '62042865', 'Rosalie Celine', 'Rosales Torres', '620484', '86f11312-1ea6-4414-8379-9ae0ccbd6874');
INSERT INTO usuarios (id, email, password_hash, rol, nombre, apellidos, dni, activo) VALUES ('343266a3-c9fd-4519-9e9c-562ad3657a6d', '000002@academia.edu', '$2b$10$Kt1WXnRsFi4Ux.r1r8SQD.Ps1ksMrVyIVlHWg9o3Z/3N8hWuZV/3G', 'alumno', 'Anehy Anays', 'Rosas Rondan', '60126842', true);
INSERT INTO alumnos (id, usuario_id, dni, nombre, apellidos, codigo_barras, aula_id) VALUES ('0e867b11-33de-4886-a5a0-24fb0ccd9f2e', '343266a3-c9fd-4519-9e9c-562ad3657a6d', '60126842', 'Anehy Anays', 'Rosas Rondan', '000002', '86f11312-1ea6-4414-8379-9ae0ccbd6874');
INSERT INTO usuarios (id, email, password_hash, rol, nombre, apellidos, dni, activo) VALUES ('a6aef49d-e9f3-4814-b5cf-4ac997723b59', '606418@academia.edu', '$2b$10$Kt1WXnRsFi4Ux.r1r8SQD.Ps1ksMrVyIVlHWg9o3Z/3N8hWuZV/3G', 'alumno', 'Linda Rosita', 'Tamariz Angeles', '60643305', true);
INSERT INTO alumnos (id, usuario_id, dni, nombre, apellidos, codigo_barras, aula_id) VALUES ('027c3f08-2ed6-4b74-804d-0bc7f542a094', 'a6aef49d-e9f3-4814-b5cf-4ac997723b59', '60643305', 'Linda Rosita', 'Tamariz Angeles', '606418', '86f11312-1ea6-4414-8379-9ae0ccbd6874');
INSERT INTO usuarios (id, email, password_hash, rol, nombre, apellidos, dni, activo) VALUES ('be623c0d-43b6-42a0-889e-cad95ca8346f', '617101@academia.edu', '$2b$10$Kt1WXnRsFi4Ux.r1r8SQD.Ps1ksMrVyIVlHWg9o3Z/3N8hWuZV/3G', 'alumno', 'Emely Mayte', 'Tapia Huaman', '61712251', true);
INSERT INTO alumnos (id, usuario_id, dni, nombre, apellidos, codigo_barras, aula_id) VALUES ('20c758cc-8fdf-495e-b9e0-bb3adb8ea947', 'be623c0d-43b6-42a0-889e-cad95ca8346f', '61712251', 'Emely Mayte', 'Tapia Huaman', '617101', '86f11312-1ea6-4414-8379-9ae0ccbd6874');
INSERT INTO usuarios (id, email, password_hash, rol, nombre, apellidos, dni, activo) VALUES ('a631e42d-07c9-4ef2-9bb7-133de9ae7181', '603273@academia.edu', '$2b$10$Kt1WXnRsFi4Ux.r1r8SQD.Ps1ksMrVyIVlHWg9o3Z/3N8hWuZV/3G', 'alumno', 'Anahi Rosario', 'Tolentino Dextre', '60320154', true);
INSERT INTO alumnos (id, usuario_id, dni, nombre, apellidos, codigo_barras, aula_id) VALUES ('3ff070c7-8fca-4fd3-80c5-5cb5dc9c1433', 'a631e42d-07c9-4ef2-9bb7-133de9ae7181', '60320154', 'Anahi Rosario', 'Tolentino Dextre', '603273', '86f11312-1ea6-4414-8379-9ae0ccbd6874');
INSERT INTO usuarios (id, email, password_hash, rol, nombre, apellidos, dni, activo) VALUES ('43969195-eef1-4fb3-8798-5dbefcbc2560', '615813@academia.edu', '$2b$10$Kt1WXnRsFi4Ux.r1r8SQD.Ps1ksMrVyIVlHWg9o3Z/3N8hWuZV/3G', 'alumno', 'Sali Estrella', 'Urbano Vega', '61589941', true);
INSERT INTO alumnos (id, usuario_id, dni, nombre, apellidos, codigo_barras, aula_id) VALUES ('46e4a93e-952d-4aaa-a7b2-3cbb29deb933', '43969195-eef1-4fb3-8798-5dbefcbc2560', '61589941', 'Sali Estrella', 'Urbano Vega', '615813', '86f11312-1ea6-4414-8379-9ae0ccbd6874');
INSERT INTO usuarios (id, email, password_hash, rol, nombre, apellidos, dni, activo) VALUES ('40b22a59-db84-414b-bf6b-c7439fbf9f96', '614801@academia.edu', '$2b$10$Kt1WXnRsFi4Ux.r1r8SQD.Ps1ksMrVyIVlHWg9o3Z/3N8hWuZV/3G', 'alumno', 'Sthefany Nahomi', 'Vargas Garay', '61480081', true);
INSERT INTO alumnos (id, usuario_id, dni, nombre, apellidos, codigo_barras, aula_id) VALUES ('0e6c5cef-1ebe-4299-a854-84cb6ea49900', '40b22a59-db84-414b-bf6b-c7439fbf9f96', '61480081', 'Sthefany Nahomi', 'Vargas Garay', '614801', '86f11312-1ea6-4414-8379-9ae0ccbd6874');
INSERT INTO usuarios (id, email, password_hash, rol, nombre, apellidos, dni, activo) VALUES ('a3e2126a-301d-4aa6-88fd-baeaef4db84f', '611525@academia.edu', '$2b$10$Kt1WXnRsFi4Ux.r1r8SQD.Ps1ksMrVyIVlHWg9o3Z/3N8hWuZV/3G', 'alumno', 'Alexandra Yasury', 'Vega Gamarra', '61155356', true);
INSERT INTO alumnos (id, usuario_id, dni, nombre, apellidos, codigo_barras, aula_id) VALUES ('81fce2ff-8999-437a-ae8f-24ff90508637', 'a3e2126a-301d-4aa6-88fd-baeaef4db84f', '61155356', 'Alexandra Yasury', 'Vega Gamarra', '611525', '86f11312-1ea6-4414-8379-9ae0ccbd6874');
INSERT INTO usuarios (id, email, password_hash, rol, nombre, apellidos, dni, activo) VALUES ('123fa544-61b4-40fc-81af-8a682f641cc8', '613198@academia.edu', '$2b$10$Kt1WXnRsFi4Ux.r1r8SQD.Ps1ksMrVyIVlHWg9o3Z/3N8hWuZV/3G', 'alumno', 'Maria Clara', 'Vicencio Chucho', '61314699', true);
INSERT INTO alumnos (id, usuario_id, dni, nombre, apellidos, codigo_barras, aula_id) VALUES ('853b14d9-fc06-4808-bf34-9d4a4074ae03', '123fa544-61b4-40fc-81af-8a682f641cc8', '61314699', 'Maria Clara', 'Vicencio Chucho', '613198', '86f11312-1ea6-4414-8379-9ae0ccbd6874');
INSERT INTO usuarios (id, email, password_hash, rol, nombre, apellidos, dni, activo) VALUES ('e36f17d9-0441-40d0-9452-5b8cffa1911a', '619881@academia.edu', '$2b$10$Kt1WXnRsFi4Ux.r1r8SQD.Ps1ksMrVyIVlHWg9o3Z/3N8hWuZV/3G', 'alumno', 'Sol Rubi', 'Villareal Garrido', '61989435', true);
INSERT INTO alumnos (id, usuario_id, dni, nombre, apellidos, codigo_barras, aula_id) VALUES ('0bdaef05-708c-4b45-80f3-ca0ef24d190c', 'e36f17d9-0441-40d0-9452-5b8cffa1911a', '61989435', 'Sol Rubi', 'Villareal Garrido', '619881', '86f11312-1ea6-4414-8379-9ae0ccbd6874');
INSERT INTO usuarios (id, email, password_hash, rol, nombre, apellidos, dni, activo) VALUES ('713742b8-0641-40ee-9523-51cdc4488992', '614012@academia.edu', '$2b$10$Kt1WXnRsFi4Ux.r1r8SQD.Ps1ksMrVyIVlHWg9o3Z/3N8hWuZV/3G', 'alumno', 'Brayan Alexander', 'Aguedo Leon', '61409398', true);
INSERT INTO alumnos (id, usuario_id, dni, nombre, apellidos, codigo_barras, aula_id) VALUES ('9606f9bb-bec5-4648-b1f1-b4c8f51b07b7', '713742b8-0641-40ee-9523-51cdc4488992', '61409398', 'Brayan Alexander', 'Aguedo Leon', '614012', '1e209df8-76e5-404b-80ff-cf85af2beb5b');
INSERT INTO usuarios (id, email, password_hash, rol, nombre, apellidos, dni, activo) VALUES ('23771edc-7d2a-4206-b580-60200616828d', '754244@academia.edu', '$2b$10$Kt1WXnRsFi4Ux.r1r8SQD.Ps1ksMrVyIVlHWg9o3Z/3N8hWuZV/3G', 'alumno', 'Nicmar Rolando', 'Aparicio Mishti', '75420220', true);
INSERT INTO alumnos (id, usuario_id, dni, nombre, apellidos, codigo_barras, aula_id) VALUES ('a4065dc6-b84c-4b14-8eda-d8bf130e7639', '23771edc-7d2a-4206-b580-60200616828d', '75420220', 'Nicmar Rolando', 'Aparicio Mishti', '754244', '1e209df8-76e5-404b-80ff-cf85af2beb5b');
INSERT INTO usuarios (id, email, password_hash, rol, nombre, apellidos, dni, activo) VALUES ('f275ec07-29f0-4a54-b09e-a7a34b1d96b3', '620128@academia.edu', '$2b$10$Kt1WXnRsFi4Ux.r1r8SQD.Ps1ksMrVyIVlHWg9o3Z/3N8hWuZV/3G', 'alumno', 'Mariana Yulisa', 'Blacido Morales', '62015143', true);
INSERT INTO alumnos (id, usuario_id, dni, nombre, apellidos, codigo_barras, aula_id) VALUES ('a3413272-622d-40fc-a090-e4aee170e5a1', 'f275ec07-29f0-4a54-b09e-a7a34b1d96b3', '62015143', 'Mariana Yulisa', 'Blacido Morales', '620128', '1e209df8-76e5-404b-80ff-cf85af2beb5b');
INSERT INTO usuarios (id, email, password_hash, rol, nombre, apellidos, dni, activo) VALUES ('1bffd36b-b7d1-40a3-a58f-a806f28ca599', '613153@academia.edu', '$2b$10$Kt1WXnRsFi4Ux.r1r8SQD.Ps1ksMrVyIVlHWg9o3Z/3N8hWuZV/3G', 'alumno', 'Susan Tatiana', 'Chavez Campos', '61314617', true);
INSERT INTO alumnos (id, usuario_id, dni, nombre, apellidos, codigo_barras, aula_id) VALUES ('7c41b5a3-9ac6-4e93-af24-503430eec104', '1bffd36b-b7d1-40a3-a58f-a806f28ca599', '61314617', 'Susan Tatiana', 'Chavez Campos', '613153', '1e209df8-76e5-404b-80ff-cf85af2beb5b');
INSERT INTO usuarios (id, email, password_hash, rol, nombre, apellidos, dni, activo) VALUES ('d76874b5-7ecd-44ef-87eb-fe5ec4a087fb', '615681@academia.edu', '$2b$10$Kt1WXnRsFi4Ux.r1r8SQD.Ps1ksMrVyIVlHWg9o3Z/3N8hWuZV/3G', 'alumno', 'Yanela Dayana', 'Chavez Flores', '61568018', true);
INSERT INTO alumnos (id, usuario_id, dni, nombre, apellidos, codigo_barras, aula_id) VALUES ('08bea331-3866-4c98-9a90-0c11e6ced06f', 'd76874b5-7ecd-44ef-87eb-fe5ec4a087fb', '61568018', 'Yanela Dayana', 'Chavez Flores', '615681', '1e209df8-76e5-404b-80ff-cf85af2beb5b');
INSERT INTO usuarios (id, email, password_hash, rol, nombre, apellidos, dni, activo) VALUES ('f43fb190-4b33-4d53-825a-5167ba2822e4', '613103@academia.edu', '$2b$10$Kt1WXnRsFi4Ux.r1r8SQD.Ps1ksMrVyIVlHWg9o3Z/3N8hWuZV/3G', 'alumno', 'Brritny Nikool', 'Chavez Robles', '61314472', true);
INSERT INTO alumnos (id, usuario_id, dni, nombre, apellidos, codigo_barras, aula_id) VALUES ('1ba92460-3566-49c1-a03e-6dae3df42bba', 'f43fb190-4b33-4d53-825a-5167ba2822e4', '61314472', 'Brritny Nikool', 'Chavez Robles', '613103', '1e209df8-76e5-404b-80ff-cf85af2beb5b');
INSERT INTO usuarios (id, email, password_hash, rol, nombre, apellidos, dni, activo) VALUES ('3debf9e8-8002-4f27-b661-8c92f1d96ebb', '604090@academia.edu', '$2b$10$Kt1WXnRsFi4Ux.r1r8SQD.Ps1ksMrVyIVlHWg9o3Z/3N8hWuZV/3G', 'alumno', 'Patricia Baella', 'Chinchay Arellan', '60405089', true);
INSERT INTO alumnos (id, usuario_id, dni, nombre, apellidos, codigo_barras, aula_id) VALUES ('c9465a57-2249-4420-bd05-e25d59d1dc37', '3debf9e8-8002-4f27-b661-8c92f1d96ebb', '60405089', 'Patricia Baella', 'Chinchay Arellan', '604090', '1e209df8-76e5-404b-80ff-cf85af2beb5b');
INSERT INTO usuarios (id, email, password_hash, rol, nombre, apellidos, dni, activo) VALUES ('83f47983-4ab4-4333-a577-48510f8133d6', '615595@academia.edu', '$2b$10$Kt1WXnRsFi4Ux.r1r8SQD.Ps1ksMrVyIVlHWg9o3Z/3N8hWuZV/3G', 'alumno', 'Jhon Gustavo', 'Cochachin Cadillo', '61558974', true);
INSERT INTO alumnos (id, usuario_id, dni, nombre, apellidos, codigo_barras, aula_id) VALUES ('95c78d4d-b61e-4a69-bd20-fab1dd349eaa', '83f47983-4ab4-4333-a577-48510f8133d6', '61558974', 'Jhon Gustavo', 'Cochachin Cadillo', '615595', '1e209df8-76e5-404b-80ff-cf85af2beb5b');
INSERT INTO usuarios (id, email, password_hash, rol, nombre, apellidos, dni, activo) VALUES ('d17180e4-4240-4cb1-b22e-c777293284d4', '602062@academia.edu', '$2b$10$Kt1WXnRsFi4Ux.r1r8SQD.Ps1ksMrVyIVlHWg9o3Z/3N8hWuZV/3G', 'alumno', 'Santiago Franco', 'Collapa Villanueva', '60206093', true);
INSERT INTO alumnos (id, usuario_id, dni, nombre, apellidos, codigo_barras, aula_id) VALUES ('12b9d536-2847-4331-a826-fb910c0e4341', 'd17180e4-4240-4cb1-b22e-c777293284d4', '60206093', 'Santiago Franco', 'Collapa Villanueva', '602062', '1e209df8-76e5-404b-80ff-cf85af2beb5b');
INSERT INTO usuarios (id, email, password_hash, rol, nombre, apellidos, dni, activo) VALUES ('15369e41-f87b-4b0f-9015-380664243bac', '609324@academia.edu', '$2b$10$Kt1WXnRsFi4Ux.r1r8SQD.Ps1ksMrVyIVlHWg9o3Z/3N8hWuZV/3G', 'alumno', 'Cindy Romina', 'Flores Machoa', '60937900', true);
INSERT INTO alumnos (id, usuario_id, dni, nombre, apellidos, codigo_barras, aula_id) VALUES ('dfc35546-c204-4aec-b8a8-4b190fb02be7', '15369e41-f87b-4b0f-9015-380664243bac', '60937900', 'Cindy Romina', 'Flores Machoa', '609324', '1e209df8-76e5-404b-80ff-cf85af2beb5b');
INSERT INTO usuarios (id, email, password_hash, rol, nombre, apellidos, dni, activo) VALUES ('4ce42978-1f50-40d2-b33d-709c95730f58', '614028@academia.edu', '$2b$10$Kt1WXnRsFi4Ux.r1r8SQD.Ps1ksMrVyIVlHWg9o3Z/3N8hWuZV/3G', 'alumno', 'Soledad Angeles', 'Garcia Baylon', '61409107', true);
INSERT INTO alumnos (id, usuario_id, dni, nombre, apellidos, codigo_barras, aula_id) VALUES ('b8c3894c-2d25-4557-93d1-f1902b5928f9', '4ce42978-1f50-40d2-b33d-709c95730f58', '61409107', 'Soledad Angeles', 'Garcia Baylon', '614028', '1e209df8-76e5-404b-80ff-cf85af2beb5b');
INSERT INTO usuarios (id, email, password_hash, rol, nombre, apellidos, dni, activo) VALUES ('d5dc6524-3ffb-490a-a64a-24c8d8d321f1', '614086@academia.edu', '$2b$10$Kt1WXnRsFi4Ux.r1r8SQD.Ps1ksMrVyIVlHWg9o3Z/3N8hWuZV/3G', 'alumno', 'Rosmeri Jhoana', 'Gonzales Chavez', '61409412', true);
INSERT INTO alumnos (id, usuario_id, dni, nombre, apellidos, codigo_barras, aula_id) VALUES ('5b5032e8-dcf2-4f4b-bda8-a22d718f1246', 'd5dc6524-3ffb-490a-a64a-24c8d8d321f1', '61409412', 'Rosmeri Jhoana', 'Gonzales Chavez', '614086', '1e209df8-76e5-404b-80ff-cf85af2beb5b');
INSERT INTO usuarios (id, email, password_hash, rol, nombre, apellidos, dni, activo) VALUES ('3f2d7b19-3ca3-463b-92e6-5c8566ef9597', '787220@academia.edu', '$2b$10$Kt1WXnRsFi4Ux.r1r8SQD.Ps1ksMrVyIVlHWg9o3Z/3N8hWuZV/3G', 'alumno', 'Kristian Jair', 'Javier Ciriaco', '78721250', true);
INSERT INTO alumnos (id, usuario_id, dni, nombre, apellidos, codigo_barras, aula_id) VALUES ('dd59faad-2190-4e0b-8ad3-01e10a192440', '3f2d7b19-3ca3-463b-92e6-5c8566ef9597', '78721250', 'Kristian Jair', 'Javier Ciriaco', '787220', '1e209df8-76e5-404b-80ff-cf85af2beb5b');
INSERT INTO usuarios (id, email, password_hash, rol, nombre, apellidos, dni, activo) VALUES ('98c79e4c-743b-4b0f-b04d-a4c4fc7b37bb', '603107@academia.edu', '$2b$10$Kt1WXnRsFi4Ux.r1r8SQD.Ps1ksMrVyIVlHWg9o3Z/3N8hWuZV/3G', 'alumno', 'Leonel Anhelo', 'Kaqui Flores', '60316061', true);
INSERT INTO alumnos (id, usuario_id, dni, nombre, apellidos, codigo_barras, aula_id) VALUES ('704e16c8-b23b-4c02-bcef-ec22a260f2e0', '98c79e4c-743b-4b0f-b04d-a4c4fc7b37bb', '60316061', 'Leonel Anhelo', 'Kaqui Flores', '603107', '1e209df8-76e5-404b-80ff-cf85af2beb5b');
INSERT INTO usuarios (id, email, password_hash, rol, nombre, apellidos, dni, activo) VALUES ('a07bfbde-647a-4080-a332-93ff72bdc46e', '711603@academia.edu', '$2b$10$Kt1WXnRsFi4Ux.r1r8SQD.Ps1ksMrVyIVlHWg9o3Z/3N8hWuZV/3G', 'alumno', 'Yasmin Milagros', 'Lavado Ramos', '71163393', true);
INSERT INTO alumnos (id, usuario_id, dni, nombre, apellidos, codigo_barras, aula_id) VALUES ('8ff2f327-9d64-46a7-b188-1c4df86664a2', 'a07bfbde-647a-4080-a332-93ff72bdc46e', '71163393', 'Yasmin Milagros', 'Lavado Ramos', '711603', '1e209df8-76e5-404b-80ff-cf85af2beb5b');
INSERT INTO usuarios (id, email, password_hash, rol, nombre, apellidos, dni, activo) VALUES ('ea835e1c-37bd-452d-abb5-e9185504c228', '608747@academia.edu', '$2b$10$Kt1WXnRsFi4Ux.r1r8SQD.Ps1ksMrVyIVlHWg9o3Z/3N8hWuZV/3G', 'alumno', 'Nil Antony', 'Leandro Minaya', '60875950', true);
INSERT INTO alumnos (id, usuario_id, dni, nombre, apellidos, codigo_barras, aula_id) VALUES ('912eddfd-23fa-4a28-9510-4862e9eb26f4', 'ea835e1c-37bd-452d-abb5-e9185504c228', '60875950', 'Nil Antony', 'Leandro Minaya', '608747', '1e209df8-76e5-404b-80ff-cf85af2beb5b');
INSERT INTO usuarios (id, email, password_hash, rol, nombre, apellidos, dni, activo) VALUES ('5f468212-e705-4c4e-aa23-8971f988d4c1', '611569@academia.edu', '$2b$10$Kt1WXnRsFi4Ux.r1r8SQD.Ps1ksMrVyIVlHWg9o3Z/3N8hWuZV/3G', 'alumno', 'Luis Gustavo', 'Lopez Lazaro', '61155463', true);
INSERT INTO alumnos (id, usuario_id, dni, nombre, apellidos, codigo_barras, aula_id) VALUES ('f7686402-6ff1-4e83-a718-5c5ade20abe9', '5f468212-e705-4c4e-aa23-8971f988d4c1', '61155463', 'Luis Gustavo', 'Lopez Lazaro', '611569', '1e209df8-76e5-404b-80ff-cf85af2beb5b');
INSERT INTO usuarios (id, email, password_hash, rol, nombre, apellidos, dni, activo) VALUES ('20f2ffa2-04e3-4e8b-8cd1-6bc226ea4b2d', '612340@academia.edu', '$2b$10$Kt1WXnRsFi4Ux.r1r8SQD.Ps1ksMrVyIVlHWg9o3Z/3N8hWuZV/3G', 'alumno', 'Dayli Yunzu', 'Macedo Guerrero', '61233116', true);
INSERT INTO alumnos (id, usuario_id, dni, nombre, apellidos, codigo_barras, aula_id) VALUES ('9fe82830-bd4a-4c8f-9d6d-c16e7a9cab63', '20f2ffa2-04e3-4e8b-8cd1-6bc226ea4b2d', '61233116', 'Dayli Yunzu', 'Macedo Guerrero', '612340', '1e209df8-76e5-404b-80ff-cf85af2beb5b');
INSERT INTO usuarios (id, email, password_hash, rol, nombre, apellidos, dni, activo) VALUES ('f526d0a8-acd6-40cf-b9b7-001408652c2e', '614273@academia.edu', '$2b$10$Kt1WXnRsFi4Ux.r1r8SQD.Ps1ksMrVyIVlHWg9o3Z/3N8hWuZV/3G', 'alumno', 'Nelly Mercedes', 'Maguiña Haro', '61429251', true);
INSERT INTO alumnos (id, usuario_id, dni, nombre, apellidos, codigo_barras, aula_id) VALUES ('d44d0f7c-c2ba-458d-93a9-7db38282b4fd', 'f526d0a8-acd6-40cf-b9b7-001408652c2e', '61429251', 'Nelly Mercedes', 'Maguiña Haro', '614273', '1e209df8-76e5-404b-80ff-cf85af2beb5b');
INSERT INTO usuarios (id, email, password_hash, rol, nombre, apellidos, dni, activo) VALUES ('865a38be-4b26-48d3-883f-e67b2fe7eb78', '615135@academia.edu', '$2b$10$Kt1WXnRsFi4Ux.r1r8SQD.Ps1ksMrVyIVlHWg9o3Z/3N8hWuZV/3G', 'alumno', 'Rodrigo Paul', 'Maguiña Huarac', '61517256', true);
INSERT INTO alumnos (id, usuario_id, dni, nombre, apellidos, codigo_barras, aula_id) VALUES ('288ca982-7dd3-431a-a5e3-d8b8c2a590da', '865a38be-4b26-48d3-883f-e67b2fe7eb78', '61517256', 'Rodrigo Paul', 'Maguiña Huarac', '615135', '1e209df8-76e5-404b-80ff-cf85af2beb5b');
INSERT INTO usuarios (id, email, password_hash, rol, nombre, apellidos, dni, activo) VALUES ('8fe219ee-ecb1-42ce-a951-0c30a0ffdd5a', '620059@academia.edu', '$2b$10$Kt1WXnRsFi4Ux.r1r8SQD.Ps1ksMrVyIVlHWg9o3Z/3N8hWuZV/3G', 'alumno', 'Cristopher Ricardo', 'Mejia Alegre', '62009985', true);
INSERT INTO alumnos (id, usuario_id, dni, nombre, apellidos, codigo_barras, aula_id) VALUES ('d765e899-ed12-4f99-846a-b44b8d46e4ad', '8fe219ee-ecb1-42ce-a951-0c30a0ffdd5a', '62009985', 'Cristopher Ricardo', 'Mejia Alegre', '620059', '1e209df8-76e5-404b-80ff-cf85af2beb5b');
INSERT INTO usuarios (id, email, password_hash, rol, nombre, apellidos, dni, activo) VALUES ('cb52dd7e-827a-49b1-ba2c-aa8c55437509', '603628@academia.edu', '$2b$10$Kt1WXnRsFi4Ux.r1r8SQD.Ps1ksMrVyIVlHWg9o3Z/3N8hWuZV/3G', 'alumno', 'Florecita Fabiana', 'Mendez Milla', '60363356', true);
INSERT INTO alumnos (id, usuario_id, dni, nombre, apellidos, codigo_barras, aula_id) VALUES ('6501679a-1014-4aaa-a1a0-6202163e64e0', 'cb52dd7e-827a-49b1-ba2c-aa8c55437509', '60363356', 'Florecita Fabiana', 'Mendez Milla', '603628', '1e209df8-76e5-404b-80ff-cf85af2beb5b');
INSERT INTO usuarios (id, email, password_hash, rol, nombre, apellidos, dni, activo) VALUES ('2fc0dbe8-287b-40f3-a01d-a375085cbb86', '604068@academia.edu', '$2b$10$Kt1WXnRsFi4Ux.r1r8SQD.Ps1ksMrVyIVlHWg9o3Z/3N8hWuZV/3G', 'alumno', 'Joselin Greysi', 'Mendoza Sanchez', '60405080', true);
INSERT INTO alumnos (id, usuario_id, dni, nombre, apellidos, codigo_barras, aula_id) VALUES ('966ccf96-fb85-4828-87aa-3017efc684d9', '2fc0dbe8-287b-40f3-a01d-a375085cbb86', '60405080', 'Joselin Greysi', 'Mendoza Sanchez', '604068', '1e209df8-76e5-404b-80ff-cf85af2beb5b');
INSERT INTO usuarios (id, email, password_hash, rol, nombre, apellidos, dni, activo) VALUES ('9da580c3-30c0-422a-8aec-7c94f1bd31d1', '620181@academia.edu', '$2b$10$Kt1WXnRsFi4Ux.r1r8SQD.Ps1ksMrVyIVlHWg9o3Z/3N8hWuZV/3G', 'alumno', 'Valery Alexandra', 'Miranda Moreno', '62014831', true);
INSERT INTO alumnos (id, usuario_id, dni, nombre, apellidos, codigo_barras, aula_id) VALUES ('d18c2881-3f5a-40d9-9837-afbba334ba30', '9da580c3-30c0-422a-8aec-7c94f1bd31d1', '62014831', 'Valery Alexandra', 'Miranda Moreno', '620181', '1e209df8-76e5-404b-80ff-cf85af2beb5b');
INSERT INTO usuarios (id, email, password_hash, rol, nombre, apellidos, dni, activo) VALUES ('89d6a598-fe63-4e6a-9539-a287d4943524', '615776@academia.edu', '$2b$10$Kt1WXnRsFi4Ux.r1r8SQD.Ps1ksMrVyIVlHWg9o3Z/3N8hWuZV/3G', 'alumno', 'Angely Kiara', 'Mori Maypu', '61572683', true);
INSERT INTO alumnos (id, usuario_id, dni, nombre, apellidos, codigo_barras, aula_id) VALUES ('af213104-4dd3-48ba-a914-f1663a098e8f', '89d6a598-fe63-4e6a-9539-a287d4943524', '61572683', 'Angely Kiara', 'Mori Maypu', '615776', '1e209df8-76e5-404b-80ff-cf85af2beb5b');
INSERT INTO usuarios (id, email, password_hash, rol, nombre, apellidos, dni, activo) VALUES ('c81a4def-605b-4b72-a85d-f5b8a4c4467d', '612926@academia.edu', '$2b$10$Kt1WXnRsFi4Ux.r1r8SQD.Ps1ksMrVyIVlHWg9o3Z/3N8hWuZV/3G', 'alumno', 'Sheyla Milagrita', 'Morillo Ayala', '60331077', true);
INSERT INTO alumnos (id, usuario_id, dni, nombre, apellidos, codigo_barras, aula_id) VALUES ('2e2b6c8c-4369-4fc3-bae8-9a0e71fa6c28', 'c81a4def-605b-4b72-a85d-f5b8a4c4467d', '60331077', 'Sheyla Milagrita', 'Morillo Ayala', '612926', '377d4af5-46c8-4d6b-9e77-c51e18a0cea2');
INSERT INTO usuarios (id, email, password_hash, rol, nombre, apellidos, dni, activo) VALUES ('00ca964d-8c2d-432a-82c1-86d3277ddb0a', '603719@academia.edu', '$2b$10$Kt1WXnRsFi4Ux.r1r8SQD.Ps1ksMrVyIVlHWg9o3Z/3N8hWuZV/3G', 'alumno', 'Zayra Sadhit', 'Muñoz Somoza', '60377956', true);
INSERT INTO alumnos (id, usuario_id, dni, nombre, apellidos, codigo_barras, aula_id) VALUES ('cc07012b-fdf3-4ce9-9e56-c7ee952be0ff', '00ca964d-8c2d-432a-82c1-86d3277ddb0a', '60377956', 'Zayra Sadhit', 'Muñoz Somoza', '603719', '1e209df8-76e5-404b-80ff-cf85af2beb5b');
INSERT INTO usuarios (id, email, password_hash, rol, nombre, apellidos, dni, activo) VALUES ('47f4c6a3-3fcf-4feb-98ce-8adabd38406c', '601296@academia.edu', '$2b$10$Kt1WXnRsFi4Ux.r1r8SQD.Ps1ksMrVyIVlHWg9o3Z/3N8hWuZV/3G', 'alumno', 'Sayra Reyna', 'Ocsha Garcia', '60128168', true);
INSERT INTO alumnos (id, usuario_id, dni, nombre, apellidos, codigo_barras, aula_id) VALUES ('7799c015-a19e-4230-ac34-60a7844c0865', '47f4c6a3-3fcf-4feb-98ce-8adabd38406c', '60128168', 'Sayra Reyna', 'Ocsha Garcia', '601296', '1e209df8-76e5-404b-80ff-cf85af2beb5b');
INSERT INTO usuarios (id, email, password_hash, rol, nombre, apellidos, dni, activo) VALUES ('2b2be556-d317-4467-b6d6-bd904256b702', '620027@academia.edu', '$2b$10$Kt1WXnRsFi4Ux.r1r8SQD.Ps1ksMrVyIVlHWg9o3Z/3N8hWuZV/3G', 'alumno', 'Sharlott Princs Leysy', 'Olivo Rodriguez', '62009943', true);
INSERT INTO alumnos (id, usuario_id, dni, nombre, apellidos, codigo_barras, aula_id) VALUES ('c3073279-a6b2-4e6a-91c6-d4f091372cc2', '2b2be556-d317-4467-b6d6-bd904256b702', '62009943', 'Sharlott Princs Leysy', 'Olivo Rodriguez', '620027', '1e209df8-76e5-404b-80ff-cf85af2beb5b');
INSERT INTO usuarios (id, email, password_hash, rol, nombre, apellidos, dni, activo) VALUES ('d6614dec-1b73-49c4-9da0-8acad3c559a4', '725672@academia.edu', '$2b$10$Kt1WXnRsFi4Ux.r1r8SQD.Ps1ksMrVyIVlHWg9o3Z/3N8hWuZV/3G', 'alumno', 'Heydi Xiomara', 'Ramirez Alamo', '72569795', true);
INSERT INTO alumnos (id, usuario_id, dni, nombre, apellidos, codigo_barras, aula_id) VALUES ('868bf907-7b46-44f2-ae82-328cbb854c82', 'd6614dec-1b73-49c4-9da0-8acad3c559a4', '72569795', 'Heydi Xiomara', 'Ramirez Alamo', '725672', '1e209df8-76e5-404b-80ff-cf85af2beb5b');
INSERT INTO usuarios (id, email, password_hash, rol, nombre, apellidos, dni, activo) VALUES ('58c047aa-b3ea-40ae-aabb-8f9a07a030c2', '716774@academia.edu', '$2b$10$Kt1WXnRsFi4Ux.r1r8SQD.Ps1ksMrVyIVlHWg9o3Z/3N8hWuZV/3G', 'alumno', 'Paul Gabriel', 'Ramirez Quispe', '71670450', true);
INSERT INTO alumnos (id, usuario_id, dni, nombre, apellidos, codigo_barras, aula_id) VALUES ('61735555-3de9-4b28-993c-b319a12f449c', '58c047aa-b3ea-40ae-aabb-8f9a07a030c2', '71670450', 'Paul Gabriel', 'Ramirez Quispe', '716774', '1e209df8-76e5-404b-80ff-cf85af2beb5b');
INSERT INTO usuarios (id, email, password_hash, rol, nombre, apellidos, dni, activo) VALUES ('f423e19c-e231-4d04-a9e7-de899eec9c06', '612935@academia.edu', '$2b$10$Kt1WXnRsFi4Ux.r1r8SQD.Ps1ksMrVyIVlHWg9o3Z/3N8hWuZV/3G', 'alumno', 'Analy Jhosary', 'Romero Casimiro', '61298625', true);
INSERT INTO alumnos (id, usuario_id, dni, nombre, apellidos, codigo_barras, aula_id) VALUES ('9829704d-e5f7-40be-a0c7-74edb6403760', 'f423e19c-e231-4d04-a9e7-de899eec9c06', '61298625', 'Analy Jhosary', 'Romero Casimiro', '612935', '1e209df8-76e5-404b-80ff-cf85af2beb5b');
INSERT INTO usuarios (id, email, password_hash, rol, nombre, apellidos, dni, activo) VALUES ('8a32aac9-5a5f-4bda-98eb-bbe68ed3e0d2', '711036@academia.edu', '$2b$10$Kt1WXnRsFi4Ux.r1r8SQD.Ps1ksMrVyIVlHWg9o3Z/3N8hWuZV/3G', 'alumno', 'Maycol Jesus', 'Salas Colonia', '71104751', true);
INSERT INTO alumnos (id, usuario_id, dni, nombre, apellidos, codigo_barras, aula_id) VALUES ('b595cb0c-9ca4-4d77-a59b-4c5c86446ce5', '8a32aac9-5a5f-4bda-98eb-bbe68ed3e0d2', '71104751', 'Maycol Jesus', 'Salas Colonia', '711036', '1e209df8-76e5-404b-80ff-cf85af2beb5b');
INSERT INTO usuarios (id, email, password_hash, rol, nombre, apellidos, dni, activo) VALUES ('224c5e41-fd79-4003-9cc9-06a6090eee0a', '612963@academia.edu', '$2b$10$Kt1WXnRsFi4Ux.r1r8SQD.Ps1ksMrVyIVlHWg9o3Z/3N8hWuZV/3G', 'alumno', 'Letizia Alessandra', 'Salazar Rodriguez', '61298785', true);
INSERT INTO alumnos (id, usuario_id, dni, nombre, apellidos, codigo_barras, aula_id) VALUES ('4e74a944-d9b3-4c2f-967b-b404de5b54e9', '224c5e41-fd79-4003-9cc9-06a6090eee0a', '61298785', 'Letizia Alessandra', 'Salazar Rodriguez', '612963', '1e209df8-76e5-404b-80ff-cf85af2beb5b');
INSERT INTO usuarios (id, email, password_hash, rol, nombre, apellidos, dni, activo) VALUES ('25165d82-7744-46ab-a084-312678aff1f2', '610634@academia.edu', '$2b$10$Kt1WXnRsFi4Ux.r1r8SQD.Ps1ksMrVyIVlHWg9o3Z/3N8hWuZV/3G', 'alumno', 'Anamile Valentina', 'Salvador Chavez', '61064362', true);
INSERT INTO alumnos (id, usuario_id, dni, nombre, apellidos, codigo_barras, aula_id) VALUES ('27a5c27c-2afb-48da-816c-2c99dc27f39d', '25165d82-7744-46ab-a084-312678aff1f2', '61064362', 'Anamile Valentina', 'Salvador Chavez', '610634', '1e209df8-76e5-404b-80ff-cf85af2beb5b');
INSERT INTO usuarios (id, email, password_hash, rol, nombre, apellidos, dni, activo) VALUES ('85a646d9-f7fe-41cc-a38f-758fa8e9423d', '600226@academia.edu', '$2b$10$Kt1WXnRsFi4Ux.r1r8SQD.Ps1ksMrVyIVlHWg9o3Z/3N8hWuZV/3G', 'alumno', 'Rodrigo Carlos', 'Salvador Solis', '60025188', true);
INSERT INTO alumnos (id, usuario_id, dni, nombre, apellidos, codigo_barras, aula_id) VALUES ('14280a9d-4602-4bb4-bde6-7e7dfc208314', '85a646d9-f7fe-41cc-a38f-758fa8e9423d', '60025188', 'Rodrigo Carlos', 'Salvador Solis', '600226', '1e209df8-76e5-404b-80ff-cf85af2beb5b');
INSERT INTO usuarios (id, email, password_hash, rol, nombre, apellidos, dni, activo) VALUES ('604ab86b-1986-4e9e-a752-916e8be0ef02', '614068@academia.edu', '$2b$10$Kt1WXnRsFi4Ux.r1r8SQD.Ps1ksMrVyIVlHWg9o3Z/3N8hWuZV/3G', 'alumno', 'Joel Farid', 'Sanchez Leiva', '61409424', true);
INSERT INTO alumnos (id, usuario_id, dni, nombre, apellidos, codigo_barras, aula_id) VALUES ('45315ab1-c838-4451-ad7e-f1f9181a3e12', '604ab86b-1986-4e9e-a752-916e8be0ef02', '61409424', 'Joel Farid', 'Sanchez Leiva', '614068', '1e209df8-76e5-404b-80ff-cf85af2beb5b');
INSERT INTO usuarios (id, email, password_hash, rol, nombre, apellidos, dni, activo) VALUES ('14e72bba-d878-441c-88ea-24d72e1b5082', '615181@academia.edu', '$2b$10$Kt1WXnRsFi4Ux.r1r8SQD.Ps1ksMrVyIVlHWg9o3Z/3N8hWuZV/3G', 'alumno', 'Isabella Danna', 'Shuan Torres', '61517197', true);
INSERT INTO alumnos (id, usuario_id, dni, nombre, apellidos, codigo_barras, aula_id) VALUES ('1a56c7da-874e-4cae-9d2c-d03bbb96f2a6', '14e72bba-d878-441c-88ea-24d72e1b5082', '61517197', 'Isabella Danna', 'Shuan Torres', '615181', '1e209df8-76e5-404b-80ff-cf85af2beb5b');
INSERT INTO usuarios (id, email, password_hash, rol, nombre, apellidos, dni, activo) VALUES ('e2394b68-4c7f-4d83-be12-ea3af1fb460c', '614219@academia.edu', '$2b$10$Kt1WXnRsFi4Ux.r1r8SQD.Ps1ksMrVyIVlHWg9o3Z/3N8hWuZV/3G', 'alumno', 'Lidia Daniela', 'Tarazona Avendaño', '61429191', true);
INSERT INTO alumnos (id, usuario_id, dni, nombre, apellidos, codigo_barras, aula_id) VALUES ('2bca6963-95f1-435d-b70a-c44e7b85286e', 'e2394b68-4c7f-4d83-be12-ea3af1fb460c', '61429191', 'Lidia Daniela', 'Tarazona Avendaño', '614219', '1e209df8-76e5-404b-80ff-cf85af2beb5b');
INSERT INTO usuarios (id, email, password_hash, rol, nombre, apellidos, dni, activo) VALUES ('ecb8a5cd-7330-4810-b6c9-58f6413dc902', '612320@academia.edu', '$2b$10$Kt1WXnRsFi4Ux.r1r8SQD.Ps1ksMrVyIVlHWg9o3Z/3N8hWuZV/3G', 'alumno', 'Juan Diego', 'Tolentino Alvarado', '61232906', true);
INSERT INTO alumnos (id, usuario_id, dni, nombre, apellidos, codigo_barras, aula_id) VALUES ('d364b429-d42c-4693-9e2f-9a059031c17e', 'ecb8a5cd-7330-4810-b6c9-58f6413dc902', '61232906', 'Juan Diego', 'Tolentino Alvarado', '612320', '1e209df8-76e5-404b-80ff-cf85af2beb5b');
INSERT INTO usuarios (id, email, password_hash, rol, nombre, apellidos, dni, activo) VALUES ('146daad7-c46f-459d-a6d6-3ab86309a29e', '606221@academia.edu', '$2b$10$Kt1WXnRsFi4Ux.r1r8SQD.Ps1ksMrVyIVlHWg9o3Z/3N8hWuZV/3G', 'alumno', 'Miguel Antonio', 'Torres Martinez', '60626467', true);
INSERT INTO alumnos (id, usuario_id, dni, nombre, apellidos, codigo_barras, aula_id) VALUES ('db6f4ca2-5380-403c-9d55-968fdd367790', '146daad7-c46f-459d-a6d6-3ab86309a29e', '60626467', 'Miguel Antonio', 'Torres Martinez', '606221', '1e209df8-76e5-404b-80ff-cf85af2beb5b');
INSERT INTO usuarios (id, email, password_hash, rol, nombre, apellidos, dni, activo) VALUES ('b892d308-5872-4742-9546-1d1433acc5ef', '612957@academia.edu', '$2b$10$Kt1WXnRsFi4Ux.r1r8SQD.Ps1ksMrVyIVlHWg9o3Z/3N8hWuZV/3G', 'alumno', 'Brillet Yajayra', 'Urbano Dionicio', '61298678', true);
INSERT INTO alumnos (id, usuario_id, dni, nombre, apellidos, codigo_barras, aula_id) VALUES ('2b2f4f27-f02b-4d90-91b6-efd1671d341a', 'b892d308-5872-4742-9546-1d1433acc5ef', '61298678', 'Brillet Yajayra', 'Urbano Dionicio', '612957', '1e209df8-76e5-404b-80ff-cf85af2beb5b');
INSERT INTO usuarios (id, email, password_hash, rol, nombre, apellidos, dni, activo) VALUES ('b326ac2e-1e94-4db9-9c86-820bd5f9bc2b', '606704@academia.edu', '$2b$10$Kt1WXnRsFi4Ux.r1r8SQD.Ps1ksMrVyIVlHWg9o3Z/3N8hWuZV/3G', 'alumno', 'Esmith Alexander', 'Vega Blas', '60677206', true);
INSERT INTO alumnos (id, usuario_id, dni, nombre, apellidos, codigo_barras, aula_id) VALUES ('e45b4526-76ea-48d8-a124-61d121744da6', 'b326ac2e-1e94-4db9-9c86-820bd5f9bc2b', '60677206', 'Esmith Alexander', 'Vega Blas', '606704', '1e209df8-76e5-404b-80ff-cf85af2beb5b');
INSERT INTO usuarios (id, email, password_hash, rol, nombre, apellidos, dni, activo) VALUES ('0b9f7d72-ea15-48d6-b86b-187473bbdee7', '601214@academia.edu', '$2b$10$Kt1WXnRsFi4Ux.r1r8SQD.Ps1ksMrVyIVlHWg9o3Z/3N8hWuZV/3G', 'alumno', 'Sherly', 'Villanueva Rosales', '60127696', true);
INSERT INTO alumnos (id, usuario_id, dni, nombre, apellidos, codigo_barras, aula_id) VALUES ('98bb9732-ef13-40ca-83e3-5883814db08d', '0b9f7d72-ea15-48d6-b86b-187473bbdee7', '60127696', 'Sherly', 'Villanueva Rosales', '601214', '1e209df8-76e5-404b-80ff-cf85af2beb5b');
INSERT INTO usuarios (id, email, password_hash, rol, nombre, apellidos, dni, activo) VALUES ('868dba06-cb4e-4963-9729-3d96822b12b4', '603136@academia.edu', '$2b$10$Kt1WXnRsFi4Ux.r1r8SQD.Ps1ksMrVyIVlHWg9o3Z/3N8hWuZV/3G', 'alumno', 'Franco Dubeck', 'Yupanqui Dimas', '60316092', true);
INSERT INTO alumnos (id, usuario_id, dni, nombre, apellidos, codigo_barras, aula_id) VALUES ('a7efd80e-e3cc-4ed1-8389-23ca830d1345', '868dba06-cb4e-4963-9729-3d96822b12b4', '60316092', 'Franco Dubeck', 'Yupanqui Dimas', '603136', '1e209df8-76e5-404b-80ff-cf85af2beb5b');
INSERT INTO usuarios (id, email, password_hash, rol, nombre, apellidos, dni, activo) VALUES ('ceaec321-5eb4-4731-b22b-f16fa68d3e81', '604525@academia.edu', '$2b$10$Kt1WXnRsFi4Ux.r1r8SQD.Ps1ksMrVyIVlHWg9o3Z/3N8hWuZV/3G', 'alumno', 'Yoselin Mercedes', 'Alcantara Pineda', '60453718', true);
INSERT INTO alumnos (id, usuario_id, dni, nombre, apellidos, codigo_barras, aula_id) VALUES ('59774545-5507-453f-a45f-d913fef194ae', 'ceaec321-5eb4-4731-b22b-f16fa68d3e81', '60453718', 'Yoselin Mercedes', 'Alcantara Pineda', '604525', '377d4af5-46c8-4d6b-9e77-c51e18a0cea2');
INSERT INTO usuarios (id, email, password_hash, rol, nombre, apellidos, dni, activo) VALUES ('97292e68-4b98-4315-98bd-7788c6d359f7', '604022@academia.edu', '$2b$10$Kt1WXnRsFi4Ux.r1r8SQD.Ps1ksMrVyIVlHWg9o3Z/3N8hWuZV/3G', 'alumno', 'Yenifer Yaneth', 'Alonzo Maldonado', '60407976', true);
INSERT INTO alumnos (id, usuario_id, dni, nombre, apellidos, codigo_barras, aula_id) VALUES ('d6d35bbb-55e0-460c-823e-7f7dc2b97d57', '97292e68-4b98-4315-98bd-7788c6d359f7', '60407976', 'Yenifer Yaneth', 'Alonzo Maldonado', '604022', '377d4af5-46c8-4d6b-9e77-c51e18a0cea2');
INSERT INTO usuarios (id, email, password_hash, rol, nombre, apellidos, dni, activo) VALUES ('388c2975-691f-429b-9cd4-f8560aa203ea', '616118@academia.edu', '$2b$10$Kt1WXnRsFi4Ux.r1r8SQD.Ps1ksMrVyIVlHWg9o3Z/3N8hWuZV/3G', 'alumno', 'Angiely Estefany', 'Alvarado Cadillo', '61616182', true);
INSERT INTO alumnos (id, usuario_id, dni, nombre, apellidos, codigo_barras, aula_id) VALUES ('d450af60-7ad5-4b95-8c15-49f56b67ab9a', '388c2975-691f-429b-9cd4-f8560aa203ea', '61616182', 'Angiely Estefany', 'Alvarado Cadillo', '616118', '377d4af5-46c8-4d6b-9e77-c51e18a0cea2');
INSERT INTO usuarios (id, email, password_hash, rol, nombre, apellidos, dni, activo) VALUES ('80b0ff24-e849-4431-b324-9ce10cd89c02', '616637@academia.edu', '$2b$10$Kt1WXnRsFi4Ux.r1r8SQD.Ps1ksMrVyIVlHWg9o3Z/3N8hWuZV/3G', 'alumno', 'Mayori Briguitte', 'Amado Espinoza', '61662353', true);
INSERT INTO alumnos (id, usuario_id, dni, nombre, apellidos, codigo_barras, aula_id) VALUES ('1cfa1a32-cf74-4b92-bb88-1b0034a1517f', '80b0ff24-e849-4431-b324-9ce10cd89c02', '61662353', 'Mayori Briguitte', 'Amado Espinoza', '616637', '377d4af5-46c8-4d6b-9e77-c51e18a0cea2');
INSERT INTO usuarios (id, email, password_hash, rol, nombre, apellidos, dni, activo) VALUES ('b44bc958-45a9-45ae-bccd-c3f9b4e045a1', '602838@academia.edu', '$2b$10$Kt1WXnRsFi4Ux.r1r8SQD.Ps1ksMrVyIVlHWg9o3Z/3N8hWuZV/3G', 'alumno', 'Lleraldine Milagros', 'Anchirayco Vega', '60282575', true);
INSERT INTO alumnos (id, usuario_id, dni, nombre, apellidos, codigo_barras, aula_id) VALUES ('142101a2-15de-44ca-bfb7-e909b3a705c0', 'b44bc958-45a9-45ae-bccd-c3f9b4e045a1', '60282575', 'Lleraldine Milagros', 'Anchirayco Vega', '602838', '377d4af5-46c8-4d6b-9e77-c51e18a0cea2');
INSERT INTO usuarios (id, email, password_hash, rol, nombre, apellidos, dni, activo) VALUES ('8c28988d-cb0f-425c-81f8-bca4eab56ff2', '620123@academia.edu', '$2b$10$Kt1WXnRsFi4Ux.r1r8SQD.Ps1ksMrVyIVlHWg9o3Z/3N8hWuZV/3G', 'alumno', 'Francko Emanuel', 'Aramburu Ramirez', '62014753', true);
INSERT INTO alumnos (id, usuario_id, dni, nombre, apellidos, codigo_barras, aula_id) VALUES ('83698a31-1bbc-4341-b9cc-a4948cac2b6b', '8c28988d-cb0f-425c-81f8-bca4eab56ff2', '62014753', 'Francko Emanuel', 'Aramburu Ramirez', '620123', '377d4af5-46c8-4d6b-9e77-c51e18a0cea2');
INSERT INTO usuarios (id, email, password_hash, rol, nombre, apellidos, dni, activo) VALUES ('2327346f-aeb6-498e-a06a-40fc3b824859', '603174@academia.edu', '$2b$10$Kt1WXnRsFi4Ux.r1r8SQD.Ps1ksMrVyIVlHWg9o3Z/3N8hWuZV/3G', 'alumno', 'Saul Joan', 'Aranibar Chavez', '60316081', true);
INSERT INTO alumnos (id, usuario_id, dni, nombre, apellidos, codigo_barras, aula_id) VALUES ('101e456b-7233-44de-bb7a-a08db0b9584a', '2327346f-aeb6-498e-a06a-40fc3b824859', '60316081', 'Saul Joan', 'Aranibar Chavez', '603174', '377d4af5-46c8-4d6b-9e77-c51e18a0cea2');
INSERT INTO usuarios (id, email, password_hash, rol, nombre, apellidos, dni, activo) VALUES ('8dbb4918-0e5c-4575-96de-cf99bd59b5f2', '610123@academia.edu', '$2b$10$Kt1WXnRsFi4Ux.r1r8SQD.Ps1ksMrVyIVlHWg9o3Z/3N8hWuZV/3G', 'alumno', 'Heidi Daiana', 'Avelino Trejo', '61013187', true);
INSERT INTO alumnos (id, usuario_id, dni, nombre, apellidos, codigo_barras, aula_id) VALUES ('daf4e6f2-49ed-41ae-b71a-e674f2435516', '8dbb4918-0e5c-4575-96de-cf99bd59b5f2', '61013187', 'Heidi Daiana', 'Avelino Trejo', '610123', '377d4af5-46c8-4d6b-9e77-c51e18a0cea2');
INSERT INTO usuarios (id, email, password_hash, rol, nombre, apellidos, dni, activo) VALUES ('f6aa3be6-d7e9-4235-bc39-bcf33334a73f', '616740@academia.edu', '$2b$10$Kt1WXnRsFi4Ux.r1r8SQD.Ps1ksMrVyIVlHWg9o3Z/3N8hWuZV/3G', 'alumno', 'Diner Donato', 'Calderon Saenz', '61678218', true);
INSERT INTO alumnos (id, usuario_id, dni, nombre, apellidos, codigo_barras, aula_id) VALUES ('0aefb5ac-b119-4e87-941f-9675580ecfb4', 'f6aa3be6-d7e9-4235-bc39-bcf33334a73f', '61678218', 'Diner Donato', 'Calderon Saenz', '616740', '377d4af5-46c8-4d6b-9e77-c51e18a0cea2');
INSERT INTO usuarios (id, email, password_hash, rol, nombre, apellidos, dni, activo) VALUES ('fb7eb0d4-8781-41f2-80a3-368fc293a587', '601200@academia.edu', '$2b$10$Kt1WXnRsFi4Ux.r1r8SQD.Ps1ksMrVyIVlHWg9o3Z/3N8hWuZV/3G', 'alumno', 'Richard Roosvelt', 'Carbajal Chicchis', '60124450', true);
INSERT INTO alumnos (id, usuario_id, dni, nombre, apellidos, codigo_barras, aula_id) VALUES ('26663e83-fced-45e3-86a8-7b12f72f17b1', 'fb7eb0d4-8781-41f2-80a3-368fc293a587', '60124450', 'Richard Roosvelt', 'Carbajal Chicchis', '601200', '377d4af5-46c8-4d6b-9e77-c51e18a0cea2');
INSERT INTO usuarios (id, email, password_hash, rol, nombre, apellidos, dni, activo) VALUES ('52082c4f-d5bc-4b69-80c3-689dbc203426', '614806@academia.edu', '$2b$10$Kt1WXnRsFi4Ux.r1r8SQD.Ps1ksMrVyIVlHWg9o3Z/3N8hWuZV/3G', 'alumno', 'Pablo Daniel', 'Cerda Haro', '61480453', true);
INSERT INTO alumnos (id, usuario_id, dni, nombre, apellidos, codigo_barras, aula_id) VALUES ('4dc11610-b0b1-4bde-977d-58bc202cbb1a', '52082c4f-d5bc-4b69-80c3-689dbc203426', '61480453', 'Pablo Daniel', 'Cerda Haro', '614806', '377d4af5-46c8-4d6b-9e77-c51e18a0cea2');
INSERT INTO usuarios (id, email, password_hash, rol, nombre, apellidos, dni, activo) VALUES ('dc972ef4-3668-4491-a366-c716ddd1993d', '619535@academia.edu', '$2b$10$Kt1WXnRsFi4Ux.r1r8SQD.Ps1ksMrVyIVlHWg9o3Z/3N8hWuZV/3G', 'alumno', 'Leydi Sayumi', 'Chavez Villacorta', '61957686', true);
INSERT INTO alumnos (id, usuario_id, dni, nombre, apellidos, codigo_barras, aula_id) VALUES ('a332456f-5c77-44dd-9c5c-d064aa6d01e6', 'dc972ef4-3668-4491-a366-c716ddd1993d', '61957686', 'Leydi Sayumi', 'Chavez Villacorta', '619535', '377d4af5-46c8-4d6b-9e77-c51e18a0cea2');
INSERT INTO usuarios (id, email, password_hash, rol, nombre, apellidos, dni, activo) VALUES ('8efdb4de-7ef2-4fd7-a5f3-e22c3719cda2', '611953@academia.edu', '$2b$10$Kt1WXnRsFi4Ux.r1r8SQD.Ps1ksMrVyIVlHWg9o3Z/3N8hWuZV/3G', 'alumno', 'Angel Jesus', 'Chucho Gomez', '61191473', true);
INSERT INTO alumnos (id, usuario_id, dni, nombre, apellidos, codigo_barras, aula_id) VALUES ('d12c8279-0e84-401c-bce5-3b538782a521', '8efdb4de-7ef2-4fd7-a5f3-e22c3719cda2', '61191473', 'Angel Jesus', 'Chucho Gomez', '611953', '377d4af5-46c8-4d6b-9e77-c51e18a0cea2');
INSERT INTO usuarios (id, email, password_hash, rol, nombre, apellidos, dni, activo) VALUES ('5ed030f1-e61b-4649-aa0f-b196524d914f', '614244@academia.edu', '$2b$10$Kt1WXnRsFi4Ux.r1r8SQD.Ps1ksMrVyIVlHWg9o3Z/3N8hWuZV/3G', 'alumno', 'Katherine Yulisa', 'Ciriaco Celmi', '61429306', true);
INSERT INTO alumnos (id, usuario_id, dni, nombre, apellidos, codigo_barras, aula_id) VALUES ('5d832754-3d5c-4f61-8583-e867bee9885a', '5ed030f1-e61b-4649-aa0f-b196524d914f', '61429306', 'Katherine Yulisa', 'Ciriaco Celmi', '614244', '377d4af5-46c8-4d6b-9e77-c51e18a0cea2');
INSERT INTO usuarios (id, email, password_hash, rol, nombre, apellidos, dni, activo) VALUES ('97c8b324-4336-4b7e-a335-b3dc5a189c0d', '605883@academia.edu', '$2b$10$Kt1WXnRsFi4Ux.r1r8SQD.Ps1ksMrVyIVlHWg9o3Z/3N8hWuZV/3G', 'alumno', 'Joscelyn Anet', 'Diestra Calixto', '60584040', true);
INSERT INTO alumnos (id, usuario_id, dni, nombre, apellidos, codigo_barras, aula_id) VALUES ('a102f2b6-3c9f-4e73-b8b9-7e502dbebe4d', '97c8b324-4336-4b7e-a335-b3dc5a189c0d', '60584040', 'Joscelyn Anet', 'Diestra Calixto', '605883', '377d4af5-46c8-4d6b-9e77-c51e18a0cea2');
INSERT INTO usuarios (id, email, password_hash, rol, nombre, apellidos, dni, activo) VALUES ('e5b9ba7a-1f55-47da-92d8-8dbcac642e8a', '606477@academia.edu', '$2b$10$Kt1WXnRsFi4Ux.r1r8SQD.Ps1ksMrVyIVlHWg9o3Z/3N8hWuZV/3G', 'alumno', 'Mileni Soledad', 'Espinoza Luna', '60642838', true);
INSERT INTO alumnos (id, usuario_id, dni, nombre, apellidos, codigo_barras, aula_id) VALUES ('c121c707-78ea-4aa0-b1b5-0b3494b5388b', 'e5b9ba7a-1f55-47da-92d8-8dbcac642e8a', '60642838', 'Mileni Soledad', 'Espinoza Luna', '606477', '377d4af5-46c8-4d6b-9e77-c51e18a0cea2');
INSERT INTO usuarios (id, email, password_hash, rol, nombre, apellidos, dni, activo) VALUES ('da4e03b7-d459-45d6-adec-a0cc1be47a77', '757211@academia.edu', '$2b$10$Kt1WXnRsFi4Ux.r1r8SQD.Ps1ksMrVyIVlHWg9o3Z/3N8hWuZV/3G', 'alumno', 'Xiclaly Andreita', 'Falcon Leyva', '75724655', true);
INSERT INTO alumnos (id, usuario_id, dni, nombre, apellidos, codigo_barras, aula_id) VALUES ('fed36075-d031-41f6-a3c7-3fcced4161a4', 'da4e03b7-d459-45d6-adec-a0cc1be47a77', '75724655', 'Xiclaly Andreita', 'Falcon Leyva', '757211', '377d4af5-46c8-4d6b-9e77-c51e18a0cea2');
INSERT INTO usuarios (id, email, password_hash, rol, nombre, apellidos, dni, activo) VALUES ('de46b78d-88e4-4340-bc00-ce70001c1df5', '603417@academia.edu', '$2b$10$Kt1WXnRsFi4Ux.r1r8SQD.Ps1ksMrVyIVlHWg9o3Z/3N8hWuZV/3G', 'alumno', 'Yubel Camilo', 'Gambini Domingo', '60342225', true);
INSERT INTO alumnos (id, usuario_id, dni, nombre, apellidos, codigo_barras, aula_id) VALUES ('bea882bd-721f-46ef-9038-e260860b2608', 'de46b78d-88e4-4340-bc00-ce70001c1df5', '60342225', 'Yubel Camilo', 'Gambini Domingo', '603417', '377d4af5-46c8-4d6b-9e77-c51e18a0cea2');
INSERT INTO usuarios (id, email, password_hash, rol, nombre, apellidos, dni, activo) VALUES ('77754294-ae1b-491b-b3bb-634be669ff5d', '612352@academia.edu', '$2b$10$Kt1WXnRsFi4Ux.r1r8SQD.Ps1ksMrVyIVlHWg9o3Z/3N8hWuZV/3G', 'alumno', 'Ever Raymond', 'Guillermo Castro', '61233155', true);
INSERT INTO alumnos (id, usuario_id, dni, nombre, apellidos, codigo_barras, aula_id) VALUES ('d38d2f58-dd01-4dc8-960b-a0d6328df08e', '77754294-ae1b-491b-b3bb-634be669ff5d', '61233155', 'Ever Raymond', 'Guillermo Castro', '612352', '377d4af5-46c8-4d6b-9e77-c51e18a0cea2');
INSERT INTO usuarios (id, email, password_hash, rol, nombre, apellidos, dni, activo) VALUES ('67817faf-eca2-462f-9732-f916fdd1ec13', '612330@academia.edu', '$2b$10$Kt1WXnRsFi4Ux.r1r8SQD.Ps1ksMrVyIVlHWg9o3Z/3N8hWuZV/3G', 'alumno', 'Oliver Romario', 'Guillermo Castro', '61233154', true);
INSERT INTO alumnos (id, usuario_id, dni, nombre, apellidos, codigo_barras, aula_id) VALUES ('3e69190a-d664-4e93-b719-e93575bc710b', '67817faf-eca2-462f-9732-f916fdd1ec13', '61233154', 'Oliver Romario', 'Guillermo Castro', '612330', '377d4af5-46c8-4d6b-9e77-c51e18a0cea2');
INSERT INTO usuarios (id, email, password_hash, rol, nombre, apellidos, dni, activo) VALUES ('81b5fcdd-c39e-4d14-86ab-be151b13236a', '734158@academia.edu', '$2b$10$Kt1WXnRsFi4Ux.r1r8SQD.Ps1ksMrVyIVlHWg9o3Z/3N8hWuZV/3G', 'alumno', 'Rodrigo Antonio', 'Huaman Castillo', '73411620', true);
INSERT INTO alumnos (id, usuario_id, dni, nombre, apellidos, codigo_barras, aula_id) VALUES ('f3f31c34-64cc-4fe2-b160-cdaf27d6e100', '81b5fcdd-c39e-4d14-86ab-be151b13236a', '73411620', 'Rodrigo Antonio', 'Huaman Castillo', '734158', '377d4af5-46c8-4d6b-9e77-c51e18a0cea2');
INSERT INTO usuarios (id, email, password_hash, rol, nombre, apellidos, dni, activo) VALUES ('6aca483e-07c6-4a1c-8254-451edc3182c1', '629945@academia.edu', '$2b$10$Kt1WXnRsFi4Ux.r1r8SQD.Ps1ksMrVyIVlHWg9o3Z/3N8hWuZV/3G', 'alumno', 'Luis Miguel', 'Jacome Broncano', '62994011', true);
INSERT INTO alumnos (id, usuario_id, dni, nombre, apellidos, codigo_barras, aula_id) VALUES ('4cc41a65-a027-499c-bb4b-22751d172d9b', '6aca483e-07c6-4a1c-8254-451edc3182c1', '62994011', 'Luis Miguel', 'Jacome Broncano', '629945', '377d4af5-46c8-4d6b-9e77-c51e18a0cea2');
INSERT INTO usuarios (id, email, password_hash, rol, nombre, apellidos, dni, activo) VALUES ('b6f9a889-19de-42bb-b554-d5715b234871', '614892@academia.edu', '$2b$10$Kt1WXnRsFi4Ux.r1r8SQD.Ps1ksMrVyIVlHWg9o3Z/3N8hWuZV/3G', 'alumno', 'Anghely Juanita', 'Jamanca Ellisca', '61480133', true);
INSERT INTO alumnos (id, usuario_id, dni, nombre, apellidos, codigo_barras, aula_id) VALUES ('a19ecb2e-4d90-40fb-a267-1fe3c62fbb7c', 'b6f9a889-19de-42bb-b554-d5715b234871', '61480133', 'Anghely Juanita', 'Jamanca Ellisca', '614892', '377d4af5-46c8-4d6b-9e77-c51e18a0cea2');
INSERT INTO usuarios (id, email, password_hash, rol, nombre, apellidos, dni, activo) VALUES ('7c1d437d-4dad-4fa2-93f5-d094b7c631f1', '604030@academia.edu', '$2b$10$Kt1WXnRsFi4Ux.r1r8SQD.Ps1ksMrVyIVlHWg9o3Z/3N8hWuZV/3G', 'alumno', 'Juan Danilo', 'Jara Requez', '60400565', true);
INSERT INTO alumnos (id, usuario_id, dni, nombre, apellidos, codigo_barras, aula_id) VALUES ('0d7e8561-0906-4bb6-861b-bc9bb6f2dbc4', '7c1d437d-4dad-4fa2-93f5-d094b7c631f1', '60400565', 'Juan Danilo', 'Jara Requez', '604030', '377d4af5-46c8-4d6b-9e77-c51e18a0cea2');
INSERT INTO usuarios (id, email, password_hash, rol, nombre, apellidos, dni, activo) VALUES ('92e52862-0a58-4e56-86e9-2540bc979c14', '603135@academia.edu', '$2b$10$Kt1WXnRsFi4Ux.r1r8SQD.Ps1ksMrVyIVlHWg9o3Z/3N8hWuZV/3G', 'alumno', 'Katherine Rosario', 'Jaramillo Giraldo', '60316083', true);
INSERT INTO alumnos (id, usuario_id, dni, nombre, apellidos, codigo_barras, aula_id) VALUES ('a5b85b47-d05e-4b30-bb18-de595502fea2', '92e52862-0a58-4e56-86e9-2540bc979c14', '60316083', 'Katherine Rosario', 'Jaramillo Giraldo', '603135', '377d4af5-46c8-4d6b-9e77-c51e18a0cea2');
INSERT INTO usuarios (id, email, password_hash, rol, nombre, apellidos, dni, activo) VALUES ('fc3c97dc-7dad-406c-96b7-3c9f19f1a839', '603699@academia.edu', '$2b$10$Kt1WXnRsFi4Ux.r1r8SQD.Ps1ksMrVyIVlHWg9o3Z/3N8hWuZV/3G', 'alumno', 'Jose Antonio', 'Medina Gamarra', '60363934', true);
INSERT INTO alumnos (id, usuario_id, dni, nombre, apellidos, codigo_barras, aula_id) VALUES ('15aea963-85a3-43df-a6ee-055af6dae328', 'fc3c97dc-7dad-406c-96b7-3c9f19f1a839', '60363934', 'Jose Antonio', 'Medina Gamarra', '603699', '377d4af5-46c8-4d6b-9e77-c51e18a0cea2');
INSERT INTO usuarios (id, email, password_hash, rol, nombre, apellidos, dni, activo) VALUES ('30ab8b14-063c-4164-8492-414791afd89d', '749398@academia.edu', '$2b$10$Kt1WXnRsFi4Ux.r1r8SQD.Ps1ksMrVyIVlHWg9o3Z/3N8hWuZV/3G', 'alumno', 'Rosiñho Alexis', 'Meyhuay Isidro', '74937622', true);
INSERT INTO alumnos (id, usuario_id, dni, nombre, apellidos, codigo_barras, aula_id) VALUES ('0bf93126-6d79-47c4-a161-9dbc974f9919', '30ab8b14-063c-4164-8492-414791afd89d', '74937622', 'Rosiñho Alexis', 'Meyhuay Isidro', '749398', '377d4af5-46c8-4d6b-9e77-c51e18a0cea2');
INSERT INTO usuarios (id, email, password_hash, rol, nombre, apellidos, dni, activo) VALUES ('d1001087-d738-491e-a000-2f11fd00d9e5', '614821@academia.edu', '$2b$10$Kt1WXnRsFi4Ux.r1r8SQD.Ps1ksMrVyIVlHWg9o3Z/3N8hWuZV/3G', 'alumno', 'Kamila Lucia', 'Milla Henostroza', '61480330', true);
INSERT INTO alumnos (id, usuario_id, dni, nombre, apellidos, codigo_barras, aula_id) VALUES ('f71a94f3-aa37-45f6-ad5a-2d18e0b0c923', 'd1001087-d738-491e-a000-2f11fd00d9e5', '61480330', 'Kamila Lucia', 'Milla Henostroza', '614821', '377d4af5-46c8-4d6b-9e77-c51e18a0cea2');
INSERT INTO usuarios (id, email, password_hash, rol, nombre, apellidos, dni, activo) VALUES ('e9b711a3-c2b3-4748-8443-6226b55cabd8', '620028@academia.edu', '$2b$10$Kt1WXnRsFi4Ux.r1r8SQD.Ps1ksMrVyIVlHWg9o3Z/3N8hWuZV/3G', 'alumno', 'Ronald Alfredo', 'Moreno Rosas', '62009912', true);
INSERT INTO alumnos (id, usuario_id, dni, nombre, apellidos, codigo_barras, aula_id) VALUES ('0f22e2bc-1ed8-46bc-bf1e-2211d2420a40', 'e9b711a3-c2b3-4748-8443-6226b55cabd8', '62009912', 'Ronald Alfredo', 'Moreno Rosas', '620028', '377d4af5-46c8-4d6b-9e77-c51e18a0cea2');
INSERT INTO usuarios (id, email, password_hash, rol, nombre, apellidos, dni, activo) VALUES ('fe23a9c4-586a-497f-a894-f51ac8cd28e6', '615160@academia.edu', '$2b$10$Kt1WXnRsFi4Ux.r1r8SQD.Ps1ksMrVyIVlHWg9o3Z/3N8hWuZV/3G', 'alumno', 'Camila Del Rosario', 'Osorio Araya', '61517194', true);
INSERT INTO alumnos (id, usuario_id, dni, nombre, apellidos, codigo_barras, aula_id) VALUES ('b09671cc-bebb-47bd-9701-8b2933c1eead', 'fe23a9c4-586a-497f-a894-f51ac8cd28e6', '61517194', 'Camila Del Rosario', 'Osorio Araya', '615160', '377d4af5-46c8-4d6b-9e77-c51e18a0cea2');
INSERT INTO usuarios (id, email, password_hash, rol, nombre, apellidos, dni, activo) VALUES ('c0746792-4e75-4ae2-ace3-0979b96684eb', '620138@academia.edu', '$2b$10$Kt1WXnRsFi4Ux.r1r8SQD.Ps1ksMrVyIVlHWg9o3Z/3N8hWuZV/3G', 'alumno', 'Antony Raul', 'Quito Mory', '62015089', true);
INSERT INTO alumnos (id, usuario_id, dni, nombre, apellidos, codigo_barras, aula_id) VALUES ('a5825884-241a-4b1e-b00b-4c3b6e655f0d', 'c0746792-4e75-4ae2-ace3-0979b96684eb', '62015089', 'Antony Raul', 'Quito Mory', '620138', '377d4af5-46c8-4d6b-9e77-c51e18a0cea2');
INSERT INTO usuarios (id, email, password_hash, rol, nombre, apellidos, dni, activo) VALUES ('d5ccad69-2518-43c2-8ec6-62d08e04adbc', '603999@academia.edu', '$2b$10$Kt1WXnRsFi4Ux.r1r8SQD.Ps1ksMrVyIVlHWg9o3Z/3N8hWuZV/3G', 'alumno', 'Donely Luana', 'Reyes Medina', '60396627', true);
INSERT INTO alumnos (id, usuario_id, dni, nombre, apellidos, codigo_barras, aula_id) VALUES ('c445b245-29ca-4bfb-b708-268329f4ac66', 'd5ccad69-2518-43c2-8ec6-62d08e04adbc', '60396627', 'Donely Luana', 'Reyes Medina', '603999', '377d4af5-46c8-4d6b-9e77-c51e18a0cea2');
INSERT INTO usuarios (id, email, password_hash, rol, nombre, apellidos, dni, activo) VALUES ('a45e7227-a510-4910-8909-9522d11292aa', '606951@academia.edu', '$2b$10$Kt1WXnRsFi4Ux.r1r8SQD.Ps1ksMrVyIVlHWg9o3Z/3N8hWuZV/3G', 'alumno', 'Analy Andrea', 'Rimac Bravo', '60691856', true);
INSERT INTO alumnos (id, usuario_id, dni, nombre, apellidos, codigo_barras, aula_id) VALUES ('17457132-1632-433a-b33e-4094065f1e25', 'a45e7227-a510-4910-8909-9522d11292aa', '60691856', 'Analy Andrea', 'Rimac Bravo', '606951', '377d4af5-46c8-4d6b-9e77-c51e18a0cea2');
INSERT INTO usuarios (id, email, password_hash, rol, nombre, apellidos, dni, activo) VALUES ('f3f51f3b-ed6e-4508-9847-6be12d5f762a', '603658@academia.edu', '$2b$10$Kt1WXnRsFi4Ux.r1r8SQD.Ps1ksMrVyIVlHWg9o3Z/3N8hWuZV/3G', 'alumno', 'Marilin Mayra', 'Rivera Barrionuevo', '60369162', true);
INSERT INTO alumnos (id, usuario_id, dni, nombre, apellidos, codigo_barras, aula_id) VALUES ('edd06014-eb16-4a9c-9243-3bca391e825b', 'f3f51f3b-ed6e-4508-9847-6be12d5f762a', '60369162', 'Marilin Mayra', 'Rivera Barrionuevo', '603658', '377d4af5-46c8-4d6b-9e77-c51e18a0cea2');
INSERT INTO usuarios (id, email, password_hash, rol, nombre, apellidos, dni, activo) VALUES ('84e4d922-d54b-434d-8fad-35ffb7a65289', '603747@academia.edu', '$2b$10$Kt1WXnRsFi4Ux.r1r8SQD.Ps1ksMrVyIVlHWg9o3Z/3N8hWuZV/3G', 'alumno', 'Crisly Jazmin', 'Rodriguez Espinoza', '60374841', true);
INSERT INTO alumnos (id, usuario_id, dni, nombre, apellidos, codigo_barras, aula_id) VALUES ('66fb8c91-7fcf-450a-80c4-5072eab59bae', '84e4d922-d54b-434d-8fad-35ffb7a65289', '60374841', 'Crisly Jazmin', 'Rodriguez Espinoza', '603747', '377d4af5-46c8-4d6b-9e77-c51e18a0cea2');
INSERT INTO usuarios (id, email, password_hash, rol, nombre, apellidos, dni, activo) VALUES ('317f96b0-faa1-4959-bd53-f3fdfd92b463', '613619@academia.edu', '$2b$10$Kt1WXnRsFi4Ux.r1r8SQD.Ps1ksMrVyIVlHWg9o3Z/3N8hWuZV/3G', 'alumno', 'Luana Marycielo', 'Rodriguez Perez', '61364911', true);
INSERT INTO alumnos (id, usuario_id, dni, nombre, apellidos, codigo_barras, aula_id) VALUES ('09fb6f46-7604-4efa-8ddf-58f01edc4a18', '317f96b0-faa1-4959-bd53-f3fdfd92b463', '61364911', 'Luana Marycielo', 'Rodriguez Perez', '613619', '377d4af5-46c8-4d6b-9e77-c51e18a0cea2');
INSERT INTO usuarios (id, email, password_hash, rol, nombre, apellidos, dni, activo) VALUES ('28c5280e-f554-4688-9a02-558bedd91aa1', '725821@academia.edu', '$2b$10$Kt1WXnRsFi4Ux.r1r8SQD.Ps1ksMrVyIVlHWg9o3Z/3N8hWuZV/3G', 'alumno', 'Lidia Rosmeri', 'Rojas Aparicio', '72588091', true);
INSERT INTO alumnos (id, usuario_id, dni, nombre, apellidos, codigo_barras, aula_id) VALUES ('2589d6a2-53b7-4dc8-a265-07737439a912', '28c5280e-f554-4688-9a02-558bedd91aa1', '72588091', 'Lidia Rosmeri', 'Rojas Aparicio', '725821', '377d4af5-46c8-4d6b-9e77-c51e18a0cea2');
INSERT INTO usuarios (id, email, password_hash, rol, nombre, apellidos, dni, activo) VALUES ('be22e711-f7de-4995-b421-489dda22d2fa', '615172@academia.edu', '$2b$10$Kt1WXnRsFi4Ux.r1r8SQD.Ps1ksMrVyIVlHWg9o3Z/3N8hWuZV/3G', 'alumno', 'Pablo Diego', 'Roller Arpasi', '61517191', true);
INSERT INTO alumnos (id, usuario_id, dni, nombre, apellidos, codigo_barras, aula_id) VALUES ('324f4a39-19fb-4151-a81f-14df2c015a5c', 'be22e711-f7de-4995-b421-489dda22d2fa', '61517191', 'Pablo Diego', 'Roller Arpasi', '615172', '377d4af5-46c8-4d6b-9e77-c51e18a0cea2');
INSERT INTO usuarios (id, email, password_hash, rol, nombre, apellidos, dni, activo) VALUES ('880958f4-4226-4587-97cf-f3b96e23939d', '616857@academia.edu', '$2b$10$Kt1WXnRsFi4Ux.r1r8SQD.Ps1ksMrVyIVlHWg9o3Z/3N8hWuZV/3G', 'alumno', 'Cosett Elcida', 'Romero Cotrina', '61681916', true);
INSERT INTO alumnos (id, usuario_id, dni, nombre, apellidos, codigo_barras, aula_id) VALUES ('158f7bcd-3c43-4b0f-a635-c46e5fe6fe33', '880958f4-4226-4587-97cf-f3b96e23939d', '61681916', 'Cosett Elcida', 'Romero Cotrina', '616857', '377d4af5-46c8-4d6b-9e77-c51e18a0cea2');
INSERT INTO usuarios (id, email, password_hash, rol, nombre, apellidos, dni, activo) VALUES ('a0fe9bb8-11ad-434a-833f-402cb0e19cf3', '605724@academia.edu', '$2b$10$Kt1WXnRsFi4Ux.r1r8SQD.Ps1ksMrVyIVlHWg9o3Z/3N8hWuZV/3G', 'alumno', 'Wear', 'Salinas Asencios', '60579587', true);
INSERT INTO alumnos (id, usuario_id, dni, nombre, apellidos, codigo_barras, aula_id) VALUES ('f2ccb68c-e7d7-4a90-a80d-c3eadf2ecc4a', 'a0fe9bb8-11ad-434a-833f-402cb0e19cf3', '60579587', 'Wear', 'Salinas Asencios', '605724', '377d4af5-46c8-4d6b-9e77-c51e18a0cea2');
INSERT INTO usuarios (id, email, password_hash, rol, nombre, apellidos, dni, activo) VALUES ('fb5c5cac-1318-4f6f-932d-61d0121eb347', '609508@academia.edu', '$2b$10$Kt1WXnRsFi4Ux.r1r8SQD.Ps1ksMrVyIVlHWg9o3Z/3N8hWuZV/3G', 'alumno', 'Paola Fatima', 'Salvador Chavez', '60957661', true);
INSERT INTO alumnos (id, usuario_id, dni, nombre, apellidos, codigo_barras, aula_id) VALUES ('7c51066e-a90f-43e2-b3f2-a17c48b18506', 'fb5c5cac-1318-4f6f-932d-61d0121eb347', '60957661', 'Paola Fatima', 'Salvador Chavez', '609508', '377d4af5-46c8-4d6b-9e77-c51e18a0cea2');
INSERT INTO usuarios (id, email, password_hash, rol, nombre, apellidos, dni, activo) VALUES ('12c827bb-a7b9-4238-a99d-c463f61dd020', '604358@academia.edu', '$2b$10$Kt1WXnRsFi4Ux.r1r8SQD.Ps1ksMrVyIVlHWg9o3Z/3N8hWuZV/3G', 'alumno', 'Joe Daddy', 'Sota Lopez', '60433713', true);
INSERT INTO alumnos (id, usuario_id, dni, nombre, apellidos, codigo_barras, aula_id) VALUES ('bbabcba4-7d04-47c0-9f87-9fbecd9e1ac5', '12c827bb-a7b9-4238-a99d-c463f61dd020', '60433713', 'Joe Daddy', 'Sota Lopez', '604358', '377d4af5-46c8-4d6b-9e77-c51e18a0cea2');
INSERT INTO usuarios (id, email, password_hash, rol, nombre, apellidos, dni, activo) VALUES ('6f418ca6-12d7-4a4d-bb7e-2c5d679400cb', '620037@academia.edu', '$2b$10$Kt1WXnRsFi4Ux.r1r8SQD.Ps1ksMrVyIVlHWg9o3Z/3N8hWuZV/3G', 'alumno', 'Avril Maria Jesus', 'Teodor Villafana', '62009872', true);
INSERT INTO alumnos (id, usuario_id, dni, nombre, apellidos, codigo_barras, aula_id) VALUES ('aa480ff9-a061-4d7c-a078-d0ce1bcb5994', '6f418ca6-12d7-4a4d-bb7e-2c5d679400cb', '62009872', 'Avril Maria Jesus', 'Teodor Villafana', '620037', '377d4af5-46c8-4d6b-9e77-c51e18a0cea2');
INSERT INTO usuarios (id, email, password_hash, rol, nombre, apellidos, dni, activo) VALUES ('c43ec4c8-e91a-4385-bfe6-5fb8907f5651', '604419@academia.edu', '$2b$10$Kt1WXnRsFi4Ux.r1r8SQD.Ps1ksMrVyIVlHWg9o3Z/3N8hWuZV/3G', 'alumno', 'Kelver Jhoan', 'Vega Lopez', '60442159', true);
INSERT INTO alumnos (id, usuario_id, dni, nombre, apellidos, codigo_barras, aula_id) VALUES ('e85928df-a5da-442a-8685-0212cc845efe', 'c43ec4c8-e91a-4385-bfe6-5fb8907f5651', '60442159', 'Kelver Jhoan', 'Vega Lopez', '604419', '377d4af5-46c8-4d6b-9e77-c51e18a0cea2');
INSERT INTO usuarios (id, email, password_hash, rol, nombre, apellidos, dni, activo) VALUES ('cdf6bb7a-a388-4cf3-97b9-fad4a2469028', '605440@academia.edu', '$2b$10$Kt1WXnRsFi4Ux.r1r8SQD.Ps1ksMrVyIVlHWg9o3Z/3N8hWuZV/3G', 'alumno', 'Alex Nino', 'Velasquez Flores', '60540530', true);
INSERT INTO alumnos (id, usuario_id, dni, nombre, apellidos, codigo_barras, aula_id) VALUES ('d6913d5b-fbc6-459c-bf65-83c940c254bd', 'cdf6bb7a-a388-4cf3-97b9-fad4a2469028', '60540530', 'Alex Nino', 'Velasquez Flores', '605440', '377d4af5-46c8-4d6b-9e77-c51e18a0cea2');
INSERT INTO usuarios (id, email, password_hash, rol, nombre, apellidos, dni, activo) VALUES ('91a8eafc-9460-445a-8e0b-f77ca3b1c4e5', '615124@academia.edu', '$2b$10$Kt1WXnRsFi4Ux.r1r8SQD.Ps1ksMrVyIVlHWg9o3Z/3N8hWuZV/3G', 'alumno', 'Yamira Bellaluz', 'Acuña Cardenas', '61517392', true);
INSERT INTO alumnos (id, usuario_id, dni, nombre, apellidos, codigo_barras, aula_id) VALUES ('6fe49b87-06c2-48c4-abea-2b59c83d9bf7', '91a8eafc-9460-445a-8e0b-f77ca3b1c4e5', '61517392', 'Yamira Bellaluz', 'Acuña Cardenas', '615124', '8066c540-c18e-4a7f-ba61-6593ace796bb');
INSERT INTO usuarios (id, email, password_hash, rol, nombre, apellidos, dni, activo) VALUES ('3c7d9705-14c4-4691-861c-f8c72c23e817', '615163@academia.edu', '$2b$10$Kt1WXnRsFi4Ux.r1r8SQD.Ps1ksMrVyIVlHWg9o3Z/3N8hWuZV/3G', 'alumno', 'Nayely Alexandra', 'Barreto Toledo', '61517234', true);
INSERT INTO alumnos (id, usuario_id, dni, nombre, apellidos, codigo_barras, aula_id) VALUES ('9021c8f9-42b6-49cc-a8fc-e9191dad30e4', '3c7d9705-14c4-4691-861c-f8c72c23e817', '61517234', 'Nayely Alexandra', 'Barreto Toledo', '615163', '8066c540-c18e-4a7f-ba61-6593ace796bb');
INSERT INTO usuarios (id, email, password_hash, rol, nombre, apellidos, dni, activo) VALUES ('eafeaccc-b836-41e0-90dd-c36b73c82a26', '602830@academia.edu', '$2b$10$Kt1WXnRsFi4Ux.r1r8SQD.Ps1ksMrVyIVlHWg9o3Z/3N8hWuZV/3G', 'alumno', 'Nilver Orlando', 'Bayona Principe', '60281334', true);
INSERT INTO alumnos (id, usuario_id, dni, nombre, apellidos, codigo_barras, aula_id) VALUES ('7f5bd2ff-7ee8-40b6-9e68-31b8a1c159db', 'eafeaccc-b836-41e0-90dd-c36b73c82a26', '60281334', 'Nilver Orlando', 'Bayona Principe', '602830', '8066c540-c18e-4a7f-ba61-6593ace796bb');
INSERT INTO usuarios (id, email, password_hash, rol, nombre, apellidos, dni, activo) VALUES ('12705537-ff7e-42de-9109-7ed45dd0b449', '615199@academia.edu', '$2b$10$Kt1WXnRsFi4Ux.r1r8SQD.Ps1ksMrVyIVlHWg9o3Z/3N8hWuZV/3G', 'alumno', 'Maria Fernanda Valentina', 'Castro Leon', '61517190', true);
INSERT INTO alumnos (id, usuario_id, dni, nombre, apellidos, codigo_barras, aula_id) VALUES ('c26d08f8-e4e8-4224-985d-234542c3ff95', '12705537-ff7e-42de-9109-7ed45dd0b449', '61517190', 'Maria Fernanda Valentina', 'Castro Leon', '615199', '8066c540-c18e-4a7f-ba61-6593ace796bb');
INSERT INTO usuarios (id, email, password_hash, rol, nombre, apellidos, dni, activo) VALUES ('ecffe54c-c4c1-493d-a27f-e6a07e9cc123', '620131@academia.edu', '$2b$10$Kt1WXnRsFi4Ux.r1r8SQD.Ps1ksMrVyIVlHWg9o3Z/3N8hWuZV/3G', 'alumno', 'Francisco Uriel', 'Chavez Jamanca', '62014973', true);
INSERT INTO alumnos (id, usuario_id, dni, nombre, apellidos, codigo_barras, aula_id) VALUES ('7ae6fcf4-467a-46c5-b690-5c4e8a352b44', 'ecffe54c-c4c1-493d-a27f-e6a07e9cc123', '62014973', 'Francisco Uriel', 'Chavez Jamanca', '620131', '8066c540-c18e-4a7f-ba61-6593ace796bb');
INSERT INTO usuarios (id, email, password_hash, rol, nombre, apellidos, dni, activo) VALUES ('184f10e0-794d-4d65-befa-ced6e0ef29b7', '610812@academia.edu', '$2b$10$Kt1WXnRsFi4Ux.r1r8SQD.Ps1ksMrVyIVlHWg9o3Z/3N8hWuZV/3G', 'alumno', 'Cristel Valentina', 'Cochachin Ashnate', '61080837', true);
INSERT INTO alumnos (id, usuario_id, dni, nombre, apellidos, codigo_barras, aula_id) VALUES ('d2b44350-2263-4a62-ae5b-73d1d0bfa487', '184f10e0-794d-4d65-befa-ced6e0ef29b7', '61080837', 'Cristel Valentina', 'Cochachin Ashnate', '610812', '8066c540-c18e-4a7f-ba61-6593ace796bb');
INSERT INTO usuarios (id, email, password_hash, rol, nombre, apellidos, dni, activo) VALUES ('a8295aa0-9aaf-4d72-9b71-2a752f6bb12a', '602906@academia.edu', '$2b$10$Kt1WXnRsFi4Ux.r1r8SQD.Ps1ksMrVyIVlHWg9o3Z/3N8hWuZV/3G', 'alumno', 'Kelsi Maditain', 'Collazos Rojas', '60290293', true);
INSERT INTO alumnos (id, usuario_id, dni, nombre, apellidos, codigo_barras, aula_id) VALUES ('3d91df48-2648-41bc-9b23-1ef613f9543e', 'a8295aa0-9aaf-4d72-9b71-2a752f6bb12a', '60290293', 'Kelsi Maditain', 'Collazos Rojas', '602906', '8066c540-c18e-4a7f-ba61-6593ace796bb');
INSERT INTO usuarios (id, email, password_hash, rol, nombre, apellidos, dni, activo) VALUES ('9ef931bd-9f5a-4ded-90b3-d551dcc7a1ad', '613143@academia.edu', '$2b$10$Kt1WXnRsFi4Ux.r1r8SQD.Ps1ksMrVyIVlHWg9o3Z/3N8hWuZV/3G', 'alumno', 'Eric Yamil', 'Crispin Perez', '61314502', true);
INSERT INTO alumnos (id, usuario_id, dni, nombre, apellidos, codigo_barras, aula_id) VALUES ('dd63ed7e-fe6b-4685-a383-fceafee99ae4', '9ef931bd-9f5a-4ded-90b3-d551dcc7a1ad', '61314502', 'Eric Yamil', 'Crispin Perez', '613143', '8066c540-c18e-4a7f-ba61-6593ace796bb');
INSERT INTO usuarios (id, email, password_hash, rol, nombre, apellidos, dni, activo) VALUES ('2d9e85bf-52a4-4601-a38f-b81394426840', '604099@academia.edu', '$2b$10$Kt1WXnRsFi4Ux.r1r8SQD.Ps1ksMrVyIVlHWg9o3Z/3N8hWuZV/3G', 'alumno', 'Yoselyn Magaly', 'Crispin Rodriguez', '60404915', true);
INSERT INTO alumnos (id, usuario_id, dni, nombre, apellidos, codigo_barras, aula_id) VALUES ('f5c3c994-f3e0-407f-96f3-e215736113fb', '2d9e85bf-52a4-4601-a38f-b81394426840', '60404915', 'Yoselyn Magaly', 'Crispin Rodriguez', '604099', '8066c540-c18e-4a7f-ba61-6593ace796bb');
INSERT INTO usuarios (id, email, password_hash, rol, nombre, apellidos, dni, activo) VALUES ('cd515510-c359-4d10-ac01-7552b88c9ede', '615789@academia.edu', '$2b$10$Kt1WXnRsFi4Ux.r1r8SQD.Ps1ksMrVyIVlHWg9o3Z/3N8hWuZV/3G', 'alumno', 'Hugo Oracio', 'Cueva Moreno', '61577165', true);
INSERT INTO alumnos (id, usuario_id, dni, nombre, apellidos, codigo_barras, aula_id) VALUES ('045dc97e-b723-4ab2-a28d-786fbbf59b67', 'cd515510-c359-4d10-ac01-7552b88c9ede', '61577165', 'Hugo Oracio', 'Cueva Moreno', '615789', '8066c540-c18e-4a7f-ba61-6593ace796bb');
INSERT INTO usuarios (id, email, password_hash, rol, nombre, apellidos, dni, activo) VALUES ('cfea2a1a-40e8-48dd-b250-023bc92e73a8', '620493@academia.edu', '$2b$10$Kt1WXnRsFi4Ux.r1r8SQD.Ps1ksMrVyIVlHWg9o3Z/3N8hWuZV/3G', 'alumno', 'Ariana Solange', 'De La Cruz Olortegui', '62042817', true);
INSERT INTO alumnos (id, usuario_id, dni, nombre, apellidos, codigo_barras, aula_id) VALUES ('fcf38f04-a6b8-4248-9c4e-61b72f0a1fde', 'cfea2a1a-40e8-48dd-b250-023bc92e73a8', '62042817', 'Ariana Solange', 'De La Cruz Olortegui', '620493', '8066c540-c18e-4a7f-ba61-6593ace796bb');
INSERT INTO usuarios (id, email, password_hash, rol, nombre, apellidos, dni, activo) VALUES ('369d930f-66e5-4779-b4d8-4a2a6780d589', '615947@academia.edu', '$2b$10$Kt1WXnRsFi4Ux.r1r8SQD.Ps1ksMrVyIVlHWg9o3Z/3N8hWuZV/3G', 'alumno', 'Rosa Milagros', 'Fernandez Perez', '61591976', true);
INSERT INTO alumnos (id, usuario_id, dni, nombre, apellidos, codigo_barras, aula_id) VALUES ('a899df59-5f1a-41b4-88e8-ff74039d0f7b', '369d930f-66e5-4779-b4d8-4a2a6780d589', '61591976', 'Rosa Milagros', 'Fernandez Perez', '615947', '8066c540-c18e-4a7f-ba61-6593ace796bb');
INSERT INTO usuarios (id, email, password_hash, rol, nombre, apellidos, dni, activo) VALUES ('c5db76d6-03a0-4d59-a868-cf495c78d443', '604185@academia.edu', '$2b$10$Kt1WXnRsFi4Ux.r1r8SQD.Ps1ksMrVyIVlHWg9o3Z/3N8hWuZV/3G', 'alumno', 'Jair Isaac', 'Flores Avelino', '60411908', true);
INSERT INTO alumnos (id, usuario_id, dni, nombre, apellidos, codigo_barras, aula_id) VALUES ('eff23ef9-d9e7-4269-ba6a-373a3e75804c', 'c5db76d6-03a0-4d59-a868-cf495c78d443', '60411908', 'Jair Isaac', 'Flores Avelino', '604185', '8066c540-c18e-4a7f-ba61-6593ace796bb');
INSERT INTO usuarios (id, email, password_hash, rol, nombre, apellidos, dni, activo) VALUES ('b6f1ea71-82ad-41c0-bc7a-268901051546', '602865@academia.edu', '$2b$10$Kt1WXnRsFi4Ux.r1r8SQD.Ps1ksMrVyIVlHWg9o3Z/3N8hWuZV/3G', 'alumno', 'Deysy Yamely', 'Godo Cantaro', '60286685', true);
INSERT INTO alumnos (id, usuario_id, dni, nombre, apellidos, codigo_barras, aula_id) VALUES ('7bf9823a-ef9c-40d8-ab62-f0fc214e046b', 'b6f1ea71-82ad-41c0-bc7a-268901051546', '60286685', 'Deysy Yamely', 'Godo Cantaro', '602865', '8066c540-c18e-4a7f-ba61-6593ace796bb');
INSERT INTO usuarios (id, email, password_hash, rol, nombre, apellidos, dni, activo) VALUES ('ccb1b6a4-116b-41b2-94e8-46f12ef79ae1', '602614@academia.edu', '$2b$10$Kt1WXnRsFi4Ux.r1r8SQD.Ps1ksMrVyIVlHWg9o3Z/3N8hWuZV/3G', 'alumno', 'Yanely Milagros', 'Guerra Castro', '60260162', true);
INSERT INTO alumnos (id, usuario_id, dni, nombre, apellidos, codigo_barras, aula_id) VALUES ('406f5e28-c53f-4779-929a-57dc169aaeab', 'ccb1b6a4-116b-41b2-94e8-46f12ef79ae1', '60260162', 'Yanely Milagros', 'Guerra Castro', '602614', '8066c540-c18e-4a7f-ba61-6593ace796bb');
INSERT INTO usuarios (id, email, password_hash, rol, nombre, apellidos, dni, activo) VALUES ('798d9d48-a8fb-4692-b138-9bc9931e2bea', '752635@academia.edu', '$2b$10$Kt1WXnRsFi4Ux.r1r8SQD.Ps1ksMrVyIVlHWg9o3Z/3N8hWuZV/3G', 'alumno', 'Alessandra Aurea Angel', 'Guerrero Cerna', '75268812', true);
INSERT INTO alumnos (id, usuario_id, dni, nombre, apellidos, codigo_barras, aula_id) VALUES ('ad7a3d35-3dae-4206-8643-b33ae016773c', '798d9d48-a8fb-4692-b138-9bc9931e2bea', '75268812', 'Alessandra Aurea Angel', 'Guerrero Cerna', '752635', '8066c540-c18e-4a7f-ba61-6593ace796bb');
INSERT INTO usuarios (id, email, password_hash, rol, nombre, apellidos, dni, activo) VALUES ('36f3d99a-75a8-45ec-a69b-82cfd0e60fa2', '620196@academia.edu', '$2b$10$Kt1WXnRsFi4Ux.r1r8SQD.Ps1ksMrVyIVlHWg9o3Z/3N8hWuZV/3G', 'alumno', 'Angela Diana', 'Guerrero Cerna', '62015090', true);
INSERT INTO alumnos (id, usuario_id, dni, nombre, apellidos, codigo_barras, aula_id) VALUES ('d9ed9314-7977-4760-a61f-b6c2405391d4', '36f3d99a-75a8-45ec-a69b-82cfd0e60fa2', '62015090', 'Angela Diana', 'Guerrero Cerna', '620196', '8066c540-c18e-4a7f-ba61-6593ace796bb');
INSERT INTO usuarios (id, email, password_hash, rol, nombre, apellidos, dni, activo) VALUES ('19f988c6-3cd0-4445-b190-a4b2ec9c0e64', '613192@academia.edu', '$2b$10$Kt1WXnRsFi4Ux.r1r8SQD.Ps1ksMrVyIVlHWg9o3Z/3N8hWuZV/3G', 'alumno', 'Marioly Esli', 'Huanca Isidro', '61314725', true);
INSERT INTO alumnos (id, usuario_id, dni, nombre, apellidos, codigo_barras, aula_id) VALUES ('ebdec2a3-52bc-408b-b6f9-9ec656e57956', '19f988c6-3cd0-4445-b190-a4b2ec9c0e64', '61314725', 'Marioly Esli', 'Huanca Isidro', '613192', '8066c540-c18e-4a7f-ba61-6593ace796bb');
INSERT INTO usuarios (id, email, password_hash, rol, nombre, apellidos, dni, activo) VALUES ('7a8c3a91-cdd6-4975-9ee2-b2f4a677a02c', '614853@academia.edu', '$2b$10$Kt1WXnRsFi4Ux.r1r8SQD.Ps1ksMrVyIVlHWg9o3Z/3N8hWuZV/3G', 'alumno', 'Leonel Mario', 'Huaromo Jamanca', '61480225', true);
INSERT INTO alumnos (id, usuario_id, dni, nombre, apellidos, codigo_barras, aula_id) VALUES ('99aa6868-1957-48e8-996e-98b9c2208910', '7a8c3a91-cdd6-4975-9ee2-b2f4a677a02c', '61480225', 'Leonel Mario', 'Huaromo Jamanca', '614853', '8066c540-c18e-4a7f-ba61-6593ace796bb');
INSERT INTO usuarios (id, email, password_hash, rol, nombre, apellidos, dni, activo) VALUES ('3c30a1a5-6d9e-40d2-8f1d-896df0984247', '604007@academia.edu', '$2b$10$Kt1WXnRsFi4Ux.r1r8SQD.Ps1ksMrVyIVlHWg9o3Z/3N8hWuZV/3G', 'alumno', 'Giancarlos Yenner', 'Hueyta Lliuya', '60407800', true);
INSERT INTO alumnos (id, usuario_id, dni, nombre, apellidos, codigo_barras, aula_id) VALUES ('866481e9-d69c-4220-97e0-07eaa13b1141', '3c30a1a5-6d9e-40d2-8f1d-896df0984247', '60407800', 'Giancarlos Yenner', 'Hueyta Lliuya', '604007', '8066c540-c18e-4a7f-ba61-6593ace796bb');
INSERT INTO usuarios (id, email, password_hash, rol, nombre, apellidos, dni, activo) VALUES ('7a69d800-9dc5-4dfb-9050-d1efa58e64f2', '606707@academia.edu', '$2b$10$Kt1WXnRsFi4Ux.r1r8SQD.Ps1ksMrVyIVlHWg9o3Z/3N8hWuZV/3G', 'alumno', 'Erick Jhordy', 'Inocente Ortega', '60675722', true);
INSERT INTO alumnos (id, usuario_id, dni, nombre, apellidos, codigo_barras, aula_id) VALUES ('5db40d87-c133-43b3-ab81-0cb552673fd9', '7a69d800-9dc5-4dfb-9050-d1efa58e64f2', '60675722', 'Erick Jhordy', 'Inocente Ortega', '606707', '8066c540-c18e-4a7f-ba61-6593ace796bb');
INSERT INTO usuarios (id, email, password_hash, rol, nombre, apellidos, dni, activo) VALUES ('58ddfb32-797a-473d-ab14-0335ba18fd62', '615759@academia.edu', '$2b$10$Kt1WXnRsFi4Ux.r1r8SQD.Ps1ksMrVyIVlHWg9o3Z/3N8hWuZV/3G', 'alumno', 'Daysi Dalmira', 'Laguna Castro', '61577477', true);
INSERT INTO alumnos (id, usuario_id, dni, nombre, apellidos, codigo_barras, aula_id) VALUES ('ec6c107a-f4ca-4be9-9b79-2e2d9174a01c', '58ddfb32-797a-473d-ab14-0335ba18fd62', '61577477', 'Daysi Dalmira', 'Laguna Castro', '615759', '8066c540-c18e-4a7f-ba61-6593ace796bb');
INSERT INTO usuarios (id, email, password_hash, rol, nombre, apellidos, dni, activo) VALUES ('6565d873-798e-47e4-ae5e-d2f675e7ef02', '615800@academia.edu', '$2b$10$Kt1WXnRsFi4Ux.r1r8SQD.Ps1ksMrVyIVlHWg9o3Z/3N8hWuZV/3G', 'alumno', 'Deysi Alexandra', 'Leon Sanchez', '61589906', true);
INSERT INTO alumnos (id, usuario_id, dni, nombre, apellidos, codigo_barras, aula_id) VALUES ('78c6bec4-e660-4195-92c4-9b20b4f8747b', '6565d873-798e-47e4-ae5e-d2f675e7ef02', '61589906', 'Deysi Alexandra', 'Leon Sanchez', '615800', '8066c540-c18e-4a7f-ba61-6593ace796bb');
INSERT INTO usuarios (id, email, password_hash, rol, nombre, apellidos, dni, activo) VALUES ('11d88a17-4d20-4795-acfb-1d4022cafdce', '602967@academia.edu', '$2b$10$Kt1WXnRsFi4Ux.r1r8SQD.Ps1ksMrVyIVlHWg9o3Z/3N8hWuZV/3G', 'alumno', 'Meyling Kety', 'Llanos Soto', '60291717', true);
INSERT INTO alumnos (id, usuario_id, dni, nombre, apellidos, codigo_barras, aula_id) VALUES ('7194b689-ae63-48f6-94d3-5878cff10960', '11d88a17-4d20-4795-acfb-1d4022cafdce', '60291717', 'Meyling Kety', 'Llanos Soto', '602967', '8066c540-c18e-4a7f-ba61-6593ace796bb');
INSERT INTO usuarios (id, email, password_hash, rol, nombre, apellidos, dni, activo) VALUES ('1bfa270b-181b-4548-8f7b-822e0a0c67c5', '602802@academia.edu', '$2b$10$Kt1WXnRsFi4Ux.r1r8SQD.Ps1ksMrVyIVlHWg9o3Z/3N8hWuZV/3G', 'alumno', 'Jhuverly Talia', 'Luis Olortegui', '60287546', true);
INSERT INTO alumnos (id, usuario_id, dni, nombre, apellidos, codigo_barras, aula_id) VALUES ('819d2202-f204-4312-aed5-736fbc3a0211', '1bfa270b-181b-4548-8f7b-822e0a0c67c5', '60287546', 'Jhuverly Talia', 'Luis Olortegui', '602802', '8066c540-c18e-4a7f-ba61-6593ace796bb');
INSERT INTO usuarios (id, email, password_hash, rol, nombre, apellidos, dni, activo) VALUES ('7f6e63e8-0b3d-49a7-bdb3-5b23d501bd1e', '620494@academia.edu', '$2b$10$Kt1WXnRsFi4Ux.r1r8SQD.Ps1ksMrVyIVlHWg9o3Z/3N8hWuZV/3G', 'alumno', 'Alvaro Aaron', 'Macedo Gutierrez', '62042901', true);
INSERT INTO alumnos (id, usuario_id, dni, nombre, apellidos, codigo_barras, aula_id) VALUES ('16fc0e24-def7-49d2-9a40-efa12919a665', '7f6e63e8-0b3d-49a7-bdb3-5b23d501bd1e', '62042901', 'Alvaro Aaron', 'Macedo Gutierrez', '620494', '8066c540-c18e-4a7f-ba61-6593ace796bb');
INSERT INTO usuarios (id, email, password_hash, rol, nombre, apellidos, dni, activo) VALUES ('a8f4ffcf-ee82-4ec6-bc42-2122e924d7a6', '614063@academia.edu', '$2b$10$Kt1WXnRsFi4Ux.r1r8SQD.Ps1ksMrVyIVlHWg9o3Z/3N8hWuZV/3G', 'alumno', 'Deysi Juana', 'Mendez Perez', '61409243', true);
INSERT INTO alumnos (id, usuario_id, dni, nombre, apellidos, codigo_barras, aula_id) VALUES ('677f1812-afae-4031-8b85-de1a32e4cac6', 'a8f4ffcf-ee82-4ec6-bc42-2122e924d7a6', '61409243', 'Deysi Juana', 'Mendez Perez', '614063', '8066c540-c18e-4a7f-ba61-6593ace796bb');
INSERT INTO usuarios (id, email, password_hash, rol, nombre, apellidos, dni, activo) VALUES ('a1a41ae8-5071-4cfc-9c48-d09cfddf6f6a', '605327@academia.edu', '$2b$10$Kt1WXnRsFi4Ux.r1r8SQD.Ps1ksMrVyIVlHWg9o3Z/3N8hWuZV/3G', 'alumno', 'Minerba Heidi', 'Montes Paucar', '60533516', true);
INSERT INTO alumnos (id, usuario_id, dni, nombre, apellidos, codigo_barras, aula_id) VALUES ('2941bda4-3813-435c-ab0a-0765fcc0b632', 'a1a41ae8-5071-4cfc-9c48-d09cfddf6f6a', '60533516', 'Minerba Heidi', 'Montes Paucar', '605327', '8066c540-c18e-4a7f-ba61-6593ace796bb');
INSERT INTO usuarios (id, email, password_hash, rol, nombre, apellidos, dni, activo) VALUES ('afbb55ea-3fec-48c5-a7da-39a7d6471260', '603814@academia.edu', '$2b$10$Kt1WXnRsFi4Ux.r1r8SQD.Ps1ksMrVyIVlHWg9o3Z/3N8hWuZV/3G', 'alumno', 'Yadhira Sayuri', 'Oropeza Herrera', '60388135', true);
INSERT INTO alumnos (id, usuario_id, dni, nombre, apellidos, codigo_barras, aula_id) VALUES ('6c41e4bc-9d4c-4ff7-8ac2-9a11fce22154', 'afbb55ea-3fec-48c5-a7da-39a7d6471260', '60388135', 'Yadhira Sayuri', 'Oropeza Herrera', '603814', '8066c540-c18e-4a7f-ba61-6593ace796bb');
INSERT INTO usuarios (id, email, password_hash, rol, nombre, apellidos, dni, activo) VALUES ('6f926e35-c074-4179-9272-1a94786cd3bc', '611980@academia.edu', '$2b$10$Kt1WXnRsFi4Ux.r1r8SQD.Ps1ksMrVyIVlHWg9o3Z/3N8hWuZV/3G', 'alumno', 'Blanca Flor', 'Oropeza Yanac', '61191370', true);
INSERT INTO alumnos (id, usuario_id, dni, nombre, apellidos, codigo_barras, aula_id) VALUES ('be3db758-a210-45c4-844f-12745d21d5a5', '6f926e35-c074-4179-9272-1a94786cd3bc', '61191370', 'Blanca Flor', 'Oropeza Yanac', '611980', '8066c540-c18e-4a7f-ba61-6593ace796bb');
INSERT INTO usuarios (id, email, password_hash, rol, nombre, apellidos, dni, activo) VALUES ('cf209bcc-eb4a-4c56-ae26-250727e948f8', '602047@academia.edu', '$2b$10$Kt1WXnRsFi4Ux.r1r8SQD.Ps1ksMrVyIVlHWg9o3Z/3N8hWuZV/3G', 'alumno', 'Zaira Anahi', 'Paredes Yupan', '60206096', true);
INSERT INTO alumnos (id, usuario_id, dni, nombre, apellidos, codigo_barras, aula_id) VALUES ('ab312529-d6f0-4b5c-942e-6b03af08eeaa', 'cf209bcc-eb4a-4c56-ae26-250727e948f8', '60206096', 'Zaira Anahi', 'Paredes Yupan', '602047', '8066c540-c18e-4a7f-ba61-6593ace796bb');
INSERT INTO usuarios (id, email, password_hash, rol, nombre, apellidos, dni, activo) VALUES ('9ae2581d-8777-4a0f-887c-24886136aef3', '603921@academia.edu', '$2b$10$Kt1WXnRsFi4Ux.r1r8SQD.Ps1ksMrVyIVlHWg9o3Z/3N8hWuZV/3G', 'alumno', 'Esvilda Yanila', 'Paulino Espinoza', '60399222', true);
INSERT INTO alumnos (id, usuario_id, dni, nombre, apellidos, codigo_barras, aula_id) VALUES ('98f41781-335e-4b6e-b90c-d81cb575330f', '9ae2581d-8777-4a0f-887c-24886136aef3', '60399222', 'Esvilda Yanila', 'Paulino Espinoza', '603921', '8066c540-c18e-4a7f-ba61-6593ace796bb');
INSERT INTO usuarios (id, email, password_hash, rol, nombre, apellidos, dni, activo) VALUES ('0be33763-937c-4620-b965-0444189f413a', '607465@academia.edu', '$2b$10$Kt1WXnRsFi4Ux.r1r8SQD.Ps1ksMrVyIVlHWg9o3Z/3N8hWuZV/3G', 'alumno', 'Christian Yeyson', 'Pinto Rimac', '60740148', true);
INSERT INTO alumnos (id, usuario_id, dni, nombre, apellidos, codigo_barras, aula_id) VALUES ('37265f5c-5d35-4604-a459-b6110adc43e9', '0be33763-937c-4620-b965-0444189f413a', '60740148', 'Christian Yeyson', 'Pinto Rimac', '607465', '8066c540-c18e-4a7f-ba61-6593ace796bb');
INSERT INTO usuarios (id, email, password_hash, rol, nombre, apellidos, dni, activo) VALUES ('8b27928d-997f-4823-a5a5-a4c763eea169', '713664@academia.edu', '$2b$10$Kt1WXnRsFi4Ux.r1r8SQD.Ps1ksMrVyIVlHWg9o3Z/3N8hWuZV/3G', 'alumno', 'Leonel Sevastian', 'Rivera Caballero', '71364190', true);
INSERT INTO alumnos (id, usuario_id, dni, nombre, apellidos, codigo_barras, aula_id) VALUES ('5167d5b5-ae87-4869-9e5d-8504154b0219', '8b27928d-997f-4823-a5a5-a4c763eea169', '71364190', 'Leonel Sevastian', 'Rivera Caballero', '713664', '8066c540-c18e-4a7f-ba61-6593ace796bb');
INSERT INTO usuarios (id, email, password_hash, rol, nombre, apellidos, dni, activo) VALUES ('bc0ad205-eb19-4794-b28b-9e513f96b22d', '620270@academia.edu', '$2b$10$Kt1WXnRsFi4Ux.r1r8SQD.Ps1ksMrVyIVlHWg9o3Z/3N8hWuZV/3G', 'alumno', 'Lelis Jhayr', 'Robles Marquez', '62028745', true);
INSERT INTO alumnos (id, usuario_id, dni, nombre, apellidos, codigo_barras, aula_id) VALUES ('bbd444de-d6c3-4a9b-b205-1285ec5a7ef4', 'bc0ad205-eb19-4794-b28b-9e513f96b22d', '62028745', 'Lelis Jhayr', 'Robles Marquez', '620270', '8066c540-c18e-4a7f-ba61-6593ace796bb');
INSERT INTO usuarios (id, email, password_hash, rol, nombre, apellidos, dni, activo) VALUES ('dfc1de3b-70cb-416e-85bd-0890cacf5a3c', '614486@academia.edu', '$2b$10$Kt1WXnRsFi4Ux.r1r8SQD.Ps1ksMrVyIVlHWg9o3Z/3N8hWuZV/3G', 'alumno', 'Yuliet Vanessa', 'Rodriguez Cantaro', '61447754', true);
INSERT INTO alumnos (id, usuario_id, dni, nombre, apellidos, codigo_barras, aula_id) VALUES ('2c5546e7-f71d-42c8-8ef5-fa19bc579bd6', 'dfc1de3b-70cb-416e-85bd-0890cacf5a3c', '61447754', 'Yuliet Vanessa', 'Rodriguez Cantaro', '614486', '8066c540-c18e-4a7f-ba61-6593ace796bb');
INSERT INTO usuarios (id, email, password_hash, rol, nombre, apellidos, dni, activo) VALUES ('48e9eda7-ae52-4c9f-a002-c79891ad44b4', '602227@academia.edu', '$2b$10$Kt1WXnRsFi4Ux.r1r8SQD.Ps1ksMrVyIVlHWg9o3Z/3N8hWuZV/3G', 'alumno', 'Kelly Yassira', 'Rodriguez Flores', '60228152', true);
INSERT INTO alumnos (id, usuario_id, dni, nombre, apellidos, codigo_barras, aula_id) VALUES ('e45f6b57-6291-4a7f-b6ab-adfb4ce7de86', '48e9eda7-ae52-4c9f-a002-c79891ad44b4', '60228152', 'Kelly Yassira', 'Rodriguez Flores', '602227', '8066c540-c18e-4a7f-ba61-6593ace796bb');
INSERT INTO usuarios (id, email, password_hash, rol, nombre, apellidos, dni, activo) VALUES ('220a99e8-ef29-4079-9537-9f046258ac6a', '603244@academia.edu', '$2b$10$Kt1WXnRsFi4Ux.r1r8SQD.Ps1ksMrVyIVlHWg9o3Z/3N8hWuZV/3G', 'alumno', 'Cindy Gimena', 'Rosas Vega', '60326629', true);
INSERT INTO alumnos (id, usuario_id, dni, nombre, apellidos, codigo_barras, aula_id) VALUES ('c3082234-53d0-43fc-9a47-3757077420d3', '220a99e8-ef29-4079-9537-9f046258ac6a', '60326629', 'Cindy Gimena', 'Rosas Vega', '603244', '8066c540-c18e-4a7f-ba61-6593ace796bb');
INSERT INTO usuarios (id, email, password_hash, rol, nombre, apellidos, dni, activo) VALUES ('991fb42c-3ab5-4771-8831-1de74382cd78', '605181@academia.edu', '$2b$10$Kt1WXnRsFi4Ux.r1r8SQD.Ps1ksMrVyIVlHWg9o3Z/3N8hWuZV/3G', 'alumno', 'Johan Franz', 'Rubina Leiva', '60517377', true);
INSERT INTO alumnos (id, usuario_id, dni, nombre, apellidos, codigo_barras, aula_id) VALUES ('fe86e246-6c3c-4bee-8be0-ccca4a6b8436', '991fb42c-3ab5-4771-8831-1de74382cd78', '60517377', 'Johan Franz', 'Rubina Leiva', '605181', '8066c540-c18e-4a7f-ba61-6593ace796bb');
INSERT INTO usuarios (id, email, password_hash, rol, nombre, apellidos, dni, activo) VALUES ('818680f3-c6a6-4328-9ece-471fec87408c', '611183@academia.edu', '$2b$10$Kt1WXnRsFi4Ux.r1r8SQD.Ps1ksMrVyIVlHWg9o3Z/3N8hWuZV/3G', 'alumno', 'Jeanpol Daniel', 'Sanchez Norauena', '61119803', true);
INSERT INTO alumnos (id, usuario_id, dni, nombre, apellidos, codigo_barras, aula_id) VALUES ('90a9a5d6-5658-4ce3-a47e-89e8cfa0d56c', '818680f3-c6a6-4328-9ece-471fec87408c', '61119803', 'Jeanpol Daniel', 'Sanchez Norauena', '611183', '8066c540-c18e-4a7f-ba61-6593ace796bb');
INSERT INTO usuarios (id, email, password_hash, rol, nombre, apellidos, dni, activo) VALUES ('2c129a5c-b4ca-4510-8147-e36a2ee67581', '614831@academia.edu', '$2b$10$Kt1WXnRsFi4Ux.r1r8SQD.Ps1ksMrVyIVlHWg9o3Z/3N8hWuZV/3G', 'alumno', 'Farid Jefferson', 'Silva Huerta', '61480362', true);
INSERT INTO alumnos (id, usuario_id, dni, nombre, apellidos, codigo_barras, aula_id) VALUES ('666b53c7-31e9-4044-8bcd-9c2be7989239', '2c129a5c-b4ca-4510-8147-e36a2ee67581', '61480362', 'Farid Jefferson', 'Silva Huerta', '614831', '8066c540-c18e-4a7f-ba61-6593ace796bb');
INSERT INTO usuarios (id, email, password_hash, rol, nombre, apellidos, dni, activo) VALUES ('81046a3a-cf73-4447-927c-280dc92c875e', '614819@academia.edu', '$2b$10$Kt1WXnRsFi4Ux.r1r8SQD.Ps1ksMrVyIVlHWg9o3Z/3N8hWuZV/3G', 'alumno', 'Jeremy Sebastian', 'Sulca Quiñones', '61480076', true);
INSERT INTO alumnos (id, usuario_id, dni, nombre, apellidos, codigo_barras, aula_id) VALUES ('eca02c9f-c703-4def-9816-385cd892b791', '81046a3a-cf73-4447-927c-280dc92c875e', '61480076', 'Jeremy Sebastian', 'Sulca Quiñones', '614819', '8066c540-c18e-4a7f-ba61-6593ace796bb');
INSERT INTO usuarios (id, email, password_hash, rol, nombre, apellidos, dni, activo) VALUES ('7235d3da-e2ea-469a-a75c-9540bb4a0b50', '765869@academia.edu', '$2b$10$Kt1WXnRsFi4Ux.r1r8SQD.Ps1ksMrVyIVlHWg9o3Z/3N8hWuZV/3G', 'alumno', 'Paloma Maria Jose', 'Vargas Arribasplata', '76584334', true);
INSERT INTO alumnos (id, usuario_id, dni, nombre, apellidos, codigo_barras, aula_id) VALUES ('a75f4316-a6df-494f-8598-f9bea424dc36', '7235d3da-e2ea-469a-a75c-9540bb4a0b50', '76584334', 'Paloma Maria Jose', 'Vargas Arribasplata', '765869', '8066c540-c18e-4a7f-ba61-6593ace796bb');
INSERT INTO usuarios (id, email, password_hash, rol, nombre, apellidos, dni, activo) VALUES ('dbc0e92a-82d8-497b-9f4a-173af2ecc3cc', '907239@academia.edu', '$2b$10$Kt1WXnRsFi4Ux.r1r8SQD.Ps1ksMrVyIVlHWg9o3Z/3N8hWuZV/3G', 'alumno', 'Melina Maribella', 'Vega Condor', '90726956', true);
INSERT INTO alumnos (id, usuario_id, dni, nombre, apellidos, codigo_barras, aula_id) VALUES ('b988f460-5966-4722-893b-8996da5a166e', 'dbc0e92a-82d8-497b-9f4a-173af2ecc3cc', '90726956', 'Melina Maribella', 'Vega Condor', '907239', '8066c540-c18e-4a7f-ba61-6593ace796bb');
INSERT INTO usuarios (id, email, password_hash, rol, nombre, apellidos, dni, activo) VALUES ('125551dd-1030-414e-a49a-eb92d5f10799', '620184@academia.edu', '$2b$10$Kt1WXnRsFi4Ux.r1r8SQD.Ps1ksMrVyIVlHWg9o3Z/3N8hWuZV/3G', 'alumno', 'Yhoselin Estefani', 'Vega Cruz', '62014991', true);
INSERT INTO alumnos (id, usuario_id, dni, nombre, apellidos, codigo_barras, aula_id) VALUES ('02ce04df-fd77-4e10-b3bd-be16dc5fe9a2', '125551dd-1030-414e-a49a-eb92d5f10799', '62014991', 'Yhoselin Estefani', 'Vega Cruz', '620184', '8066c540-c18e-4a7f-ba61-6593ace796bb');
INSERT INTO usuarios (id, email, password_hash, rol, nombre, apellidos, dni, activo) VALUES ('107fb79c-7125-411c-968a-2251530c2ee7', '601252@academia.edu', '$2b$10$Kt1WXnRsFi4Ux.r1r8SQD.Ps1ksMrVyIVlHWg9o3Z/3N8hWuZV/3G', 'alumno', 'Jasmin Anyheli', 'Alvarez Salazar', '60124898', true);
INSERT INTO alumnos (id, usuario_id, dni, nombre, apellidos, codigo_barras, aula_id) VALUES ('4c47f8b8-ba38-4c8a-9670-a74cc427a117', '107fb79c-7125-411c-968a-2251530c2ee7', '60124898', 'Jasmin Anyheli', 'Alvarez Salazar', '601252', '0f3ec80b-e8b9-4e6e-b194-01fd2d2c7e1a');
INSERT INTO usuarios (id, email, password_hash, rol, nombre, apellidos, dni, activo) VALUES ('27360bf7-c0c9-45f4-8fd1-692e71971223', '610875@academia.edu', '$2b$10$Kt1WXnRsFi4Ux.r1r8SQD.Ps1ksMrVyIVlHWg9o3Z/3N8hWuZV/3G', 'alumno', 'Marcela Stefany', 'Alvaron Moreno', '61080727', true);
INSERT INTO alumnos (id, usuario_id, dni, nombre, apellidos, codigo_barras, aula_id) VALUES ('75482c8d-1f24-4400-a66f-c18e33dc7a53', '27360bf7-c0c9-45f4-8fd1-692e71971223', '61080727', 'Marcela Stefany', 'Alvaron Moreno', '610875', '0f3ec80b-e8b9-4e6e-b194-01fd2d2c7e1a');
INSERT INTO usuarios (id, email, password_hash, rol, nombre, apellidos, dni, activo) VALUES ('311d9915-b799-41c4-8dbd-eeaae6007101', '616183@academia.edu', '$2b$10$Kt1WXnRsFi4Ux.r1r8SQD.Ps1ksMrVyIVlHWg9o3Z/3N8hWuZV/3G', 'alumno', 'Gerardo Tomas', 'Apeña Salvador', '61611678', true);
INSERT INTO alumnos (id, usuario_id, dni, nombre, apellidos, codigo_barras, aula_id) VALUES ('e4aa90ef-e0a0-477b-9918-806d84edfbb8', '311d9915-b799-41c4-8dbd-eeaae6007101', '61611678', 'Gerardo Tomas', 'Apeña Salvador', '616183', '0f3ec80b-e8b9-4e6e-b194-01fd2d2c7e1a');
INSERT INTO usuarios (id, email, password_hash, rol, nombre, apellidos, dni, activo) VALUES ('d1de5e28-0dec-47f7-bc5a-84fd6276c8d4', '606162@academia.edu', '$2b$10$Kt1WXnRsFi4Ux.r1r8SQD.Ps1ksMrVyIVlHWg9o3Z/3N8hWuZV/3G', 'alumno', 'Liz Camila', 'Bello Cerna', '60613598', true);
INSERT INTO alumnos (id, usuario_id, dni, nombre, apellidos, codigo_barras, aula_id) VALUES ('83f96cfb-3aaf-4bae-8b8e-d298791e5e17', 'd1de5e28-0dec-47f7-bc5a-84fd6276c8d4', '60613598', 'Liz Camila', 'Bello Cerna', '606162', '0f3ec80b-e8b9-4e6e-b194-01fd2d2c7e1a');
INSERT INTO usuarios (id, email, password_hash, rol, nombre, apellidos, dni, activo) VALUES ('8938b93c-e5c5-4d86-b2b8-4b81445f0e5d', '622871@academia.edu', '$2b$10$Kt1WXnRsFi4Ux.r1r8SQD.Ps1ksMrVyIVlHWg9o3Z/3N8hWuZV/3G', 'alumno', 'Alexandra Yamile', 'Bernuy Asis', '62287111', true);
INSERT INTO alumnos (id, usuario_id, dni, nombre, apellidos, codigo_barras, aula_id) VALUES ('de1b8b65-7eae-4447-a271-3a0cfce0bb03', '8938b93c-e5c5-4d86-b2b8-4b81445f0e5d', '62287111', 'Alexandra Yamile', 'Bernuy Asis', '622871', '0f3ec80b-e8b9-4e6e-b194-01fd2d2c7e1a');
INSERT INTO usuarios (id, email, password_hash, rol, nombre, apellidos, dni, activo) VALUES ('79bacc3f-2c68-4775-a699-0b07d297522e', '615103@academia.edu', '$2b$10$Kt1WXnRsFi4Ux.r1r8SQD.Ps1ksMrVyIVlHWg9o3Z/3N8hWuZV/3G', 'alumno', 'Ariana Yazmin', 'Cacha Cajaleon', '61517356', true);
INSERT INTO alumnos (id, usuario_id, dni, nombre, apellidos, codigo_barras, aula_id) VALUES ('c0fb3a94-0ff6-4929-b238-b716e9713f73', '79bacc3f-2c68-4775-a699-0b07d297522e', '61517356', 'Ariana Yazmin', 'Cacha Cajaleon', '615103', '0f3ec80b-e8b9-4e6e-b194-01fd2d2c7e1a');
INSERT INTO usuarios (id, email, password_hash, rol, nombre, apellidos, dni, activo) VALUES ('43306ca2-55db-4196-b092-ba5c00f5adae', '615177@academia.edu', '$2b$10$Kt1WXnRsFi4Ux.r1r8SQD.Ps1ksMrVyIVlHWg9o3Z/3N8hWuZV/3G', 'alumno', 'Diego Valentin', 'Cadillo Leyva', '61517323', true);
INSERT INTO alumnos (id, usuario_id, dni, nombre, apellidos, codigo_barras, aula_id) VALUES ('11d8d5a9-6804-4810-be0b-598a7e90e8d9', '43306ca2-55db-4196-b092-ba5c00f5adae', '61517323', 'Diego Valentin', 'Cadillo Leyva', '615177', '0f3ec80b-e8b9-4e6e-b194-01fd2d2c7e1a');
INSERT INTO usuarios (id, email, password_hash, rol, nombre, apellidos, dni, activo) VALUES ('5266689a-4da6-4b18-b371-2e3dd6db54f2', '620557@academia.edu', '$2b$10$Kt1WXnRsFi4Ux.r1r8SQD.Ps1ksMrVyIVlHWg9o3Z/3N8hWuZV/3G', 'alumno', 'Lurdes Jimena', 'Capellan Calvo', '62058263', true);
INSERT INTO alumnos (id, usuario_id, dni, nombre, apellidos, codigo_barras, aula_id) VALUES ('f12fc754-350d-4eb7-b428-1fc9cded1ac9', '5266689a-4da6-4b18-b371-2e3dd6db54f2', '62058263', 'Lurdes Jimena', 'Capellan Calvo', '620557', '0f3ec80b-e8b9-4e6e-b194-01fd2d2c7e1a');
INSERT INTO usuarios (id, email, password_hash, rol, nombre, apellidos, dni, activo) VALUES ('17208430-35de-4c5f-be53-7a0bc5693940', '614096@academia.edu', '$2b$10$Kt1WXnRsFi4Ux.r1r8SQD.Ps1ksMrVyIVlHWg9o3Z/3N8hWuZV/3G', 'alumno', 'Angela Rosario', 'Carrion Rosario', '61409354', true);
INSERT INTO alumnos (id, usuario_id, dni, nombre, apellidos, codigo_barras, aula_id) VALUES ('0fe5bfd3-3fc2-4d01-afc1-d0f0064ed584', '17208430-35de-4c5f-be53-7a0bc5693940', '61409354', 'Angela Rosario', 'Carrion Rosario', '614096', '0f3ec80b-e8b9-4e6e-b194-01fd2d2c7e1a');
INSERT INTO usuarios (id, email, password_hash, rol, nombre, apellidos, dni, activo) VALUES ('67de9810-102f-4fa1-855b-90d1b3354884', '611919@academia.edu', '$2b$10$Kt1WXnRsFi4Ux.r1r8SQD.Ps1ksMrVyIVlHWg9o3Z/3N8hWuZV/3G', 'alumno', 'Heydi Samira', 'Castillo Urbano', '61191547', true);
INSERT INTO alumnos (id, usuario_id, dni, nombre, apellidos, codigo_barras, aula_id) VALUES ('04e10d02-9d60-472a-bb59-5801da859413', '67de9810-102f-4fa1-855b-90d1b3354884', '61191547', 'Heydi Samira', 'Castillo Urbano', '611919', '0f3ec80b-e8b9-4e6e-b194-01fd2d2c7e1a');
INSERT INTO usuarios (id, email, password_hash, rol, nombre, apellidos, dni, activo) VALUES ('c458f9f3-d65a-4752-9546-fcb2a1694807', '600300@academia.edu', '$2b$10$Kt1WXnRsFi4Ux.r1r8SQD.Ps1ksMrVyIVlHWg9o3Z/3N8hWuZV/3G', 'alumno', 'Teresita De Jesus', 'Chapa Ynga', '60031958', true);
INSERT INTO alumnos (id, usuario_id, dni, nombre, apellidos, codigo_barras, aula_id) VALUES ('04b5c688-625a-41fc-a221-9733dd9fc80f', 'c458f9f3-d65a-4752-9546-fcb2a1694807', '60031958', 'Teresita De Jesus', 'Chapa Ynga', '600300', '0f3ec80b-e8b9-4e6e-b194-01fd2d2c7e1a');
INSERT INTO usuarios (id, email, password_hash, rol, nombre, apellidos, dni, activo) VALUES ('54d5b9d1-ddfa-49a3-8d06-a15430d10ff9', '614018@academia.edu', '$2b$10$Kt1WXnRsFi4Ux.r1r8SQD.Ps1ksMrVyIVlHWg9o3Z/3N8hWuZV/3G', 'alumno', 'Yamile Paola', 'Choque Contreras', '61409423', true);
INSERT INTO alumnos (id, usuario_id, dni, nombre, apellidos, codigo_barras, aula_id) VALUES ('523f6767-05b7-44bf-a960-14cab655da5c', '54d5b9d1-ddfa-49a3-8d06-a15430d10ff9', '61409423', 'Yamile Paola', 'Choque Contreras', '614018', '0f3ec80b-e8b9-4e6e-b194-01fd2d2c7e1a');
INSERT INTO usuarios (id, email, password_hash, rol, nombre, apellidos, dni, activo) VALUES ('4d3bd6cd-58a2-4085-a9e7-3d9109855623', '601269@academia.edu', '$2b$10$Kt1WXnRsFi4Ux.r1r8SQD.Ps1ksMrVyIVlHWg9o3Z/3N8hWuZV/3G', 'alumno', 'Willy Hayser', 'Copitan Leon', '60121816', true);
INSERT INTO alumnos (id, usuario_id, dni, nombre, apellidos, codigo_barras, aula_id) VALUES ('4b670067-56e7-425a-a9d2-b38c77a41fd8', '4d3bd6cd-58a2-4085-a9e7-3d9109855623', '60121816', 'Willy Hayser', 'Copitan Leon', '601269', '0f3ec80b-e8b9-4e6e-b194-01fd2d2c7e1a');
INSERT INTO usuarios (id, email, password_hash, rol, nombre, apellidos, dni, activo) VALUES ('8060b531-90c3-41e7-956d-c257f253069d', '614019@academia.edu', '$2b$10$Kt1WXnRsFi4Ux.r1r8SQD.Ps1ksMrVyIVlHWg9o3Z/3N8hWuZV/3G', 'alumno', 'Diego Adriano', 'Diaz Moreno', '61409299', true);
INSERT INTO alumnos (id, usuario_id, dni, nombre, apellidos, codigo_barras, aula_id) VALUES ('bc784168-cc43-4a35-8f40-446aeff4a134', '8060b531-90c3-41e7-956d-c257f253069d', '61409299', 'Diego Adriano', 'Diaz Moreno', '614019', '0f3ec80b-e8b9-4e6e-b194-01fd2d2c7e1a');
INSERT INTO usuarios (id, email, password_hash, rol, nombre, apellidos, dni, activo) VALUES ('1f75e40d-ef6b-474e-96a6-5b4c5218fe58', '620109@academia.edu', '$2b$10$Kt1WXnRsFi4Ux.r1r8SQD.Ps1ksMrVyIVlHWg9o3Z/3N8hWuZV/3G', 'alumno', 'Letizia Valery', 'Espada Tarazona', '62015093', true);
INSERT INTO alumnos (id, usuario_id, dni, nombre, apellidos, codigo_barras, aula_id) VALUES ('4e91ff88-db53-47ac-b8bb-40b6e4ccc507', '1f75e40d-ef6b-474e-96a6-5b4c5218fe58', '62015093', 'Letizia Valery', 'Espada Tarazona', '620109', '0f3ec80b-e8b9-4e6e-b194-01fd2d2c7e1a');
INSERT INTO usuarios (id, email, password_hash, rol, nombre, apellidos, dni, activo) VALUES ('2c6a5bf6-ed84-4889-9d4d-c9d5258c04df', '603865@academia.edu', '$2b$10$Kt1WXnRsFi4Ux.r1r8SQD.Ps1ksMrVyIVlHWg9o3Z/3N8hWuZV/3G', 'alumno', 'Ederly Jeanfranko', 'Figueroa Arozpide', '60386765', true);
INSERT INTO alumnos (id, usuario_id, dni, nombre, apellidos, codigo_barras, aula_id) VALUES ('727dbf7b-905f-4f85-a0c1-6dbd7636dd2c', '2c6a5bf6-ed84-4889-9d4d-c9d5258c04df', '60386765', 'Ederly Jeanfranko', 'Figueroa Arozpide', '603865', '0f3ec80b-e8b9-4e6e-b194-01fd2d2c7e1a');
INSERT INTO usuarios (id, email, password_hash, rol, nombre, apellidos, dni, activo) VALUES ('2fa5aa00-27ff-4720-b72a-7b0823983dde', '600274@academia.edu', '$2b$10$Kt1WXnRsFi4Ux.r1r8SQD.Ps1ksMrVyIVlHWg9o3Z/3N8hWuZV/3G', 'alumno', 'Lesli Anali', 'Flores Valencia', '60025643', true);
INSERT INTO alumnos (id, usuario_id, dni, nombre, apellidos, codigo_barras, aula_id) VALUES ('c8385937-f796-4045-8b4e-ddf921421dca', '2fa5aa00-27ff-4720-b72a-7b0823983dde', '60025643', 'Lesli Anali', 'Flores Valencia', '600274', '0f3ec80b-e8b9-4e6e-b194-01fd2d2c7e1a');
INSERT INTO usuarios (id, email, password_hash, rol, nombre, apellidos, dni, activo) VALUES ('bb52e0fd-3a8c-4f12-b446-c6f961af4018', '614816@academia.edu', '$2b$10$Kt1WXnRsFi4Ux.r1r8SQD.Ps1ksMrVyIVlHWg9o3Z/3N8hWuZV/3G', 'alumno', 'Diana Sarai', 'Gonzales Rivera', '61480447', true);
INSERT INTO alumnos (id, usuario_id, dni, nombre, apellidos, codigo_barras, aula_id) VALUES ('91478b09-e893-440c-842e-29aeb0ed9e4a', 'bb52e0fd-3a8c-4f12-b446-c6f961af4018', '61480447', 'Diana Sarai', 'Gonzales Rivera', '614816', '0f3ec80b-e8b9-4e6e-b194-01fd2d2c7e1a');
INSERT INTO usuarios (id, email, password_hash, rol, nombre, apellidos, dni, activo) VALUES ('52b5e672-ad44-48f9-8a3c-dfddc0e6e6ab', '606249@academia.edu', '$2b$10$Kt1WXnRsFi4Ux.r1r8SQD.Ps1ksMrVyIVlHWg9o3Z/3N8hWuZV/3G', 'alumno', 'Neymely Deysi', 'Guerrero Miranda', '60626488', true);
INSERT INTO alumnos (id, usuario_id, dni, nombre, apellidos, codigo_barras, aula_id) VALUES ('cb77bbfb-0e65-43d1-878f-224139d3ff3b', '52b5e672-ad44-48f9-8a3c-dfddc0e6e6ab', '60626488', 'Neymely Deysi', 'Guerrero Miranda', '606249', '0f3ec80b-e8b9-4e6e-b194-01fd2d2c7e1a');
INSERT INTO usuarios (id, email, password_hash, rol, nombre, apellidos, dni, activo) VALUES ('70b6b802-3e45-4af7-bf35-cd7e366e48a3', '614474@academia.edu', '$2b$10$Kt1WXnRsFi4Ux.r1r8SQD.Ps1ksMrVyIVlHWg9o3Z/3N8hWuZV/3G', 'alumno', 'Sharon Nikol', 'Huacanca Coral', '61447787', true);
INSERT INTO alumnos (id, usuario_id, dni, nombre, apellidos, codigo_barras, aula_id) VALUES ('c5edb088-3174-4930-822b-631ca5eb89b4', '70b6b802-3e45-4af7-bf35-cd7e366e48a3', '61447787', 'Sharon Nikol', 'Huacanca Coral', '614474', '0f3ec80b-e8b9-4e6e-b194-01fd2d2c7e1a');
INSERT INTO usuarios (id, email, password_hash, rol, nombre, apellidos, dni, activo) VALUES ('3a721766-1773-4070-8a61-ff59c5caff7d', '614011@academia.edu', '$2b$10$Kt1WXnRsFi4Ux.r1r8SQD.Ps1ksMrVyIVlHWg9o3Z/3N8hWuZV/3G', 'alumno', 'Angela Andrea', 'Huerto Cadillo', '61409140', true);
INSERT INTO alumnos (id, usuario_id, dni, nombre, apellidos, codigo_barras, aula_id) VALUES ('7104442f-621d-443c-ab4b-eb51223817ed', '3a721766-1773-4070-8a61-ff59c5caff7d', '61409140', 'Angela Andrea', 'Huerto Cadillo', '614011', '0f3ec80b-e8b9-4e6e-b194-01fd2d2c7e1a');
INSERT INTO usuarios (id, email, password_hash, rol, nombre, apellidos, dni, activo) VALUES ('529e24fd-1175-4691-9116-ee863b2bfb42', '614463@academia.edu', '$2b$10$Kt1WXnRsFi4Ux.r1r8SQD.Ps1ksMrVyIVlHWg9o3Z/3N8hWuZV/3G', 'alumno', 'Jeraldine Marisol', 'Lazaro Quito', '61447661', true);
INSERT INTO alumnos (id, usuario_id, dni, nombre, apellidos, codigo_barras, aula_id) VALUES ('9db615a4-6ea3-499d-940b-8a91202324cf', '529e24fd-1175-4691-9116-ee863b2bfb42', '61447661', 'Jeraldine Marisol', 'Lazaro Quito', '614463', '0f3ec80b-e8b9-4e6e-b194-01fd2d2c7e1a');
INSERT INTO usuarios (id, email, password_hash, rol, nombre, apellidos, dni, activo) VALUES ('84799e56-49d3-49be-a189-9169efcb18d0', '614258@academia.edu', '$2b$10$Kt1WXnRsFi4Ux.r1r8SQD.Ps1ksMrVyIVlHWg9o3Z/3N8hWuZV/3G', 'alumno', 'Solaine Jimena', 'Llanque Broncano', '61429218', true);
INSERT INTO alumnos (id, usuario_id, dni, nombre, apellidos, codigo_barras, aula_id) VALUES ('12bbcd2a-7b14-49a6-a422-403e91eb6675', '84799e56-49d3-49be-a189-9169efcb18d0', '61429218', 'Solaine Jimena', 'Llanque Broncano', '614258', '0f3ec80b-e8b9-4e6e-b194-01fd2d2c7e1a');
INSERT INTO usuarios (id, email, password_hash, rol, nombre, apellidos, dni, activo) VALUES ('bd9cec8c-05ea-4c97-8cd4-1e4fafd0cd57', '606964@academia.edu', '$2b$10$Kt1WXnRsFi4Ux.r1r8SQD.Ps1ksMrVyIVlHWg9o3Z/3N8hWuZV/3G', 'alumno', 'Valery Azumi Gianella', 'Lopez Benites', '60691894', true);
INSERT INTO alumnos (id, usuario_id, dni, nombre, apellidos, codigo_barras, aula_id) VALUES ('73fb5e0b-c3c4-4eab-a1c1-ad42805c7d56', 'bd9cec8c-05ea-4c97-8cd4-1e4fafd0cd57', '60691894', 'Valery Azumi Gianella', 'Lopez Benites', '606964', '0f3ec80b-e8b9-4e6e-b194-01fd2d2c7e1a');
INSERT INTO usuarios (id, email, password_hash, rol, nombre, apellidos, dni, activo) VALUES ('8fcbb313-9e78-42d8-a650-db575646619e', '606181@academia.edu', '$2b$10$Kt1WXnRsFi4Ux.r1r8SQD.Ps1ksMrVyIVlHWg9o3Z/3N8hWuZV/3G', 'alumno', 'Ingrid Luz', 'Lopez Cerna', '60613596', true);
INSERT INTO alumnos (id, usuario_id, dni, nombre, apellidos, codigo_barras, aula_id) VALUES ('cde5d7b0-4318-4b65-9138-67484342d1b1', '8fcbb313-9e78-42d8-a650-db575646619e', '60613596', 'Ingrid Luz', 'Lopez Cerna', '606181', '0f3ec80b-e8b9-4e6e-b194-01fd2d2c7e1a');
INSERT INTO usuarios (id, email, password_hash, rol, nombre, apellidos, dni, activo) VALUES ('8c02de73-9dbe-47fc-948f-83534283228b', '723416@academia.edu', '$2b$10$Kt1WXnRsFi4Ux.r1r8SQD.Ps1ksMrVyIVlHWg9o3Z/3N8hWuZV/3G', 'alumno', 'Smit Mauro', 'Masgo Villanueva', '72340892', true);
INSERT INTO alumnos (id, usuario_id, dni, nombre, apellidos, codigo_barras, aula_id) VALUES ('cfc0a031-a6b5-4de5-a83d-5742fb4b7e05', '8c02de73-9dbe-47fc-948f-83534283228b', '72340892', 'Smit Mauro', 'Masgo Villanueva', '723416', '0f3ec80b-e8b9-4e6e-b194-01fd2d2c7e1a');
INSERT INTO usuarios (id, email, password_hash, rol, nombre, apellidos, dni, activo) VALUES ('4d5a691b-0c7a-4c4c-be61-7640d3e310ce', '616156@academia.edu', '$2b$10$Kt1WXnRsFi4Ux.r1r8SQD.Ps1ksMrVyIVlHWg9o3Z/3N8hWuZV/3G', 'alumno', 'Juan Jesus', 'Matias Rafael', '61611691', true);
INSERT INTO alumnos (id, usuario_id, dni, nombre, apellidos, codigo_barras, aula_id) VALUES ('76916957-9a49-4fa4-8efb-b887ce9d2c98', '4d5a691b-0c7a-4c4c-be61-7640d3e310ce', '61611691', 'Juan Jesus', 'Matias Rafael', '616156', '0f3ec80b-e8b9-4e6e-b194-01fd2d2c7e1a');
INSERT INTO usuarios (id, email, password_hash, rol, nombre, apellidos, dni, activo) VALUES ('5ae27f41-6bf9-4218-9086-013bc2773014', '614886@academia.edu', '$2b$10$Kt1WXnRsFi4Ux.r1r8SQD.Ps1ksMrVyIVlHWg9o3Z/3N8hWuZV/3G', 'alumno', 'Jose Antonio', 'Mejia Saenz', '61480455', true);
INSERT INTO alumnos (id, usuario_id, dni, nombre, apellidos, codigo_barras, aula_id) VALUES ('a555100c-b2ef-4c73-bdbb-28cf67295f43', '5ae27f41-6bf9-4218-9086-013bc2773014', '61480455', 'Jose Antonio', 'Mejia Saenz', '614886', '0f3ec80b-e8b9-4e6e-b194-01fd2d2c7e1a');
INSERT INTO usuarios (id, email, password_hash, rol, nombre, apellidos, dni, activo) VALUES ('8f22dbf3-1ca8-4e65-bb5c-1fc254d985c8', '728573@academia.edu', '$2b$10$Kt1WXnRsFi4Ux.r1r8SQD.Ps1ksMrVyIVlHWg9o3Z/3N8hWuZV/3G', 'alumno', 'Guianmarco Zanetti', 'Meza Guimaray', '72858178', true);
INSERT INTO alumnos (id, usuario_id, dni, nombre, apellidos, codigo_barras, aula_id) VALUES ('11e2cb69-51ab-40a0-a8bc-c38624d9bc53', '8f22dbf3-1ca8-4e65-bb5c-1fc254d985c8', '72858178', 'Guianmarco Zanetti', 'Meza Guimaray', '728573', '0f3ec80b-e8b9-4e6e-b194-01fd2d2c7e1a');
INSERT INTO usuarios (id, email, password_hash, rol, nombre, apellidos, dni, activo) VALUES ('641773e5-66b2-4648-8b9b-62a862a93d92', '604093@academia.edu', '$2b$10$Kt1WXnRsFi4Ux.r1r8SQD.Ps1ksMrVyIVlHWg9o3Z/3N8hWuZV/3G', 'alumno', 'Riky Victor', 'Molina Quiñones', '60404940', true);
INSERT INTO alumnos (id, usuario_id, dni, nombre, apellidos, codigo_barras, aula_id) VALUES ('c3d9fae5-0a59-4639-8e8c-449a8ee92fe4', '641773e5-66b2-4648-8b9b-62a862a93d92', '60404940', 'Riky Victor', 'Molina Quiñones', '604093', '0f3ec80b-e8b9-4e6e-b194-01fd2d2c7e1a');
INSERT INTO usuarios (id, email, password_hash, rol, nombre, apellidos, dni, activo) VALUES ('7935089a-4e84-4258-ae0c-12d8d09b477b', '761956@academia.edu', '$2b$10$Kt1WXnRsFi4Ux.r1r8SQD.Ps1ksMrVyIVlHWg9o3Z/3N8hWuZV/3G', 'alumno', 'Yeremy Luis', 'Moreno Angeles', '76198414', true);
INSERT INTO alumnos (id, usuario_id, dni, nombre, apellidos, codigo_barras, aula_id) VALUES ('41c1f454-39ef-4e4b-bb83-b56cd8b450f3', '7935089a-4e84-4258-ae0c-12d8d09b477b', '76198414', 'Yeremy Luis', 'Moreno Angeles', '761956', '0f3ec80b-e8b9-4e6e-b194-01fd2d2c7e1a');
INSERT INTO usuarios (id, email, password_hash, rol, nombre, apellidos, dni, activo) VALUES ('3a7e7f18-fb00-4b5e-8d66-1b2acce74b56', '602527@academia.edu', '$2b$10$Kt1WXnRsFi4Ux.r1r8SQD.Ps1ksMrVyIVlHWg9o3Z/3N8hWuZV/3G', 'alumno', 'Gimena Rossmery', 'Obispo Mendoza', '60259874', true);
INSERT INTO alumnos (id, usuario_id, dni, nombre, apellidos, codigo_barras, aula_id) VALUES ('450682a1-560f-4506-a197-e829b0cc6e7e', '3a7e7f18-fb00-4b5e-8d66-1b2acce74b56', '60259874', 'Gimena Rossmery', 'Obispo Mendoza', '602527', '0f3ec80b-e8b9-4e6e-b194-01fd2d2c7e1a');
INSERT INTO usuarios (id, email, password_hash, rol, nombre, apellidos, dni, activo) VALUES ('549a4f0b-0555-4f2e-94eb-9224696d03c4', '620068@academia.edu', '$2b$10$Kt1WXnRsFi4Ux.r1r8SQD.Ps1ksMrVyIVlHWg9o3Z/3N8hWuZV/3G', 'alumno', 'Gionella Danitza', 'Ocaña Pajuelo', '62009827', true);
INSERT INTO alumnos (id, usuario_id, dni, nombre, apellidos, codigo_barras, aula_id) VALUES ('84e24a22-577b-44db-a834-ab85ba68f45a', '549a4f0b-0555-4f2e-94eb-9224696d03c4', '62009827', 'Gionella Danitza', 'Ocaña Pajuelo', '620068', '0f3ec80b-e8b9-4e6e-b194-01fd2d2c7e1a');
INSERT INTO usuarios (id, email, password_hash, rol, nombre, apellidos, dni, activo) VALUES ('45c13667-c6f0-414f-a980-870f479ada07', '606778@academia.edu', '$2b$10$Kt1WXnRsFi4Ux.r1r8SQD.Ps1ksMrVyIVlHWg9o3Z/3N8hWuZV/3G', 'alumno', 'Ana Luisa', 'Pineda Mestanza', '60672390', true);
INSERT INTO alumnos (id, usuario_id, dni, nombre, apellidos, codigo_barras, aula_id) VALUES ('df87de53-922e-4e2a-8919-b6fc983f8b02', '45c13667-c6f0-414f-a980-870f479ada07', '60672390', 'Ana Luisa', 'Pineda Mestanza', '606778', '0f3ec80b-e8b9-4e6e-b194-01fd2d2c7e1a');
INSERT INTO usuarios (id, email, password_hash, rol, nombre, apellidos, dni, activo) VALUES ('df865332-1d9c-4801-b2a0-13d302fe2950', '602829@academia.edu', '$2b$10$Kt1WXnRsFi4Ux.r1r8SQD.Ps1ksMrVyIVlHWg9o3Z/3N8hWuZV/3G', 'alumno', 'Ayly Yury', 'Principe Rodriguez', '60281332', true);
INSERT INTO alumnos (id, usuario_id, dni, nombre, apellidos, codigo_barras, aula_id) VALUES ('5a9c9a09-168c-4509-b1d3-cd0da1040058', 'df865332-1d9c-4801-b2a0-13d302fe2950', '60281332', 'Ayly Yury', 'Principe Rodriguez', '602829', '0f3ec80b-e8b9-4e6e-b194-01fd2d2c7e1a');
INSERT INTO usuarios (id, email, password_hash, rol, nombre, apellidos, dni, activo) VALUES ('cd9dff12-c134-4a90-9362-ad799191d3ee', '614277@academia.edu', '$2b$10$Kt1WXnRsFi4Ux.r1r8SQD.Ps1ksMrVyIVlHWg9o3Z/3N8hWuZV/3G', 'alumno', 'Milagros Soledad', 'Robles Huaman', '61429066', true);
INSERT INTO alumnos (id, usuario_id, dni, nombre, apellidos, codigo_barras, aula_id) VALUES ('4885314a-246c-4b68-81c0-70da230f909f', 'cd9dff12-c134-4a90-9362-ad799191d3ee', '61429066', 'Milagros Soledad', 'Robles Huaman', '614277', '0f3ec80b-e8b9-4e6e-b194-01fd2d2c7e1a');
INSERT INTO usuarios (id, email, password_hash, rol, nombre, apellidos, dni, activo) VALUES ('f6569ef4-6395-4dd9-b3ab-7e8e4ba64553', '615693@academia.edu', '$2b$10$Kt1WXnRsFi4Ux.r1r8SQD.Ps1ksMrVyIVlHWg9o3Z/3N8hWuZV/3G', 'alumno', 'Aioria Yamil Angel', 'Rodriguez Avila', '61565783', true);
INSERT INTO alumnos (id, usuario_id, dni, nombre, apellidos, codigo_barras, aula_id) VALUES ('7ba7ab2e-5f1b-44fc-bf35-cab40395f9e0', 'f6569ef4-6395-4dd9-b3ab-7e8e4ba64553', '61565783', 'Aioria Yamil Angel', 'Rodriguez Avila', '615693', '0f3ec80b-e8b9-4e6e-b194-01fd2d2c7e1a');
INSERT INTO usuarios (id, email, password_hash, rol, nombre, apellidos, dni, activo) VALUES ('3788f05a-3001-4ba5-85cd-5e75eff3bdee', '600230@academia.edu', '$2b$10$Kt1WXnRsFi4Ux.r1r8SQD.Ps1ksMrVyIVlHWg9o3Z/3N8hWuZV/3G', 'alumno', 'Caterin Morelia', 'Romero Tapia', '60024209', true);
INSERT INTO alumnos (id, usuario_id, dni, nombre, apellidos, codigo_barras, aula_id) VALUES ('2abf672e-200b-4cac-b81b-540e17dbc548', '3788f05a-3001-4ba5-85cd-5e75eff3bdee', '60024209', 'Caterin Morelia', 'Romero Tapia', '600230', '0f3ec80b-e8b9-4e6e-b194-01fd2d2c7e1a');
INSERT INTO usuarios (id, email, password_hash, rol, nombre, apellidos, dni, activo) VALUES ('11093d1d-e167-4b0f-9f46-a8cd97bd7f24', '619540@academia.edu', '$2b$10$Kt1WXnRsFi4Ux.r1r8SQD.Ps1ksMrVyIVlHWg9o3Z/3N8hWuZV/3G', 'alumno', 'Sunyta Paola', 'Rosales Maguiña', '61957707', true);
INSERT INTO alumnos (id, usuario_id, dni, nombre, apellidos, codigo_barras, aula_id) VALUES ('8732fd28-9b7c-4a5b-9f8d-a34ff1f9f997', '11093d1d-e167-4b0f-9f46-a8cd97bd7f24', '61957707', 'Sunyta Paola', 'Rosales Maguiña', '619540', '0f3ec80b-e8b9-4e6e-b194-01fd2d2c7e1a');
INSERT INTO usuarios (id, email, password_hash, rol, nombre, apellidos, dni, activo) VALUES ('67c0dda5-2b43-4810-a9d7-cd2eb7ff0378', '604995@academia.edu', '$2b$10$Kt1WXnRsFi4Ux.r1r8SQD.Ps1ksMrVyIVlHWg9o3Z/3N8hWuZV/3G', 'alumno', 'Izaura Guisela', 'Rurush Diaz', '60497264', true);
INSERT INTO alumnos (id, usuario_id, dni, nombre, apellidos, codigo_barras, aula_id) VALUES ('32dcfb50-d734-4409-a603-22803241e13d', '67c0dda5-2b43-4810-a9d7-cd2eb7ff0378', '60497264', 'Izaura Guisela', 'Rurush Diaz', '604995', '0f3ec80b-e8b9-4e6e-b194-01fd2d2c7e1a');
INSERT INTO usuarios (id, email, password_hash, rol, nombre, apellidos, dni, activo) VALUES ('0aa4b5b5-e943-4046-b4be-ee2c92ef6ad4', '714433@academia.edu', '$2b$10$Kt1WXnRsFi4Ux.r1r8SQD.Ps1ksMrVyIVlHWg9o3Z/3N8hWuZV/3G', 'alumno', 'Karen Jimena', 'Sanchez Asencios', '71449811', true);
INSERT INTO alumnos (id, usuario_id, dni, nombre, apellidos, codigo_barras, aula_id) VALUES ('74bdb01e-3050-4211-ade6-75c83b06f88a', '0aa4b5b5-e943-4046-b4be-ee2c92ef6ad4', '71449811', 'Karen Jimena', 'Sanchez Asencios', '714433', '0f3ec80b-e8b9-4e6e-b194-01fd2d2c7e1a');
INSERT INTO usuarios (id, email, password_hash, rol, nombre, apellidos, dni, activo) VALUES ('7c1eee11-c24d-421d-83d3-7962e7184515', '603202@academia.edu', '$2b$10$Kt1WXnRsFi4Ux.r1r8SQD.Ps1ksMrVyIVlHWg9o3Z/3N8hWuZV/3G', 'alumno', 'Ana Paula', 'Sanchez Loli', '60326968', true);
INSERT INTO alumnos (id, usuario_id, dni, nombre, apellidos, codigo_barras, aula_id) VALUES ('20a41f87-a63f-46d5-b538-5132ea3da711', '7c1eee11-c24d-421d-83d3-7962e7184515', '60326968', 'Ana Paula', 'Sanchez Loli', '603202', '0f3ec80b-e8b9-4e6e-b194-01fd2d2c7e1a');
INSERT INTO usuarios (id, email, password_hash, rol, nombre, apellidos, dni, activo) VALUES ('dd6d66ce-ad5f-4201-a5f2-8c9cc9db4f1a', '614056@academia.edu', '$2b$10$Kt1WXnRsFi4Ux.r1r8SQD.Ps1ksMrVyIVlHWg9o3Z/3N8hWuZV/3G', 'alumno', 'Marx Alexander', 'Sanchez Trevejo', '61409368', true);
INSERT INTO alumnos (id, usuario_id, dni, nombre, apellidos, codigo_barras, aula_id) VALUES ('c10e68b7-8be4-442a-b190-c9bab3427c43', 'dd6d66ce-ad5f-4201-a5f2-8c9cc9db4f1a', '61409368', 'Marx Alexander', 'Sanchez Trevejo', '614056', '0f3ec80b-e8b9-4e6e-b194-01fd2d2c7e1a');
INSERT INTO usuarios (id, email, password_hash, rol, nombre, apellidos, dni, activo) VALUES ('b0da90da-1120-42db-ace7-7a3485dc1a59', '612929@academia.edu', '$2b$10$Kt1WXnRsFi4Ux.r1r8SQD.Ps1ksMrVyIVlHWg9o3Z/3N8hWuZV/3G', 'alumno', 'Juandiego Jesus', 'Trejo Sahuanay', '61298577', true);
INSERT INTO alumnos (id, usuario_id, dni, nombre, apellidos, codigo_barras, aula_id) VALUES ('986a6233-4507-4bd3-a75c-2130517a0872', 'b0da90da-1120-42db-ace7-7a3485dc1a59', '61298577', 'Juandiego Jesus', 'Trejo Sahuanay', '612929', '0f3ec80b-e8b9-4e6e-b194-01fd2d2c7e1a');
INSERT INTO usuarios (id, email, password_hash, rol, nombre, apellidos, dni, activo) VALUES ('afbda704-9a23-466d-ac1c-9e15d914860d', '615834@academia.edu', '$2b$10$Kt1WXnRsFi4Ux.r1r8SQD.Ps1ksMrVyIVlHWg9o3Z/3N8hWuZV/3G', 'alumno', 'Sellasny Merrellen', 'Vega Jacinto', '61586010', true);
INSERT INTO alumnos (id, usuario_id, dni, nombre, apellidos, codigo_barras, aula_id) VALUES ('ebc2624a-4425-447d-9490-005e28e99574', 'afbda704-9a23-466d-ac1c-9e15d914860d', '61586010', 'Sellasny Merrellen', 'Vega Jacinto', '615834', '0f3ec80b-e8b9-4e6e-b194-01fd2d2c7e1a');
INSERT INTO usuarios (id, email, password_hash, rol, nombre, apellidos, dni, activo) VALUES ('e3919b56-5f55-4dc8-98d5-93dd5663ebf2', '602431@academia.edu', '$2b$10$Kt1WXnRsFi4Ux.r1r8SQD.Ps1ksMrVyIVlHWg9o3Z/3N8hWuZV/3G', 'alumno', 'Maria Mercedes', 'Vega Valenzuela', '60248145', true);
INSERT INTO alumnos (id, usuario_id, dni, nombre, apellidos, codigo_barras, aula_id) VALUES ('82726829-7a6a-420e-bba9-65875351b46e', 'e3919b56-5f55-4dc8-98d5-93dd5663ebf2', '60248145', 'Maria Mercedes', 'Vega Valenzuela', '602431', '0f3ec80b-e8b9-4e6e-b194-01fd2d2c7e1a');
INSERT INTO usuarios (id, email, password_hash, rol, nombre, apellidos, dni, activo) VALUES ('844e416a-0746-45f6-8275-b77b57d879dc', '713659@academia.edu', '$2b$10$Kt1WXnRsFi4Ux.r1r8SQD.Ps1ksMrVyIVlHWg9o3Z/3N8hWuZV/3G', 'alumno', 'Leonel Piero', 'Vergara Jaramillo', '71361307', true);
INSERT INTO alumnos (id, usuario_id, dni, nombre, apellidos, codigo_barras, aula_id) VALUES ('c83d49a3-4043-44a6-9231-501afef3b120', '844e416a-0746-45f6-8275-b77b57d879dc', '71361307', 'Leonel Piero', 'Vergara Jaramillo', '713659', '0f3ec80b-e8b9-4e6e-b194-01fd2d2c7e1a');
INSERT INTO usuarios (id, email, password_hash, rol, nombre, apellidos, dni, activo) VALUES ('43826603-cde0-43cb-84e0-ee3ff87c27c8', '620152@academia.edu', '$2b$10$Kt1WXnRsFi4Ux.r1r8SQD.Ps1ksMrVyIVlHWg9o3Z/3N8hWuZV/3G', 'alumno', 'Yanel Flor', 'Yauri Patricio', '62014811', true);
INSERT INTO alumnos (id, usuario_id, dni, nombre, apellidos, codigo_barras, aula_id) VALUES ('de608484-4e3f-4c08-8bf8-3e0b8a95554c', '43826603-cde0-43cb-84e0-ee3ff87c27c8', '62014811', 'Yanel Flor', 'Yauri Patricio', '620152', '0f3ec80b-e8b9-4e6e-b194-01fd2d2c7e1a');
INSERT INTO usuarios (id, email, password_hash, rol, nombre, apellidos, dni, activo) VALUES ('6f98bbbb-792e-4af7-bc9d-505f8e47a764', '620177@academia.edu', '$2b$10$Kt1WXnRsFi4Ux.r1r8SQD.Ps1ksMrVyIVlHWg9o3Z/3N8hWuZV/3G', 'alumno', 'Daniela Jimena', 'Zambrano Figueroa', '62014901', true);
INSERT INTO alumnos (id, usuario_id, dni, nombre, apellidos, codigo_barras, aula_id) VALUES ('35020dfe-caff-439c-b2d6-a08df75ce2ce', '6f98bbbb-792e-4af7-bc9d-505f8e47a764', '62014901', 'Daniela Jimena', 'Zambrano Figueroa', '620177', '0f3ec80b-e8b9-4e6e-b194-01fd2d2c7e1a');
INSERT INTO usuarios (id, email, password_hash, rol, nombre, apellidos, dni, activo) VALUES ('14343010-d43f-4894-a3cf-3707f0fc28a7', '614531@academia.edu', '$2b$10$Kt1WXnRsFi4Ux.r1r8SQD.Ps1ksMrVyIVlHWg9o3Z/3N8hWuZV/3G', 'alumno', 'Yaret Gabriel Mahavira', 'Aguilar Saenz', '61451628', true);
INSERT INTO alumnos (id, usuario_id, dni, nombre, apellidos, codigo_barras, aula_id) VALUES ('1ad1f869-453b-44ca-81a2-45d2e7e91a3e', '14343010-d43f-4894-a3cf-3707f0fc28a7', '61451628', 'Yaret Gabriel Mahavira', 'Aguilar Saenz', '614531', '63c58957-5256-41a1-b60b-52c7a0391c7d');
INSERT INTO usuarios (id, email, password_hash, rol, nombre, apellidos, dni, activo) VALUES ('84d9787e-b805-4bca-883f-568378f79795', '763628@academia.edu', '$2b$10$Kt1WXnRsFi4Ux.r1r8SQD.Ps1ksMrVyIVlHWg9o3Z/3N8hWuZV/3G', 'alumno', 'Yohan Edson', 'Albino Cacha', '76369170', true);
INSERT INTO alumnos (id, usuario_id, dni, nombre, apellidos, codigo_barras, aula_id) VALUES ('e3a2e550-efe3-440a-8e76-23f4e9234cd7', '84d9787e-b805-4bca-883f-568378f79795', '76369170', 'Yohan Edson', 'Albino Cacha', '763628', '63c58957-5256-41a1-b60b-52c7a0391c7d');
INSERT INTO usuarios (id, email, password_hash, rol, nombre, apellidos, dni, activo) VALUES ('a9795575-8516-4bd4-bfe5-cc3233ae3711', '602240@academia.edu', '$2b$10$Kt1WXnRsFi4Ux.r1r8SQD.Ps1ksMrVyIVlHWg9o3Z/3N8hWuZV/3G', 'alumno', 'Jose Eduardo', 'Alcantara Laguna', '60226966', true);
INSERT INTO alumnos (id, usuario_id, dni, nombre, apellidos, codigo_barras, aula_id) VALUES ('8bea1c5c-40ac-4723-a619-f458de96e40c', 'a9795575-8516-4bd4-bfe5-cc3233ae3711', '60226966', 'Jose Eduardo', 'Alcantara Laguna', '602240', '63c58957-5256-41a1-b60b-52c7a0391c7d');
INSERT INTO usuarios (id, email, password_hash, rol, nombre, apellidos, dni, activo) VALUES ('83da52d4-2970-4eb4-a657-afcbffce8220', '771324@academia.edu', '$2b$10$Kt1WXnRsFi4Ux.r1r8SQD.Ps1ksMrVyIVlHWg9o3Z/3N8hWuZV/3G', 'alumno', 'Briyith Kiara', 'Alva Santos', '77133685', true);
INSERT INTO alumnos (id, usuario_id, dni, nombre, apellidos, codigo_barras, aula_id) VALUES ('a738a9cf-207d-4505-86fe-970b0bd1d3b6', '83da52d4-2970-4eb4-a657-afcbffce8220', '77133685', 'Briyith Kiara', 'Alva Santos', '771324', '63c58957-5256-41a1-b60b-52c7a0391c7d');
INSERT INTO usuarios (id, email, password_hash, rol, nombre, apellidos, dni, activo) VALUES ('d394d271-7eca-480f-b3ec-9db8fa2119ab', '608578@academia.edu', '$2b$10$Kt1WXnRsFi4Ux.r1r8SQD.Ps1ksMrVyIVlHWg9o3Z/3N8hWuZV/3G', 'alumno', 'Mari Cielo', 'Aponte Tadeo', '60858357', true);
INSERT INTO alumnos (id, usuario_id, dni, nombre, apellidos, codigo_barras, aula_id) VALUES ('f985ef3e-5ae8-4edc-8a27-f8ab2483a84b', 'd394d271-7eca-480f-b3ec-9db8fa2119ab', '60858357', 'Mari Cielo', 'Aponte Tadeo', '608578', '63c58957-5256-41a1-b60b-52c7a0391c7d');
INSERT INTO usuarios (id, email, password_hash, rol, nombre, apellidos, dni, activo) VALUES ('df48ff4a-6f98-4270-8137-b85850c785ad', '603415@academia.edu', '$2b$10$Kt1WXnRsFi4Ux.r1r8SQD.Ps1ksMrVyIVlHWg9o3Z/3N8hWuZV/3G', 'alumno', 'Yubelino Dedy', 'Atencia De La Cruz', '60342238', true);
INSERT INTO alumnos (id, usuario_id, dni, nombre, apellidos, codigo_barras, aula_id) VALUES ('b565731c-54c5-47a5-85fc-bdbaf1fd1d45', 'df48ff4a-6f98-4270-8137-b85850c785ad', '60342238', 'Yubelino Dedy', 'Atencia De La Cruz', '603415', '63c58957-5256-41a1-b60b-52c7a0391c7d');
INSERT INTO usuarios (id, email, password_hash, rol, nombre, apellidos, dni, activo) VALUES ('d0f334d7-46d5-483c-90a8-77e71dc379fc', '601286@academia.edu', '$2b$10$Kt1WXnRsFi4Ux.r1r8SQD.Ps1ksMrVyIVlHWg9o3Z/3N8hWuZV/3G', 'alumno', 'Cristofer Alexander', 'Bautista Huaman', '60126864', true);
INSERT INTO alumnos (id, usuario_id, dni, nombre, apellidos, codigo_barras, aula_id) VALUES ('70a9989e-c926-41ea-b338-e641ed092e85', 'd0f334d7-46d5-483c-90a8-77e71dc379fc', '60126864', 'Cristofer Alexander', 'Bautista Huaman', '601286', '63c58957-5256-41a1-b60b-52c7a0391c7d');
INSERT INTO usuarios (id, email, password_hash, rol, nombre, apellidos, dni, activo) VALUES ('c4a7a1cd-52e8-435f-9b62-16501ac62140', '601226@academia.edu', '$2b$10$Kt1WXnRsFi4Ux.r1r8SQD.Ps1ksMrVyIVlHWg9o3Z/3N8hWuZV/3G', 'alumno', 'Yesenia Melisa', 'Berna Vidal', '60121732', true);
INSERT INTO alumnos (id, usuario_id, dni, nombre, apellidos, codigo_barras, aula_id) VALUES ('afc4c412-b072-42d7-aae4-e9f1ddecfa1e', 'c4a7a1cd-52e8-435f-9b62-16501ac62140', '60121732', 'Yesenia Melisa', 'Berna Vidal', '601226', '63c58957-5256-41a1-b60b-52c7a0391c7d');
INSERT INTO usuarios (id, email, password_hash, rol, nombre, apellidos, dni, activo) VALUES ('c8da9a54-e75e-4fc2-91d8-f2efebc83147', '741509@academia.edu', '$2b$10$Kt1WXnRsFi4Ux.r1r8SQD.Ps1ksMrVyIVlHWg9o3Z/3N8hWuZV/3G', 'alumno', 'Ruth Yadira', 'Bravo Salazar', '74150043', true);
INSERT INTO alumnos (id, usuario_id, dni, nombre, apellidos, codigo_barras, aula_id) VALUES ('2e706c2c-0615-49c2-b3fb-162c312702ad', 'c8da9a54-e75e-4fc2-91d8-f2efebc83147', '74150043', 'Ruth Yadira', 'Bravo Salazar', '741509', '63c58957-5256-41a1-b60b-52c7a0391c7d');
INSERT INTO usuarios (id, email, password_hash, rol, nombre, apellidos, dni, activo) VALUES ('105541b0-f85c-4aa7-88cb-6ee22d5bf943', '716528@academia.edu', '$2b$10$Kt1WXnRsFi4Ux.r1r8SQD.Ps1ksMrVyIVlHWg9o3Z/3N8hWuZV/3G', 'alumno', 'Rodrigo Emerson', 'Caqui Huaquia', '71652322', true);
INSERT INTO alumnos (id, usuario_id, dni, nombre, apellidos, codigo_barras, aula_id) VALUES ('cb2ae8f3-f281-44bb-8e1a-6f0e82373d63', '105541b0-f85c-4aa7-88cb-6ee22d5bf943', '71652322', 'Rodrigo Emerson', 'Caqui Huaquia', '716528', '63c58957-5256-41a1-b60b-52c7a0391c7d');
INSERT INTO usuarios (id, email, password_hash, rol, nombre, apellidos, dni, activo) VALUES ('3be01217-ff72-42f8-abd1-ade96613844e', '620416@academia.edu', '$2b$10$Kt1WXnRsFi4Ux.r1r8SQD.Ps1ksMrVyIVlHWg9o3Z/3N8hWuZV/3G', 'alumno', 'Witmar Andriev', 'Carrillo Condor', '62042958', true);
INSERT INTO alumnos (id, usuario_id, dni, nombre, apellidos, codigo_barras, aula_id) VALUES ('149a4295-f1b3-4c0e-8be3-f957e4e6965b', '3be01217-ff72-42f8-abd1-ade96613844e', '62042958', 'Witmar Andriev', 'Carrillo Condor', '620416', '63c58957-5256-41a1-b60b-52c7a0391c7d');
INSERT INTO usuarios (id, email, password_hash, rol, nombre, apellidos, dni, activo) VALUES ('49fa211e-7b49-4d6f-922a-494c3a184bc9', '607091@academia.edu', '$2b$10$Kt1WXnRsFi4Ux.r1r8SQD.Ps1ksMrVyIVlHWg9o3Z/3N8hWuZV/3G', 'alumno', 'Amilcar Jesus', 'Castillo Chavarria', '60705126', true);
INSERT INTO alumnos (id, usuario_id, dni, nombre, apellidos, codigo_barras, aula_id) VALUES ('8b0901c4-7588-4e20-be20-31d4720c2aaa', '49fa211e-7b49-4d6f-922a-494c3a184bc9', '60705126', 'Amilcar Jesus', 'Castillo Chavarria', '607091', '63c58957-5256-41a1-b60b-52c7a0391c7d');
INSERT INTO usuarios (id, email, password_hash, rol, nombre, apellidos, dni, activo) VALUES ('414ba46b-05cf-4205-9698-93b9db0597b2', '615807@academia.edu', '$2b$10$Kt1WXnRsFi4Ux.r1r8SQD.Ps1ksMrVyIVlHWg9o3Z/3N8hWuZV/3G', 'alumno', 'Brayhan Anghelo', 'Castro Blas', '61583428', true);
INSERT INTO alumnos (id, usuario_id, dni, nombre, apellidos, codigo_barras, aula_id) VALUES ('a70df45e-adef-4d90-8360-7ad995002c5a', '414ba46b-05cf-4205-9698-93b9db0597b2', '61583428', 'Brayhan Anghelo', 'Castro Blas', '615807', '63c58957-5256-41a1-b60b-52c7a0391c7d');
INSERT INTO usuarios (id, email, password_hash, rol, nombre, apellidos, dni, activo) VALUES ('5ecb50d6-3d4b-445c-a70d-a72b45b07ff3', '607482@academia.edu', '$2b$10$Kt1WXnRsFi4Ux.r1r8SQD.Ps1ksMrVyIVlHWg9o3Z/3N8hWuZV/3G', 'alumno', 'Alex Joel', 'Chinchay Rodriguez', '60740166', true);
INSERT INTO alumnos (id, usuario_id, dni, nombre, apellidos, codigo_barras, aula_id) VALUES ('029b99a1-498b-4b51-b41d-695601fde656', '5ecb50d6-3d4b-445c-a70d-a72b45b07ff3', '60740166', 'Alex Joel', 'Chinchay Rodriguez', '607482', '63c58957-5256-41a1-b60b-52c7a0391c7d');
INSERT INTO usuarios (id, email, password_hash, rol, nombre, apellidos, dni, activo) VALUES ('3e2f475f-4dac-41ce-a664-0a35170cd0e8', '611395@academia.edu', '$2b$10$Kt1WXnRsFi4Ux.r1r8SQD.Ps1ksMrVyIVlHWg9o3Z/3N8hWuZV/3G', 'alumno', 'Cesar Manuel', 'Dominguez Jara', '61132186', true);
INSERT INTO alumnos (id, usuario_id, dni, nombre, apellidos, codigo_barras, aula_id) VALUES ('542d0879-9885-4b32-86ab-e8cdcd3d9ed4', '3e2f475f-4dac-41ce-a664-0a35170cd0e8', '61132186', 'Cesar Manuel', 'Dominguez Jara', '611395', '63c58957-5256-41a1-b60b-52c7a0391c7d');
INSERT INTO usuarios (id, email, password_hash, rol, nombre, apellidos, dni, activo) VALUES ('844eef9e-b924-42da-b7e5-5938d391e0a4', '606100@academia.edu', '$2b$10$Kt1WXnRsFi4Ux.r1r8SQD.Ps1ksMrVyIVlHWg9o3Z/3N8hWuZV/3G', 'alumno', 'Diana Isabel', 'Dominguez Mendoza', '60611382', true);
INSERT INTO alumnos (id, usuario_id, dni, nombre, apellidos, codigo_barras, aula_id) VALUES ('0b30d649-1859-4769-89b1-3dceed45b750', '844eef9e-b924-42da-b7e5-5938d391e0a4', '60611382', 'Diana Isabel', 'Dominguez Mendoza', '606100', '63c58957-5256-41a1-b60b-52c7a0391c7d');
INSERT INTO usuarios (id, email, password_hash, rol, nombre, apellidos, dni, activo) VALUES ('53c78eec-89d1-4750-aa8c-57650b4a988f', '720696@academia.edu', '$2b$10$Kt1WXnRsFi4Ux.r1r8SQD.Ps1ksMrVyIVlHWg9o3Z/3N8hWuZV/3G', 'alumno', 'Lucero Alessandra', 'Dominguez Rodríguez', '72069141', true);
INSERT INTO alumnos (id, usuario_id, dni, nombre, apellidos, codigo_barras, aula_id) VALUES ('a7b954a0-0ca9-42bf-94f5-b280af43947b', '53c78eec-89d1-4750-aa8c-57650b4a988f', '72069141', 'Lucero Alessandra', 'Dominguez Rodríguez', '720696', '63c58957-5256-41a1-b60b-52c7a0391c7d');
INSERT INTO usuarios (id, email, password_hash, rol, nombre, apellidos, dni, activo) VALUES ('21f1d3e8-365a-4a2e-b546-9b09bb30627f', '606993@academia.edu', '$2b$10$Kt1WXnRsFi4Ux.r1r8SQD.Ps1ksMrVyIVlHWg9o3Z/3N8hWuZV/3G', 'alumno', 'Miguel Ronald', 'Espindola Cueva', '60691864', true);
INSERT INTO alumnos (id, usuario_id, dni, nombre, apellidos, codigo_barras, aula_id) VALUES ('42fa538a-bbab-42b7-90a8-8c89681acb7f', '21f1d3e8-365a-4a2e-b546-9b09bb30627f', '60691864', 'Miguel Ronald', 'Espindola Cueva', '606993', '63c58957-5256-41a1-b60b-52c7a0391c7d');
INSERT INTO usuarios (id, email, password_hash, rol, nombre, apellidos, dni, activo) VALUES ('07b6b842-f118-496a-b13d-bc6e945a445e', '602347@academia.edu', '$2b$10$Kt1WXnRsFi4Ux.r1r8SQD.Ps1ksMrVyIVlHWg9o3Z/3N8hWuZV/3G', 'alumno', 'Jimena Yajaira', 'Espiritu Espinoza', '60230297', true);
INSERT INTO alumnos (id, usuario_id, dni, nombre, apellidos, codigo_barras, aula_id) VALUES ('3c3f2961-757c-47fa-b927-728e5ba3414a', '07b6b842-f118-496a-b13d-bc6e945a445e', '60230297', 'Jimena Yajaira', 'Espiritu Espinoza', '602347', '63c58957-5256-41a1-b60b-52c7a0391c7d');
INSERT INTO usuarios (id, email, password_hash, rol, nombre, apellidos, dni, activo) VALUES ('cc7ef6ce-f96b-4288-ba17-c68d1078b4ab', '615142@academia.edu', '$2b$10$Kt1WXnRsFi4Ux.r1r8SQD.Ps1ksMrVyIVlHWg9o3Z/3N8hWuZV/3G', 'alumno', 'Fran Jordan', 'Flores Meza', '61517380', true);
INSERT INTO alumnos (id, usuario_id, dni, nombre, apellidos, codigo_barras, aula_id) VALUES ('5551a3c2-4827-4721-aeac-859feb2839d9', 'cc7ef6ce-f96b-4288-ba17-c68d1078b4ab', '61517380', 'Fran Jordan', 'Flores Meza', '615142', '63c58957-5256-41a1-b60b-52c7a0391c7d');
INSERT INTO usuarios (id, email, password_hash, rol, nombre, apellidos, dni, activo) VALUES ('9dce1d2a-81a4-4761-82ab-e33b9036cfd1', '603413@academia.edu', '$2b$10$Kt1WXnRsFi4Ux.r1r8SQD.Ps1ksMrVyIVlHWg9o3Z/3N8hWuZV/3G', 'alumno', 'Yessy Rocio', 'Garcia Delgado', '60342218', true);
INSERT INTO alumnos (id, usuario_id, dni, nombre, apellidos, codigo_barras, aula_id) VALUES ('0aa21745-8745-443e-8751-21deb5d73857', '9dce1d2a-81a4-4761-82ab-e33b9036cfd1', '60342218', 'Yessy Rocio', 'Garcia Delgado', '603413', '63c58957-5256-41a1-b60b-52c7a0391c7d');
INSERT INTO usuarios (id, email, password_hash, rol, nombre, apellidos, dni, activo) VALUES ('cb382269-f51b-407a-84c9-bb844de0cf85', '602185@academia.edu', '$2b$10$Kt1WXnRsFi4Ux.r1r8SQD.Ps1ksMrVyIVlHWg9o3Z/3N8hWuZV/3G', 'alumno', 'Edwar', 'Garcia Sebastian', '60216763', true);
INSERT INTO alumnos (id, usuario_id, dni, nombre, apellidos, codigo_barras, aula_id) VALUES ('ccf8c6cd-2f0d-4657-85e3-90c5d3693b60', 'cb382269-f51b-407a-84c9-bb844de0cf85', '60216763', 'Edwar', 'Garcia Sebastian', '602185', '63c58957-5256-41a1-b60b-52c7a0391c7d');
INSERT INTO usuarios (id, email, password_hash, rol, nombre, apellidos, dni, activo) VALUES ('2e936f3d-c02e-4640-9b68-dd6fbace372f', '601266@academia.edu', '$2b$10$Kt1WXnRsFi4Ux.r1r8SQD.Ps1ksMrVyIVlHWg9o3Z/3N8hWuZV/3G', 'alumno', 'Yazuri Sarai', 'Gonzales Huaromo', '60128226', true);
INSERT INTO alumnos (id, usuario_id, dni, nombre, apellidos, codigo_barras, aula_id) VALUES ('12995412-9259-413e-9aab-f7e756bf834d', '2e936f3d-c02e-4640-9b68-dd6fbace372f', '60128226', 'Yazuri Sarai', 'Gonzales Huaromo', '601266', '63c58957-5256-41a1-b60b-52c7a0391c7d');
INSERT INTO usuarios (id, email, password_hash, rol, nombre, apellidos, dni, activo) VALUES ('8c7693e1-598a-4d32-ae9d-c86356e8782d', '615258@academia.edu', '$2b$10$Kt1WXnRsFi4Ux.r1r8SQD.Ps1ksMrVyIVlHWg9o3Z/3N8hWuZV/3G', 'alumno', 'Gustavo Frey', 'Gonzales Vargas', '61528510', true);
INSERT INTO alumnos (id, usuario_id, dni, nombre, apellidos, codigo_barras, aula_id) VALUES ('6cef5f7a-f639-4f56-afb6-98eb8a0e73ff', '8c7693e1-598a-4d32-ae9d-c86356e8782d', '61528510', 'Gustavo Frey', 'Gonzales Vargas', '615258', '63c58957-5256-41a1-b60b-52c7a0391c7d');
INSERT INTO usuarios (id, email, password_hash, rol, nombre, apellidos, dni, activo) VALUES ('cf358aa4-7c6f-41cd-ac03-7db4c407c4b8', '603357@academia.edu', '$2b$10$Kt1WXnRsFi4Ux.r1r8SQD.Ps1ksMrVyIVlHWg9o3Z/3N8hWuZV/3G', 'alumno', 'Juliocelsar', 'Herrera Miranda', '60334129', true);
INSERT INTO alumnos (id, usuario_id, dni, nombre, apellidos, codigo_barras, aula_id) VALUES ('ebe40118-7241-476c-99b6-64ae491ecdb0', 'cf358aa4-7c6f-41cd-ac03-7db4c407c4b8', '60334129', 'Juliocelsar', 'Herrera Miranda', '603357', '63c58957-5256-41a1-b60b-52c7a0391c7d');
INSERT INTO usuarios (id, email, password_hash, rol, nombre, apellidos, dni, activo) VALUES ('383ba00f-9e1a-4352-84f0-d9318f2d30d3', '604299@academia.edu', '$2b$10$Kt1WXnRsFi4Ux.r1r8SQD.Ps1ksMrVyIVlHWg9o3Z/3N8hWuZV/3G', 'alumno', 'Jesus Michell', 'Inchicaque Sanchez', '60425047', true);
INSERT INTO alumnos (id, usuario_id, dni, nombre, apellidos, codigo_barras, aula_id) VALUES ('17b434f4-d1a9-4847-9072-9c36f7a3386c', '383ba00f-9e1a-4352-84f0-d9318f2d30d3', '60425047', 'Jesus Michell', 'Inchicaque Sanchez', '604299', '63c58957-5256-41a1-b60b-52c7a0391c7d');
INSERT INTO usuarios (id, email, password_hash, rol, nombre, apellidos, dni, activo) VALUES ('90f41027-c17c-4adc-9ff7-4cd180cdab63', '614742@academia.edu', '$2b$10$Kt1WXnRsFi4Ux.r1r8SQD.Ps1ksMrVyIVlHWg9o3Z/3N8hWuZV/3G', 'alumno', 'Beatriz Lidia', 'Lauya Avelino', '61476718', true);
INSERT INTO alumnos (id, usuario_id, dni, nombre, apellidos, codigo_barras, aula_id) VALUES ('f84b6276-8bb0-4496-aae4-44dcd316d426', '90f41027-c17c-4adc-9ff7-4cd180cdab63', '61476718', 'Beatriz Lidia', 'Lauya Avelino', '614742', '63c58957-5256-41a1-b60b-52c7a0391c7d');
INSERT INTO usuarios (id, email, password_hash, rol, nombre, apellidos, dni, activo) VALUES ('c2393d52-8070-4b92-8320-c6393576ad33', '620129@academia.edu', '$2b$10$Kt1WXnRsFi4Ux.r1r8SQD.Ps1ksMrVyIVlHWg9o3Z/3N8hWuZV/3G', 'alumno', 'Lizardo Maximo', 'Leon Norabuena', '62015111', true);
INSERT INTO alumnos (id, usuario_id, dni, nombre, apellidos, codigo_barras, aula_id) VALUES ('694b9fda-5125-4cae-8282-86cce2bd551e', 'c2393d52-8070-4b92-8320-c6393576ad33', '62015111', 'Lizardo Maximo', 'Leon Norabuena', '620129', '63c58957-5256-41a1-b60b-52c7a0391c7d');
INSERT INTO usuarios (id, email, password_hash, rol, nombre, apellidos, dni, activo) VALUES ('8b80cd21-3994-4cdb-9e4a-d310efe7cd7c', '620211@academia.edu', '$2b$10$Kt1WXnRsFi4Ux.r1r8SQD.Ps1ksMrVyIVlHWg9o3Z/3N8hWuZV/3G', 'alumno', 'Michael Smith', 'Leyva Ramirez', '62029938', true);
INSERT INTO alumnos (id, usuario_id, dni, nombre, apellidos, codigo_barras, aula_id) VALUES ('13da7224-b7c0-4c00-830f-8b3765cf447f', '8b80cd21-3994-4cdb-9e4a-d310efe7cd7c', '62029938', 'Michael Smith', 'Leyva Ramirez', '620211', '63c58957-5256-41a1-b60b-52c7a0391c7d');
INSERT INTO usuarios (id, email, password_hash, rol, nombre, apellidos, dni, activo) VALUES ('a1c6786f-5249-4d14-8023-af7bdba1b7bc', '608524@academia.edu', '$2b$10$Kt1WXnRsFi4Ux.r1r8SQD.Ps1ksMrVyIVlHWg9o3Z/3N8hWuZV/3G', 'alumno', 'Yan Yanpool', 'Lopez Paucar', '60858241', true);
INSERT INTO alumnos (id, usuario_id, dni, nombre, apellidos, codigo_barras, aula_id) VALUES ('de0c42c7-66ea-4dad-bb96-e3c672b25147', 'a1c6786f-5249-4d14-8023-af7bdba1b7bc', '60858241', 'Yan Yanpool', 'Lopez Paucar', '608524', '63c58957-5256-41a1-b60b-52c7a0391c7d');
INSERT INTO usuarios (id, email, password_hash, rol, nombre, apellidos, dni, activo) VALUES ('f03494e5-d016-42b7-801e-1ac532a6d73d', '600261@academia.edu', '$2b$10$Kt1WXnRsFi4Ux.r1r8SQD.Ps1ksMrVyIVlHWg9o3Z/3N8hWuZV/3G', 'alumno', 'Francko Enrique', 'Lopez Zapata', '60022956', true);
INSERT INTO alumnos (id, usuario_id, dni, nombre, apellidos, codigo_barras, aula_id) VALUES ('7e74e083-c0e0-4992-abbd-bc945cd8dede', 'f03494e5-d016-42b7-801e-1ac532a6d73d', '60022956', 'Francko Enrique', 'Lopez Zapata', '600261', '63c58957-5256-41a1-b60b-52c7a0391c7d');
INSERT INTO usuarios (id, email, password_hash, rol, nombre, apellidos, dni, activo) VALUES ('69f3715a-642e-4956-8f35-10c7ccb22b08', '614865@academia.edu', '$2b$10$Kt1WXnRsFi4Ux.r1r8SQD.Ps1ksMrVyIVlHWg9o3Z/3N8hWuZV/3G', 'alumno', 'Mathew Stefano', 'Menacho Camones', '61480089', true);
INSERT INTO alumnos (id, usuario_id, dni, nombre, apellidos, codigo_barras, aula_id) VALUES ('08f2528b-ebe3-429c-80f3-acc2d6ffe932', '69f3715a-642e-4956-8f35-10c7ccb22b08', '61480089', 'Mathew Stefano', 'Menacho Camones', '614865', '63c58957-5256-41a1-b60b-52c7a0391c7d');
INSERT INTO usuarios (id, email, password_hash, rol, nombre, apellidos, dni, activo) VALUES ('8220f470-9245-43a8-8817-39a206a1c7b2', '711475@academia.edu', '$2b$10$Kt1WXnRsFi4Ux.r1r8SQD.Ps1ksMrVyIVlHWg9o3Z/3N8hWuZV/3G', 'alumno', 'Dioni Michel', 'Obregon Yauri', '71149029', true);
INSERT INTO alumnos (id, usuario_id, dni, nombre, apellidos, codigo_barras, aula_id) VALUES ('ba058f46-782a-435d-bf0f-0349f93563d5', '8220f470-9245-43a8-8817-39a206a1c7b2', '71149029', 'Dioni Michel', 'Obregon Yauri', '711475', '63c58957-5256-41a1-b60b-52c7a0391c7d');
INSERT INTO usuarios (id, email, password_hash, rol, nombre, apellidos, dni, activo) VALUES ('22993d56-927c-48a7-99e1-1037d3ec36bf', '614885@academia.edu', '$2b$10$Kt1WXnRsFi4Ux.r1r8SQD.Ps1ksMrVyIVlHWg9o3Z/3N8hWuZV/3G', 'alumno', 'Josue Martin Iamel', 'Palacios Heredia', '61480409', true);
INSERT INTO alumnos (id, usuario_id, dni, nombre, apellidos, codigo_barras, aula_id) VALUES ('f2b958ce-0ff7-48b6-8817-3e13cd156401', '22993d56-927c-48a7-99e1-1037d3ec36bf', '61480409', 'Josue Martin Iamel', 'Palacios Heredia', '614885', '63c58957-5256-41a1-b60b-52c7a0391c7d');
INSERT INTO usuarios (id, email, password_hash, rol, nombre, apellidos, dni, activo) VALUES ('424d8ddc-c992-436c-8b5b-cb39165aaece', '602686@academia.edu', '$2b$10$Kt1WXnRsFi4Ux.r1r8SQD.Ps1ksMrVyIVlHWg9o3Z/3N8hWuZV/3G', 'alumno', 'Gabriel Wilder', 'Palmadera Guerrero', '60260104', true);
INSERT INTO alumnos (id, usuario_id, dni, nombre, apellidos, codigo_barras, aula_id) VALUES ('02fa22ec-a8ab-40ae-8ec1-9222555d42e2', '424d8ddc-c992-436c-8b5b-cb39165aaece', '60260104', 'Gabriel Wilder', 'Palmadera Guerrero', '602686', '63c58957-5256-41a1-b60b-52c7a0391c7d');
INSERT INTO usuarios (id, email, password_hash, rol, nombre, apellidos, dni, activo) VALUES ('711adf7d-4cfd-42ac-9b8d-1abf1ff4611b', '600273@academia.edu', '$2b$10$Kt1WXnRsFi4Ux.r1r8SQD.Ps1ksMrVyIVlHWg9o3Z/3N8hWuZV/3G', 'alumno', 'Melany Anabel', 'Picon Espinoza', '60024482', true);
INSERT INTO alumnos (id, usuario_id, dni, nombre, apellidos, codigo_barras, aula_id) VALUES ('3674432e-5a41-4d80-b676-b8a8ed532a05', '711adf7d-4cfd-42ac-9b8d-1abf1ff4611b', '60024482', 'Melany Anabel', 'Picon Espinoza', '600273', '63c58957-5256-41a1-b60b-52c7a0391c7d');
INSERT INTO usuarios (id, email, password_hash, rol, nombre, apellidos, dni, activo) VALUES ('9da33308-bb8f-4c50-bbf1-44a54906f302', '606701@academia.edu', '$2b$10$Kt1WXnRsFi4Ux.r1r8SQD.Ps1ksMrVyIVlHWg9o3Z/3N8hWuZV/3G', 'alumno', 'Deyvis Yordan', 'Pinedo Leyva', '60677178', true);
INSERT INTO alumnos (id, usuario_id, dni, nombre, apellidos, codigo_barras, aula_id) VALUES ('1b7ce197-d1b5-4979-9e86-a24dd0be7a22', '9da33308-bb8f-4c50-bbf1-44a54906f302', '60677178', 'Deyvis Yordan', 'Pinedo Leyva', '606701', '63c58957-5256-41a1-b60b-52c7a0391c7d');
INSERT INTO usuarios (id, email, password_hash, rol, nombre, apellidos, dni, activo) VALUES ('6f84c47a-eba1-470d-88a6-44499b55e636', '600287@academia.edu', '$2b$10$Kt1WXnRsFi4Ux.r1r8SQD.Ps1ksMrVyIVlHWg9o3Z/3N8hWuZV/3G', 'alumno', 'Derik Edwar', 'Quezada Matos', '60028814', true);
INSERT INTO alumnos (id, usuario_id, dni, nombre, apellidos, codigo_barras, aula_id) VALUES ('25565c48-496a-45c1-9dca-285ab22451de', '6f84c47a-eba1-470d-88a6-44499b55e636', '60028814', 'Derik Edwar', 'Quezada Matos', '600287', '63c58957-5256-41a1-b60b-52c7a0391c7d');
INSERT INTO usuarios (id, email, password_hash, rol, nombre, apellidos, dni, activo) VALUES ('9a70c49e-47d6-47f5-bd43-9c30eb6d59bd', '607492@academia.edu', '$2b$10$Kt1WXnRsFi4Ux.r1r8SQD.Ps1ksMrVyIVlHWg9o3Z/3N8hWuZV/3G', 'alumno', 'Noimy Naida', 'Ramirez Gantu', '60740322', true);
INSERT INTO alumnos (id, usuario_id, dni, nombre, apellidos, codigo_barras, aula_id) VALUES ('267b2dbc-6651-4f53-9a30-14a976bf8466', '9a70c49e-47d6-47f5-bd43-9c30eb6d59bd', '60740322', 'Noimy Naida', 'Ramirez Gantu', '607492', '63c58957-5256-41a1-b60b-52c7a0391c7d');
INSERT INTO usuarios (id, email, password_hash, rol, nombre, apellidos, dni, activo) VALUES ('2812683f-3de2-4f13-9b5b-de879497e9df', '600798@academia.edu', '$2b$10$Kt1WXnRsFi4Ux.r1r8SQD.Ps1ksMrVyIVlHWg9o3Z/3N8hWuZV/3G', 'alumno', 'Geral Emanuel', 'Reyes Ventanilla', '60076156', true);
INSERT INTO alumnos (id, usuario_id, dni, nombre, apellidos, codigo_barras, aula_id) VALUES ('e43658cc-ebe1-463d-bb65-e015fd0efc20', '2812683f-3de2-4f13-9b5b-de879497e9df', '60076156', 'Geral Emanuel', 'Reyes Ventanilla', '600798', '63c58957-5256-41a1-b60b-52c7a0391c7d');
INSERT INTO usuarios (id, email, password_hash, rol, nombre, apellidos, dni, activo) VALUES ('68695cc0-d99b-4567-9ab0-91bf71da6eaf', '615150@academia.edu', '$2b$10$Kt1WXnRsFi4Ux.r1r8SQD.Ps1ksMrVyIVlHWg9o3Z/3N8hWuZV/3G', 'alumno', 'Sebastian Manuel', 'Salas Villanueva', '61517259', true);
INSERT INTO alumnos (id, usuario_id, dni, nombre, apellidos, codigo_barras, aula_id) VALUES ('d59e9363-acab-480c-8d29-dac5965c9b11', '68695cc0-d99b-4567-9ab0-91bf71da6eaf', '61517259', 'Sebastian Manuel', 'Salas Villanueva', '615150', '63c58957-5256-41a1-b60b-52c7a0391c7d');
INSERT INTO usuarios (id, email, password_hash, rol, nombre, apellidos, dni, activo) VALUES ('70ae0c2b-3c06-4a8e-8546-50e53a26b846', '614216@academia.edu', '$2b$10$Kt1WXnRsFi4Ux.r1r8SQD.Ps1ksMrVyIVlHWg9o3Z/3N8hWuZV/3G', 'alumno', 'Danitza Mayli', 'Salazar Nolasco', '61429149', true);
INSERT INTO alumnos (id, usuario_id, dni, nombre, apellidos, codigo_barras, aula_id) VALUES ('f1db305c-6e24-45fd-ac0c-31745085fce1', '70ae0c2b-3c06-4a8e-8546-50e53a26b846', '61429149', 'Danitza Mayli', 'Salazar Nolasco', '614216', '63c58957-5256-41a1-b60b-52c7a0391c7d');
INSERT INTO usuarios (id, email, password_hash, rol, nombre, apellidos, dni, activo) VALUES ('1ac0e465-caa4-4a7c-a025-6c8560b7365d', '620137@academia.edu', '$2b$10$Kt1WXnRsFi4Ux.r1r8SQD.Ps1ksMrVyIVlHWg9o3Z/3N8hWuZV/3G', 'alumno', 'Jhiojan Raul', 'Shuan Rodriguez', '62014845', true);
INSERT INTO alumnos (id, usuario_id, dni, nombre, apellidos, codigo_barras, aula_id) VALUES ('feed298e-7053-4ccc-9003-78b2369153d5', '1ac0e465-caa4-4a7c-a025-6c8560b7365d', '62014845', 'Jhiojan Raul', 'Shuan Rodriguez', '620137', '63c58957-5256-41a1-b60b-52c7a0391c7d');
INSERT INTO usuarios (id, email, password_hash, rol, nombre, apellidos, dni, activo) VALUES ('18b88220-2d9a-4fdc-b242-dc54cd5031ec', '616376@academia.edu', '$2b$10$Kt1WXnRsFi4Ux.r1r8SQD.Ps1ksMrVyIVlHWg9o3Z/3N8hWuZV/3G', 'alumno', 'Rodrigo Marcelino', 'Solis Espinoza', '61634311', true);
INSERT INTO alumnos (id, usuario_id, dni, nombre, apellidos, codigo_barras, aula_id) VALUES ('967c7df5-6bba-4a88-ab46-9a268ee742ee', '18b88220-2d9a-4fdc-b242-dc54cd5031ec', '61634311', 'Rodrigo Marcelino', 'Solis Espinoza', '616376', '63c58957-5256-41a1-b60b-52c7a0391c7d');
INSERT INTO usuarios (id, email, password_hash, rol, nombre, apellidos, dni, activo) VALUES ('e19f1eb6-a100-44f8-9eae-e54775b45fef', '616649@academia.edu', '$2b$10$Kt1WXnRsFi4Ux.r1r8SQD.Ps1ksMrVyIVlHWg9o3Z/3N8hWuZV/3G', 'alumno', 'Daivis Yosmel', 'Adrian Montalvo', '61661655', true);
INSERT INTO alumnos (id, usuario_id, dni, nombre, apellidos, codigo_barras, aula_id) VALUES ('53a2a110-eb81-4be0-b01c-40aaf622daae', 'e19f1eb6-a100-44f8-9eae-e54775b45fef', '61661655', 'Daivis Yosmel', 'Adrian Montalvo', '616649', '82ba2eea-6c49-46cd-97e0-5dcd5eb042f6');
INSERT INTO usuarios (id, email, password_hash, rol, nombre, apellidos, dni, activo) VALUES ('c5902aec-3297-44e5-83fd-921d1a9fca5e', '615302@academia.edu', '$2b$10$Kt1WXnRsFi4Ux.r1r8SQD.Ps1ksMrVyIVlHWg9o3Z/3N8hWuZV/3G', 'alumno', 'Cristhell Alexsandra', 'Aguialr Mamani', '61537055', true);
INSERT INTO alumnos (id, usuario_id, dni, nombre, apellidos, codigo_barras, aula_id) VALUES ('8f4a689b-7744-4f9f-8f81-40f316f39635', 'c5902aec-3297-44e5-83fd-921d1a9fca5e', '61537055', 'Cristhell Alexsandra', 'Aguialr Mamani', '615302', '82ba2eea-6c49-46cd-97e0-5dcd5eb042f6');
INSERT INTO usuarios (id, email, password_hash, rol, nombre, apellidos, dni, activo) VALUES ('5cad3a68-9e9a-4462-8e4e-4e2807f35e4f', '613180@academia.edu', '$2b$10$Kt1WXnRsFi4Ux.r1r8SQD.Ps1ksMrVyIVlHWg9o3Z/3N8hWuZV/3G', 'alumno', 'Kiary Mirle', 'Ariza Rojo', '61314743', true);
INSERT INTO alumnos (id, usuario_id, dni, nombre, apellidos, codigo_barras, aula_id) VALUES ('238f2b18-e8c1-49d4-8e4c-bd560f33654b', '5cad3a68-9e9a-4462-8e4e-4e2807f35e4f', '61314743', 'Kiary Mirle', 'Ariza Rojo', '613180', '82ba2eea-6c49-46cd-97e0-5dcd5eb042f6');
INSERT INTO usuarios (id, email, password_hash, rol, nombre, apellidos, dni, activo) VALUES ('d206d503-833d-4f08-ba59-75ab5be4e653', '615153@academia.edu', '$2b$10$Kt1WXnRsFi4Ux.r1r8SQD.Ps1ksMrVyIVlHWg9o3Z/3N8hWuZV/3G', 'alumno', 'Fatima Guadalupe', 'Atusparia Jamanca', '61517206', true);
INSERT INTO alumnos (id, usuario_id, dni, nombre, apellidos, codigo_barras, aula_id) VALUES ('c87e5257-7978-4aa2-b31a-127a95b89f5e', 'd206d503-833d-4f08-ba59-75ab5be4e653', '61517206', 'Fatima Guadalupe', 'Atusparia Jamanca', '615153', '82ba2eea-6c49-46cd-97e0-5dcd5eb042f6');
INSERT INTO usuarios (id, email, password_hash, rol, nombre, apellidos, dni, activo) VALUES ('6d88f5fd-ff4e-4f36-aabd-07e1e3ff247a', '711208@academia.edu', '$2b$10$Kt1WXnRsFi4Ux.r1r8SQD.Ps1ksMrVyIVlHWg9o3Z/3N8hWuZV/3G', 'alumno', 'Denis Wiler', 'Ayala Damazo', '71128827', true);
INSERT INTO alumnos (id, usuario_id, dni, nombre, apellidos, codigo_barras, aula_id) VALUES ('8516b226-2e9f-4f61-a1c7-0d2e9a66da8d', '6d88f5fd-ff4e-4f36-aabd-07e1e3ff247a', '71128827', 'Denis Wiler', 'Ayala Damazo', '711208', '82ba2eea-6c49-46cd-97e0-5dcd5eb042f6');
INSERT INTO usuarios (id, email, password_hash, rol, nombre, apellidos, dni, activo) VALUES ('f1c2f240-de38-4e8b-8079-f01915bdf520', '603049@academia.edu', '$2b$10$Kt1WXnRsFi4Ux.r1r8SQD.Ps1ksMrVyIVlHWg9o3Z/3N8hWuZV/3G', 'alumno', 'Emiliano Neldon', 'Broncano Bedon', '60306890', true);
INSERT INTO alumnos (id, usuario_id, dni, nombre, apellidos, codigo_barras, aula_id) VALUES ('4ad13f2d-dd67-459c-b879-979789fd134b', 'f1c2f240-de38-4e8b-8079-f01915bdf520', '60306890', 'Emiliano Neldon', 'Broncano Bedon', '603049', '82ba2eea-6c49-46cd-97e0-5dcd5eb042f6');
INSERT INTO usuarios (id, email, password_hash, rol, nombre, apellidos, dni, activo) VALUES ('eff7f438-b065-43fb-b7e6-713284c8841e', '614023@academia.edu', '$2b$10$Kt1WXnRsFi4Ux.r1r8SQD.Ps1ksMrVyIVlHWg9o3Z/3N8hWuZV/3G', 'alumno', 'Maria Regina', 'Cadillo Espiritu', '61409865', true);
INSERT INTO alumnos (id, usuario_id, dni, nombre, apellidos, codigo_barras, aula_id) VALUES ('409524f4-d7c3-480d-a59c-82e39934e695', 'eff7f438-b065-43fb-b7e6-713284c8841e', '61409865', 'Maria Regina', 'Cadillo Espiritu', '614023', '82ba2eea-6c49-46cd-97e0-5dcd5eb042f6');
INSERT INTO usuarios (id, email, password_hash, rol, nombre, apellidos, dni, activo) VALUES ('0295fa0d-fe94-4078-b311-70893482a20a', '606206@academia.edu', '$2b$10$Kt1WXnRsFi4Ux.r1r8SQD.Ps1ksMrVyIVlHWg9o3Z/3N8hWuZV/3G', 'alumno', 'Edson Aldair', 'Campomanes Vergaray', '60626520', true);
INSERT INTO alumnos (id, usuario_id, dni, nombre, apellidos, codigo_barras, aula_id) VALUES ('2cf36011-f235-4968-8ca6-7a5d6861f353', '0295fa0d-fe94-4078-b311-70893482a20a', '60626520', 'Edson Aldair', 'Campomanes Vergaray', '606206', '82ba2eea-6c49-46cd-97e0-5dcd5eb042f6');
INSERT INTO usuarios (id, email, password_hash, rol, nombre, apellidos, dni, activo) VALUES ('acfdc67e-cfc6-4149-bd41-faf67080e9f4', '600296@academia.edu', '$2b$10$Kt1WXnRsFi4Ux.r1r8SQD.Ps1ksMrVyIVlHWg9o3Z/3N8hWuZV/3G', 'alumno', 'Yessica Gabriela', 'Chavez Evaristo', '60022417', true);
INSERT INTO alumnos (id, usuario_id, dni, nombre, apellidos, codigo_barras, aula_id) VALUES ('0ec01fab-01db-4e2f-bc9d-8a17449de774', 'acfdc67e-cfc6-4149-bd41-faf67080e9f4', '60022417', 'Yessica Gabriela', 'Chavez Evaristo', '600296', '82ba2eea-6c49-46cd-97e0-5dcd5eb042f6');
INSERT INTO usuarios (id, email, password_hash, rol, nombre, apellidos, dni, activo) VALUES ('32877062-adfa-4e21-bfd9-0406f73b6389', '601249@academia.edu', '$2b$10$Kt1WXnRsFi4Ux.r1r8SQD.Ps1ksMrVyIVlHWg9o3Z/3N8hWuZV/3G', 'alumno', 'Fabiola Erica', 'Chinchay Raprey', '60124096', true);
INSERT INTO alumnos (id, usuario_id, dni, nombre, apellidos, codigo_barras, aula_id) VALUES ('61616515-aef7-4c14-8392-e06d3f574a24', '32877062-adfa-4e21-bfd9-0406f73b6389', '60124096', 'Fabiola Erica', 'Chinchay Raprey', '601249', '82ba2eea-6c49-46cd-97e0-5dcd5eb042f6');
INSERT INTO usuarios (id, email, password_hash, rol, nombre, apellidos, dni, activo) VALUES ('fca4cc71-1234-4af5-958d-89722964a594', '605910@academia.edu', '$2b$10$Kt1WXnRsFi4Ux.r1r8SQD.Ps1ksMrVyIVlHWg9o3Z/3N8hWuZV/3G', 'alumno', 'Yaritza Yamela', 'Cirilo Huaman', '60597497', true);
INSERT INTO alumnos (id, usuario_id, dni, nombre, apellidos, codigo_barras, aula_id) VALUES ('ec11ffd3-10f1-4715-8f86-116e2ed41cc5', 'fca4cc71-1234-4af5-958d-89722964a594', '60597497', 'Yaritza Yamela', 'Cirilo Huaman', '605910', '82ba2eea-6c49-46cd-97e0-5dcd5eb042f6');
INSERT INTO usuarios (id, email, password_hash, rol, nombre, apellidos, dni, activo) VALUES ('1f866da8-6298-49f3-9835-ef3878e7b765', '740811@academia.edu', '$2b$10$Kt1WXnRsFi4Ux.r1r8SQD.Ps1ksMrVyIVlHWg9o3Z/3N8hWuZV/3G', 'alumno', 'Alex Anthony', 'Cochachin Crisolo', '74083523', true);
INSERT INTO alumnos (id, usuario_id, dni, nombre, apellidos, codigo_barras, aula_id) VALUES ('e4a79a1f-7a65-4b9b-85df-a2f0daa62365', '1f866da8-6298-49f3-9835-ef3878e7b765', '74083523', 'Alex Anthony', 'Cochachin Crisolo', '740811', '82ba2eea-6c49-46cd-97e0-5dcd5eb042f6');
INSERT INTO usuarios (id, email, password_hash, rol, nombre, apellidos, dni, activo) VALUES ('be5fbda5-e978-45bf-add1-5392e7ed45a7', '610699@academia.edu', '$2b$10$Kt1WXnRsFi4Ux.r1r8SQD.Ps1ksMrVyIVlHWg9o3Z/3N8hWuZV/3G', 'alumno', 'Yoselin Heidy', 'Cruz Valdiviano', '61064005', true);
INSERT INTO alumnos (id, usuario_id, dni, nombre, apellidos, codigo_barras, aula_id) VALUES ('e9e3b08c-1d17-4f36-a456-b8e0e3079524', 'be5fbda5-e978-45bf-add1-5392e7ed45a7', '61064005', 'Yoselin Heidy', 'Cruz Valdiviano', '610699', '82ba2eea-6c49-46cd-97e0-5dcd5eb042f6');
INSERT INTO usuarios (id, email, password_hash, rol, nombre, apellidos, dni, activo) VALUES ('8a8c9745-d28b-4258-bb76-f2d3b517d65d', '724533@academia.edu', '$2b$10$Kt1WXnRsFi4Ux.r1r8SQD.Ps1ksMrVyIVlHWg9o3Z/3N8hWuZV/3G', 'alumno', 'Mayler Edinson', 'Diego Ramirez', '72452625', true);
INSERT INTO alumnos (id, usuario_id, dni, nombre, apellidos, codigo_barras, aula_id) VALUES ('1463b56b-41f2-4f9e-bb7e-1eab763f82fa', '8a8c9745-d28b-4258-bb76-f2d3b517d65d', '72452625', 'Mayler Edinson', 'Diego Ramirez', '724533', '82ba2eea-6c49-46cd-97e0-5dcd5eb042f6');
INSERT INTO usuarios (id, email, password_hash, rol, nombre, apellidos, dni, activo) VALUES ('593b56d4-158b-434a-ab47-9daaf1af3eac', '607007@academia.edu', '$2b$10$Kt1WXnRsFi4Ux.r1r8SQD.Ps1ksMrVyIVlHWg9o3Z/3N8hWuZV/3G', 'alumno', 'Bieyra Yanpier', 'Fabian Ayala', '60705074', true);
INSERT INTO alumnos (id, usuario_id, dni, nombre, apellidos, codigo_barras, aula_id) VALUES ('6611f22e-606f-44ab-b599-28593ad029f4', '593b56d4-158b-434a-ab47-9daaf1af3eac', '60705074', 'Bieyra Yanpier', 'Fabian Ayala', '607007', '82ba2eea-6c49-46cd-97e0-5dcd5eb042f6');
INSERT INTO usuarios (id, email, password_hash, rol, nombre, apellidos, dni, activo) VALUES ('487cbfa4-ec4b-4184-bfad-73e7363a354c', '619501@academia.edu', '$2b$10$Kt1WXnRsFi4Ux.r1r8SQD.Ps1ksMrVyIVlHWg9o3Z/3N8hWuZV/3G', 'alumno', 'Marduk Carlos', 'Falcon Cabanillas', '61957914', true);
INSERT INTO alumnos (id, usuario_id, dni, nombre, apellidos, codigo_barras, aula_id) VALUES ('d5f3c459-c7d0-4289-a68e-44107851248d', '487cbfa4-ec4b-4184-bfad-73e7363a354c', '61957914', 'Marduk Carlos', 'Falcon Cabanillas', '619501', '82ba2eea-6c49-46cd-97e0-5dcd5eb042f6');
INSERT INTO usuarios (id, email, password_hash, rol, nombre, apellidos, dni, activo) VALUES ('3b69986e-ca30-45b9-8f05-463e7e25c523', '605772@academia.edu', '$2b$10$Kt1WXnRsFi4Ux.r1r8SQD.Ps1ksMrVyIVlHWg9o3Z/3N8hWuZV/3G', 'alumno', 'Victor Antonio', 'Fernandez Llashag', '60576583', true);
INSERT INTO alumnos (id, usuario_id, dni, nombre, apellidos, codigo_barras, aula_id) VALUES ('4965b805-0f65-4af7-aa72-23ef86ba4ccf', '3b69986e-ca30-45b9-8f05-463e7e25c523', '60576583', 'Victor Antonio', 'Fernandez Llashag', '605772', '82ba2eea-6c49-46cd-97e0-5dcd5eb042f6');
INSERT INTO usuarios (id, email, password_hash, rol, nombre, apellidos, dni, activo) VALUES ('7e8dcdce-a499-408a-9471-f23018b9e78d', '615205@academia.edu', '$2b$10$Kt1WXnRsFi4Ux.r1r8SQD.Ps1ksMrVyIVlHWg9o3Z/3N8hWuZV/3G', 'alumno', 'Cristian', 'Garay Miguel', '61523990', true);
INSERT INTO alumnos (id, usuario_id, dni, nombre, apellidos, codigo_barras, aula_id) VALUES ('7ea7f289-528f-44c8-9401-baa5f1a30160', '7e8dcdce-a499-408a-9471-f23018b9e78d', '61523990', 'Cristian', 'Garay Miguel', '615205', '82ba2eea-6c49-46cd-97e0-5dcd5eb042f6');
INSERT INTO usuarios (id, email, password_hash, rol, nombre, apellidos, dni, activo) VALUES ('5354a474-b4fb-406c-a5d9-476ad76171db', '601295@academia.edu', '$2b$10$Kt1WXnRsFi4Ux.r1r8SQD.Ps1ksMrVyIVlHWg9o3Z/3N8hWuZV/3G', 'alumno', 'Orlando Gabriel', 'Giraldo Gonzales', '60128277', true);
INSERT INTO alumnos (id, usuario_id, dni, nombre, apellidos, codigo_barras, aula_id) VALUES ('15340349-05b6-4b35-ac98-682baab11d9c', '5354a474-b4fb-406c-a5d9-476ad76171db', '60128277', 'Orlando Gabriel', 'Giraldo Gonzales', '601295', '82ba2eea-6c49-46cd-97e0-5dcd5eb042f6');
INSERT INTO usuarios (id, email, password_hash, rol, nombre, apellidos, dni, activo) VALUES ('0eb52c01-d61c-406d-81a7-75360262f188', '614043@academia.edu', '$2b$10$Kt1WXnRsFi4Ux.r1r8SQD.Ps1ksMrVyIVlHWg9o3Z/3N8hWuZV/3G', 'alumno', 'Yamile Alexandra', 'Gonzales Oncoy', '61409379', true);
INSERT INTO alumnos (id, usuario_id, dni, nombre, apellidos, codigo_barras, aula_id) VALUES ('1d41734e-60ba-400c-9a94-5721ebfc8ce7', '0eb52c01-d61c-406d-81a7-75360262f188', '61409379', 'Yamile Alexandra', 'Gonzales Oncoy', '614043', '82ba2eea-6c49-46cd-97e0-5dcd5eb042f6');
INSERT INTO usuarios (id, email, password_hash, rol, nombre, apellidos, dni, activo) VALUES ('41e9f890-67f0-4f85-ada6-ce7ab516e15c', '609279@academia.edu', '$2b$10$Kt1WXnRsFi4Ux.r1r8SQD.Ps1ksMrVyIVlHWg9o3Z/3N8hWuZV/3G', 'alumno', 'Jeanpier Eduardo', 'Herrera Trejo', '60927591', true);
INSERT INTO alumnos (id, usuario_id, dni, nombre, apellidos, codigo_barras, aula_id) VALUES ('810122ca-2226-42de-a5dc-432d940682a4', '41e9f890-67f0-4f85-ada6-ce7ab516e15c', '60927591', 'Jeanpier Eduardo', 'Herrera Trejo', '609279', '82ba2eea-6c49-46cd-97e0-5dcd5eb042f6');
INSERT INTO usuarios (id, email, password_hash, rol, nombre, apellidos, dni, activo) VALUES ('a4b2bdc0-9cb6-4420-bc80-8ee83858a7fa', '600203@academia.edu', '$2b$10$Kt1WXnRsFi4Ux.r1r8SQD.Ps1ksMrVyIVlHWg9o3Z/3N8hWuZV/3G', 'alumno', 'Angiely Romina', 'Huaman Diaz', '60025323', true);
INSERT INTO alumnos (id, usuario_id, dni, nombre, apellidos, codigo_barras, aula_id) VALUES ('eaf36b6d-0dd7-4978-87d9-ad0a961e6cd7', 'a4b2bdc0-9cb6-4420-bc80-8ee83858a7fa', '60025323', 'Angiely Romina', 'Huaman Diaz', '600203', '82ba2eea-6c49-46cd-97e0-5dcd5eb042f6');
INSERT INTO usuarios (id, email, password_hash, rol, nombre, apellidos, dni, activo) VALUES ('27797ab4-d837-4ff9-82b7-122fdc98aae9', '616178@academia.edu', '$2b$10$Kt1WXnRsFi4Ux.r1r8SQD.Ps1ksMrVyIVlHWg9o3Z/3N8hWuZV/3G', 'alumno', 'Edgar Samnir', 'Huiza Blas', '61612483', true);
INSERT INTO alumnos (id, usuario_id, dni, nombre, apellidos, codigo_barras, aula_id) VALUES ('b3cfa80a-a7ea-4f79-91a1-a94879c691b7', '27797ab4-d837-4ff9-82b7-122fdc98aae9', '61612483', 'Edgar Samnir', 'Huiza Blas', '616178', '82ba2eea-6c49-46cd-97e0-5dcd5eb042f6');
INSERT INTO usuarios (id, email, password_hash, rol, nombre, apellidos, dni, activo) VALUES ('2c2bf285-78b3-422f-96e1-e63a2e31cfae', '603739@academia.edu', '$2b$10$Kt1WXnRsFi4Ux.r1r8SQD.Ps1ksMrVyIVlHWg9o3Z/3N8hWuZV/3G', 'alumno', 'Fran Efrain', 'Infantes Jimenez', '60377925', true);
INSERT INTO alumnos (id, usuario_id, dni, nombre, apellidos, codigo_barras, aula_id) VALUES ('fe3b0345-ee02-4c30-a3e7-5d2ee9bda24b', '2c2bf285-78b3-422f-96e1-e63a2e31cfae', '60377925', 'Fran Efrain', 'Infantes Jimenez', '603739', '82ba2eea-6c49-46cd-97e0-5dcd5eb042f6');
INSERT INTO usuarios (id, email, password_hash, rol, nombre, apellidos, dni, activo) VALUES ('c2968d70-5370-4bc6-a8c6-23cbae21fe8e', '602134@academia.edu', '$2b$10$Kt1WXnRsFi4Ux.r1r8SQD.Ps1ksMrVyIVlHWg9o3Z/3N8hWuZV/3G', 'alumno', 'Anderson Brian', 'Leon Mendoza', '60217864', true);
INSERT INTO alumnos (id, usuario_id, dni, nombre, apellidos, codigo_barras, aula_id) VALUES ('000719f0-568c-4b69-b58e-462ecdb2dfe6', 'c2968d70-5370-4bc6-a8c6-23cbae21fe8e', '60217864', 'Anderson Brian', 'Leon Mendoza', '602134', '82ba2eea-6c49-46cd-97e0-5dcd5eb042f6');
INSERT INTO usuarios (id, email, password_hash, rol, nombre, apellidos, dni, activo) VALUES ('00e03874-f019-443c-8b89-23b65f23b3ba', '619401@academia.edu', '$2b$10$Kt1WXnRsFi4Ux.r1r8SQD.Ps1ksMrVyIVlHWg9o3Z/3N8hWuZV/3G', 'alumno', 'Yajaira Yarely', 'Leyva Garro', '61948090', true);
INSERT INTO alumnos (id, usuario_id, dni, nombre, apellidos, codigo_barras, aula_id) VALUES ('ee349e71-fef2-4aa1-83db-ed8ce347c272', '00e03874-f019-443c-8b89-23b65f23b3ba', '61948090', 'Yajaira Yarely', 'Leyva Garro', '619401', '82ba2eea-6c49-46cd-97e0-5dcd5eb042f6');
INSERT INTO usuarios (id, email, password_hash, rol, nombre, apellidos, dni, activo) VALUES ('9b051d90-1f2c-4148-8752-d422f4644a9c', '614274@academia.edu', '$2b$10$Kt1WXnRsFi4Ux.r1r8SQD.Ps1ksMrVyIVlHWg9o3Z/3N8hWuZV/3G', 'alumno', 'Leenyu Fransuath', 'Macedo Ciriaco', '61429164', true);
INSERT INTO alumnos (id, usuario_id, dni, nombre, apellidos, codigo_barras, aula_id) VALUES ('23a2a362-b10f-4d5c-bac2-aafcb085a331', '9b051d90-1f2c-4148-8752-d422f4644a9c', '61429164', 'Leenyu Fransuath', 'Macedo Ciriaco', '614274', '82ba2eea-6c49-46cd-97e0-5dcd5eb042f6');
INSERT INTO usuarios (id, email, password_hash, rol, nombre, apellidos, dni, activo) VALUES ('813d1193-e485-484b-bb88-18fde7f49f88', '606823@academia.edu', '$2b$10$Kt1WXnRsFi4Ux.r1r8SQD.Ps1ksMrVyIVlHWg9o3Z/3N8hWuZV/3G', 'alumno', 'Jhonatan Richar', 'Milla Venturo', '60683097', true);
INSERT INTO alumnos (id, usuario_id, dni, nombre, apellidos, codigo_barras, aula_id) VALUES ('1d522087-dfc1-4a33-8995-04779f3f177d', '813d1193-e485-484b-bb88-18fde7f49f88', '60683097', 'Jhonatan Richar', 'Milla Venturo', '606823', '82ba2eea-6c49-46cd-97e0-5dcd5eb042f6');
INSERT INTO usuarios (id, email, password_hash, rol, nombre, apellidos, dni, activo) VALUES ('0d43a95d-be08-4898-a3ba-e9972be69474', '777095@academia.edu', '$2b$10$Kt1WXnRsFi4Ux.r1r8SQD.Ps1ksMrVyIVlHWg9o3Z/3N8hWuZV/3G', 'alumno', 'Estefany Rosana', 'Morales Bautista', '77701878', true);
INSERT INTO alumnos (id, usuario_id, dni, nombre, apellidos, codigo_barras, aula_id) VALUES ('95a2ce7b-c887-407f-8859-c0097ebeb9bf', '0d43a95d-be08-4898-a3ba-e9972be69474', '77701878', 'Estefany Rosana', 'Morales Bautista', '777095', '82ba2eea-6c49-46cd-97e0-5dcd5eb042f6');
INSERT INTO usuarios (id, email, password_hash, rol, nombre, apellidos, dni, activo) VALUES ('c2a55b5e-e8fa-4ca1-8caf-e426f57de9c6', '614887@academia.edu', '$2b$10$Kt1WXnRsFi4Ux.r1r8SQD.Ps1ksMrVyIVlHWg9o3Z/3N8hWuZV/3G', 'alumno', 'Santiago Zhair', 'Pariamachi Romero', '61480069', true);
INSERT INTO alumnos (id, usuario_id, dni, nombre, apellidos, codigo_barras, aula_id) VALUES ('767a5a9b-93ea-4803-a809-21efd470cb95', 'c2a55b5e-e8fa-4ca1-8caf-e426f57de9c6', '61480069', 'Santiago Zhair', 'Pariamachi Romero', '614887', '82ba2eea-6c49-46cd-97e0-5dcd5eb042f6');
INSERT INTO usuarios (id, email, password_hash, rol, nombre, apellidos, dni, activo) VALUES ('6254937e-96f7-46ec-bd08-0bea214084b4', '606126@academia.edu', '$2b$10$Kt1WXnRsFi4Ux.r1r8SQD.Ps1ksMrVyIVlHWg9o3Z/3N8hWuZV/3G', 'alumno', 'Jhoe Ceferino', 'Ramirez Jara', '60613647', true);
INSERT INTO alumnos (id, usuario_id, dni, nombre, apellidos, codigo_barras, aula_id) VALUES ('2ed619bb-dc54-4fa9-837b-a8ccea7272ce', '6254937e-96f7-46ec-bd08-0bea214084b4', '60613647', 'Jhoe Ceferino', 'Ramirez Jara', '606126', '82ba2eea-6c49-46cd-97e0-5dcd5eb042f6');
INSERT INTO usuarios (id, email, password_hash, rol, nombre, apellidos, dni, activo) VALUES ('41d8f4a6-adf5-49f2-957c-24d69a8bf71c', '620151@academia.edu', '$2b$10$Kt1WXnRsFi4Ux.r1r8SQD.Ps1ksMrVyIVlHWg9o3Z/3N8hWuZV/3G', 'alumno', 'Jamille Lourdes Ariana', 'Rodriguez Bueno', '62014957', true);
INSERT INTO alumnos (id, usuario_id, dni, nombre, apellidos, codigo_barras, aula_id) VALUES ('d809c343-5b34-441f-bae3-7c4132142ae0', '41d8f4a6-adf5-49f2-957c-24d69a8bf71c', '62014957', 'Jamille Lourdes Ariana', 'Rodriguez Bueno', '620151', '82ba2eea-6c49-46cd-97e0-5dcd5eb042f6');
INSERT INTO usuarios (id, email, password_hash, rol, nombre, apellidos, dni, activo) VALUES ('3a89fb66-28b9-4cae-be07-145a7c36c8d1', '605952@academia.edu', '$2b$10$Kt1WXnRsFi4Ux.r1r8SQD.Ps1ksMrVyIVlHWg9o3Z/3N8hWuZV/3G', 'alumno', 'Jack Emirick', 'Rojas Moreno', '60597524', true);
INSERT INTO alumnos (id, usuario_id, dni, nombre, apellidos, codigo_barras, aula_id) VALUES ('3e91d87e-7d50-4df5-a40e-8eebf5b8d4b9', '3a89fb66-28b9-4cae-be07-145a7c36c8d1', '60597524', 'Jack Emirick', 'Rojas Moreno', '605952', '82ba2eea-6c49-46cd-97e0-5dcd5eb042f6');
INSERT INTO usuarios (id, email, password_hash, rol, nombre, apellidos, dni, activo) VALUES ('33953b57-66de-4893-95fc-b4022a9b5eb5', '757189@academia.edu', '$2b$10$Kt1WXnRsFi4Ux.r1r8SQD.Ps1ksMrVyIVlHWg9o3Z/3N8hWuZV/3G', 'alumno', 'Edwin Jesus', 'Rosales Rodriguez', '75715332', true);
INSERT INTO alumnos (id, usuario_id, dni, nombre, apellidos, codigo_barras, aula_id) VALUES ('4d99ed38-28bf-42ca-b95b-1b3fd9a9ea90', '33953b57-66de-4893-95fc-b4022a9b5eb5', '75715332', 'Edwin Jesus', 'Rosales Rodriguez', '757189', '82ba2eea-6c49-46cd-97e0-5dcd5eb042f6');
INSERT INTO usuarios (id, email, password_hash, rol, nombre, apellidos, dni, activo) VALUES ('65953506-cbc3-4a12-a70f-853823483ae0', '610608@academia.edu', '$2b$10$Kt1WXnRsFi4Ux.r1r8SQD.Ps1ksMrVyIVlHWg9o3Z/3N8hWuZV/3G', 'alumno', 'Diego Alexander', 'Rosas Alva', '61064188', true);
INSERT INTO alumnos (id, usuario_id, dni, nombre, apellidos, codigo_barras, aula_id) VALUES ('e4b8261c-5967-47fe-9b99-c178056ddb55', '65953506-cbc3-4a12-a70f-853823483ae0', '61064188', 'Diego Alexander', 'Rosas Alva', '610608', '82ba2eea-6c49-46cd-97e0-5dcd5eb042f6');
INSERT INTO usuarios (id, email, password_hash, rol, nombre, apellidos, dni, activo) VALUES ('6e773e3f-a88d-471a-a37d-f7f4a564cf26', '757806@academia.edu', '$2b$10$Kt1WXnRsFi4Ux.r1r8SQD.Ps1ksMrVyIVlHWg9o3Z/3N8hWuZV/3G', 'alumno', 'Daniel Juan', 'Sanchez Matta', '75787291', true);
INSERT INTO alumnos (id, usuario_id, dni, nombre, apellidos, codigo_barras, aula_id) VALUES ('08daff18-80f7-4669-80cd-88819b6e4aaa', '6e773e3f-a88d-471a-a37d-f7f4a564cf26', '75787291', 'Daniel Juan', 'Sanchez Matta', '757806', '82ba2eea-6c49-46cd-97e0-5dcd5eb042f6');
INSERT INTO usuarios (id, email, password_hash, rol, nombre, apellidos, dni, activo) VALUES ('dad4d87d-370a-4406-b42d-c17f7975896f', '615192@academia.edu', '$2b$10$Kt1WXnRsFi4Ux.r1r8SQD.Ps1ksMrVyIVlHWg9o3Z/3N8hWuZV/3G', 'alumno', 'Alexander Jeanpyer', 'Sanchez Trejo', '61517368', true);
INSERT INTO alumnos (id, usuario_id, dni, nombre, apellidos, codigo_barras, aula_id) VALUES ('f49cb84f-b5e5-4561-9eca-70c9c7bde75b', 'dad4d87d-370a-4406-b42d-c17f7975896f', '61517368', 'Alexander Jeanpyer', 'Sanchez Trejo', '615192', '82ba2eea-6c49-46cd-97e0-5dcd5eb042f6');
INSERT INTO usuarios (id, email, password_hash, rol, nombre, apellidos, dni, activo) VALUES ('e6e92c59-ef5d-4461-8f80-041494d35b12', '603242@academia.edu', '$2b$10$Kt1WXnRsFi4Ux.r1r8SQD.Ps1ksMrVyIVlHWg9o3Z/3N8hWuZV/3G', 'alumno', 'Adriana Noelia', 'Solis Broncano', '60320151', true);
INSERT INTO alumnos (id, usuario_id, dni, nombre, apellidos, codigo_barras, aula_id) VALUES ('6f30db82-1474-4f7d-91d2-b84de297a70c', 'e6e92c59-ef5d-4461-8f80-041494d35b12', '60320151', 'Adriana Noelia', 'Solis Broncano', '603242', '82ba2eea-6c49-46cd-97e0-5dcd5eb042f6');
INSERT INTO usuarios (id, email, password_hash, rol, nombre, apellidos, dni, activo) VALUES ('731a835f-959e-47c6-9c7c-9921f52ab4bb', '601250@academia.edu', '$2b$10$Kt1WXnRsFi4Ux.r1r8SQD.Ps1ksMrVyIVlHWg9o3Z/3N8hWuZV/3G', 'alumno', 'Mijail Howard', 'Trujillo Maguiña', '60126859', true);
INSERT INTO alumnos (id, usuario_id, dni, nombre, apellidos, codigo_barras, aula_id) VALUES ('96898466-d3c6-47bd-aa0e-d4ae09f9ed95', '731a835f-959e-47c6-9c7c-9921f52ab4bb', '60126859', 'Mijail Howard', 'Trujillo Maguiña', '601250', '82ba2eea-6c49-46cd-97e0-5dcd5eb042f6');
INSERT INTO usuarios (id, email, password_hash, rol, nombre, apellidos, dni, activo) VALUES ('b561c43e-56d0-44f2-b351-0451e2a46571', '603746@academia.edu', '$2b$10$Kt1WXnRsFi4Ux.r1r8SQD.Ps1ksMrVyIVlHWg9o3Z/3N8hWuZV/3G', 'alumno', 'Mayler', 'Valdivia Cotrina', '60378104', true);
INSERT INTO alumnos (id, usuario_id, dni, nombre, apellidos, codigo_barras, aula_id) VALUES ('4e8e0046-070b-4464-8111-946b09b50716', 'b561c43e-56d0-44f2-b351-0451e2a46571', '60378104', 'Mayler', 'Valdivia Cotrina', '603746', '82ba2eea-6c49-46cd-97e0-5dcd5eb042f6');
INSERT INTO usuarios (id, email, password_hash, rol, nombre, apellidos, dni, activo) VALUES ('79b2a44f-2667-4077-8ba9-91979044091a', '614087@academia.edu', '$2b$10$Kt1WXnRsFi4Ux.r1r8SQD.Ps1ksMrVyIVlHWg9o3Z/3N8hWuZV/3G', 'alumno', 'Hermayony Valery', 'Villanueva Sanchez', '61409195', true);
INSERT INTO alumnos (id, usuario_id, dni, nombre, apellidos, codigo_barras, aula_id) VALUES ('6d32f023-ea2d-4713-9ff3-4d5e2a0f04ca', '79b2a44f-2667-4077-8ba9-91979044091a', '61409195', 'Hermayony Valery', 'Villanueva Sanchez', '614087', '82ba2eea-6c49-46cd-97e0-5dcd5eb042f6');
INSERT INTO usuarios (id, email, password_hash, rol, nombre, apellidos, dni, activo) VALUES ('03eacf13-737e-40a2-a4c4-e8384b045ee7', '614076@academia.edu', '$2b$10$Kt1WXnRsFi4Ux.r1r8SQD.Ps1ksMrVyIVlHWg9o3Z/3N8hWuZV/3G', 'alumno', 'Cristian Alvaro', 'Villanueva Villanueva', '61409314', true);
INSERT INTO alumnos (id, usuario_id, dni, nombre, apellidos, codigo_barras, aula_id) VALUES ('33e97c66-704e-4503-8c0d-94dc2a0aea85', '03eacf13-737e-40a2-a4c4-e8384b045ee7', '61409314', 'Cristian Alvaro', 'Villanueva Villanueva', '614076', '82ba2eea-6c49-46cd-97e0-5dcd5eb042f6');
INSERT INTO usuarios (id, email, password_hash, rol, nombre, apellidos, dni, activo) VALUES ('c972da9d-efbf-4e2c-b418-a0a775d3df7a', '707946@academia.edu', '$2b$10$Kt1WXnRsFi4Ux.r1r8SQD.Ps1ksMrVyIVlHWg9o3Z/3N8hWuZV/3G', 'alumno', 'Mayer Osmar', 'Zorrilla Llacuash', '70798570', true);
INSERT INTO alumnos (id, usuario_id, dni, nombre, apellidos, codigo_barras, aula_id) VALUES ('8ac75c3e-8cc4-41fc-8243-6fca2705308e', 'c972da9d-efbf-4e2c-b418-a0a775d3df7a', '70798570', 'Mayer Osmar', 'Zorrilla Llacuash', '707946', '82ba2eea-6c49-46cd-97e0-5dcd5eb042f6');
INSERT INTO usuarios (id, email, password_hash, rol, nombre, apellidos, dni, activo) VALUES ('7f36c12a-ded0-449d-9c99-d51adbc844cf', '751802@academia.edu', '$2b$10$Kt1WXnRsFi4Ux.r1r8SQD.Ps1ksMrVyIVlHWg9o3Z/3N8hWuZV/3G', 'alumno', 'Abraham Issac', 'Maza Huerta', '75183135', true);
INSERT INTO alumnos (id, usuario_id, dni, nombre, apellidos, codigo_barras, aula_id) VALUES ('b0d4873c-cef5-4665-a102-a6e52bca3229', '7f36c12a-ded0-449d-9c99-d51adbc844cf', '75183135', 'Abraham Issac', 'Maza Huerta', '751802', '82ba2eea-6c49-46cd-97e0-5dcd5eb042f6');
INSERT INTO usuarios (id, email, password_hash, rol, nombre, apellidos, dni, activo) VALUES ('3daff0b1-33b8-402e-a4e4-fa501185dd1a', '603721@academia.edu', '$2b$10$Kt1WXnRsFi4Ux.r1r8SQD.Ps1ksMrVyIVlHWg9o3Z/3N8hWuZV/3G', 'alumno', 'Luís Marquiño', 'Cueva Haro', '60379657', true);
INSERT INTO alumnos (id, usuario_id, dni, nombre, apellidos, codigo_barras, aula_id) VALUES ('34bbf331-263c-449b-89f2-28b3a7b4b808', '3daff0b1-33b8-402e-a4e4-fa501185dd1a', '60379657', 'Luís Marquiño', 'Cueva Haro', '603721', '82ba2eea-6c49-46cd-97e0-5dcd5eb042f6');
INSERT INTO usuarios (id, email, password_hash, rol, nombre, apellidos, dni, activo) VALUES ('b33e1338-b32d-429f-9b78-040968612536', '602664@academia.edu', '$2b$10$Kt1WXnRsFi4Ux.r1r8SQD.Ps1ksMrVyIVlHWg9o3Z/3N8hWuZV/3G', 'alumno', 'Briths Liset', 'Barrios Angeles', '60267399', true);
INSERT INTO alumnos (id, usuario_id, dni, nombre, apellidos, codigo_barras, aula_id) VALUES ('3c78cf8e-367b-41c5-a425-c46a96e6d9c3', 'b33e1338-b32d-429f-9b78-040968612536', '60267399', 'Briths Liset', 'Barrios Angeles', '602664', 'd42eb759-4bc8-4598-a345-debdd98bda4a');
INSERT INTO usuarios (id, email, password_hash, rol, nombre, apellidos, dni, activo) VALUES ('212eb83c-2795-4999-9220-e552d291ebd0', '610601@academia.edu', '$2b$10$Kt1WXnRsFi4Ux.r1r8SQD.Ps1ksMrVyIVlHWg9o3Z/3N8hWuZV/3G', 'alumno', 'Francis Abelardo', 'Bellido Tamara', '61064100', true);
INSERT INTO alumnos (id, usuario_id, dni, nombre, apellidos, codigo_barras, aula_id) VALUES ('8c2b07a0-ddeb-4d5a-996a-04bf31a70480', '212eb83c-2795-4999-9220-e552d291ebd0', '61064100', 'Francis Abelardo', 'Bellido Tamara', '610601', 'd42eb759-4bc8-4598-a345-debdd98bda4a');
INSERT INTO usuarios (id, email, password_hash, rol, nombre, apellidos, dni, activo) VALUES ('a954f02f-8613-4d56-93b7-21092f0daa9f', '603703@academia.edu', '$2b$10$Kt1WXnRsFi4Ux.r1r8SQD.Ps1ksMrVyIVlHWg9o3Z/3N8hWuZV/3G', 'alumno', 'Deyvis Yefr', 'Cacha Julca', '60379667', true);
INSERT INTO alumnos (id, usuario_id, dni, nombre, apellidos, codigo_barras, aula_id) VALUES ('4dc745c4-8a45-4abd-a9ed-b7e29c48c6d0', 'a954f02f-8613-4d56-93b7-21092f0daa9f', '60379667', 'Deyvis Yefr', 'Cacha Julca', '603703', 'd42eb759-4bc8-4598-a345-debdd98bda4a');
INSERT INTO usuarios (id, email, password_hash, rol, nombre, apellidos, dni, activo) VALUES ('47f879dd-b502-4e33-acaa-47bb864f0581', '725773@academia.edu', '$2b$10$Kt1WXnRsFi4Ux.r1r8SQD.Ps1ksMrVyIVlHWg9o3Z/3N8hWuZV/3G', 'alumno', 'Grover Anthoni', 'Cadillo Ramirez', '72576549', true);
INSERT INTO alumnos (id, usuario_id, dni, nombre, apellidos, codigo_barras, aula_id) VALUES ('116916d2-c672-4b19-8c52-55235aa2f9e3', '47f879dd-b502-4e33-acaa-47bb864f0581', '72576549', 'Grover Anthoni', 'Cadillo Ramirez', '725773', 'd42eb759-4bc8-4598-a345-debdd98bda4a');
INSERT INTO usuarios (id, email, password_hash, rol, nombre, apellidos, dni, activo) VALUES ('c757479f-49df-4822-a9d6-8220fbe846ab', '723721@academia.edu', '$2b$10$Kt1WXnRsFi4Ux.r1r8SQD.Ps1ksMrVyIVlHWg9o3Z/3N8hWuZV/3G', 'alumno', 'Elvis David', 'Capcha Garcilazo', '72376988', true);
INSERT INTO alumnos (id, usuario_id, dni, nombre, apellidos, codigo_barras, aula_id) VALUES ('0031a0ce-a99c-464f-9bc4-ac9117c7cf9d', 'c757479f-49df-4822-a9d6-8220fbe846ab', '72376988', 'Elvis David', 'Capcha Garcilazo', '723721', 'd42eb759-4bc8-4598-a345-debdd98bda4a');
INSERT INTO usuarios (id, email, password_hash, rol, nombre, apellidos, dni, activo) VALUES ('58f90813-ea91-431b-a5ca-a66133643d5d', '602020@academia.edu', '$2b$10$Kt1WXnRsFi4Ux.r1r8SQD.Ps1ksMrVyIVlHWg9o3Z/3N8hWuZV/3G', 'alumno', 'Cristian Ronald', 'Cashpa Roque', '60204155', true);
INSERT INTO alumnos (id, usuario_id, dni, nombre, apellidos, codigo_barras, aula_id) VALUES ('2e30aac6-43be-44eb-b477-6e60df46887e', '58f90813-ea91-431b-a5ca-a66133643d5d', '60204155', 'Cristian Ronald', 'Cashpa Roque', '602020', 'd42eb759-4bc8-4598-a345-debdd98bda4a');
INSERT INTO usuarios (id, email, password_hash, rol, nombre, apellidos, dni, activo) VALUES ('cc65a034-2bc8-4eaa-a335-af441f6888d8', '603988@academia.edu', '$2b$10$Kt1WXnRsFi4Ux.r1r8SQD.Ps1ksMrVyIVlHWg9o3Z/3N8hWuZV/3G', 'alumno', 'York Kevin', 'Chavez Cespedes', '60396606', true);
INSERT INTO alumnos (id, usuario_id, dni, nombre, apellidos, codigo_barras, aula_id) VALUES ('9bb0a298-3ae1-4260-a6c6-fa7664d3ee33', 'cc65a034-2bc8-4eaa-a335-af441f6888d8', '60396606', 'York Kevin', 'Chavez Cespedes', '603988', 'd42eb759-4bc8-4598-a345-debdd98bda4a');
INSERT INTO usuarios (id, email, password_hash, rol, nombre, apellidos, dni, activo) VALUES ('96c4cc57-39df-4f13-982c-93a890558b16', '606111@academia.edu', '$2b$10$Kt1WXnRsFi4Ux.r1r8SQD.Ps1ksMrVyIVlHWg9o3Z/3N8hWuZV/3G', 'alumno', 'Blanca Flor', 'Chavez Espinoza', '60611390', true);
INSERT INTO alumnos (id, usuario_id, dni, nombre, apellidos, codigo_barras, aula_id) VALUES ('62202b68-007b-472e-baa6-91f116dfd6e6', '96c4cc57-39df-4f13-982c-93a890558b16', '60611390', 'Blanca Flor', 'Chavez Espinoza', '606111', 'd42eb759-4bc8-4598-a345-debdd98bda4a');
INSERT INTO usuarios (id, email, password_hash, rol, nombre, apellidos, dni, activo) VALUES ('a67bbd84-a28a-4cd6-8c75-3287ce315ba4', '604021@academia.edu', '$2b$10$Kt1WXnRsFi4Ux.r1r8SQD.Ps1ksMrVyIVlHWg9o3Z/3N8hWuZV/3G', 'alumno', 'Nelida Shonaly', 'Chinchay Visares', '60401809', true);
INSERT INTO alumnos (id, usuario_id, dni, nombre, apellidos, codigo_barras, aula_id) VALUES ('08c2c749-8807-40ae-8ee0-368cd64fbd7f', 'a67bbd84-a28a-4cd6-8c75-3287ce315ba4', '60401809', 'Nelida Shonaly', 'Chinchay Visares', '604021', 'd42eb759-4bc8-4598-a345-debdd98bda4a');
INSERT INTO usuarios (id, email, password_hash, rol, nombre, apellidos, dni, activo) VALUES ('86422b12-e46b-4218-9245-ca14ace6e531', '605133@academia.edu', '$2b$10$Kt1WXnRsFi4Ux.r1r8SQD.Ps1ksMrVyIVlHWg9o3Z/3N8hWuZV/3G', 'alumno', 'Maylu Rosario', 'Claudio Valencia', '60517426', true);
INSERT INTO alumnos (id, usuario_id, dni, nombre, apellidos, codigo_barras, aula_id) VALUES ('0133cde7-40e5-446b-989f-47a295636145', '86422b12-e46b-4218-9245-ca14ace6e531', '60517426', 'Maylu Rosario', 'Claudio Valencia', '605133', 'd42eb759-4bc8-4598-a345-debdd98bda4a');
INSERT INTO usuarios (id, email, password_hash, rol, nombre, apellidos, dni, activo) VALUES ('d3ea1c4a-d225-4bef-98f8-d18db6838228', '616179@academia.edu', '$2b$10$Kt1WXnRsFi4Ux.r1r8SQD.Ps1ksMrVyIVlHWg9o3Z/3N8hWuZV/3G', 'alumno', 'Jhosmel Stiven', 'Cochachin Mellisho', '61611667', true);
INSERT INTO alumnos (id, usuario_id, dni, nombre, apellidos, codigo_barras, aula_id) VALUES ('6530c212-add6-4e03-b899-32d1a35b1b8a', 'd3ea1c4a-d225-4bef-98f8-d18db6838228', '61611667', 'Jhosmel Stiven', 'Cochachin Mellisho', '616179', 'd42eb759-4bc8-4598-a345-debdd98bda4a');
INSERT INTO usuarios (id, email, password_hash, rol, nombre, apellidos, dni, activo) VALUES ('b7e76b80-817d-4ad1-94a2-33766c2d625a', '614075@academia.edu', '$2b$10$Kt1WXnRsFi4Ux.r1r8SQD.Ps1ksMrVyIVlHWg9o3Z/3N8hWuZV/3G', 'alumno', 'Nicole Sara', 'Cruz Maza', '61409504', true);
INSERT INTO alumnos (id, usuario_id, dni, nombre, apellidos, codigo_barras, aula_id) VALUES ('c341d56d-e45f-4233-afa3-9c260ab57b2d', 'b7e76b80-817d-4ad1-94a2-33766c2d625a', '61409504', 'Nicole Sara', 'Cruz Maza', '614075', 'd42eb759-4bc8-4598-a345-debdd98bda4a');
INSERT INTO usuarios (id, email, password_hash, rol, nombre, apellidos, dni, activo) VALUES ('db69cc89-ce89-4683-8f4c-c807118ac58f', '612397@academia.edu', '$2b$10$Kt1WXnRsFi4Ux.r1r8SQD.Ps1ksMrVyIVlHWg9o3Z/3N8hWuZV/3G', 'alumno', 'Ayelen Camila', 'Dextre Segura', '61232869', true);
INSERT INTO alumnos (id, usuario_id, dni, nombre, apellidos, codigo_barras, aula_id) VALUES ('b3fb026a-ed64-4367-adcf-cbf73ce900e4', 'db69cc89-ce89-4683-8f4c-c807118ac58f', '61232869', 'Ayelen Camila', 'Dextre Segura', '612397', 'd42eb759-4bc8-4598-a345-debdd98bda4a');
INSERT INTO usuarios (id, email, password_hash, rol, nombre, apellidos, dni, activo) VALUES ('298be32b-5da7-4a06-8e2a-bf7882769071', '610842@academia.edu', '$2b$10$Kt1WXnRsFi4Ux.r1r8SQD.Ps1ksMrVyIVlHWg9o3Z/3N8hWuZV/3G', 'alumno', 'Bengy Diego', 'Dominguez Cacha', '61080737', true);
INSERT INTO alumnos (id, usuario_id, dni, nombre, apellidos, codigo_barras, aula_id) VALUES ('15734716-c991-4c31-a944-e3b4909ee729', '298be32b-5da7-4a06-8e2a-bf7882769071', '61080737', 'Bengy Diego', 'Dominguez Cacha', '610842', 'd42eb759-4bc8-4598-a345-debdd98bda4a');
INSERT INTO usuarios (id, email, password_hash, rol, nombre, apellidos, dni, activo) VALUES ('849b5c46-ea46-4494-9152-cbed907783b6', '615119@academia.edu', '$2b$10$Kt1WXnRsFi4Ux.r1r8SQD.Ps1ksMrVyIVlHWg9o3Z/3N8hWuZV/3G', 'alumno', 'Patrick Antonio', 'Eguizabal Ortega', '61517291', true);
INSERT INTO alumnos (id, usuario_id, dni, nombre, apellidos, codigo_barras, aula_id) VALUES ('e53d84b8-103f-4ed6-9b9b-38403701987a', '849b5c46-ea46-4494-9152-cbed907783b6', '61517291', 'Patrick Antonio', 'Eguizabal Ortega', '615119', 'd42eb759-4bc8-4598-a345-debdd98bda4a');
INSERT INTO usuarios (id, email, password_hash, rol, nombre, apellidos, dni, activo) VALUES ('0d39751b-fbac-4a40-ae3d-abd907c59fe5', '615877@academia.edu', '$2b$10$Kt1WXnRsFi4Ux.r1r8SQD.Ps1ksMrVyIVlHWg9o3Z/3N8hWuZV/3G', 'alumno', 'Brayan Antonio', 'Evaristo Sanchez', '61589924', true);
INSERT INTO alumnos (id, usuario_id, dni, nombre, apellidos, codigo_barras, aula_id) VALUES ('7e24ba7c-6484-4662-9052-efb4d9e5e889', '0d39751b-fbac-4a40-ae3d-abd907c59fe5', '61589924', 'Brayan Antonio', 'Evaristo Sanchez', '615877', 'd42eb759-4bc8-4598-a345-debdd98bda4a');
INSERT INTO usuarios (id, email, password_hash, rol, nombre, apellidos, dni, activo) VALUES ('86125903-b039-46b1-8229-038bc21cbeef', '614960@academia.edu', '$2b$10$Kt1WXnRsFi4Ux.r1r8SQD.Ps1ksMrVyIVlHWg9o3Z/3N8hWuZV/3G', 'alumno', 'Cristopher Joel', 'Figueroa Maguiña', '61490147', true);
INSERT INTO alumnos (id, usuario_id, dni, nombre, apellidos, codigo_barras, aula_id) VALUES ('1814cfbe-c926-4acb-adc1-cc589a534bc2', '86125903-b039-46b1-8229-038bc21cbeef', '61490147', 'Cristopher Joel', 'Figueroa Maguiña', '614960', 'd42eb759-4bc8-4598-a345-debdd98bda4a');
INSERT INTO usuarios (id, email, password_hash, rol, nombre, apellidos, dni, activo) VALUES ('dc9864eb-42aa-4ab3-9394-a85c8d331cd9', '606769@academia.edu', '$2b$10$Kt1WXnRsFi4Ux.r1r8SQD.Ps1ksMrVyIVlHWg9o3Z/3N8hWuZV/3G', 'alumno', 'Yulissa Karin', 'Flores Montalvo', '60676615', true);
INSERT INTO alumnos (id, usuario_id, dni, nombre, apellidos, codigo_barras, aula_id) VALUES ('22896f75-664f-4869-9b73-49f0b5fe4997', 'dc9864eb-42aa-4ab3-9394-a85c8d331cd9', '60676615', 'Yulissa Karin', 'Flores Montalvo', '606769', 'd42eb759-4bc8-4598-a345-debdd98bda4a');
INSERT INTO usuarios (id, email, password_hash, rol, nombre, apellidos, dni, activo) VALUES ('b824fbed-953d-45e9-b61a-55dc935888b7', '614958@academia.edu', '$2b$10$Kt1WXnRsFi4Ux.r1r8SQD.Ps1ksMrVyIVlHWg9o3Z/3N8hWuZV/3G', 'alumno', 'Avril Yassuri', 'Garcia Santillan', '61490128', true);
INSERT INTO alumnos (id, usuario_id, dni, nombre, apellidos, codigo_barras, aula_id) VALUES ('ac023148-46a3-44f9-827d-d6f4d8f67538', 'b824fbed-953d-45e9-b61a-55dc935888b7', '61490128', 'Avril Yassuri', 'Garcia Santillan', '614958', 'd42eb759-4bc8-4598-a345-debdd98bda4a');
INSERT INTO usuarios (id, email, password_hash, rol, nombre, apellidos, dni, activo) VALUES ('5443492f-57f7-406a-a6a7-353e41f81574', '606781@academia.edu', '$2b$10$Kt1WXnRsFi4Ux.r1r8SQD.Ps1ksMrVyIVlHWg9o3Z/3N8hWuZV/3G', 'alumno', 'Danna Yaritza', 'Gomez Liñan', '60672402', true);
INSERT INTO alumnos (id, usuario_id, dni, nombre, apellidos, codigo_barras, aula_id) VALUES ('96fde1b8-3cd1-440d-a0b2-d7f05d5067ec', '5443492f-57f7-406a-a6a7-353e41f81574', '60672402', 'Danna Yaritza', 'Gomez Liñan', '606781', 'd42eb759-4bc8-4598-a345-debdd98bda4a');
INSERT INTO usuarios (id, email, password_hash, rol, nombre, apellidos, dni, activo) VALUES ('917cf884-2ab3-481d-842d-a63e28f71265', '614245@academia.edu', '$2b$10$Kt1WXnRsFi4Ux.r1r8SQD.Ps1ksMrVyIVlHWg9o3Z/3N8hWuZV/3G', 'alumno', 'Deyvis Jhonny', 'Guerrero Heredia', '61429198', true);
INSERT INTO alumnos (id, usuario_id, dni, nombre, apellidos, codigo_barras, aula_id) VALUES ('41a9d46b-63b5-4e30-bf4c-553630a1851b', '917cf884-2ab3-481d-842d-a63e28f71265', '61429198', 'Deyvis Jhonny', 'Guerrero Heredia', '614245', 'd42eb759-4bc8-4598-a345-debdd98bda4a');
INSERT INTO usuarios (id, email, password_hash, rol, nombre, apellidos, dni, activo) VALUES ('ed58e16b-63fb-4556-8df9-43e3aff946b3', '612916@academia.edu', '$2b$10$Kt1WXnRsFi4Ux.r1r8SQD.Ps1ksMrVyIVlHWg9o3Z/3N8hWuZV/3G', 'alumno', 'Alaro Enrique', 'Guerrero Huerta', '61298647', true);
INSERT INTO alumnos (id, usuario_id, dni, nombre, apellidos, codigo_barras, aula_id) VALUES ('296a51e9-8947-4b80-8c90-0822b0a69243', 'ed58e16b-63fb-4556-8df9-43e3aff946b3', '61298647', 'Alaro Enrique', 'Guerrero Huerta', '612916', 'd42eb759-4bc8-4598-a345-debdd98bda4a');
INSERT INTO usuarios (id, email, password_hash, rol, nombre, apellidos, dni, activo) VALUES ('6c2cf363-c94e-4f40-aa09-999f31f7e67f', '608581@academia.edu', '$2b$10$Kt1WXnRsFi4Ux.r1r8SQD.Ps1ksMrVyIVlHWg9o3Z/3N8hWuZV/3G', 'alumno', 'Jhosep Figo', 'Guzman Salcedo', '60858380', true);
INSERT INTO alumnos (id, usuario_id, dni, nombre, apellidos, codigo_barras, aula_id) VALUES ('27c90919-a56e-4ec8-a5ab-75e2c298199d', '6c2cf363-c94e-4f40-aa09-999f31f7e67f', '60858380', 'Jhosep Figo', 'Guzman Salcedo', '608581', 'd42eb759-4bc8-4598-a345-debdd98bda4a');
INSERT INTO usuarios (id, email, password_hash, rol, nombre, apellidos, dni, activo) VALUES ('75242cb5-8f03-45f7-a21a-4961fb8b97e7', '610652@academia.edu', '$2b$10$Kt1WXnRsFi4Ux.r1r8SQD.Ps1ksMrVyIVlHWg9o3Z/3N8hWuZV/3G', 'alumno', 'Arlhett Kelly', 'Henostroza Lobo', '61064160', true);
INSERT INTO alumnos (id, usuario_id, dni, nombre, apellidos, codigo_barras, aula_id) VALUES ('2ce748d2-9b58-4eb1-be60-dfdc65800538', '75242cb5-8f03-45f7-a21a-4961fb8b97e7', '61064160', 'Arlhett Kelly', 'Henostroza Lobo', '610652', 'd42eb759-4bc8-4598-a345-debdd98bda4a');
INSERT INTO usuarios (id, email, password_hash, rol, nombre, apellidos, dni, activo) VALUES ('53ee76f0-d779-491b-aec1-e9e028ef4909', '603682@academia.edu', '$2b$10$Kt1WXnRsFi4Ux.r1r8SQD.Ps1ksMrVyIVlHWg9o3Z/3N8hWuZV/3G', 'alumno', 'Oliver', 'Herrera Castro', '60369165', true);
INSERT INTO alumnos (id, usuario_id, dni, nombre, apellidos, codigo_barras, aula_id) VALUES ('54c2cc24-c920-4233-b805-f53a9e0e1e2f', '53ee76f0-d779-491b-aec1-e9e028ef4909', '60369165', 'Oliver', 'Herrera Castro', '603682', 'd42eb759-4bc8-4598-a345-debdd98bda4a');
INSERT INTO usuarios (id, email, password_hash, rol, nombre, apellidos, dni, activo) VALUES ('00104b09-eb3d-4a08-a8b5-55a553f0623d', '600222@academia.edu', '$2b$10$Kt1WXnRsFi4Ux.r1r8SQD.Ps1ksMrVyIVlHWg9o3Z/3N8hWuZV/3G', 'alumno', 'Dayvis Omar', 'Huaman Carrillo', '60023348', true);
INSERT INTO alumnos (id, usuario_id, dni, nombre, apellidos, codigo_barras, aula_id) VALUES ('9eb62016-e1b5-45a0-b804-4a535bc597ed', '00104b09-eb3d-4a08-a8b5-55a553f0623d', '60023348', 'Dayvis Omar', 'Huaman Carrillo', '600222', 'd42eb759-4bc8-4598-a345-debdd98bda4a');
INSERT INTO usuarios (id, email, password_hash, rol, nombre, apellidos, dni, activo) VALUES ('70ab684a-76ae-4203-88eb-18e6cc0e4a2f', '620190@academia.edu', '$2b$10$Kt1WXnRsFi4Ux.r1r8SQD.Ps1ksMrVyIVlHWg9o3Z/3N8hWuZV/3G', 'alumno', 'Marck Antony', 'Huaney Carafin', '62015108', true);
INSERT INTO alumnos (id, usuario_id, dni, nombre, apellidos, codigo_barras, aula_id) VALUES ('9bc2247c-252d-4184-a9b7-d95a0afe7253', '70ab684a-76ae-4203-88eb-18e6cc0e4a2f', '62015108', 'Marck Antony', 'Huaney Carafin', '620190', 'd42eb759-4bc8-4598-a345-debdd98bda4a');
INSERT INTO usuarios (id, email, password_hash, rol, nombre, apellidos, dni, activo) VALUES ('f6d89be6-cbba-4d2e-846a-3c271d125ec1', '606756@academia.edu', '$2b$10$Kt1WXnRsFi4Ux.r1r8SQD.Ps1ksMrVyIVlHWg9o3Z/3N8hWuZV/3G', 'alumno', 'Leonardo Yudovich', 'Huerta Valverde', '60677180', true);
INSERT INTO alumnos (id, usuario_id, dni, nombre, apellidos, codigo_barras, aula_id) VALUES ('c740b982-306f-4e09-b82c-d54e5b75cc55', 'f6d89be6-cbba-4d2e-846a-3c271d125ec1', '60677180', 'Leonardo Yudovich', 'Huerta Valverde', '606756', 'd42eb759-4bc8-4598-a345-debdd98bda4a');
INSERT INTO usuarios (id, email, password_hash, rol, nombre, apellidos, dni, activo) VALUES ('9a29d16b-213a-41aa-982a-76a973a0e32f', '606748@academia.edu', '$2b$10$Kt1WXnRsFi4Ux.r1r8SQD.Ps1ksMrVyIVlHWg9o3Z/3N8hWuZV/3G', 'alumno', 'Marco Bryan', 'Jaque Alvarez', '60672377', true);
INSERT INTO alumnos (id, usuario_id, dni, nombre, apellidos, codigo_barras, aula_id) VALUES ('4ffba87d-be91-497c-9dc0-0087fbf54f9d', '9a29d16b-213a-41aa-982a-76a973a0e32f', '60672377', 'Marco Bryan', 'Jaque Alvarez', '606748', 'd42eb759-4bc8-4598-a345-debdd98bda4a');
INSERT INTO usuarios (id, email, password_hash, rol, nombre, apellidos, dni, activo) VALUES ('ebee67cc-45d7-4ecd-a244-2970e2979e88', '611596@academia.edu', '$2b$10$Kt1WXnRsFi4Ux.r1r8SQD.Ps1ksMrVyIVlHWg9o3Z/3N8hWuZV/3G', 'alumno', 'Yuenm Lee', 'Leon Chavez', '61155488', true);
INSERT INTO alumnos (id, usuario_id, dni, nombre, apellidos, codigo_barras, aula_id) VALUES ('8e63c299-b7e4-4b31-bbf0-b77c79d205fb', 'ebee67cc-45d7-4ecd-a244-2970e2979e88', '61155488', 'Yuenm Lee', 'Leon Chavez', '611596', 'd42eb759-4bc8-4598-a345-debdd98bda4a');
INSERT INTO usuarios (id, email, password_hash, rol, nombre, apellidos, dni, activo) VALUES ('7427cbe5-6136-4d13-93fe-9efb7191e9a3', '620121@academia.edu', '$2b$10$Kt1WXnRsFi4Ux.r1r8SQD.Ps1ksMrVyIVlHWg9o3Z/3N8hWuZV/3G', 'alumno', 'Esaul Francisco', 'Lopez Sanchez', '62015019', true);
INSERT INTO alumnos (id, usuario_id, dni, nombre, apellidos, codigo_barras, aula_id) VALUES ('1961d5e9-d547-4e90-8b01-9a393350c1bf', '7427cbe5-6136-4d13-93fe-9efb7191e9a3', '62015019', 'Esaul Francisco', 'Lopez Sanchez', '620121', 'd42eb759-4bc8-4598-a345-debdd98bda4a');
INSERT INTO usuarios (id, email, password_hash, rol, nombre, apellidos, dni, activo) VALUES ('b4ac5e81-ead3-4691-b923-1534e5182958', '616297@academia.edu', '$2b$10$Kt1WXnRsFi4Ux.r1r8SQD.Ps1ksMrVyIVlHWg9o3Z/3N8hWuZV/3G', 'alumno', 'Alisson Mariangel', 'Maguiña De La Cruz', '61623376', true);
INSERT INTO alumnos (id, usuario_id, dni, nombre, apellidos, codigo_barras, aula_id) VALUES ('3fce4422-0049-4903-a3c5-45d0ca1e0a08', 'b4ac5e81-ead3-4691-b923-1534e5182958', '61623376', 'Alisson Mariangel', 'Maguiña De La Cruz', '616297', 'd42eb759-4bc8-4598-a345-debdd98bda4a');
INSERT INTO usuarios (id, email, password_hash, rol, nombre, apellidos, dni, activo) VALUES ('e454925b-f317-4b74-ba47-991318a67b79', '601260@academia.edu', '$2b$10$Kt1WXnRsFi4Ux.r1r8SQD.Ps1ksMrVyIVlHWg9o3Z/3N8hWuZV/3G', 'alumno', 'Yumel Eder', 'Minaya Giraldo', '60123806', true);
INSERT INTO alumnos (id, usuario_id, dni, nombre, apellidos, codigo_barras, aula_id) VALUES ('f0bd7b69-cab4-4ccf-a9f4-59f9ab9e591c', 'e454925b-f317-4b74-ba47-991318a67b79', '60123806', 'Yumel Eder', 'Minaya Giraldo', '601260', 'd42eb759-4bc8-4598-a345-debdd98bda4a');
INSERT INTO usuarios (id, email, password_hash, rol, nombre, apellidos, dni, activo) VALUES ('18377186-7ed8-45b0-aa27-78a989642bba', '615149@academia.edu', '$2b$10$Kt1WXnRsFi4Ux.r1r8SQD.Ps1ksMrVyIVlHWg9o3Z/3N8hWuZV/3G', 'alumno', 'Jonathan Israel', 'Morales Albornoz', '61517240', true);
INSERT INTO alumnos (id, usuario_id, dni, nombre, apellidos, codigo_barras, aula_id) VALUES ('a9e5b63f-132a-470d-9469-05d6cd9a51af', '18377186-7ed8-45b0-aa27-78a989642bba', '61517240', 'Jonathan Israel', 'Morales Albornoz', '615149', '54244746-32f5-47a0-ba8e-3a5df9446b75');
INSERT INTO usuarios (id, email, password_hash, rol, nombre, apellidos, dni, activo) VALUES ('814c2c8e-0d3d-4512-b8d9-95e575059b44', '603573@academia.edu', '$2b$10$Kt1WXnRsFi4Ux.r1r8SQD.Ps1ksMrVyIVlHWg9o3Z/3N8hWuZV/3G', 'alumno', 'Xiomara Antuane', 'Morales Tarazona', '60357070', true);
INSERT INTO alumnos (id, usuario_id, dni, nombre, apellidos, codigo_barras, aula_id) VALUES ('d80a1d1e-d741-490b-952a-c37fc1620e45', '814c2c8e-0d3d-4512-b8d9-95e575059b44', '60357070', 'Xiomara Antuane', 'Morales Tarazona', '603573', 'd42eb759-4bc8-4598-a345-debdd98bda4a');
INSERT INTO usuarios (id, email, password_hash, rol, nombre, apellidos, dni, activo) VALUES ('484024c4-bcc5-4dd9-9ff2-a5914d7eeb1b', '603126@academia.edu', '$2b$10$Kt1WXnRsFi4Ux.r1r8SQD.Ps1ksMrVyIVlHWg9o3Z/3N8hWuZV/3G', 'alumno', 'Royston Giovanni', 'Murga Milla', '60319829', true);
INSERT INTO alumnos (id, usuario_id, dni, nombre, apellidos, codigo_barras, aula_id) VALUES ('47d3e245-6a25-4cf7-b6dd-50290ce5bbfd', '484024c4-bcc5-4dd9-9ff2-a5914d7eeb1b', '60319829', 'Royston Giovanni', 'Murga Milla', '603126', 'd42eb759-4bc8-4598-a345-debdd98bda4a');
INSERT INTO usuarios (id, email, password_hash, rol, nombre, apellidos, dni, activo) VALUES ('63d93aa5-908a-4ecc-b1dd-cd5636faa911', '614238@academia.edu', '$2b$10$Kt1WXnRsFi4Ux.r1r8SQD.Ps1ksMrVyIVlHWg9o3Z/3N8hWuZV/3G', 'alumno', 'Wilder Alejandro', 'Olivera Pecho', '61429239', true);
INSERT INTO alumnos (id, usuario_id, dni, nombre, apellidos, codigo_barras, aula_id) VALUES ('d7cd12ae-6e65-446c-9326-d17f726ceb5f', '63d93aa5-908a-4ecc-b1dd-cd5636faa911', '61429239', 'Wilder Alejandro', 'Olivera Pecho', '614238', 'd42eb759-4bc8-4598-a345-debdd98bda4a');
INSERT INTO usuarios (id, email, password_hash, rol, nombre, apellidos, dni, activo) VALUES ('a6dd188f-697f-47e9-a2de-5529ab3068f4', '605948@academia.edu', '$2b$10$Kt1WXnRsFi4Ux.r1r8SQD.Ps1ksMrVyIVlHWg9o3Z/3N8hWuZV/3G', 'alumno', 'Edmer Riquelme', 'Oro Moreno', '60597496', true);
INSERT INTO alumnos (id, usuario_id, dni, nombre, apellidos, codigo_barras, aula_id) VALUES ('a0610d8f-194b-4f87-ad3c-6b0c7718ddc6', 'a6dd188f-697f-47e9-a2de-5529ab3068f4', '60597496', 'Edmer Riquelme', 'Oro Moreno', '605948', 'd42eb759-4bc8-4598-a345-debdd98bda4a');
INSERT INTO usuarios (id, email, password_hash, rol, nombre, apellidos, dni, activo) VALUES ('5fbb2188-da3d-4291-a73f-4078cb9af07f', '615843@academia.edu', '$2b$10$Kt1WXnRsFi4Ux.r1r8SQD.Ps1ksMrVyIVlHWg9o3Z/3N8hWuZV/3G', 'alumno', 'Rayner Maycol', 'Quinto Leyva', '61589923', true);
INSERT INTO alumnos (id, usuario_id, dni, nombre, apellidos, codigo_barras, aula_id) VALUES ('8c652918-6d43-4cdd-8e5b-f1bbad540bfd', '5fbb2188-da3d-4291-a73f-4078cb9af07f', '61589923', 'Rayner Maycol', 'Quinto Leyva', '615843', 'd42eb759-4bc8-4598-a345-debdd98bda4a');
INSERT INTO usuarios (id, email, password_hash, rol, nombre, apellidos, dni, activo) VALUES ('0ad036e6-8fc5-465c-8890-5953ae1dd247', '614095@academia.edu', '$2b$10$Kt1WXnRsFi4Ux.r1r8SQD.Ps1ksMrVyIVlHWg9o3Z/3N8hWuZV/3G', 'alumno', 'Fernando Del Piero', 'Ramirez Guerrero', '61409520', true);
INSERT INTO alumnos (id, usuario_id, dni, nombre, apellidos, codigo_barras, aula_id) VALUES ('5c03ad9e-7a08-43ab-9b2c-7ff431e75616', '0ad036e6-8fc5-465c-8890-5953ae1dd247', '61409520', 'Fernando Del Piero', 'Ramirez Guerrero', '614095', 'd42eb759-4bc8-4598-a345-debdd98bda4a');
INSERT INTO usuarios (id, email, password_hash, rol, nombre, apellidos, dni, activo) VALUES ('3c6695a3-c874-462d-b477-f8df3a42f280', '614861@academia.edu', '$2b$10$Kt1WXnRsFi4Ux.r1r8SQD.Ps1ksMrVyIVlHWg9o3Z/3N8hWuZV/3G', 'alumno', 'Angelo Hans Eyck', 'Salazar Figueroa', '61480363', true);
INSERT INTO alumnos (id, usuario_id, dni, nombre, apellidos, codigo_barras, aula_id) VALUES ('f06ed09c-b26d-4364-9b07-e9ca9ee04e21', '3c6695a3-c874-462d-b477-f8df3a42f280', '61480363', 'Angelo Hans Eyck', 'Salazar Figueroa', '614861', 'd42eb759-4bc8-4598-a345-debdd98bda4a');
INSERT INTO usuarios (id, email, password_hash, rol, nombre, apellidos, dni, activo) VALUES ('ab82598b-9502-4903-bbb9-c3c0e56f4b1d', '620429@academia.edu', '$2b$10$Kt1WXnRsFi4Ux.r1r8SQD.Ps1ksMrVyIVlHWg9o3Z/3N8hWuZV/3G', 'alumno', 'Alex Fabricio', 'Solorzano Ccosi', '62042828', true);
INSERT INTO alumnos (id, usuario_id, dni, nombre, apellidos, codigo_barras, aula_id) VALUES ('daa73f81-5e5b-405a-899e-5793e43e10d8', 'ab82598b-9502-4903-bbb9-c3c0e56f4b1d', '62042828', 'Alex Fabricio', 'Solorzano Ccosi', '620429', 'd42eb759-4bc8-4598-a345-debdd98bda4a');
INSERT INTO usuarios (id, email, password_hash, rol, nombre, apellidos, dni, activo) VALUES ('c56de2a8-528c-4d84-bf7d-8ad44e6ba2bc', '602537@academia.edu', '$2b$10$Kt1WXnRsFi4Ux.r1r8SQD.Ps1ksMrVyIVlHWg9o3Z/3N8hWuZV/3G', 'alumno', 'Elmer Manuel', 'Tadeo Reyes', '60250846', true);
INSERT INTO alumnos (id, usuario_id, dni, nombre, apellidos, codigo_barras, aula_id) VALUES ('4d266b50-452c-4451-a745-34beea547f9c', 'c56de2a8-528c-4d84-bf7d-8ad44e6ba2bc', '60250846', 'Elmer Manuel', 'Tadeo Reyes', '602537', 'd42eb759-4bc8-4598-a345-debdd98bda4a');
INSERT INTO usuarios (id, email, password_hash, rol, nombre, apellidos, dni, activo) VALUES ('91f5e2ce-331a-48b1-b215-772d0ae8dd57', '600202@academia.edu', '$2b$10$Kt1WXnRsFi4Ux.r1r8SQD.Ps1ksMrVyIVlHWg9o3Z/3N8hWuZV/3G', 'alumno', 'Rodrigo Goyito', 'Tafur Cruz', '60022736', true);
INSERT INTO alumnos (id, usuario_id, dni, nombre, apellidos, codigo_barras, aula_id) VALUES ('5b810139-b232-4d8e-ac14-e1ddf479ce08', '91f5e2ce-331a-48b1-b215-772d0ae8dd57', '60022736', 'Rodrigo Goyito', 'Tafur Cruz', '600202', 'd42eb759-4bc8-4598-a345-debdd98bda4a');
INSERT INTO usuarios (id, email, password_hash, rol, nombre, apellidos, dni, activo) VALUES ('b2d9fa68-e1aa-4652-a82e-39194f9b4080', '620192@academia.edu', '$2b$10$Kt1WXnRsFi4Ux.r1r8SQD.Ps1ksMrVyIVlHWg9o3Z/3N8hWuZV/3G', 'alumno', 'Matias Ignacio', 'Terrazas Huerta', '62015023', true);
INSERT INTO alumnos (id, usuario_id, dni, nombre, apellidos, codigo_barras, aula_id) VALUES ('84aea78e-d4ef-4b4b-b492-39378a02bb36', 'b2d9fa68-e1aa-4652-a82e-39194f9b4080', '62015023', 'Matias Ignacio', 'Terrazas Huerta', '620192', 'd42eb759-4bc8-4598-a345-debdd98bda4a');
INSERT INTO usuarios (id, email, password_hash, rol, nombre, apellidos, dni, activo) VALUES ('66d4aebe-3f7f-4be4-ad32-d17488431971', '603824@academia.edu', '$2b$10$Kt1WXnRsFi4Ux.r1r8SQD.Ps1ksMrVyIVlHWg9o3Z/3N8hWuZV/3G', 'alumno', 'Anelys Mayumi', 'Vasquez Zacarias', '60386775', true);
INSERT INTO alumnos (id, usuario_id, dni, nombre, apellidos, codigo_barras, aula_id) VALUES ('f55532fa-4360-43e6-a711-f5f6bd50d6e9', '66d4aebe-3f7f-4be4-ad32-d17488431971', '60386775', 'Anelys Mayumi', 'Vasquez Zacarias', '603824', 'd42eb759-4bc8-4598-a345-debdd98bda4a');
INSERT INTO usuarios (id, email, password_hash, rol, nombre, apellidos, dni, activo) VALUES ('e22a4805-3af9-4877-89b1-4a55dffe544a', '615528@academia.edu', '$2b$10$Kt1WXnRsFi4Ux.r1r8SQD.Ps1ksMrVyIVlHWg9o3Z/3N8hWuZV/3G', 'alumno', 'Angelo Ayovi', 'Vidal Flores', '61558999', true);
INSERT INTO alumnos (id, usuario_id, dni, nombre, apellidos, codigo_barras, aula_id) VALUES ('d738b0d4-0e15-4883-b7ed-e3552b996574', 'e22a4805-3af9-4877-89b1-4a55dffe544a', '61558999', 'Angelo Ayovi', 'Vidal Flores', '615528', 'd42eb759-4bc8-4598-a345-debdd98bda4a');
INSERT INTO usuarios (id, email, password_hash, rol, nombre, apellidos, dni, activo) VALUES ('df857428-d718-4d3b-a78d-f37db53b64a0', '605757@academia.edu', '$2b$10$Kt1WXnRsFi4Ux.r1r8SQD.Ps1ksMrVyIVlHWg9o3Z/3N8hWuZV/3G', 'alumno', 'Yasury Esmelin', 'Villanueva Valle', '60576613', true);
INSERT INTO alumnos (id, usuario_id, dni, nombre, apellidos, codigo_barras, aula_id) VALUES ('707cba36-17de-4df1-baa5-fc17b8f47bcc', 'df857428-d718-4d3b-a78d-f37db53b64a0', '60576613', 'Yasury Esmelin', 'Villanueva Valle', '605757', 'd42eb759-4bc8-4598-a345-debdd98bda4a');
INSERT INTO usuarios (id, email, password_hash, rol, nombre, apellidos, dni, activo) VALUES ('b5691e27-6449-45e9-8c8d-c75bdbd8ed7e', '601229@academia.edu', '$2b$10$Kt1WXnRsFi4Ux.r1r8SQD.Ps1ksMrVyIVlHWg9o3Z/3N8hWuZV/3G', 'alumno', 'Jhael Lionel', 'Bautista Leyva', '60121714', true);
INSERT INTO alumnos (id, usuario_id, dni, nombre, apellidos, codigo_barras, aula_id) VALUES ('febf084f-30de-4602-9db3-52f27a16567b', 'b5691e27-6449-45e9-8c8d-c75bdbd8ed7e', '60121714', 'Jhael Lionel', 'Bautista Leyva', '601229', '54244746-32f5-47a0-ba8e-3a5df9446b75');
INSERT INTO usuarios (id, email, password_hash, rol, nombre, apellidos, dni, activo) VALUES ('46185897-6d6e-4341-afea-9668f17995ae', '612314@academia.edu', '$2b$10$Kt1WXnRsFi4Ux.r1r8SQD.Ps1ksMrVyIVlHWg9o3Z/3N8hWuZV/3G', 'alumno', 'Johnnier Jahnsen', 'Blas Tamara', '61233245', true);
INSERT INTO alumnos (id, usuario_id, dni, nombre, apellidos, codigo_barras, aula_id) VALUES ('f8e11a0e-2255-472a-91d9-1f93032489be', '46185897-6d6e-4341-afea-9668f17995ae', '61233245', 'Johnnier Jahnsen', 'Blas Tamara', '612314', '54244746-32f5-47a0-ba8e-3a5df9446b75');
INSERT INTO usuarios (id, email, password_hash, rol, nombre, apellidos, dni, activo) VALUES ('d034e470-4d80-4bce-a789-975adcbe997a', '616726@academia.edu', '$2b$10$Kt1WXnRsFi4Ux.r1r8SQD.Ps1ksMrVyIVlHWg9o3Z/3N8hWuZV/3G', 'alumno', 'Bayron Enrique', 'Brito Macedo', '61678650', true);
INSERT INTO alumnos (id, usuario_id, dni, nombre, apellidos, codigo_barras, aula_id) VALUES ('e7a5cf18-e29b-4518-9fc2-03d24153fb66', 'd034e470-4d80-4bce-a789-975adcbe997a', '61678650', 'Bayron Enrique', 'Brito Macedo', '616726', '54244746-32f5-47a0-ba8e-3a5df9446b75');
INSERT INTO usuarios (id, email, password_hash, rol, nombre, apellidos, dni, activo) VALUES ('319dde5c-8615-453c-aa39-4d5151b98186', '600206@academia.edu', '$2b$10$Kt1WXnRsFi4Ux.r1r8SQD.Ps1ksMrVyIVlHWg9o3Z/3N8hWuZV/3G', 'alumno', 'Emelyn Melisa', 'Canta Velasquez', '60026691', true);
INSERT INTO alumnos (id, usuario_id, dni, nombre, apellidos, codigo_barras, aula_id) VALUES ('18bf7ff4-dc0d-4d21-99df-e4f09e2e368d', '319dde5c-8615-453c-aa39-4d5151b98186', '60026691', 'Emelyn Melisa', 'Canta Velasquez', '600206', '54244746-32f5-47a0-ba8e-3a5df9446b75');
INSERT INTO usuarios (id, email, password_hash, rol, nombre, apellidos, dni, activo) VALUES ('1879fea4-8e9f-4fb9-8ff2-91f0c6f9741e', '603892@academia.edu', '$2b$10$Kt1WXnRsFi4Ux.r1r8SQD.Ps1ksMrVyIVlHWg9o3Z/3N8hWuZV/3G', 'alumno', 'Alex Sander', 'Canuto Lunarejo', '60386777', true);
INSERT INTO alumnos (id, usuario_id, dni, nombre, apellidos, codigo_barras, aula_id) VALUES ('7d2211a3-16e0-4779-b508-49be517e10eb', '1879fea4-8e9f-4fb9-8ff2-91f0c6f9741e', '60386777', 'Alex Sander', 'Canuto Lunarejo', '603892', '54244746-32f5-47a0-ba8e-3a5df9446b75');
INSERT INTO usuarios (id, email, password_hash, rol, nombre, apellidos, dni, activo) VALUES ('ddb6c8ea-fa3b-4a9e-acc0-c9dba7992d33', '603405@academia.edu', '$2b$10$Kt1WXnRsFi4Ux.r1r8SQD.Ps1ksMrVyIVlHWg9o3Z/3N8hWuZV/3G', 'alumno', 'Kiara Lucia', 'Carrion Romero', '60346697', true);
INSERT INTO alumnos (id, usuario_id, dni, nombre, apellidos, codigo_barras, aula_id) VALUES ('ebde8621-ec78-46f5-aee8-cc7979f16a85', 'ddb6c8ea-fa3b-4a9e-acc0-c9dba7992d33', '60346697', 'Kiara Lucia', 'Carrion Romero', '603405', '54244746-32f5-47a0-ba8e-3a5df9446b75');
INSERT INTO usuarios (id, email, password_hash, rol, nombre, apellidos, dni, activo) VALUES ('f2eecbb6-9a73-4617-80b0-db2e79ab9a60', '603910@academia.edu', '$2b$10$Kt1WXnRsFi4Ux.r1r8SQD.Ps1ksMrVyIVlHWg9o3Z/3N8hWuZV/3G', 'alumno', 'Britney Xiomara', 'Cochachin Villafane', '60395119', true);
INSERT INTO alumnos (id, usuario_id, dni, nombre, apellidos, codigo_barras, aula_id) VALUES ('2d3d7b7a-2bda-431d-ba74-77c6783487d1', 'f2eecbb6-9a73-4617-80b0-db2e79ab9a60', '60395119', 'Britney Xiomara', 'Cochachin Villafane', '603910', '54244746-32f5-47a0-ba8e-3a5df9446b75');
INSERT INTO usuarios (id, email, password_hash, rol, nombre, apellidos, dni, activo) VALUES ('be211af0-aed5-4d4d-80e1-063322172fd7', '783762@academia.edu', '$2b$10$Kt1WXnRsFi4Ux.r1r8SQD.Ps1ksMrVyIVlHWg9o3Z/3N8hWuZV/3G', 'alumno', 'Analy Mijal', 'Cruz Espinoza', '78375591', true);
INSERT INTO alumnos (id, usuario_id, dni, nombre, apellidos, codigo_barras, aula_id) VALUES ('67fc3ba2-f0e1-40c1-b4a5-64da9e8fcfd4', 'be211af0-aed5-4d4d-80e1-063322172fd7', '78375591', 'Analy Mijal', 'Cruz Espinoza', '783762', '54244746-32f5-47a0-ba8e-3a5df9446b75');
INSERT INTO usuarios (id, email, password_hash, rol, nombre, apellidos, dni, activo) VALUES ('47784d1e-654f-466f-aee6-5c977cca6654', '616323@academia.edu', '$2b$10$Kt1WXnRsFi4Ux.r1r8SQD.Ps1ksMrVyIVlHWg9o3Z/3N8hWuZV/3G', 'alumno', 'Luiciño Santiago', 'Cueva Jaque', '61632153', true);
INSERT INTO alumnos (id, usuario_id, dni, nombre, apellidos, codigo_barras, aula_id) VALUES ('218ac602-4f4c-4f13-874c-5bb7232ff055', '47784d1e-654f-466f-aee6-5c977cca6654', '61632153', 'Luiciño Santiago', 'Cueva Jaque', '616323', '54244746-32f5-47a0-ba8e-3a5df9446b75');
INSERT INTO usuarios (id, email, password_hash, rol, nombre, apellidos, dni, activo) VALUES ('322c7fb6-33ce-41f6-98da-30b486d9461b', '606121@academia.edu', '$2b$10$Kt1WXnRsFi4Ux.r1r8SQD.Ps1ksMrVyIVlHWg9o3Z/3N8hWuZV/3G', 'alumno', 'Diego Sebastian', 'Dominguez Palacios', '60611445', true);
INSERT INTO alumnos (id, usuario_id, dni, nombre, apellidos, codigo_barras, aula_id) VALUES ('e0d1eac3-3de7-436a-988e-9a5137d4e7b0', '322c7fb6-33ce-41f6-98da-30b486d9461b', '60611445', 'Diego Sebastian', 'Dominguez Palacios', '606121', '54244746-32f5-47a0-ba8e-3a5df9446b75');
INSERT INTO usuarios (id, email, password_hash, rol, nombre, apellidos, dni, activo) VALUES ('a7153b11-5b91-4aba-bd1e-6352b5461b62', '614844@academia.edu', '$2b$10$Kt1WXnRsFi4Ux.r1r8SQD.Ps1ksMrVyIVlHWg9o3Z/3N8hWuZV/3G', 'alumno', 'Jhair Jhampier', 'Espinoza Paucar', '61480408', true);
INSERT INTO alumnos (id, usuario_id, dni, nombre, apellidos, codigo_barras, aula_id) VALUES ('270e75b7-e066-4c81-a5d1-b4bdf9383278', 'a7153b11-5b91-4aba-bd1e-6352b5461b62', '61480408', 'Jhair Jhampier', 'Espinoza Paucar', '614844', '54244746-32f5-47a0-ba8e-3a5df9446b75');
INSERT INTO usuarios (id, email, password_hash, rol, nombre, apellidos, dni, activo) VALUES ('53232c23-7a07-44f8-9edf-cb6a8b7af2a7', '602519@academia.edu', '$2b$10$Kt1WXnRsFi4Ux.r1r8SQD.Ps1ksMrVyIVlHWg9o3Z/3N8hWuZV/3G', 'alumno', 'Aixa Mery', 'Evaristo Lirio', '60250843', true);
INSERT INTO alumnos (id, usuario_id, dni, nombre, apellidos, codigo_barras, aula_id) VALUES ('e793cb96-d94b-406a-aadf-decb4eece8cc', '53232c23-7a07-44f8-9edf-cb6a8b7af2a7', '60250843', 'Aixa Mery', 'Evaristo Lirio', '602519', '54244746-32f5-47a0-ba8e-3a5df9446b75');
INSERT INTO usuarios (id, email, password_hash, rol, nombre, apellidos, dni, activo) VALUES ('db1ee00b-2772-45fc-8bfe-3626425763ff', '614091@academia.edu', '$2b$10$Kt1WXnRsFi4Ux.r1r8SQD.Ps1ksMrVyIVlHWg9o3Z/3N8hWuZV/3G', 'alumno', 'Angel Aldahir', 'Fernandez Fernandez', '61409528', true);
INSERT INTO alumnos (id, usuario_id, dni, nombre, apellidos, codigo_barras, aula_id) VALUES ('c08caf0c-3e41-462e-9372-8b5d8761ec12', 'db1ee00b-2772-45fc-8bfe-3626425763ff', '61409528', 'Angel Aldahir', 'Fernandez Fernandez', '614091', '54244746-32f5-47a0-ba8e-3a5df9446b75');
INSERT INTO usuarios (id, email, password_hash, rol, nombre, apellidos, dni, activo) VALUES ('6413ebfe-7e44-4f16-a64a-fdebac9cb7fd', '620453@academia.edu', '$2b$10$Kt1WXnRsFi4Ux.r1r8SQD.Ps1ksMrVyIVlHWg9o3Z/3N8hWuZV/3G', 'alumno', 'Sebastian Lenin', 'Figueroa Andrade', '62042891', true);
INSERT INTO alumnos (id, usuario_id, dni, nombre, apellidos, codigo_barras, aula_id) VALUES ('67e8ef9a-06e8-407d-9ded-6c71b5dbfb51', '6413ebfe-7e44-4f16-a64a-fdebac9cb7fd', '62042891', 'Sebastian Lenin', 'Figueroa Andrade', '620453', '54244746-32f5-47a0-ba8e-3a5df9446b75');
INSERT INTO usuarios (id, email, password_hash, rol, nombre, apellidos, dni, activo) VALUES ('9d1dd9cd-387c-43c9-8d66-538440798c8a', '614081@academia.edu', '$2b$10$Kt1WXnRsFi4Ux.r1r8SQD.Ps1ksMrVyIVlHWg9o3Z/3N8hWuZV/3G', 'alumno', 'Erika Fiorela', 'Figueroa Rurush', '61409481', true);
INSERT INTO alumnos (id, usuario_id, dni, nombre, apellidos, codigo_barras, aula_id) VALUES ('7f921089-fc94-42bf-9bc4-ffa18be87a03', '9d1dd9cd-387c-43c9-8d66-538440798c8a', '61409481', 'Erika Fiorela', 'Figueroa Rurush', '614081', '54244746-32f5-47a0-ba8e-3a5df9446b75');
INSERT INTO usuarios (id, email, password_hash, rol, nombre, apellidos, dni, activo) VALUES ('e7df173c-b8bf-4600-8ec5-7ed717390aa5', '612357@academia.edu', '$2b$10$Kt1WXnRsFi4Ux.r1r8SQD.Ps1ksMrVyIVlHWg9o3Z/3N8hWuZV/3G', 'alumno', 'Flor Stefani', 'Flores Olortegui', '61233278', true);
INSERT INTO alumnos (id, usuario_id, dni, nombre, apellidos, codigo_barras, aula_id) VALUES ('6aa02f97-d9b7-4117-a309-85933bc71ef3', 'e7df173c-b8bf-4600-8ec5-7ed717390aa5', '61233278', 'Flor Stefani', 'Flores Olortegui', '612357', '54244746-32f5-47a0-ba8e-3a5df9446b75');
INSERT INTO usuarios (id, email, password_hash, rol, nombre, apellidos, dni, activo) VALUES ('35dfdfb8-c99d-4648-a15e-e0a12eae5821', '606176@academia.edu', '$2b$10$Kt1WXnRsFi4Ux.r1r8SQD.Ps1ksMrVyIVlHWg9o3Z/3N8hWuZV/3G', 'alumno', 'Mathias Jared', 'Gamarra Varela', '60613312', true);
INSERT INTO alumnos (id, usuario_id, dni, nombre, apellidos, codigo_barras, aula_id) VALUES ('7e5e0aeb-6be3-4a51-a498-6ecb1e45d629', '35dfdfb8-c99d-4648-a15e-e0a12eae5821', '60613312', 'Mathias Jared', 'Gamarra Varela', '606176', '54244746-32f5-47a0-ba8e-3a5df9446b75');
INSERT INTO usuarios (id, email, password_hash, rol, nombre, apellidos, dni, activo) VALUES ('77e5133c-a9f3-4a0c-ba4c-2316d6fc71ed', '610879@academia.edu', '$2b$10$Kt1WXnRsFi4Ux.r1r8SQD.Ps1ksMrVyIVlHWg9o3Z/3N8hWuZV/3G', 'alumno', 'Daniel Felix', 'Gomero Baez', '61080627', true);
INSERT INTO alumnos (id, usuario_id, dni, nombre, apellidos, codigo_barras, aula_id) VALUES ('92a800fc-a4f7-428c-8bc7-2bb0ef9aebb5', '77e5133c-a9f3-4a0c-ba4c-2316d6fc71ed', '61080627', 'Daniel Felix', 'Gomero Baez', '610879', '54244746-32f5-47a0-ba8e-3a5df9446b75');
INSERT INTO usuarios (id, email, password_hash, rol, nombre, apellidos, dni, activo) VALUES ('fa091c3c-68d9-4de6-99bc-8d016383f7c1', '610862@academia.edu', '$2b$10$Kt1WXnRsFi4Ux.r1r8SQD.Ps1ksMrVyIVlHWg9o3Z/3N8hWuZV/3G', 'alumno', 'David Herbet', 'Gutierrez Toledo', '61080665', true);
INSERT INTO alumnos (id, usuario_id, dni, nombre, apellidos, codigo_barras, aula_id) VALUES ('e0749b2a-d5bf-4ef9-b51c-bdd75adff203', 'fa091c3c-68d9-4de6-99bc-8d016383f7c1', '61080665', 'David Herbet', 'Gutierrez Toledo', '610862', '54244746-32f5-47a0-ba8e-3a5df9446b75');
INSERT INTO usuarios (id, email, password_hash, rol, nombre, apellidos, dni, activo) VALUES ('e0426b4a-0ed6-47b1-91fb-6f2e94e1487d', '707020@academia.edu', '$2b$10$Kt1WXnRsFi4Ux.r1r8SQD.Ps1ksMrVyIVlHWg9o3Z/3N8hWuZV/3G', 'alumno', 'Frank Gerar', 'Julca Lopez', '70700980', true);
INSERT INTO alumnos (id, usuario_id, dni, nombre, apellidos, codigo_barras, aula_id) VALUES ('c68d5760-98b6-470e-b943-fb26e729d46f', 'e0426b4a-0ed6-47b1-91fb-6f2e94e1487d', '70700980', 'Frank Gerar', 'Julca Lopez', '707020', '54244746-32f5-47a0-ba8e-3a5df9446b75');
INSERT INTO usuarios (id, email, password_hash, rol, nombre, apellidos, dni, activo) VALUES ('8f6f9b9c-2c90-4ab2-880c-addaa4ef2ac1', '606728@academia.edu', '$2b$10$Kt1WXnRsFi4Ux.r1r8SQD.Ps1ksMrVyIVlHWg9o3Z/3N8hWuZV/3G', 'alumno', 'Andy Alonso', 'Laguna Choque', '60672414', true);
INSERT INTO alumnos (id, usuario_id, dni, nombre, apellidos, codigo_barras, aula_id) VALUES ('afec28ff-8536-4e2b-8193-1ed78ca2e52b', '8f6f9b9c-2c90-4ab2-880c-addaa4ef2ac1', '60672414', 'Andy Alonso', 'Laguna Choque', '606728', '54244746-32f5-47a0-ba8e-3a5df9446b75');
INSERT INTO usuarios (id, email, password_hash, rol, nombre, apellidos, dni, activo) VALUES ('b4379adc-57b5-43cb-9530-b44bcafcf113', '602523@academia.edu', '$2b$10$Kt1WXnRsFi4Ux.r1r8SQD.Ps1ksMrVyIVlHWg9o3Z/3N8hWuZV/3G', 'alumno', 'Sebastian Fabricio Brindice', 'Leon Huaman', '60259880', true);
INSERT INTO alumnos (id, usuario_id, dni, nombre, apellidos, codigo_barras, aula_id) VALUES ('65ea163b-9a68-44ac-b74b-3ff0129e04ee', 'b4379adc-57b5-43cb-9530-b44bcafcf113', '60259880', 'Sebastian Fabricio Brindice', 'Leon Huaman', '602523', '54244746-32f5-47a0-ba8e-3a5df9446b75');
INSERT INTO usuarios (id, email, password_hash, rol, nombre, apellidos, dni, activo) VALUES ('310eb73c-057e-4a6c-821b-a93846aed0c1', '613137@academia.edu', '$2b$10$Kt1WXnRsFi4Ux.r1r8SQD.Ps1ksMrVyIVlHWg9o3Z/3N8hWuZV/3G', 'alumno', 'Crisbellys Arlett', 'Leon Trejo', '61314735', true);
INSERT INTO alumnos (id, usuario_id, dni, nombre, apellidos, codigo_barras, aula_id) VALUES ('962d5689-72ee-479e-9dd9-da9c8e370995', '310eb73c-057e-4a6c-821b-a93846aed0c1', '61314735', 'Crisbellys Arlett', 'Leon Trejo', '613137', '54244746-32f5-47a0-ba8e-3a5df9446b75');
INSERT INTO usuarios (id, email, password_hash, rol, nombre, apellidos, dni, activo) VALUES ('3c7139e5-dca1-4eec-b8b9-24b6a352eb59', '614242@academia.edu', '$2b$10$Kt1WXnRsFi4Ux.r1r8SQD.Ps1ksMrVyIVlHWg9o3Z/3N8hWuZV/3G', 'alumno', 'Yesica Andrea', 'Lopez Jamanca', '61429201', true);
INSERT INTO alumnos (id, usuario_id, dni, nombre, apellidos, codigo_barras, aula_id) VALUES ('bd7d526f-c302-4fed-baab-a435957b2e8b', '3c7139e5-dca1-4eec-b8b9-24b6a352eb59', '61429201', 'Yesica Andrea', 'Lopez Jamanca', '614242', '54244746-32f5-47a0-ba8e-3a5df9446b75');
INSERT INTO usuarios (id, email, password_hash, rol, nombre, apellidos, dni, activo) VALUES ('eeecf331-fb62-46ab-a542-66cbb4ab632a', '716795@academia.edu', '$2b$10$Kt1WXnRsFi4Ux.r1r8SQD.Ps1ksMrVyIVlHWg9o3Z/3N8hWuZV/3G', 'alumno', 'Bridget Xiomara', 'Macedo Benitez', '71672564', true);
INSERT INTO alumnos (id, usuario_id, dni, nombre, apellidos, codigo_barras, aula_id) VALUES ('8dc7251d-caab-4cea-9d2e-8e96675d8710', 'eeecf331-fb62-46ab-a542-66cbb4ab632a', '71672564', 'Bridget Xiomara', 'Macedo Benitez', '716795', '54244746-32f5-47a0-ba8e-3a5df9446b75');
INSERT INTO usuarios (id, email, password_hash, rol, nombre, apellidos, dni, activo) VALUES ('12950d92-9de8-40e5-b5c1-29f39726a688', '614790@academia.edu', '$2b$10$Kt1WXnRsFi4Ux.r1r8SQD.Ps1ksMrVyIVlHWg9o3Z/3N8hWuZV/3G', 'alumno', 'Tomas Vidal', 'Machco Leon', '61476623', true);
INSERT INTO alumnos (id, usuario_id, dni, nombre, apellidos, codigo_barras, aula_id) VALUES ('bb8fb296-e90a-4d92-8c73-cce6d64657ca', '12950d92-9de8-40e5-b5c1-29f39726a688', '61476623', 'Tomas Vidal', 'Machco Leon', '614790', '54244746-32f5-47a0-ba8e-3a5df9446b75');
INSERT INTO usuarios (id, email, password_hash, rol, nombre, apellidos, dni, activo) VALUES ('9dd86edd-b8c7-4fae-ad94-563f628c41d4', '606166@academia.edu', '$2b$10$Kt1WXnRsFi4Ux.r1r8SQD.Ps1ksMrVyIVlHWg9o3Z/3N8hWuZV/3G', 'alumno', 'Nicol Esmeralda', 'Maturana Alva', '60613309', true);
INSERT INTO alumnos (id, usuario_id, dni, nombre, apellidos, codigo_barras, aula_id) VALUES ('ebb26f39-a002-4f78-8af0-ee034273734e', '9dd86edd-b8c7-4fae-ad94-563f628c41d4', '60613309', 'Nicol Esmeralda', 'Maturana Alva', '606166', '54244746-32f5-47a0-ba8e-3a5df9446b75');
INSERT INTO usuarios (id, email, password_hash, rol, nombre, apellidos, dni, activo) VALUES ('eeafd046-96ba-41b9-8d8e-1d297249ce74', '603188@academia.edu', '$2b$10$Kt1WXnRsFi4Ux.r1r8SQD.Ps1ksMrVyIVlHWg9o3Z/3N8hWuZV/3G', 'alumno', 'Kiara Cristel', 'Mendoza Quispe', '60319686', true);
INSERT INTO alumnos (id, usuario_id, dni, nombre, apellidos, codigo_barras, aula_id) VALUES ('03f75b07-dc42-4f2e-8743-5892c1de9f5e', 'eeafd046-96ba-41b9-8d8e-1d297249ce74', '60319686', 'Kiara Cristel', 'Mendoza Quispe', '603188', '54244746-32f5-47a0-ba8e-3a5df9446b75');
INSERT INTO usuarios (id, email, password_hash, rol, nombre, apellidos, dni, activo) VALUES ('1d882f7c-0515-42a8-8ea3-1c44f7b2a154', '606711@academia.edu', '$2b$10$Kt1WXnRsFi4Ux.r1r8SQD.Ps1ksMrVyIVlHWg9o3Z/3N8hWuZV/3G', 'alumno', 'Fredy David', 'Milla Lara', '60672275', true);
INSERT INTO alumnos (id, usuario_id, dni, nombre, apellidos, codigo_barras, aula_id) VALUES ('13260210-df81-41db-b764-ad2f37f56d5a', '1d882f7c-0515-42a8-8ea3-1c44f7b2a154', '60672275', 'Fredy David', 'Milla Lara', '606711', '54244746-32f5-47a0-ba8e-3a5df9446b75');
INSERT INTO usuarios (id, email, password_hash, rol, nombre, apellidos, dni, activo) VALUES ('b3438460-62d7-4ce4-9606-5f3a95d3f010', '606945@academia.edu', '$2b$10$Kt1WXnRsFi4Ux.r1r8SQD.Ps1ksMrVyIVlHWg9o3Z/3N8hWuZV/3G', 'alumno', 'Akira Brenda', 'Montes Paucar', '60691897', true);
INSERT INTO alumnos (id, usuario_id, dni, nombre, apellidos, codigo_barras, aula_id) VALUES ('a946043d-8c4b-4553-9a35-b93c3bd337a7', 'b3438460-62d7-4ce4-9606-5f3a95d3f010', '60691897', 'Akira Brenda', 'Montes Paucar', '606945', '54244746-32f5-47a0-ba8e-3a5df9446b75');
INSERT INTO usuarios (id, email, password_hash, rol, nombre, apellidos, dni, activo) VALUES ('0e707f24-cfe6-4193-bbda-cd366e9055ed', '615532@academia.edu', '$2b$10$Kt1WXnRsFi4Ux.r1r8SQD.Ps1ksMrVyIVlHWg9o3Z/3N8hWuZV/3G', 'alumno', 'Rodrigo Jaime', 'Morales Lunarejo', '61558972', true);
INSERT INTO alumnos (id, usuario_id, dni, nombre, apellidos, codigo_barras, aula_id) VALUES ('45fa231e-4592-4381-bbeb-d5434372d066', '0e707f24-cfe6-4193-bbda-cd366e9055ed', '61558972', 'Rodrigo Jaime', 'Morales Lunarejo', '615532', '54244746-32f5-47a0-ba8e-3a5df9446b75');
INSERT INTO usuarios (id, email, password_hash, rol, nombre, apellidos, dni, activo) VALUES ('cf251322-2480-46f2-a0bb-01361985908c', '614858@academia.edu', '$2b$10$Kt1WXnRsFi4Ux.r1r8SQD.Ps1ksMrVyIVlHWg9o3Z/3N8hWuZV/3G', 'alumno', 'Cristopher Gonzalo', 'Osorio Arias', '61480236', true);
INSERT INTO alumnos (id, usuario_id, dni, nombre, apellidos, codigo_barras, aula_id) VALUES ('94283be2-599d-4bd3-a8bc-66b43e2ab429', 'cf251322-2480-46f2-a0bb-01361985908c', '61480236', 'Cristopher Gonzalo', 'Osorio Arias', '614858', '54244746-32f5-47a0-ba8e-3a5df9446b75');
INSERT INTO usuarios (id, email, password_hash, rol, nombre, apellidos, dni, activo) VALUES ('23196fb2-31a8-47d6-a35a-a83be88f08a1', '614222@academia.edu', '$2b$10$Kt1WXnRsFi4Ux.r1r8SQD.Ps1ksMrVyIVlHWg9o3Z/3N8hWuZV/3G', 'alumno', 'Manuel Alejandro', 'Palma Toledo', '61422084', true);
INSERT INTO alumnos (id, usuario_id, dni, nombre, apellidos, codigo_barras, aula_id) VALUES ('d493be31-3d7d-4d2b-b498-18ffcb9b4d9a', '23196fb2-31a8-47d6-a35a-a83be88f08a1', '61422084', 'Manuel Alejandro', 'Palma Toledo', '614222', '54244746-32f5-47a0-ba8e-3a5df9446b75');
INSERT INTO usuarios (id, email, password_hash, rol, nombre, apellidos, dni, activo) VALUES ('29aaf6e6-3603-4734-a310-97182c2b640a', '620503@academia.edu', '$2b$10$Kt1WXnRsFi4Ux.r1r8SQD.Ps1ksMrVyIVlHWg9o3Z/3N8hWuZV/3G', 'alumno', 'Maryori Killary', 'Paredez Ramirez', '62058332', true);
INSERT INTO alumnos (id, usuario_id, dni, nombre, apellidos, codigo_barras, aula_id) VALUES ('69dcbe2e-2525-49bd-a665-0ea71d79d0c0', '29aaf6e6-3603-4734-a310-97182c2b640a', '62058332', 'Maryori Killary', 'Paredez Ramirez', '620503', '54244746-32f5-47a0-ba8e-3a5df9446b75');
INSERT INTO usuarios (id, email, password_hash, rol, nombre, apellidos, dni, activo) VALUES ('6bc46f34-bb2f-4e99-9b21-49a0041aebe9', '603842@academia.edu', '$2b$10$Kt1WXnRsFi4Ux.r1r8SQD.Ps1ksMrVyIVlHWg9o3Z/3N8hWuZV/3G', 'alumno', 'Roilando Jhosep', 'Patricio Ventura', '60389115', true);
INSERT INTO alumnos (id, usuario_id, dni, nombre, apellidos, codigo_barras, aula_id) VALUES ('0835760f-3a43-49cc-b0ae-8fc1979b06ce', '6bc46f34-bb2f-4e99-9b21-49a0041aebe9', '60389115', 'Roilando Jhosep', 'Patricio Ventura', '603842', '54244746-32f5-47a0-ba8e-3a5df9446b75');
INSERT INTO usuarios (id, email, password_hash, rol, nombre, apellidos, dni, activo) VALUES ('85caf43f-585c-4618-a7f1-af60fa87b3b7', '606037@academia.edu', '$2b$10$Kt1WXnRsFi4Ux.r1r8SQD.Ps1ksMrVyIVlHWg9o3Z/3N8hWuZV/3G', 'alumno', 'Alexis Leonel', 'Polo Chinchay', '60609250', true);
INSERT INTO alumnos (id, usuario_id, dni, nombre, apellidos, codigo_barras, aula_id) VALUES ('8c79c2e8-cfa9-4505-858c-5a4b17092108', '85caf43f-585c-4618-a7f1-af60fa87b3b7', '60609250', 'Alexis Leonel', 'Polo Chinchay', '606037', '54244746-32f5-47a0-ba8e-3a5df9446b75');
INSERT INTO usuarios (id, email, password_hash, rol, nombre, apellidos, dni, activo) VALUES ('82853eaa-c08f-4216-a0c7-ae08ebddb9cf', '616124@academia.edu', '$2b$10$Kt1WXnRsFi4Ux.r1r8SQD.Ps1ksMrVyIVlHWg9o3Z/3N8hWuZV/3G', 'alumno', 'Etmer Jhayro', 'Quiñones Melgarejo', '61610504', true);
INSERT INTO alumnos (id, usuario_id, dni, nombre, apellidos, codigo_barras, aula_id) VALUES ('8249575b-2a6f-4eec-8ac7-d0b78db03d2e', '82853eaa-c08f-4216-a0c7-ae08ebddb9cf', '61610504', 'Etmer Jhayro', 'Quiñones Melgarejo', '616124', '54244746-32f5-47a0-ba8e-3a5df9446b75');
INSERT INTO usuarios (id, email, password_hash, rol, nombre, apellidos, dni, activo) VALUES ('29de96bb-f97a-474f-93f7-b3082098d4f4', '614833@academia.edu', '$2b$10$Kt1WXnRsFi4Ux.r1r8SQD.Ps1ksMrVyIVlHWg9o3Z/3N8hWuZV/3G', 'alumno', 'Diego Farid', 'Rojas Flores', '61480321', true);
INSERT INTO alumnos (id, usuario_id, dni, nombre, apellidos, codigo_barras, aula_id) VALUES ('a8755d77-f28a-4496-8eeb-1287bef01649', '29de96bb-f97a-474f-93f7-b3082098d4f4', '61480321', 'Diego Farid', 'Rojas Flores', '614833', '54244746-32f5-47a0-ba8e-3a5df9446b75');
INSERT INTO usuarios (id, email, password_hash, rol, nombre, apellidos, dni, activo) VALUES ('58d2af69-0e4c-49ab-a085-2ac5ca9612e4', '607242@academia.edu', '$2b$10$Kt1WXnRsFi4Ux.r1r8SQD.Ps1ksMrVyIVlHWg9o3Z/3N8hWuZV/3G', 'alumno', 'Percy Paolo', 'Rojas Pintado', '60728061', true);
INSERT INTO alumnos (id, usuario_id, dni, nombre, apellidos, codigo_barras, aula_id) VALUES ('aeee9eb3-6066-4d98-ac01-ccf1eb6bba30', '58d2af69-0e4c-49ab-a085-2ac5ca9612e4', '60728061', 'Percy Paolo', 'Rojas Pintado', '607242', '54244746-32f5-47a0-ba8e-3a5df9446b75');
INSERT INTO usuarios (id, email, password_hash, rol, nombre, apellidos, dni, activo) VALUES ('6d786629-d951-447f-9cd0-7dba1e9b49bc', '606544@academia.edu', '$2b$10$Kt1WXnRsFi4Ux.r1r8SQD.Ps1ksMrVyIVlHWg9o3Z/3N8hWuZV/3G', 'alumno', 'Darwin Giovanni', 'Rosario Jara', '60654950', true);
INSERT INTO alumnos (id, usuario_id, dni, nombre, apellidos, codigo_barras, aula_id) VALUES ('ca322f08-5a73-4bd1-a802-a789ec78619c', '6d786629-d951-447f-9cd0-7dba1e9b49bc', '60654950', 'Darwin Giovanni', 'Rosario Jara', '606544', '54244746-32f5-47a0-ba8e-3a5df9446b75');
INSERT INTO usuarios (id, email, password_hash, rol, nombre, apellidos, dni, activo) VALUES ('5afc9ac3-48a9-4099-9b3b-203582892435', '613699@academia.edu', '$2b$10$Kt1WXnRsFi4Ux.r1r8SQD.Ps1ksMrVyIVlHWg9o3Z/3N8hWuZV/3G', 'alumno', 'Jerau Alejandro', 'Ruiz Obregon', '61363145', true);
INSERT INTO alumnos (id, usuario_id, dni, nombre, apellidos, codigo_barras, aula_id) VALUES ('1161d8d5-d77b-4f89-bd55-287b00cb3381', '5afc9ac3-48a9-4099-9b3b-203582892435', '61363145', 'Jerau Alejandro', 'Ruiz Obregon', '613699', '54244746-32f5-47a0-ba8e-3a5df9446b75');
INSERT INTO usuarios (id, email, password_hash, rol, nombre, apellidos, dni, activo) VALUES ('66dec4e9-146c-4ffc-a8c8-e49b3986cf1f', '482233@academia.edu', '$2b$10$Kt1WXnRsFi4Ux.r1r8SQD.Ps1ksMrVyIVlHWg9o3Z/3N8hWuZV/3G', 'alumno', 'Jesus Javier', 'Tarazona Perez', '48223809', true);
INSERT INTO alumnos (id, usuario_id, dni, nombre, apellidos, codigo_barras, aula_id) VALUES ('513c8716-5d66-4c47-b6d4-cc9ba68a41d0', '66dec4e9-146c-4ffc-a8c8-e49b3986cf1f', '48223809', 'Jesus Javier', 'Tarazona Perez', '482233', '54244746-32f5-47a0-ba8e-3a5df9446b75');
INSERT INTO usuarios (id, email, password_hash, rol, nombre, apellidos, dni, activo) VALUES ('e7581cf9-ac70-454f-982a-c2daad4e490c', '614021@academia.edu', '$2b$10$Kt1WXnRsFi4Ux.r1r8SQD.Ps1ksMrVyIVlHWg9o3Z/3N8hWuZV/3G', 'alumno', 'Ericson', 'Torres Guerrero', '61409272', true);
INSERT INTO alumnos (id, usuario_id, dni, nombre, apellidos, codigo_barras, aula_id) VALUES ('12b2f2ec-7e80-4734-9d4e-f43b43863671', 'e7581cf9-ac70-454f-982a-c2daad4e490c', '61409272', 'Ericson', 'Torres Guerrero', '614021', '54244746-32f5-47a0-ba8e-3a5df9446b75');
INSERT INTO usuarios (id, email, password_hash, rol, nombre, apellidos, dni, activo) VALUES ('9b339989-806d-4d95-b46c-0fcb4dec307e', '606746@academia.edu', '$2b$10$Kt1WXnRsFi4Ux.r1r8SQD.Ps1ksMrVyIVlHWg9o3Z/3N8hWuZV/3G', 'alumno', 'Pamela', 'Vasquez Chilca', '60675314', true);
INSERT INTO alumnos (id, usuario_id, dni, nombre, apellidos, codigo_barras, aula_id) VALUES ('96d62aea-2f4e-4a73-8d12-b0eabe7aeab0', '9b339989-806d-4d95-b46c-0fcb4dec307e', '60675314', 'Pamela', 'Vasquez Chilca', '606746', '54244746-32f5-47a0-ba8e-3a5df9446b75');
INSERT INTO usuarios (id, email, password_hash, rol, nombre, apellidos, dni, activo) VALUES ('f55ca7a1-b89e-44d8-82dd-de5f39c0a591', '612910@academia.edu', '$2b$10$Kt1WXnRsFi4Ux.r1r8SQD.Ps1ksMrVyIVlHWg9o3Z/3N8hWuZV/3G', 'alumno', 'Sebastian Adiel', 'Alba Portilla', '61298668', true);
INSERT INTO alumnos (id, usuario_id, dni, nombre, apellidos, codigo_barras, aula_id) VALUES ('4ffc3d84-20c6-4cd0-8801-4b1360c86510', 'f55ca7a1-b89e-44d8-82dd-de5f39c0a591', '61298668', 'Sebastian Adiel', 'Alba Portilla', '612910', 'd6264332-df85-4eba-915e-c3597a2f8e5e');
INSERT INTO usuarios (id, email, password_hash, rol, nombre, apellidos, dni, activo) VALUES ('13817192-d88e-47a3-8243-dba3203fb6e0', '620139@academia.edu', '$2b$10$Kt1WXnRsFi4Ux.r1r8SQD.Ps1ksMrVyIVlHWg9o3Z/3N8hWuZV/3G', 'alumno', 'Kiara Camila', 'Ardiles Macedo', '62015018', true);
INSERT INTO alumnos (id, usuario_id, dni, nombre, apellidos, codigo_barras, aula_id) VALUES ('5a063bd6-5c42-4904-ae78-b064caed353b', '13817192-d88e-47a3-8243-dba3203fb6e0', '62015018', 'Kiara Camila', 'Ardiles Macedo', '620139', 'd6264332-df85-4eba-915e-c3597a2f8e5e');
INSERT INTO usuarios (id, email, password_hash, rol, nombre, apellidos, dni, activo) VALUES ('65f7b588-9211-480b-bc20-31974cf974dc', '605265@academia.edu', '$2b$10$Kt1WXnRsFi4Ux.r1r8SQD.Ps1ksMrVyIVlHWg9o3Z/3N8hWuZV/3G', 'alumno', 'Williams Alcides', 'Blas Ticlo', '60522696', true);
INSERT INTO alumnos (id, usuario_id, dni, nombre, apellidos, codigo_barras, aula_id) VALUES ('7d4a9292-930f-4406-8390-84e3459c1fa7', '65f7b588-9211-480b-bc20-31974cf974dc', '60522696', 'Williams Alcides', 'Blas Ticlo', '605265', 'd6264332-df85-4eba-915e-c3597a2f8e5e');
INSERT INTO usuarios (id, email, password_hash, rol, nombre, apellidos, dni, activo) VALUES ('82b641b1-b1f0-41fb-89a3-5ccbac6f6f75', '713590@academia.edu', '$2b$10$Kt1WXnRsFi4Ux.r1r8SQD.Ps1ksMrVyIVlHWg9o3Z/3N8hWuZV/3G', 'alumno', 'Gheremy Natsumy', 'Caballero Caceres', '71357871', true);
INSERT INTO alumnos (id, usuario_id, dni, nombre, apellidos, codigo_barras, aula_id) VALUES ('59a41f15-f09c-426c-8279-14360a79e32f', '82b641b1-b1f0-41fb-89a3-5ccbac6f6f75', '71357871', 'Gheremy Natsumy', 'Caballero Caceres', '713590', 'd6264332-df85-4eba-915e-c3597a2f8e5e');
INSERT INTO usuarios (id, email, password_hash, rol, nombre, apellidos, dni, activo) VALUES ('5f1df52e-2ffa-4ce3-af71-94a4188d6f88', '613140@academia.edu', '$2b$10$Kt1WXnRsFi4Ux.r1r8SQD.Ps1ksMrVyIVlHWg9o3Z/3N8hWuZV/3G', 'alumno', 'Mardeli Yomayra', 'Calvo Chauca', '61314564', true);
INSERT INTO alumnos (id, usuario_id, dni, nombre, apellidos, codigo_barras, aula_id) VALUES ('091f4b55-3169-4429-97ff-0661890e16fd', '5f1df52e-2ffa-4ce3-af71-94a4188d6f88', '61314564', 'Mardeli Yomayra', 'Calvo Chauca', '613140', 'd6264332-df85-4eba-915e-c3597a2f8e5e');
INSERT INTO usuarios (id, email, password_hash, rol, nombre, apellidos, dni, activo) VALUES ('6f57a30f-bd4b-4402-bf5e-43fc3a81c686', '606813@academia.edu', '$2b$10$Kt1WXnRsFi4Ux.r1r8SQD.Ps1ksMrVyIVlHWg9o3Z/3N8hWuZV/3G', 'alumno', 'Willy Richard', 'Carbajal Cerna', '60682913', true);
INSERT INTO alumnos (id, usuario_id, dni, nombre, apellidos, codigo_barras, aula_id) VALUES ('aa6b5232-0991-4179-b995-4e7bbcee0fab', '6f57a30f-bd4b-4402-bf5e-43fc3a81c686', '60682913', 'Willy Richard', 'Carbajal Cerna', '606813', 'd6264332-df85-4eba-915e-c3597a2f8e5e');
INSERT INTO usuarios (id, email, password_hash, rol, nombre, apellidos, dni, activo) VALUES ('a146643f-9fe6-403a-a9a5-fd443758f15d', '615189@academia.edu', '$2b$10$Kt1WXnRsFi4Ux.r1r8SQD.Ps1ksMrVyIVlHWg9o3Z/3N8hWuZV/3G', 'alumno', 'Jhanphier Kenedy', 'Castillo Sotelo', '61517166', true);
INSERT INTO alumnos (id, usuario_id, dni, nombre, apellidos, codigo_barras, aula_id) VALUES ('cab317f1-2e74-409e-ac19-9c91c5080a1e', 'a146643f-9fe6-403a-a9a5-fd443758f15d', '61517166', 'Jhanphier Kenedy', 'Castillo Sotelo', '615189', 'd6264332-df85-4eba-915e-c3597a2f8e5e');
INSERT INTO usuarios (id, email, password_hash, rol, nombre, apellidos, dni, activo) VALUES ('03ff7e8b-e9b1-41c8-bde6-f0a2333e1443', '602152@academia.edu', '$2b$10$Kt1WXnRsFi4Ux.r1r8SQD.Ps1ksMrVyIVlHWg9o3Z/3N8hWuZV/3G', 'alumno', 'Luis Angel', 'Cerna Tarazona', '60212644', true);
INSERT INTO alumnos (id, usuario_id, dni, nombre, apellidos, codigo_barras, aula_id) VALUES ('d47e7451-bf46-4e02-9732-4c3e350f70a8', '03ff7e8b-e9b1-41c8-bde6-f0a2333e1443', '60212644', 'Luis Angel', 'Cerna Tarazona', '602152', 'd6264332-df85-4eba-915e-c3597a2f8e5e');
INSERT INTO usuarios (id, email, password_hash, rol, nombre, apellidos, dni, activo) VALUES ('5494ddda-dcf1-4299-a2dd-b4ffe923b7c8', '614247@academia.edu', '$2b$10$Kt1WXnRsFi4Ux.r1r8SQD.Ps1ksMrVyIVlHWg9o3Z/3N8hWuZV/3G', 'alumno', 'Anderson Joel', 'Chavez Figueroa', '61429071', true);
INSERT INTO alumnos (id, usuario_id, dni, nombre, apellidos, codigo_barras, aula_id) VALUES ('d4b11035-a6fc-4eda-b3e6-611b6c1962d7', '5494ddda-dcf1-4299-a2dd-b4ffe923b7c8', '61429071', 'Anderson Joel', 'Chavez Figueroa', '614247', 'd6264332-df85-4eba-915e-c3597a2f8e5e');
INSERT INTO usuarios (id, email, password_hash, rol, nombre, apellidos, dni, activo) VALUES ('ad14c785-8eb5-442d-a121-001e19ba226f', '711124@academia.edu', '$2b$10$Kt1WXnRsFi4Ux.r1r8SQD.Ps1ksMrVyIVlHWg9o3Z/3N8hWuZV/3G', 'alumno', 'Sergio Efren', 'Chilca Mendez', '71113174', true);
INSERT INTO alumnos (id, usuario_id, dni, nombre, apellidos, codigo_barras, aula_id) VALUES ('776affa4-1790-47f3-9a86-1cbdb54d55c3', 'ad14c785-8eb5-442d-a121-001e19ba226f', '71113174', 'Sergio Efren', 'Chilca Mendez', '711124', 'd6264332-df85-4eba-915e-c3597a2f8e5e');
INSERT INTO usuarios (id, email, password_hash, rol, nombre, apellidos, dni, activo) VALUES ('9196b218-6653-4c57-ba82-275ff75f29d9', '617192@academia.edu', '$2b$10$Kt1WXnRsFi4Ux.r1r8SQD.Ps1ksMrVyIVlHWg9o3Z/3N8hWuZV/3G', 'alumno', 'Alessandra Jhasury', 'Collazos Causo', '61713640', true);
INSERT INTO alumnos (id, usuario_id, dni, nombre, apellidos, codigo_barras, aula_id) VALUES ('e8235272-4322-41e8-a439-5a56ae74ca51', '9196b218-6653-4c57-ba82-275ff75f29d9', '61713640', 'Alessandra Jhasury', 'Collazos Causo', '617192', 'd6264332-df85-4eba-915e-c3597a2f8e5e');
INSERT INTO usuarios (id, email, password_hash, rol, nombre, apellidos, dni, activo) VALUES ('5e2f5b19-07ca-4d00-9ef9-c596b6c7717a', '619551@academia.edu', '$2b$10$Kt1WXnRsFi4Ux.r1r8SQD.Ps1ksMrVyIVlHWg9o3Z/3N8hWuZV/3G', 'alumno', 'Camila Luisa', 'Encarnacion Torres', '61957725', true);
INSERT INTO alumnos (id, usuario_id, dni, nombre, apellidos, codigo_barras, aula_id) VALUES ('8529ea0f-6a61-490b-bf77-0e1a8a5b7498', '5e2f5b19-07ca-4d00-9ef9-c596b6c7717a', '61957725', 'Camila Luisa', 'Encarnacion Torres', '619551', 'd6264332-df85-4eba-915e-c3597a2f8e5e');
INSERT INTO usuarios (id, email, password_hash, rol, nombre, apellidos, dni, activo) VALUES ('f0c304af-bf34-4263-89b4-976ba7b0e4b3', '603856@academia.edu', '$2b$10$Kt1WXnRsFi4Ux.r1r8SQD.Ps1ksMrVyIVlHWg9o3Z/3N8hWuZV/3G', 'alumno', 'Mercedes Lucia', 'Faustino Meza', '60384866', true);
INSERT INTO alumnos (id, usuario_id, dni, nombre, apellidos, codigo_barras, aula_id) VALUES ('7631b2e5-c9e8-4c04-a578-b6d1535efced', 'f0c304af-bf34-4263-89b4-976ba7b0e4b3', '60384866', 'Mercedes Lucia', 'Faustino Meza', '603856', 'd6264332-df85-4eba-915e-c3597a2f8e5e');
INSERT INTO usuarios (id, email, password_hash, rol, nombre, apellidos, dni, activo) VALUES ('89a0c100-f0a8-4d9a-8a5a-ec791d48f579', '604005@academia.edu', '$2b$10$Kt1WXnRsFi4Ux.r1r8SQD.Ps1ksMrVyIVlHWg9o3Z/3N8hWuZV/3G', 'alumno', 'Melody Kseniya', 'Gabriel Charqui', '60404930', true);
INSERT INTO alumnos (id, usuario_id, dni, nombre, apellidos, codigo_barras, aula_id) VALUES ('7ad044d7-e73f-46f8-8b48-62e5adf7d3bb', '89a0c100-f0a8-4d9a-8a5a-ec791d48f579', '60404930', 'Melody Kseniya', 'Gabriel Charqui', '604005', 'd6264332-df85-4eba-915e-c3597a2f8e5e');
INSERT INTO usuarios (id, email, password_hash, rol, nombre, apellidos, dni, activo) VALUES ('c1114b71-9990-4f89-a207-d152ec3c6fac', '606936@academia.edu', '$2b$10$Kt1WXnRsFi4Ux.r1r8SQD.Ps1ksMrVyIVlHWg9o3Z/3N8hWuZV/3G', 'alumno', 'Yojan Rolando', 'Garay Salazar', '60690585', true);
INSERT INTO alumnos (id, usuario_id, dni, nombre, apellidos, codigo_barras, aula_id) VALUES ('8b7b48c7-3601-4697-9d3d-3d0e2f0b91bd', 'c1114b71-9990-4f89-a207-d152ec3c6fac', '60690585', 'Yojan Rolando', 'Garay Salazar', '606936', 'd6264332-df85-4eba-915e-c3597a2f8e5e');
INSERT INTO usuarios (id, email, password_hash, rol, nombre, apellidos, dni, activo) VALUES ('54e0447e-384c-421f-a351-cd8782df013b', '604089@academia.edu', '$2b$10$Kt1WXnRsFi4Ux.r1r8SQD.Ps1ksMrVyIVlHWg9o3Z/3N8hWuZV/3G', 'alumno', 'Brillith Carolina', 'Giraldo Salazar', '60405056', true);
INSERT INTO alumnos (id, usuario_id, dni, nombre, apellidos, codigo_barras, aula_id) VALUES ('2d19a735-22d1-49f2-8b8a-a1a88c549db5', '54e0447e-384c-421f-a351-cd8782df013b', '60405056', 'Brillith Carolina', 'Giraldo Salazar', '604089', 'd6264332-df85-4eba-915e-c3597a2f8e5e');
INSERT INTO usuarios (id, email, password_hash, rol, nombre, apellidos, dni, activo) VALUES ('92f394ce-82bf-4794-a9b8-39d5c7e81e47', '603182@academia.edu', '$2b$10$Kt1WXnRsFi4Ux.r1r8SQD.Ps1ksMrVyIVlHWg9o3Z/3N8hWuZV/3G', 'alumno', 'Aderlin Songju', 'Gomez Sanchez', '60317293', true);
INSERT INTO alumnos (id, usuario_id, dni, nombre, apellidos, codigo_barras, aula_id) VALUES ('c51ff388-9229-46be-ad62-ec7d33e8ca13', '92f394ce-82bf-4794-a9b8-39d5c7e81e47', '60317293', 'Aderlin Songju', 'Gomez Sanchez', '603182', 'd6264332-df85-4eba-915e-c3597a2f8e5e');
INSERT INTO usuarios (id, email, password_hash, rol, nombre, apellidos, dni, activo) VALUES ('71ca0a7a-4a03-496b-a8db-214eb4937984', '607062@academia.edu', '$2b$10$Kt1WXnRsFi4Ux.r1r8SQD.Ps1ksMrVyIVlHWg9o3Z/3N8hWuZV/3G', 'alumno', 'Leonel', 'Herrera Salvador', '60705119', true);
INSERT INTO alumnos (id, usuario_id, dni, nombre, apellidos, codigo_barras, aula_id) VALUES ('c5e1fa0f-0875-4727-921d-6a9e113cdd42', '71ca0a7a-4a03-496b-a8db-214eb4937984', '60705119', 'Leonel', 'Herrera Salvador', '607062', 'd6264332-df85-4eba-915e-c3597a2f8e5e');
INSERT INTO usuarios (id, email, password_hash, rol, nombre, apellidos, dni, activo) VALUES ('700c972b-f673-4aea-89a6-c698dbb9c497', '616284@academia.edu', '$2b$10$Kt1WXnRsFi4Ux.r1r8SQD.Ps1ksMrVyIVlHWg9o3Z/3N8hWuZV/3G', 'alumno', 'Aldo Augusto', 'Jaimes Rojas', '61620923', true);
INSERT INTO alumnos (id, usuario_id, dni, nombre, apellidos, codigo_barras, aula_id) VALUES ('d59ede85-84c9-427c-aa5e-97aada73e6f8', '700c972b-f673-4aea-89a6-c698dbb9c497', '61620923', 'Aldo Augusto', 'Jaimes Rojas', '616284', 'd6264332-df85-4eba-915e-c3597a2f8e5e');
INSERT INTO usuarios (id, email, password_hash, rol, nombre, apellidos, dni, activo) VALUES ('19ff8630-be15-4434-a4d0-9b964c844e04', '602785@academia.edu', '$2b$10$Kt1WXnRsFi4Ux.r1r8SQD.Ps1ksMrVyIVlHWg9o3Z/3N8hWuZV/3G', 'alumno', 'Yordi Jetli', 'Julca Llanos', '60276428', true);
INSERT INTO alumnos (id, usuario_id, dni, nombre, apellidos, codigo_barras, aula_id) VALUES ('1bb7b412-bfc8-403a-a48e-7ba32fa17355', '19ff8630-be15-4434-a4d0-9b964c844e04', '60276428', 'Yordi Jetli', 'Julca Llanos', '602785', 'd6264332-df85-4eba-915e-c3597a2f8e5e');
INSERT INTO usuarios (id, email, password_hash, rol, nombre, apellidos, dni, activo) VALUES ('05444292-3c79-4ad5-9e2b-179572c4df14', '619515@academia.edu', '$2b$10$Kt1WXnRsFi4Ux.r1r8SQD.Ps1ksMrVyIVlHWg9o3Z/3N8hWuZV/3G', 'alumno', 'Joe Maximo', 'Maldonado Ellisca', '61957661', true);
INSERT INTO alumnos (id, usuario_id, dni, nombre, apellidos, codigo_barras, aula_id) VALUES ('1db5145f-2638-4153-88cc-240558b3dc4a', '05444292-3c79-4ad5-9e2b-179572c4df14', '61957661', 'Joe Maximo', 'Maldonado Ellisca', '619515', 'd6264332-df85-4eba-915e-c3597a2f8e5e');
INSERT INTO usuarios (id, email, password_hash, rol, nombre, apellidos, dni, activo) VALUES ('019448eb-3883-4da1-a542-5c9569f0609e', '614298@academia.edu', '$2b$10$Kt1WXnRsFi4Ux.r1r8SQD.Ps1ksMrVyIVlHWg9o3Z/3N8hWuZV/3G', 'alumno', 'Williams Esteban', 'Manrique Zambrano', '61429157', true);
INSERT INTO alumnos (id, usuario_id, dni, nombre, apellidos, codigo_barras, aula_id) VALUES ('adfe0a8c-9c44-4f33-a4f3-5f90c9eb632b', '019448eb-3883-4da1-a542-5c9569f0609e', '61429157', 'Williams Esteban', 'Manrique Zambrano', '614298', 'd6264332-df85-4eba-915e-c3597a2f8e5e');
INSERT INTO usuarios (id, email, password_hash, rol, nombre, apellidos, dni, activo) VALUES ('b7335fe3-3dde-47b1-9d95-2c73af5137ce', '616636@academia.edu', '$2b$10$Kt1WXnRsFi4Ux.r1r8SQD.Ps1ksMrVyIVlHWg9o3Z/3N8hWuZV/3G', 'alumno', 'Digna Angela', 'Maquin Castro', '61665450', true);
INSERT INTO alumnos (id, usuario_id, dni, nombre, apellidos, codigo_barras, aula_id) VALUES ('26b40418-31fa-461c-915a-4b0b51c2b3fb', 'b7335fe3-3dde-47b1-9d95-2c73af5137ce', '61665450', 'Digna Angela', 'Maquin Castro', '616636', 'd6264332-df85-4eba-915e-c3597a2f8e5e');
INSERT INTO usuarios (id, email, password_hash, rol, nombre, apellidos, dni, activo) VALUES ('2e75063d-a9e1-46c7-9ce9-7fab62ae0d8f', '612964@academia.edu', '$2b$10$Kt1WXnRsFi4Ux.r1r8SQD.Ps1ksMrVyIVlHWg9o3Z/3N8hWuZV/3G', 'alumno', 'Patrick Dylan', 'Mauricio Garcia', '61298774', true);
INSERT INTO alumnos (id, usuario_id, dni, nombre, apellidos, codigo_barras, aula_id) VALUES ('fda87e65-1d81-4d45-8d32-6305abc626b2', '2e75063d-a9e1-46c7-9ce9-7fab62ae0d8f', '61298774', 'Patrick Dylan', 'Mauricio Garcia', '612964', 'd6264332-df85-4eba-915e-c3597a2f8e5e');
INSERT INTO usuarios (id, email, password_hash, rol, nombre, apellidos, dni, activo) VALUES ('2b8a271b-550b-47c9-a101-16889940fe88', '604257@academia.edu', '$2b$10$Kt1WXnRsFi4Ux.r1r8SQD.Ps1ksMrVyIVlHWg9o3Z/3N8hWuZV/3G', 'alumno', 'Yomela Diana', 'Mejia Prudencio', '60425017', true);
INSERT INTO alumnos (id, usuario_id, dni, nombre, apellidos, codigo_barras, aula_id) VALUES ('46a47031-aacc-450c-8a62-5917d9a5498b', '2b8a271b-550b-47c9-a101-16889940fe88', '60425017', 'Yomela Diana', 'Mejia Prudencio', '604257', 'd6264332-df85-4eba-915e-c3597a2f8e5e');
INSERT INTO usuarios (id, email, password_hash, rol, nombre, apellidos, dni, activo) VALUES ('5cde5ff1-ec2f-469a-9819-b2df756aa66a', '616131@academia.edu', '$2b$10$Kt1WXnRsFi4Ux.r1r8SQD.Ps1ksMrVyIVlHWg9o3Z/3N8hWuZV/3G', 'alumno', 'Yadira Damaris', 'Norabuena Castillo', '61611687', true);
INSERT INTO alumnos (id, usuario_id, dni, nombre, apellidos, codigo_barras, aula_id) VALUES ('2b66391d-8364-49a3-a24c-71779dcb84dc', '5cde5ff1-ec2f-469a-9819-b2df756aa66a', '61611687', 'Yadira Damaris', 'Norabuena Castillo', '616131', 'd6264332-df85-4eba-915e-c3597a2f8e5e');
INSERT INTO usuarios (id, email, password_hash, rol, nombre, apellidos, dni, activo) VALUES ('857b0e1b-e495-47f6-bca3-a83378df9752', '610688@academia.edu', '$2b$10$Kt1WXnRsFi4Ux.r1r8SQD.Ps1ksMrVyIVlHWg9o3Z/3N8hWuZV/3G', 'alumno', 'Danny Jinner', 'Oncoy Sanchez', '61064300', true);
INSERT INTO alumnos (id, usuario_id, dni, nombre, apellidos, codigo_barras, aula_id) VALUES ('e3eac7cb-6e86-43a1-abbb-84a35f6ebd7d', '857b0e1b-e495-47f6-bca3-a83378df9752', '61064300', 'Danny Jinner', 'Oncoy Sanchez', '610688', 'd6264332-df85-4eba-915e-c3597a2f8e5e');
INSERT INTO usuarios (id, email, password_hash, rol, nombre, apellidos, dni, activo) VALUES ('06007575-9769-47af-ad38-2aa3bfe5aba4', '616333@academia.edu', '$2b$10$Kt1WXnRsFi4Ux.r1r8SQD.Ps1ksMrVyIVlHWg9o3Z/3N8hWuZV/3G', 'alumno', 'Jerson Alvaro', 'Pacosh Garcia', '61631492', true);
INSERT INTO alumnos (id, usuario_id, dni, nombre, apellidos, codigo_barras, aula_id) VALUES ('632918bf-992a-404a-97c4-69ab52803651', '06007575-9769-47af-ad38-2aa3bfe5aba4', '61631492', 'Jerson Alvaro', 'Pacosh Garcia', '616333', 'd6264332-df85-4eba-915e-c3597a2f8e5e');
INSERT INTO usuarios (id, email, password_hash, rol, nombre, apellidos, dni, activo) VALUES ('9c62119d-c33f-40f2-8155-5db2a21b234b', '480021@academia.edu', '$2b$10$Kt1WXnRsFi4Ux.r1r8SQD.Ps1ksMrVyIVlHWg9o3Z/3N8hWuZV/3G', 'alumno', 'Erick Felipe', 'Parra Toro', '48001349', true);
INSERT INTO alumnos (id, usuario_id, dni, nombre, apellidos, codigo_barras, aula_id) VALUES ('ff753f36-4695-489e-b199-f5963d5c29f8', '9c62119d-c33f-40f2-8155-5db2a21b234b', '48001349', 'Erick Felipe', 'Parra Toro', '480021', 'd6264332-df85-4eba-915e-c3597a2f8e5e');
INSERT INTO usuarios (id, email, password_hash, rol, nombre, apellidos, dni, activo) VALUES ('d0965f0a-0654-4b05-9305-416a44b572c8', '603986@academia.edu', '$2b$10$Kt1WXnRsFi4Ux.r1r8SQD.Ps1ksMrVyIVlHWg9o3Z/3N8hWuZV/3G', 'alumno', 'Sonali Yamelina', 'Paucar Rosas', '60393109', true);
INSERT INTO alumnos (id, usuario_id, dni, nombre, apellidos, codigo_barras, aula_id) VALUES ('04bfeebf-aced-41dd-906b-fd4fa7a255b7', 'd0965f0a-0654-4b05-9305-416a44b572c8', '60393109', 'Sonali Yamelina', 'Paucar Rosas', '603986', 'd6264332-df85-4eba-915e-c3597a2f8e5e');
INSERT INTO usuarios (id, email, password_hash, rol, nombre, apellidos, dni, activo) VALUES ('507bb137-5df5-441f-9935-274e43029323', '601216@academia.edu', '$2b$10$Kt1WXnRsFi4Ux.r1r8SQD.Ps1ksMrVyIVlHWg9o3Z/3N8hWuZV/3G', 'alumno', 'Enoc Daniel', 'Perez Villanueva', '60123211', true);
INSERT INTO alumnos (id, usuario_id, dni, nombre, apellidos, codigo_barras, aula_id) VALUES ('f13cb98e-f342-4850-8f4f-0e5dbb97271f', '507bb137-5df5-441f-9935-274e43029323', '60123211', 'Enoc Daniel', 'Perez Villanueva', '601216', 'd6264332-df85-4eba-915e-c3597a2f8e5e');
INSERT INTO usuarios (id, email, password_hash, rol, nombre, apellidos, dni, activo) VALUES ('e12ac349-b90c-4a2d-8968-eb7e02fde487', '614073@academia.edu', '$2b$10$Kt1WXnRsFi4Ux.r1r8SQD.Ps1ksMrVyIVlHWg9o3Z/3N8hWuZV/3G', 'alumno', 'Anali Rosmery', 'Prudencio Gamarra', '61409254', true);
INSERT INTO alumnos (id, usuario_id, dni, nombre, apellidos, codigo_barras, aula_id) VALUES ('a6d136fb-1719-4c24-820e-f4b7cae02561', 'e12ac349-b90c-4a2d-8968-eb7e02fde487', '61409254', 'Anali Rosmery', 'Prudencio Gamarra', '614073', 'd6264332-df85-4eba-915e-c3597a2f8e5e');
INSERT INTO usuarios (id, email, password_hash, rol, nombre, apellidos, dni, activo) VALUES ('d0fc5f0b-06fa-4e59-acf6-1002015cc584', '614293@academia.edu', '$2b$10$Kt1WXnRsFi4Ux.r1r8SQD.Ps1ksMrVyIVlHWg9o3Z/3N8hWuZV/3G', 'alumno', 'Lady Frenecy', 'Ramirez Flores', '61429169', true);
INSERT INTO alumnos (id, usuario_id, dni, nombre, apellidos, codigo_barras, aula_id) VALUES ('944d0118-507d-4c83-a615-fd0d50d51d2c', 'd0fc5f0b-06fa-4e59-acf6-1002015cc584', '61429169', 'Lady Frenecy', 'Ramirez Flores', '614293', 'd6264332-df85-4eba-915e-c3597a2f8e5e');
INSERT INTO usuarios (id, email, password_hash, rol, nombre, apellidos, dni, activo) VALUES ('4f21c34e-1fbe-493e-a63a-7cf96a2c0c17', '625145@academia.edu', '$2b$10$Kt1WXnRsFi4Ux.r1r8SQD.Ps1ksMrVyIVlHWg9o3Z/3N8hWuZV/3G', 'alumno', 'Anthony Jonathan', 'Ramirez Salas', '62518207', true);
INSERT INTO alumnos (id, usuario_id, dni, nombre, apellidos, codigo_barras, aula_id) VALUES ('15c98177-267e-4b00-92a8-5a27d3662ed2', '4f21c34e-1fbe-493e-a63a-7cf96a2c0c17', '62518207', 'Anthony Jonathan', 'Ramirez Salas', '625145', 'd6264332-df85-4eba-915e-c3597a2f8e5e');
INSERT INTO usuarios (id, email, password_hash, rol, nombre, apellidos, dni, activo) VALUES ('4b4a258d-2d0f-432e-a15d-6710fcde652b', '615669@academia.edu', '$2b$10$Kt1WXnRsFi4Ux.r1r8SQD.Ps1ksMrVyIVlHWg9o3Z/3N8hWuZV/3G', 'alumno', 'Jeremy Flavio', 'Rojas Milla', '61568006', true);
INSERT INTO alumnos (id, usuario_id, dni, nombre, apellidos, codigo_barras, aula_id) VALUES ('79239ae8-59b8-4651-90d7-e7100cd5888e', '4b4a258d-2d0f-432e-a15d-6710fcde652b', '61568006', 'Jeremy Flavio', 'Rojas Milla', '615669', 'd6264332-df85-4eba-915e-c3597a2f8e5e');
INSERT INTO usuarios (id, email, password_hash, rol, nombre, apellidos, dni, activo) VALUES ('3364264f-bb70-465a-8d66-a7ee94ac99ee', '613160@academia.edu', '$2b$10$Kt1WXnRsFi4Ux.r1r8SQD.Ps1ksMrVyIVlHWg9o3Z/3N8hWuZV/3G', 'alumno', 'Leonardo Joaquin', 'Rosales Ramirez', '61314517', true);
INSERT INTO alumnos (id, usuario_id, dni, nombre, apellidos, codigo_barras, aula_id) VALUES ('c176f348-a009-40aa-a636-99ed4a278112', '3364264f-bb70-465a-8d66-a7ee94ac99ee', '61314517', 'Leonardo Joaquin', 'Rosales Ramirez', '613160', 'd6264332-df85-4eba-915e-c3597a2f8e5e');
INSERT INTO usuarios (id, email, password_hash, rol, nombre, apellidos, dni, activo) VALUES ('94f2dbf6-08d3-4f42-b638-6dc448902bc5', '614297@academia.edu', '$2b$10$Kt1WXnRsFi4Ux.r1r8SQD.Ps1ksMrVyIVlHWg9o3Z/3N8hWuZV/3G', 'alumno', 'Robiñho', 'Ruiz Jimenez', '61427388', true);
INSERT INTO alumnos (id, usuario_id, dni, nombre, apellidos, codigo_barras, aula_id) VALUES ('18e180c7-0c66-4861-ae92-ade537b6148a', '94f2dbf6-08d3-4f42-b638-6dc448902bc5', '61427388', 'Robiñho', 'Ruiz Jimenez', '614297', 'd6264332-df85-4eba-915e-c3597a2f8e5e');
INSERT INTO usuarios (id, email, password_hash, rol, nombre, apellidos, dni, activo) VALUES ('2cc53820-ca0a-4122-bfa5-bea4d64b23ce', '606010@academia.edu', '$2b$10$Kt1WXnRsFi4Ux.r1r8SQD.Ps1ksMrVyIVlHWg9o3Z/3N8hWuZV/3G', 'alumno', 'Deyvi Alex', 'Saavedra Ramirez', '60605858', true);
INSERT INTO alumnos (id, usuario_id, dni, nombre, apellidos, codigo_barras, aula_id) VALUES ('cc380ff5-0f5e-46de-af2c-ff6e1a5d94b8', '2cc53820-ca0a-4122-bfa5-bea4d64b23ce', '60605858', 'Deyvi Alex', 'Saavedra Ramirez', '606010', 'd6264332-df85-4eba-915e-c3597a2f8e5e');
INSERT INTO usuarios (id, email, password_hash, rol, nombre, apellidos, dni, activo) VALUES ('0de374c8-83e2-433c-9150-2bf3c74a72cd', '601225@academia.edu', '$2b$10$Kt1WXnRsFi4Ux.r1r8SQD.Ps1ksMrVyIVlHWg9o3Z/3N8hWuZV/3G', 'alumno', 'Anel Yesenia', 'Saenz Hidalgo', '60124610', true);
INSERT INTO alumnos (id, usuario_id, dni, nombre, apellidos, codigo_barras, aula_id) VALUES ('074ff9cb-3272-4485-86dc-f2d6050775bb', '0de374c8-83e2-433c-9150-2bf3c74a72cd', '60124610', 'Anel Yesenia', 'Saenz Hidalgo', '601225', 'd6264332-df85-4eba-915e-c3597a2f8e5e');
INSERT INTO usuarios (id, email, password_hash, rol, nombre, apellidos, dni, activo) VALUES ('a7ebf7cf-1122-40b1-9bc9-eaaba0a5827a', '614830@academia.edu', '$2b$10$Kt1WXnRsFi4Ux.r1r8SQD.Ps1ksMrVyIVlHWg9o3Z/3N8hWuZV/3G', 'alumno', 'Miguel Angel', 'Sanchez Norabuena', '61480473', true);
INSERT INTO alumnos (id, usuario_id, dni, nombre, apellidos, codigo_barras, aula_id) VALUES ('e7da732e-cd26-4a67-97d9-c7a809d3d2f7', 'a7ebf7cf-1122-40b1-9bc9-eaaba0a5827a', '61480473', 'Miguel Angel', 'Sanchez Norabuena', '614830', 'd6264332-df85-4eba-915e-c3597a2f8e5e');
INSERT INTO usuarios (id, email, password_hash, rol, nombre, apellidos, dni, activo) VALUES ('2921a718-0251-47b7-9a27-687000588ae9', '602038@academia.edu', '$2b$10$Kt1WXnRsFi4Ux.r1r8SQD.Ps1ksMrVyIVlHWg9o3Z/3N8hWuZV/3G', 'alumno', 'Antony Cirilo', 'Solis Leandro', '60204733', true);
INSERT INTO alumnos (id, usuario_id, dni, nombre, apellidos, codigo_barras, aula_id) VALUES ('c5ba7453-5ed7-4b45-8eaf-6d01b17f846b', '2921a718-0251-47b7-9a27-687000588ae9', '60204733', 'Antony Cirilo', 'Solis Leandro', '602038', 'd6264332-df85-4eba-915e-c3597a2f8e5e');
INSERT INTO usuarios (id, email, password_hash, rol, nombre, apellidos, dni, activo) VALUES ('12216dcf-61c6-4e7b-8089-4cf0220e29de', '620143@academia.edu', '$2b$10$Kt1WXnRsFi4Ux.r1r8SQD.Ps1ksMrVyIVlHWg9o3Z/3N8hWuZV/3G', 'alumno', 'Denilson Jose', 'Suarez Allauca', '62014946', true);
INSERT INTO alumnos (id, usuario_id, dni, nombre, apellidos, codigo_barras, aula_id) VALUES ('a3c05ba2-ae71-4495-9353-aaba491839bf', '12216dcf-61c6-4e7b-8089-4cf0220e29de', '62014946', 'Denilson Jose', 'Suarez Allauca', '620143', 'd6264332-df85-4eba-915e-c3597a2f8e5e');
INSERT INTO usuarios (id, email, password_hash, rol, nombre, apellidos, dni, activo) VALUES ('7d740f32-040b-48ef-a0ec-a4fa3fa1548a', '614818@academia.edu', '$2b$10$Kt1WXnRsFi4Ux.r1r8SQD.Ps1ksMrVyIVlHWg9o3Z/3N8hWuZV/3G', 'alumno', 'Mariafernanda Milagros', 'Tamara Flores', '61480119', true);
INSERT INTO alumnos (id, usuario_id, dni, nombre, apellidos, codigo_barras, aula_id) VALUES ('cccb342e-813d-4a49-be76-99e89db85fe8', '7d740f32-040b-48ef-a0ec-a4fa3fa1548a', '61480119', 'Mariafernanda Milagros', 'Tamara Flores', '614818', 'd6264332-df85-4eba-915e-c3597a2f8e5e');
INSERT INTO usuarios (id, email, password_hash, rol, nombre, apellidos, dni, activo) VALUES ('aa916caf-e2dc-4022-b9a3-f8d1597b7f50', '614008@academia.edu', '$2b$10$Kt1WXnRsFi4Ux.r1r8SQD.Ps1ksMrVyIVlHWg9o3Z/3N8hWuZV/3G', 'alumno', 'Julio Cesar', 'Valverde Gutierrez', '61409104', true);
INSERT INTO alumnos (id, usuario_id, dni, nombre, apellidos, codigo_barras, aula_id) VALUES ('cb52070d-82c6-46c1-b0a5-b5016f0e6ebe', 'aa916caf-e2dc-4022-b9a3-f8d1597b7f50', '61409104', 'Julio Cesar', 'Valverde Gutierrez', '614008', 'd6264332-df85-4eba-915e-c3597a2f8e5e');
INSERT INTO usuarios (id, email, password_hash, rol, nombre, apellidos, dni, activo) VALUES ('538c6fd7-93df-4ad6-bac6-a63bf69b729b', '615682@academia.edu', '$2b$10$Kt1WXnRsFi4Ux.r1r8SQD.Ps1ksMrVyIVlHWg9o3Z/3N8hWuZV/3G', 'alumno', 'Esmeralda Jimena', 'Vasquez Vino', '61568012', true);
INSERT INTO alumnos (id, usuario_id, dni, nombre, apellidos, codigo_barras, aula_id) VALUES ('6b256152-dd93-4c3f-ad92-a813007ffbbf', '538c6fd7-93df-4ad6-bac6-a63bf69b729b', '61568012', 'Esmeralda Jimena', 'Vasquez Vino', '615682', 'd6264332-df85-4eba-915e-c3597a2f8e5e');
INSERT INTO usuarios (id, email, password_hash, rol, nombre, apellidos, dni, activo) VALUES ('434888f7-025c-4908-ae73-49719a57fdaa', '603797@academia.edu', '$2b$10$Kt1WXnRsFi4Ux.r1r8SQD.Ps1ksMrVyIVlHWg9o3Z/3N8hWuZV/3G', 'alumno', 'Maira Lucina', 'Vergara Velasquez', '60379675', true);
INSERT INTO alumnos (id, usuario_id, dni, nombre, apellidos, codigo_barras, aula_id) VALUES ('fa9f983b-6b6f-4258-ba7f-b6154d9a6087', '434888f7-025c-4908-ae73-49719a57fdaa', '60379675', 'Maira Lucina', 'Vergara Velasquez', '603797', 'd6264332-df85-4eba-915e-c3597a2f8e5e');
INSERT INTO usuarios (id, email, password_hash, rol, nombre, apellidos, dni, activo) VALUES ('497cfd38-2736-417b-927e-7e5bcb085c3a', '610849@academia.edu', '$2b$10$Kt1WXnRsFi4Ux.r1r8SQD.Ps1ksMrVyIVlHWg9o3Z/3N8hWuZV/3G', 'alumno', 'Keysy Angel', 'Evatisto Guimarey', '61080839', true);
INSERT INTO alumnos (id, usuario_id, dni, nombre, apellidos, codigo_barras, aula_id) VALUES ('2cb4b5e9-fe12-4cde-a1f5-4c265601299c', '497cfd38-2736-417b-927e-7e5bcb085c3a', '61080839', 'Keysy Angel', 'Evatisto Guimarey', '610849', 'd6264332-df85-4eba-915e-c3597a2f8e5e');
INSERT INTO usuarios (id, email, password_hash, rol, nombre, apellidos, dni, activo) VALUES ('0eed6d55-e82b-41fd-9add-a940ea02075a', '615198@academia.edu', '$2b$10$Kt1WXnRsFi4Ux.r1r8SQD.Ps1ksMrVyIVlHWg9o3Z/3N8hWuZV/3G', 'alumno', 'Ariana Eirene', 'Rodriguez Huerta', '61517357', true);
INSERT INTO alumnos (id, usuario_id, dni, nombre, apellidos, codigo_barras, aula_id) VALUES ('325035cd-bfa5-4395-ab67-f86b4d8c6fff', '0eed6d55-e82b-41fd-9add-a940ea02075a', '61517357', 'Ariana Eirene', 'Rodriguez Huerta', '615198', 'b5cb3f78-3699-4704-99cc-75c0a6a6c124');
INSERT INTO usuarios (id, email, password_hash, rol, nombre, apellidos, dni, activo) VALUES ('aa0ccbe7-b4fa-4868-afb7-aff42813c4fc', '602724@academia.edu', '$2b$10$Kt1WXnRsFi4Ux.r1r8SQD.Ps1ksMrVyIVlHWg9o3Z/3N8hWuZV/3G', 'alumno', 'Yosel', 'Bustos Martinez', '60272305', true);
INSERT INTO alumnos (id, usuario_id, dni, nombre, apellidos, codigo_barras, aula_id) VALUES ('d93e5454-98fd-43ac-9fc1-51f5e57418ab', 'aa0ccbe7-b4fa-4868-afb7-aff42813c4fc', '60272305', 'Yosel', 'Bustos Martinez', '602724', '3a34b2ce-bdb1-4d84-96cd-4d4fa10d6b59');
INSERT INTO usuarios (id, email, password_hash, rol, nombre, apellidos, dni, activo) VALUES ('c0dfad8f-9fe3-4e99-abfa-f76c24549d7b', '608500@academia.edu', '$2b$10$Kt1WXnRsFi4Ux.r1r8SQD.Ps1ksMrVyIVlHWg9o3Z/3N8hWuZV/3G', 'alumno', 'Deivid Anderson', 'Albornoz Diaz', '60858505', true);
INSERT INTO alumnos (id, usuario_id, dni, nombre, apellidos, codigo_barras, aula_id) VALUES ('7f365c4a-eedb-4cfd-8279-ddfbeae2a344', 'c0dfad8f-9fe3-4e99-abfa-f76c24549d7b', '60858505', 'Deivid Anderson', 'Albornoz Diaz', '608500', '2d286663-14ff-43d7-b7dd-6fc3ae79be88');
INSERT INTO usuarios (id, email, password_hash, rol, nombre, apellidos, dni, activo) VALUES ('915d74a9-f336-4a68-94ab-77f38f235d58', '606195@academia.edu', '$2b$10$Kt1WXnRsFi4Ux.r1r8SQD.Ps1ksMrVyIVlHWg9o3Z/3N8hWuZV/3G', 'alumno', 'Yajaira Azucena', 'Araujo Rosales', '60614348', true);
INSERT INTO alumnos (id, usuario_id, dni, nombre, apellidos, codigo_barras, aula_id) VALUES ('11c53caa-f006-4917-99cc-e62c82d5920f', '915d74a9-f336-4a68-94ab-77f38f235d58', '60614348', 'Yajaira Azucena', 'Araujo Rosales', '606195', '2d286663-14ff-43d7-b7dd-6fc3ae79be88');
INSERT INTO usuarios (id, email, password_hash, rol, nombre, apellidos, dni, activo) VALUES ('dcf83c3f-f817-4645-b182-dbccf9631b45', '616088@academia.edu', '$2b$10$Kt1WXnRsFi4Ux.r1r8SQD.Ps1ksMrVyIVlHWg9o3Z/3N8hWuZV/3G', 'alumno', 'Jesus Angel', 'Arce Martinez', '61608323', true);
INSERT INTO alumnos (id, usuario_id, dni, nombre, apellidos, codigo_barras, aula_id) VALUES ('22b2820d-bb95-496a-bebb-b41da094f919', 'dcf83c3f-f817-4645-b182-dbccf9631b45', '61608323', 'Jesus Angel', 'Arce Martinez', '616088', '2d286663-14ff-43d7-b7dd-6fc3ae79be88');
INSERT INTO usuarios (id, email, password_hash, rol, nombre, apellidos, dni, activo) VALUES ('dbf7d837-12f4-4b11-bc3f-390de56f5824', '782835@academia.edu', '$2b$10$Kt1WXnRsFi4Ux.r1r8SQD.Ps1ksMrVyIVlHWg9o3Z/3N8hWuZV/3G', 'alumno', 'David Angel', 'Arias Lliuya', '78289029', true);
INSERT INTO alumnos (id, usuario_id, dni, nombre, apellidos, codigo_barras, aula_id) VALUES ('6659af31-59fd-4975-9479-345c5ed75fbf', 'dbf7d837-12f4-4b11-bc3f-390de56f5824', '78289029', 'David Angel', 'Arias Lliuya', '782835', '2d286663-14ff-43d7-b7dd-6fc3ae79be88');
INSERT INTO usuarios (id, email, password_hash, rol, nombre, apellidos, dni, activo) VALUES ('ea0e87ab-c025-4bb5-be78-acb8ed306083', '614878@academia.edu', '$2b$10$Kt1WXnRsFi4Ux.r1r8SQD.Ps1ksMrVyIVlHWg9o3Z/3N8hWuZV/3G', 'alumno', 'Jeanpier Fisher', 'Azaña Rosario', '61480185', true);
INSERT INTO alumnos (id, usuario_id, dni, nombre, apellidos, codigo_barras, aula_id) VALUES ('6f3d81b4-c869-4829-8a1e-e6c9d45b4316', 'ea0e87ab-c025-4bb5-be78-acb8ed306083', '61480185', 'Jeanpier Fisher', 'Azaña Rosario', '614878', '2d286663-14ff-43d7-b7dd-6fc3ae79be88');
INSERT INTO usuarios (id, email, password_hash, rol, nombre, apellidos, dni, activo) VALUES ('16b0797b-4cbf-4e9c-ae89-b7c38b9d8300', '604069@academia.edu', '$2b$10$Kt1WXnRsFi4Ux.r1r8SQD.Ps1ksMrVyIVlHWg9o3Z/3N8hWuZV/3G', 'alumno', 'David Francisco', 'Blas Angeles', '60400652', true);
INSERT INTO alumnos (id, usuario_id, dni, nombre, apellidos, codigo_barras, aula_id) VALUES ('2c66ce6c-ef08-46ed-8f68-a8f2584661bf', '16b0797b-4cbf-4e9c-ae89-b7c38b9d8300', '60400652', 'David Francisco', 'Blas Angeles', '604069', '2d286663-14ff-43d7-b7dd-6fc3ae79be88');
INSERT INTO usuarios (id, email, password_hash, rol, nombre, apellidos, dni, activo) VALUES ('156e3247-8c9d-49e9-aabd-1cff564ca5c1', '616512@academia.edu', '$2b$10$Kt1WXnRsFi4Ux.r1r8SQD.Ps1ksMrVyIVlHWg9o3Z/3N8hWuZV/3G', 'alumno', 'Enghel Max', 'Bonifacio Murillo', '61656759', true);
INSERT INTO alumnos (id, usuario_id, dni, nombre, apellidos, codigo_barras, aula_id) VALUES ('24afef24-05fb-41af-954d-33b29b6de4f2', '156e3247-8c9d-49e9-aabd-1cff564ca5c1', '61656759', 'Enghel Max', 'Bonifacio Murillo', '616512', '2d286663-14ff-43d7-b7dd-6fc3ae79be88');
INSERT INTO usuarios (id, email, password_hash, rol, nombre, apellidos, dni, activo) VALUES ('b6b4202d-2f26-4451-aa44-2ece4be95262', '604844@academia.edu', '$2b$10$Kt1WXnRsFi4Ux.r1r8SQD.Ps1ksMrVyIVlHWg9o3Z/3N8hWuZV/3G', 'alumno', 'Mercedes Julia', 'Botello Piscoche', '60486807', true);
INSERT INTO alumnos (id, usuario_id, dni, nombre, apellidos, codigo_barras, aula_id) VALUES ('884f3889-aa68-438a-8547-edf1e63fe420', 'b6b4202d-2f26-4451-aa44-2ece4be95262', '60486807', 'Mercedes Julia', 'Botello Piscoche', '604844', '2d286663-14ff-43d7-b7dd-6fc3ae79be88');
INSERT INTO usuarios (id, email, password_hash, rol, nombre, apellidos, dni, activo) VALUES ('a3a1dccb-f830-40fc-ac62-6eb2da6fd33d', '603677@academia.edu', '$2b$10$Kt1WXnRsFi4Ux.r1r8SQD.Ps1ksMrVyIVlHWg9o3Z/3N8hWuZV/3G', 'alumno', 'Elizabel Araceli', 'Caceres Ramirez', '60360417', true);
INSERT INTO alumnos (id, usuario_id, dni, nombre, apellidos, codigo_barras, aula_id) VALUES ('48c646f6-de7f-4b34-86c6-a3eeafa6a939', 'a3a1dccb-f830-40fc-ac62-6eb2da6fd33d', '60360417', 'Elizabel Araceli', 'Caceres Ramirez', '603677', '2d286663-14ff-43d7-b7dd-6fc3ae79be88');
INSERT INTO usuarios (id, email, password_hash, rol, nombre, apellidos, dni, activo) VALUES ('dbf1caa8-102c-496b-933d-68241ec1618d', '613110@academia.edu', '$2b$10$Kt1WXnRsFi4Ux.r1r8SQD.Ps1ksMrVyIVlHWg9o3Z/3N8hWuZV/3G', 'alumno', 'Gabriela Soledad', 'Cadillo Arevalo', '61314549', true);
INSERT INTO alumnos (id, usuario_id, dni, nombre, apellidos, codigo_barras, aula_id) VALUES ('6c4e6bbe-5e64-4fd7-acf6-33c9620e6c0f', 'dbf1caa8-102c-496b-933d-68241ec1618d', '61314549', 'Gabriela Soledad', 'Cadillo Arevalo', '613110', '2d286663-14ff-43d7-b7dd-6fc3ae79be88');
INSERT INTO usuarios (id, email, password_hash, rol, nombre, apellidos, dni, activo) VALUES ('4cce03fd-c035-4804-b0d2-0031668f36df', '604023@academia.edu', '$2b$10$Kt1WXnRsFi4Ux.r1r8SQD.Ps1ksMrVyIVlHWg9o3Z/3N8hWuZV/3G', 'alumno', 'Miriam Anel', 'Camones Cacha', '60404931', true);
INSERT INTO alumnos (id, usuario_id, dni, nombre, apellidos, codigo_barras, aula_id) VALUES ('30f4b7b3-b750-4bb7-9cd3-42f96d585c8e', '4cce03fd-c035-4804-b0d2-0031668f36df', '60404931', 'Miriam Anel', 'Camones Cacha', '604023', '2d286663-14ff-43d7-b7dd-6fc3ae79be88');
INSERT INTO usuarios (id, email, password_hash, rol, nombre, apellidos, dni, activo) VALUES ('a3848f28-4b2e-4333-97f6-bcd21bfcf567', '600208@academia.edu', '$2b$10$Kt1WXnRsFi4Ux.r1r8SQD.Ps1ksMrVyIVlHWg9o3Z/3N8hWuZV/3G', 'alumno', 'Emerson Yerson', 'Cordova Estrada', '60028123', true);
INSERT INTO alumnos (id, usuario_id, dni, nombre, apellidos, codigo_barras, aula_id) VALUES ('31b75a07-8b80-42dd-9a59-31b7afe94f3b', 'a3848f28-4b2e-4333-97f6-bcd21bfcf567', '60028123', 'Emerson Yerson', 'Cordova Estrada', '600208', '2d286663-14ff-43d7-b7dd-6fc3ae79be88');
INSERT INTO usuarios (id, email, password_hash, rol, nombre, apellidos, dni, activo) VALUES ('d5c6adbd-7ca7-40c8-b3fa-eac075e91bf0', '620420@academia.edu', '$2b$10$Kt1WXnRsFi4Ux.r1r8SQD.Ps1ksMrVyIVlHWg9o3Z/3N8hWuZV/3G', 'alumno', 'Hugo Patricio', 'Cordova Shuan', '62042931', true);
INSERT INTO alumnos (id, usuario_id, dni, nombre, apellidos, codigo_barras, aula_id) VALUES ('50f0cf9b-de14-428c-9618-20928028c7e9', 'd5c6adbd-7ca7-40c8-b3fa-eac075e91bf0', '62042931', 'Hugo Patricio', 'Cordova Shuan', '620420', '2d286663-14ff-43d7-b7dd-6fc3ae79be88');
INSERT INTO usuarios (id, email, password_hash, rol, nombre, apellidos, dni, activo) VALUES ('13e1ee9e-719c-4311-93bd-aa0eca509516', '615139@academia.edu', '$2b$10$Kt1WXnRsFi4Ux.r1r8SQD.Ps1ksMrVyIVlHWg9o3Z/3N8hWuZV/3G', 'alumno', 'Edson Saul', 'Cotillo Torre', '61517171', true);
INSERT INTO alumnos (id, usuario_id, dni, nombre, apellidos, codigo_barras, aula_id) VALUES ('c55e4d96-142b-4f88-beba-c301df4c3753', '13e1ee9e-719c-4311-93bd-aa0eca509516', '61517171', 'Edson Saul', 'Cotillo Torre', '615139', '2d286663-14ff-43d7-b7dd-6fc3ae79be88');
INSERT INTO usuarios (id, email, password_hash, rol, nombre, apellidos, dni, activo) VALUES ('89a6c096-38bf-453c-9715-b84b6e1ca108', '732777@academia.edu', '$2b$10$Kt1WXnRsFi4Ux.r1r8SQD.Ps1ksMrVyIVlHWg9o3Z/3N8hWuZV/3G', 'alumno', 'Aaron Francisco', 'Cruz Julca', '73278291', true);
INSERT INTO alumnos (id, usuario_id, dni, nombre, apellidos, codigo_barras, aula_id) VALUES ('22d5d148-fd9e-450b-9420-c7eab1b1acb0', '89a6c096-38bf-453c-9715-b84b6e1ca108', '73278291', 'Aaron Francisco', 'Cruz Julca', '732777', '2d286663-14ff-43d7-b7dd-6fc3ae79be88');
INSERT INTO usuarios (id, email, password_hash, rol, nombre, apellidos, dni, activo) VALUES ('37c9f4a3-6950-46f2-b262-d290e0be183a', '723437@academia.edu', '$2b$10$Kt1WXnRsFi4Ux.r1r8SQD.Ps1ksMrVyIVlHWg9o3Z/3N8hWuZV/3G', 'alumno', 'Margiorit Isabel Yuliana', 'Espinoza Rimac', '72346742', true);
INSERT INTO alumnos (id, usuario_id, dni, nombre, apellidos, codigo_barras, aula_id) VALUES ('8074a324-90b4-4397-ac11-6ed658592942', '37c9f4a3-6950-46f2-b262-d290e0be183a', '72346742', 'Margiorit Isabel Yuliana', 'Espinoza Rimac', '723437', '2d286663-14ff-43d7-b7dd-6fc3ae79be88');
INSERT INTO usuarios (id, email, password_hash, rol, nombre, apellidos, dni, activo) VALUES ('3ecc9ab0-a5b7-4b44-b103-ab81ea15c45e', '608701@academia.edu', '$2b$10$Kt1WXnRsFi4Ux.r1r8SQD.Ps1ksMrVyIVlHWg9o3Z/3N8hWuZV/3G', 'alumno', 'Alberth Mercedes', 'Fabian Lopez', '60876141', true);
INSERT INTO alumnos (id, usuario_id, dni, nombre, apellidos, codigo_barras, aula_id) VALUES ('d3348166-ae42-46ba-86f9-8b82e73d35e3', '3ecc9ab0-a5b7-4b44-b103-ab81ea15c45e', '60876141', 'Alberth Mercedes', 'Fabian Lopez', '608701', '2d286663-14ff-43d7-b7dd-6fc3ae79be88');
INSERT INTO usuarios (id, email, password_hash, rol, nombre, apellidos, dni, activo) VALUES ('cc7b4166-6a41-4514-8dff-b13a50036877', '614889@academia.edu', '$2b$10$Kt1WXnRsFi4Ux.r1r8SQD.Ps1ksMrVyIVlHWg9o3Z/3N8hWuZV/3G', 'alumno', 'Zaith Fernando Emanuel', 'Felix Hurtado', '61480337', true);
INSERT INTO alumnos (id, usuario_id, dni, nombre, apellidos, codigo_barras, aula_id) VALUES ('3bd8e9d0-8a8e-4b8d-bd93-2be5cf11bdb0', 'cc7b4166-6a41-4514-8dff-b13a50036877', '61480337', 'Zaith Fernando Emanuel', 'Felix Hurtado', '614889', '2d286663-14ff-43d7-b7dd-6fc3ae79be88');
INSERT INTO usuarios (id, email, password_hash, rol, nombre, apellidos, dni, activo) VALUES ('1ba8c81c-7b59-4312-aea8-fdb349b84373', '602496@academia.edu', '$2b$10$Kt1WXnRsFi4Ux.r1r8SQD.Ps1ksMrVyIVlHWg9o3Z/3N8hWuZV/3G', 'alumno', 'Giovany David', 'Flores Morales', '60248135', true);
INSERT INTO alumnos (id, usuario_id, dni, nombre, apellidos, codigo_barras, aula_id) VALUES ('c222a885-898d-49f6-8c69-ba7b9daf4e50', '1ba8c81c-7b59-4312-aea8-fdb349b84373', '60248135', 'Giovany David', 'Flores Morales', '602496', '2d286663-14ff-43d7-b7dd-6fc3ae79be88');
INSERT INTO usuarios (id, email, password_hash, rol, nombre, apellidos, dni, activo) VALUES ('f282b4ac-7a70-4057-865e-bf6a420b1e9f', '601280@academia.edu', '$2b$10$Kt1WXnRsFi4Ux.r1r8SQD.Ps1ksMrVyIVlHWg9o3Z/3N8hWuZV/3G', 'alumno', 'Job Nicolas', 'Huane Villanueva', '60123358', true);
INSERT INTO alumnos (id, usuario_id, dni, nombre, apellidos, codigo_barras, aula_id) VALUES ('f7e163ed-c312-4501-9a9d-e61e4fa2af95', 'f282b4ac-7a70-4057-865e-bf6a420b1e9f', '60123358', 'Job Nicolas', 'Huane Villanueva', '601280', '2d286663-14ff-43d7-b7dd-6fc3ae79be88');
INSERT INTO usuarios (id, email, password_hash, rol, nombre, apellidos, dni, activo) VALUES ('0a3b796d-fabb-4bbb-bf13-5d0849f95781', '613177@academia.edu', '$2b$10$Kt1WXnRsFi4Ux.r1r8SQD.Ps1ksMrVyIVlHWg9o3Z/3N8hWuZV/3G', 'alumno', 'Diego Danilo', 'Huerto Macedo', '61314335', true);
INSERT INTO alumnos (id, usuario_id, dni, nombre, apellidos, codigo_barras, aula_id) VALUES ('767161b3-a5ed-4929-8ad5-22846ddea4f4', '0a3b796d-fabb-4bbb-bf13-5d0849f95781', '61314335', 'Diego Danilo', 'Huerto Macedo', '613177', '2d286663-14ff-43d7-b7dd-6fc3ae79be88');
INSERT INTO usuarios (id, email, password_hash, rol, nombre, apellidos, dni, activo) VALUES ('1d0f2dcb-034c-4051-9bf4-4729fe515d4d', '601276@academia.edu', '$2b$10$Kt1WXnRsFi4Ux.r1r8SQD.Ps1ksMrVyIVlHWg9o3Z/3N8hWuZV/3G', 'alumno', 'Mayra Nicolle', 'Ibarra Granados', '60128278', true);
INSERT INTO alumnos (id, usuario_id, dni, nombre, apellidos, codigo_barras, aula_id) VALUES ('71c51a96-f503-41f4-a93b-c79b57c5b422', '1d0f2dcb-034c-4051-9bf4-4729fe515d4d', '60128278', 'Mayra Nicolle', 'Ibarra Granados', '601276', '2d286663-14ff-43d7-b7dd-6fc3ae79be88');
INSERT INTO usuarios (id, email, password_hash, rol, nombre, apellidos, dni, activo) VALUES ('f0704eb9-6c5d-4feb-9393-f82440931ee6', '616434@academia.edu', '$2b$10$Kt1WXnRsFi4Ux.r1r8SQD.Ps1ksMrVyIVlHWg9o3Z/3N8hWuZV/3G', 'alumno', 'Yulian Angel', 'Irigoyen Mejia', '61644254', true);
INSERT INTO alumnos (id, usuario_id, dni, nombre, apellidos, codigo_barras, aula_id) VALUES ('2e4d91ee-61bd-452e-ab3b-d744539a88f7', 'f0704eb9-6c5d-4feb-9393-f82440931ee6', '61644254', 'Yulian Angel', 'Irigoyen Mejia', '616434', '2d286663-14ff-43d7-b7dd-6fc3ae79be88');
INSERT INTO usuarios (id, email, password_hash, rol, nombre, apellidos, dni, activo) VALUES ('0a1746e7-14ba-46a9-9a06-96414bbd94ed', '614941@academia.edu', '$2b$10$Kt1WXnRsFi4Ux.r1r8SQD.Ps1ksMrVyIVlHWg9o3Z/3N8hWuZV/3G', 'alumno', 'Jonathan Paolo', 'Jara Avelino', '61490233', true);
INSERT INTO alumnos (id, usuario_id, dni, nombre, apellidos, codigo_barras, aula_id) VALUES ('905e867b-5b3e-47ea-af83-6a529c650f1a', '0a1746e7-14ba-46a9-9a06-96414bbd94ed', '61490233', 'Jonathan Paolo', 'Jara Avelino', '614941', '2d286663-14ff-43d7-b7dd-6fc3ae79be88');
INSERT INTO usuarios (id, email, password_hash, rol, nombre, apellidos, dni, activo) VALUES ('15cbaae5-daba-4696-8f54-86d45207628f', '620432@academia.edu', '$2b$10$Kt1WXnRsFi4Ux.r1r8SQD.Ps1ksMrVyIVlHWg9o3Z/3N8hWuZV/3G', 'alumno', 'Adrian Elianover', 'Leiva Castillo', '62042903', true);
INSERT INTO alumnos (id, usuario_id, dni, nombre, apellidos, codigo_barras, aula_id) VALUES ('66b88328-5f5d-40c6-a863-40a908dbe849', '15cbaae5-daba-4696-8f54-86d45207628f', '62042903', 'Adrian Elianover', 'Leiva Castillo', '620432', '2d286663-14ff-43d7-b7dd-6fc3ae79be88');
INSERT INTO usuarios (id, email, password_hash, rol, nombre, apellidos, dni, activo) VALUES ('04b8d118-ba15-48fc-8292-2affd1c8076f', '614241@academia.edu', '$2b$10$Kt1WXnRsFi4Ux.r1r8SQD.Ps1ksMrVyIVlHWg9o3Z/3N8hWuZV/3G', 'alumno', 'Joshua Fabricio', 'Lopez Valverde', '61429181', true);
INSERT INTO alumnos (id, usuario_id, dni, nombre, apellidos, codigo_barras, aula_id) VALUES ('ff1d31db-e623-4f60-a34e-2c7777f95f75', '04b8d118-ba15-48fc-8292-2affd1c8076f', '61429181', 'Joshua Fabricio', 'Lopez Valverde', '614241', '2d286663-14ff-43d7-b7dd-6fc3ae79be88');
INSERT INTO usuarios (id, email, password_hash, rol, nombre, apellidos, dni, activo) VALUES ('1d2d54e6-fba6-4f8c-b066-4d4e457ed492', '603775@academia.edu', '$2b$10$Kt1WXnRsFi4Ux.r1r8SQD.Ps1ksMrVyIVlHWg9o3Z/3N8hWuZV/3G', 'alumno', 'Yerson Rafael', 'Mendoza Giraldo', '60377913', true);
INSERT INTO alumnos (id, usuario_id, dni, nombre, apellidos, codigo_barras, aula_id) VALUES ('bac6a065-30d6-406e-afdb-76b063fa34a1', '1d2d54e6-fba6-4f8c-b066-4d4e457ed492', '60377913', 'Yerson Rafael', 'Mendoza Giraldo', '603775', '2d286663-14ff-43d7-b7dd-6fc3ae79be88');
INSERT INTO usuarios (id, email, password_hash, rol, nombre, apellidos, dni, activo) VALUES ('901800e5-8b73-44f6-8c71-59ed28000806', '614997@academia.edu', '$2b$10$Kt1WXnRsFi4Ux.r1r8SQD.Ps1ksMrVyIVlHWg9o3Z/3N8hWuZV/3G', 'alumno', 'Renzo Mijail', 'Mendoza Jara', '61491745', true);
INSERT INTO alumnos (id, usuario_id, dni, nombre, apellidos, codigo_barras, aula_id) VALUES ('aa3f13d1-af88-4fa2-b376-0591c8208c11', '901800e5-8b73-44f6-8c71-59ed28000806', '61491745', 'Renzo Mijail', 'Mendoza Jara', '614997', '2d286663-14ff-43d7-b7dd-6fc3ae79be88');
INSERT INTO usuarios (id, email, password_hash, rol, nombre, apellidos, dni, activo) VALUES ('7aaad989-ba6b-4d2e-97c5-dd3b7ce602d3', '620160@academia.edu', '$2b$10$Kt1WXnRsFi4Ux.r1r8SQD.Ps1ksMrVyIVlHWg9o3Z/3N8hWuZV/3G', 'alumno', 'Angel Alexander', 'Molina Isidro', '62014974', true);
INSERT INTO alumnos (id, usuario_id, dni, nombre, apellidos, codigo_barras, aula_id) VALUES ('9106586e-9949-46cb-9e73-06f4b8e7eb23', '7aaad989-ba6b-4d2e-97c5-dd3b7ce602d3', '62014974', 'Angel Alexander', 'Molina Isidro', '620160', '2d286663-14ff-43d7-b7dd-6fc3ae79be88');
INSERT INTO usuarios (id, email, password_hash, rol, nombre, apellidos, dni, activo) VALUES ('81868f25-a041-4042-8292-4c9628ccda60', '613178@academia.edu', '$2b$10$Kt1WXnRsFi4Ux.r1r8SQD.Ps1ksMrVyIVlHWg9o3Z/3N8hWuZV/3G', 'alumno', 'Jose Emanuel', 'Molina Susan0', '61314608', true);
INSERT INTO alumnos (id, usuario_id, dni, nombre, apellidos, codigo_barras, aula_id) VALUES ('ba231890-98cc-40c7-a6ef-4da944c55ce9', '81868f25-a041-4042-8292-4c9628ccda60', '61314608', 'Jose Emanuel', 'Molina Susan0', '613178', '2d286663-14ff-43d7-b7dd-6fc3ae79be88');
INSERT INTO usuarios (id, email, password_hash, rol, nombre, apellidos, dni, activo) VALUES ('d78fb7c4-f146-4d0f-8531-b84f2591b9c3', '603728@academia.edu', '$2b$10$Kt1WXnRsFi4Ux.r1r8SQD.Ps1ksMrVyIVlHWg9o3Z/3N8hWuZV/3G', 'alumno', 'Deyvis Frank', 'Obispo Yanac', '60379692', true);
INSERT INTO alumnos (id, usuario_id, dni, nombre, apellidos, codigo_barras, aula_id) VALUES ('a32a3963-72fd-4f81-9829-74f2c49f0fd2', 'd78fb7c4-f146-4d0f-8531-b84f2591b9c3', '60379692', 'Deyvis Frank', 'Obispo Yanac', '603728', '2d286663-14ff-43d7-b7dd-6fc3ae79be88');
INSERT INTO usuarios (id, email, password_hash, rol, nombre, apellidos, dni, activo) VALUES ('a5653f81-53c2-49ca-a882-d4d78b00158b', '607092@academia.edu', '$2b$10$Kt1WXnRsFi4Ux.r1r8SQD.Ps1ksMrVyIVlHWg9o3Z/3N8hWuZV/3G', 'alumno', 'Nuria Nazareth', 'Olivares Rojas', '60701865', true);
INSERT INTO alumnos (id, usuario_id, dni, nombre, apellidos, codigo_barras, aula_id) VALUES ('941dd796-b275-4631-b3b6-4d275f417dd1', 'a5653f81-53c2-49ca-a882-d4d78b00158b', '60701865', 'Nuria Nazareth', 'Olivares Rojas', '607092', '2d286663-14ff-43d7-b7dd-6fc3ae79be88');
INSERT INTO usuarios (id, email, password_hash, rol, nombre, apellidos, dni, activo) VALUES ('a616c78d-3fee-45b5-9f8e-8caf88dcdb35', '605712@academia.edu', '$2b$10$Kt1WXnRsFi4Ux.r1r8SQD.Ps1ksMrVyIVlHWg9o3Z/3N8hWuZV/3G', 'alumno', 'Elizabeth Edith', 'Reyes Trujillo', '60576622', true);
INSERT INTO alumnos (id, usuario_id, dni, nombre, apellidos, codigo_barras, aula_id) VALUES ('ecbee3c3-1794-4e7c-a6d7-297c2e0a02af', 'a616c78d-3fee-45b5-9f8e-8caf88dcdb35', '60576622', 'Elizabeth Edith', 'Reyes Trujillo', '605712', '2d286663-14ff-43d7-b7dd-6fc3ae79be88');
INSERT INTO usuarios (id, email, password_hash, rol, nombre, apellidos, dni, activo) VALUES ('11ff1e8e-ac23-4882-9f75-05763fce9606', '614005@academia.edu', '$2b$10$Kt1WXnRsFi4Ux.r1r8SQD.Ps1ksMrVyIVlHWg9o3Z/3N8hWuZV/3G', 'alumno', 'Carlos Alejandro', 'Rivera Venturo', '61409531', true);
INSERT INTO alumnos (id, usuario_id, dni, nombre, apellidos, codigo_barras, aula_id) VALUES ('d83c9387-0194-4d5b-a5d3-40108a8d9d51', '11ff1e8e-ac23-4882-9f75-05763fce9606', '61409531', 'Carlos Alejandro', 'Rivera Venturo', '614005', '2d286663-14ff-43d7-b7dd-6fc3ae79be88');
INSERT INTO usuarios (id, email, password_hash, rol, nombre, apellidos, dni, activo) VALUES ('c18111ef-8352-4a79-a8bc-5969c30e0a34', '602044@academia.edu', '$2b$10$Kt1WXnRsFi4Ux.r1r8SQD.Ps1ksMrVyIVlHWg9o3Z/3N8hWuZV/3G', 'alumno', 'Abehail Cesar', 'Roa Naupay', '60204283', true);
INSERT INTO alumnos (id, usuario_id, dni, nombre, apellidos, codigo_barras, aula_id) VALUES ('8f311694-fa02-4915-8c58-4592a191da68', 'c18111ef-8352-4a79-a8bc-5969c30e0a34', '60204283', 'Abehail Cesar', 'Roa Naupay', '602044', '2d286663-14ff-43d7-b7dd-6fc3ae79be88');
INSERT INTO usuarios (id, email, password_hash, rol, nombre, apellidos, dni, activo) VALUES ('1d790bb9-0d74-4a4d-960c-82b20aefe291', '614059@academia.edu', '$2b$10$Kt1WXnRsFi4Ux.r1r8SQD.Ps1ksMrVyIVlHWg9o3Z/3N8hWuZV/3G', 'alumno', 'Cristhian Cesar', 'Roman Llanto', '61409365', true);
INSERT INTO alumnos (id, usuario_id, dni, nombre, apellidos, codigo_barras, aula_id) VALUES ('14b658e3-1a85-44b2-9cf6-3a101df9996e', '1d790bb9-0d74-4a4d-960c-82b20aefe291', '61409365', 'Cristhian Cesar', 'Roman Llanto', '614059', '2d286663-14ff-43d7-b7dd-6fc3ae79be88');
INSERT INTO usuarios (id, email, password_hash, rol, nombre, apellidos, dni, activo) VALUES ('8bb5be0d-ffc5-46f4-b04b-682f90e8de52', '602524@academia.edu', '$2b$10$Kt1WXnRsFi4Ux.r1r8SQD.Ps1ksMrVyIVlHWg9o3Z/3N8hWuZV/3G', 'alumno', 'Johan Carlos', 'Simeon Camones', '60250513', true);
INSERT INTO alumnos (id, usuario_id, dni, nombre, apellidos, codigo_barras, aula_id) VALUES ('baff5a4f-b8eb-4e10-a166-1c90ee0e48ca', '8bb5be0d-ffc5-46f4-b04b-682f90e8de52', '60250513', 'Johan Carlos', 'Simeon Camones', '602524', '2d286663-14ff-43d7-b7dd-6fc3ae79be88');
INSERT INTO usuarios (id, email, password_hash, rol, nombre, apellidos, dni, activo) VALUES ('85bcad7a-f646-4e1f-aaa7-8707e442a07d', '613151@academia.edu', '$2b$10$Kt1WXnRsFi4Ux.r1r8SQD.Ps1ksMrVyIVlHWg9o3Z/3N8hWuZV/3G', 'alumno', 'Patricia Carla', 'Solis Palma', '61314694', true);
INSERT INTO alumnos (id, usuario_id, dni, nombre, apellidos, codigo_barras, aula_id) VALUES ('e7396c11-902c-4a0d-9880-d47b0752940a', '85bcad7a-f646-4e1f-aaa7-8707e442a07d', '61314694', 'Patricia Carla', 'Solis Palma', '613151', '2d286663-14ff-43d7-b7dd-6fc3ae79be88');
INSERT INTO usuarios (id, email, password_hash, rol, nombre, apellidos, dni, activo) VALUES ('afc7244b-744f-4fdb-9227-e85d23f1c0b3', '601240@academia.edu', '$2b$10$Kt1WXnRsFi4Ux.r1r8SQD.Ps1ksMrVyIVlHWg9o3Z/3N8hWuZV/3G', 'alumno', 'Edelina Gladis', 'Tolentino Falcon', '60124921', true);
INSERT INTO alumnos (id, usuario_id, dni, nombre, apellidos, codigo_barras, aula_id) VALUES ('6305f5e6-584f-444f-a48a-fcaf0d007441', 'afc7244b-744f-4fdb-9227-e85d23f1c0b3', '60124921', 'Edelina Gladis', 'Tolentino Falcon', '601240', '2d286663-14ff-43d7-b7dd-6fc3ae79be88');
INSERT INTO usuarios (id, email, password_hash, rol, nombre, apellidos, dni, activo) VALUES ('8bc2049b-c690-4e92-a8e3-10a3c25038b2', '614949@academia.edu', '$2b$10$Kt1WXnRsFi4Ux.r1r8SQD.Ps1ksMrVyIVlHWg9o3Z/3N8hWuZV/3G', 'alumno', 'Jean Carlos', 'Torres Llanto', '61490242', true);
INSERT INTO alumnos (id, usuario_id, dni, nombre, apellidos, codigo_barras, aula_id) VALUES ('b46499d6-284c-4a8e-9f55-8656aa5b2b1d', '8bc2049b-c690-4e92-a8e3-10a3c25038b2', '61490242', 'Jean Carlos', 'Torres Llanto', '614949', '2d286663-14ff-43d7-b7dd-6fc3ae79be88');
INSERT INTO usuarios (id, email, password_hash, rol, nombre, apellidos, dni, activo) VALUES ('39f4e198-6c11-4b9c-9fea-54d746296919', '609897@academia.edu', '$2b$10$Kt1WXnRsFi4Ux.r1r8SQD.Ps1ksMrVyIVlHWg9o3Z/3N8hWuZV/3G', 'alumno', 'Elmer Nilton', 'Yanac Yauri', '60983829', true);
INSERT INTO alumnos (id, usuario_id, dni, nombre, apellidos, codigo_barras, aula_id) VALUES ('45fdbbf3-9a97-452a-84bd-2d32243efa7d', '39f4e198-6c11-4b9c-9fea-54d746296919', '60983829', 'Elmer Nilton', 'Yanac Yauri', '609897', '2d286663-14ff-43d7-b7dd-6fc3ae79be88');
INSERT INTO usuarios (id, email, password_hash, rol, nombre, apellidos, dni, activo) VALUES ('2c490ec2-f9d4-455e-97c3-c2eaf19f5ea2', '610882@academia.edu', '$2b$10$Kt1WXnRsFi4Ux.r1r8SQD.Ps1ksMrVyIVlHWg9o3Z/3N8hWuZV/3G', 'alumno', 'Eielsen Edwar', 'Zarzosa Valentin', '61080788', true);
INSERT INTO alumnos (id, usuario_id, dni, nombre, apellidos, codigo_barras, aula_id) VALUES ('a869aa12-3df2-4f40-be0a-e5f2e4027f79', '2c490ec2-f9d4-455e-97c3-c2eaf19f5ea2', '61080788', 'Eielsen Edwar', 'Zarzosa Valentin', '610882', '2d286663-14ff-43d7-b7dd-6fc3ae79be88');
INSERT INTO usuarios (id, email, password_hash, rol, nombre, apellidos, dni, activo) VALUES ('436fc08e-28bb-4b10-a615-7a6be62156d8', '601201@academia.edu', '$2b$10$Kt1WXnRsFi4Ux.r1r8SQD.Ps1ksMrVyIVlHWg9o3Z/3N8hWuZV/3G', 'alumno', 'Juan Diego', 'Antunez Solis', '60123372', true);
INSERT INTO alumnos (id, usuario_id, dni, nombre, apellidos, codigo_barras, aula_id) VALUES ('c7b78c65-8533-46ad-b780-93ce715a7232', '436fc08e-28bb-4b10-a615-7a6be62156d8', '60123372', 'Juan Diego', 'Antunez Solis', '601201', 'f525d3ef-fda4-4dd8-a95e-3888c014d8c5');
INSERT INTO usuarios (id, email, password_hash, rol, nombre, apellidos, dni, activo) VALUES ('45c85900-e003-4bbf-b496-7a761d6f3be6', '608722@academia.edu', '$2b$10$Kt1WXnRsFi4Ux.r1r8SQD.Ps1ksMrVyIVlHWg9o3Z/3N8hWuZV/3G', 'alumno', 'Alexis Raul', 'Ballico Villon', '60876024', true);
INSERT INTO alumnos (id, usuario_id, dni, nombre, apellidos, codigo_barras, aula_id) VALUES ('06288522-39e7-47b6-953c-6b6fe53f1feb', '45c85900-e003-4bbf-b496-7a761d6f3be6', '60876024', 'Alexis Raul', 'Ballico Villon', '608722', 'f525d3ef-fda4-4dd8-a95e-3888c014d8c5');
INSERT INTO usuarios (id, email, password_hash, rol, nombre, apellidos, dni, activo) VALUES ('af9b7f5c-168b-4e3f-b915-b243e0a854a5', '601288@academia.edu', '$2b$10$Kt1WXnRsFi4Ux.r1r8SQD.Ps1ksMrVyIVlHWg9o3Z/3N8hWuZV/3G', 'alumno', 'Zarumi Nathaly', 'Blas Blas', '60122110', true);
INSERT INTO alumnos (id, usuario_id, dni, nombre, apellidos, codigo_barras, aula_id) VALUES ('75bcdc47-99ef-4831-8814-33d0f61b1c2e', 'af9b7f5c-168b-4e3f-b915-b243e0a854a5', '60122110', 'Zarumi Nathaly', 'Blas Blas', '601288', 'f525d3ef-fda4-4dd8-a95e-3888c014d8c5');
INSERT INTO usuarios (id, email, password_hash, rol, nombre, apellidos, dni, activo) VALUES ('305a673d-93b2-4fbe-becb-284e09bd8929', '731492@academia.edu', '$2b$10$Kt1WXnRsFi4Ux.r1r8SQD.Ps1ksMrVyIVlHWg9o3Z/3N8hWuZV/3G', 'alumno', 'Jose Fernando', 'Cadillo Vergara', '73146962', true);
INSERT INTO alumnos (id, usuario_id, dni, nombre, apellidos, codigo_barras, aula_id) VALUES ('55d0e5fc-a3b7-4136-8a44-41b6f91bee88', '305a673d-93b2-4fbe-becb-284e09bd8929', '73146962', 'Jose Fernando', 'Cadillo Vergara', '731492', 'f525d3ef-fda4-4dd8-a95e-3888c014d8c5');
INSERT INTO usuarios (id, email, password_hash, rol, nombre, apellidos, dni, activo) VALUES ('77a04fd9-f50c-44cc-8555-580d7c59ff1b', '602869@academia.edu', '$2b$10$Kt1WXnRsFi4Ux.r1r8SQD.Ps1ksMrVyIVlHWg9o3Z/3N8hWuZV/3G', 'alumno', 'Luz Andrea', 'Calderon Jara', '60289414', true);
INSERT INTO alumnos (id, usuario_id, dni, nombre, apellidos, codigo_barras, aula_id) VALUES ('d89b72de-6469-41a9-87a9-9e06e64fc6a5', '77a04fd9-f50c-44cc-8555-580d7c59ff1b', '60289414', 'Luz Andrea', 'Calderon Jara', '602869', 'f525d3ef-fda4-4dd8-a95e-3888c014d8c5');
INSERT INTO usuarios (id, email, password_hash, rol, nombre, apellidos, dni, activo) VALUES ('a7dbad10-1b89-4b0e-ae5b-ec051a0d088e', '616009@academia.edu', '$2b$10$Kt1WXnRsFi4Ux.r1r8SQD.Ps1ksMrVyIVlHWg9o3Z/3N8hWuZV/3G', 'alumno', 'Andreab Cristina', 'Canares Flores', '61607612', true);
INSERT INTO alumnos (id, usuario_id, dni, nombre, apellidos, codigo_barras, aula_id) VALUES ('249199cc-401e-40f7-8978-20b4cd052494', 'a7dbad10-1b89-4b0e-ae5b-ec051a0d088e', '61607612', 'Andreab Cristina', 'Canares Flores', '616009', 'f525d3ef-fda4-4dd8-a95e-3888c014d8c5');
INSERT INTO usuarios (id, email, password_hash, rol, nombre, apellidos, dni, activo) VALUES ('103eb176-c79e-4790-a85e-229fe027b842', '600207@academia.edu', '$2b$10$Kt1WXnRsFi4Ux.r1r8SQD.Ps1ksMrVyIVlHWg9o3Z/3N8hWuZV/3G', 'alumno', 'Jeremy Benjamin', 'Cantaro Bartolome', '60022493', true);
INSERT INTO alumnos (id, usuario_id, dni, nombre, apellidos, codigo_barras, aula_id) VALUES ('3827ed0f-076b-414a-99e6-4fe684ee91c2', '103eb176-c79e-4790-a85e-229fe027b842', '60022493', 'Jeremy Benjamin', 'Cantaro Bartolome', '600207', 'f525d3ef-fda4-4dd8-a95e-3888c014d8c5');
INSERT INTO usuarios (id, email, password_hash, rol, nombre, apellidos, dni, activo) VALUES ('8376ca5c-c18e-4292-8f23-f7a87ab9dfab', '614851@academia.edu', '$2b$10$Kt1WXnRsFi4Ux.r1r8SQD.Ps1ksMrVyIVlHWg9o3Z/3N8hWuZV/3G', 'alumno', 'Andre Fredy', 'Ccolquehuanca Hurtado', '61480129', true);
INSERT INTO alumnos (id, usuario_id, dni, nombre, apellidos, codigo_barras, aula_id) VALUES ('dd61b613-d635-4628-a17d-f28f74500e41', '8376ca5c-c18e-4292-8f23-f7a87ab9dfab', '61480129', 'Andre Fredy', 'Ccolquehuanca Hurtado', '614851', 'f525d3ef-fda4-4dd8-a95e-3888c014d8c5');
INSERT INTO usuarios (id, email, password_hash, rol, nombre, apellidos, dni, activo) VALUES ('4a6ab4a6-5fec-44ee-8499-34af2e4abad5', '617828@academia.edu', '$2b$10$Kt1WXnRsFi4Ux.r1r8SQD.Ps1ksMrVyIVlHWg9o3Z/3N8hWuZV/3G', 'alumno', 'Rusber Janpool', 'Chavez Hidalgo', '61786826', true);
INSERT INTO alumnos (id, usuario_id, dni, nombre, apellidos, codigo_barras, aula_id) VALUES ('82d710ee-5b35-4f0e-bbf8-6c5783f53d76', '4a6ab4a6-5fec-44ee-8499-34af2e4abad5', '61786826', 'Rusber Janpool', 'Chavez Hidalgo', '617828', 'f525d3ef-fda4-4dd8-a95e-3888c014d8c5');
INSERT INTO usuarios (id, email, password_hash, rol, nombre, apellidos, dni, activo) VALUES ('f7b568e4-7110-4767-9739-1112595046dc', '620096@academia.edu', '$2b$10$Kt1WXnRsFi4Ux.r1r8SQD.Ps1ksMrVyIVlHWg9o3Z/3N8hWuZV/3G', 'alumno', 'Abel Yufre', 'Chinchay Rodriguez', '62001223', true);
INSERT INTO alumnos (id, usuario_id, dni, nombre, apellidos, codigo_barras, aula_id) VALUES ('acad082c-fe1c-4931-88ea-b34ae629084e', 'f7b568e4-7110-4767-9739-1112595046dc', '62001223', 'Abel Yufre', 'Chinchay Rodriguez', '620096', 'f525d3ef-fda4-4dd8-a95e-3888c014d8c5');
INSERT INTO usuarios (id, email, password_hash, rol, nombre, apellidos, dni, activo) VALUES ('6fbeef35-0883-48da-8f0f-69f8e032f0a4', '602345@academia.edu', '$2b$10$Kt1WXnRsFi4Ux.r1r8SQD.Ps1ksMrVyIVlHWg9o3Z/3N8hWuZV/3G', 'alumno', 'Francisco Santiago', 'Cilio Huerta', '60233420', true);
INSERT INTO alumnos (id, usuario_id, dni, nombre, apellidos, codigo_barras, aula_id) VALUES ('fdda6561-a0c2-41e1-b8be-b86db22392c4', '6fbeef35-0883-48da-8f0f-69f8e032f0a4', '60233420', 'Francisco Santiago', 'Cilio Huerta', '602345', 'f525d3ef-fda4-4dd8-a95e-3888c014d8c5');
INSERT INTO usuarios (id, email, password_hash, rol, nombre, apellidos, dni, activo) VALUES ('be4a7b16-729b-4bc2-bdd3-56190fd1be01', '611930@academia.edu', '$2b$10$Kt1WXnRsFi4Ux.r1r8SQD.Ps1ksMrVyIVlHWg9o3Z/3N8hWuZV/3G', 'alumno', 'Mileidi Doris', 'Collazos Chinchay', '61191386', true);
INSERT INTO alumnos (id, usuario_id, dni, nombre, apellidos, codigo_barras, aula_id) VALUES ('640230d4-c3eb-4964-9823-4f84d68950ae', 'be4a7b16-729b-4bc2-bdd3-56190fd1be01', '61191386', 'Mileidi Doris', 'Collazos Chinchay', '611930', 'f525d3ef-fda4-4dd8-a95e-3888c014d8c5');
INSERT INTO usuarios (id, email, password_hash, rol, nombre, apellidos, dni, activo) VALUES ('1e510511-c75d-40b3-a7f9-39f665e316e8', '612125@academia.edu', '$2b$10$Kt1WXnRsFi4Ux.r1r8SQD.Ps1ksMrVyIVlHWg9o3Z/3N8hWuZV/3G', 'alumno', 'Carlos Fabricio', 'Diaz Noteno', '61211443', true);
INSERT INTO alumnos (id, usuario_id, dni, nombre, apellidos, codigo_barras, aula_id) VALUES ('2863f5e6-5f6f-41a2-be2d-5d24b1a8b11b', '1e510511-c75d-40b3-a7f9-39f665e316e8', '61211443', 'Carlos Fabricio', 'Diaz Noteno', '612125', 'f525d3ef-fda4-4dd8-a95e-3888c014d8c5');
INSERT INTO usuarios (id, email, password_hash, rol, nombre, apellidos, dni, activo) VALUES ('64ab910b-006e-463f-abff-9fd05af9017d', '601292@academia.edu', '$2b$10$Kt1WXnRsFi4Ux.r1r8SQD.Ps1ksMrVyIVlHWg9o3Z/3N8hWuZV/3G', 'alumno', 'Deysy Flor', 'Dominguez Julca', '60123807', true);
INSERT INTO alumnos (id, usuario_id, dni, nombre, apellidos, codigo_barras, aula_id) VALUES ('f0a58a07-0ed8-48c7-944f-676267182ba9', '64ab910b-006e-463f-abff-9fd05af9017d', '60123807', 'Deysy Flor', 'Dominguez Julca', '601292', 'f525d3ef-fda4-4dd8-a95e-3888c014d8c5');
INSERT INTO usuarios (id, email, password_hash, rol, nombre, apellidos, dni, activo) VALUES ('4b7f6ec3-f33c-480d-9d15-15eb7fb6fe2b', '612982@academia.edu', '$2b$10$Kt1WXnRsFi4Ux.r1r8SQD.Ps1ksMrVyIVlHWg9o3Z/3N8hWuZV/3G', 'alumno', 'Helen Briyith', 'Espinoza Paucar', '61298753', true);
INSERT INTO alumnos (id, usuario_id, dni, nombre, apellidos, codigo_barras, aula_id) VALUES ('aceb9bd1-a805-484d-941e-8aafb311aa6a', '4b7f6ec3-f33c-480d-9d15-15eb7fb6fe2b', '61298753', 'Helen Briyith', 'Espinoza Paucar', '612982', 'f525d3ef-fda4-4dd8-a95e-3888c014d8c5');
INSERT INTO usuarios (id, email, password_hash, rol, nombre, apellidos, dni, activo) VALUES ('40e553cd-7e4f-4f95-ade3-1e0d76f67d3b', '615174@academia.edu', '$2b$10$Kt1WXnRsFi4Ux.r1r8SQD.Ps1ksMrVyIVlHWg9o3Z/3N8hWuZV/3G', 'alumno', 'Piero Raul', 'Esquivel Camones', '61517119', true);
INSERT INTO alumnos (id, usuario_id, dni, nombre, apellidos, codigo_barras, aula_id) VALUES ('75cb974e-c081-4e43-abf1-91de80c29338', '40e553cd-7e4f-4f95-ade3-1e0d76f67d3b', '61517119', 'Piero Raul', 'Esquivel Camones', '615174', 'f525d3ef-fda4-4dd8-a95e-3888c014d8c5');
INSERT INTO usuarios (id, email, password_hash, rol, nombre, apellidos, dni, activo) VALUES ('bed043cc-fe9b-4f2b-a350-d379742c3df8', '614809@academia.edu', '$2b$10$Kt1WXnRsFi4Ux.r1r8SQD.Ps1ksMrVyIVlHWg9o3Z/3N8hWuZV/3G', 'alumno', 'Jheremy Josue', 'Gamarra Dolores', '61480228', true);
INSERT INTO alumnos (id, usuario_id, dni, nombre, apellidos, codigo_barras, aula_id) VALUES ('42f5113b-367f-482d-a79b-f5bc1c072400', 'bed043cc-fe9b-4f2b-a350-d379742c3df8', '61480228', 'Jheremy Josue', 'Gamarra Dolores', '614809', 'f525d3ef-fda4-4dd8-a95e-3888c014d8c5');
INSERT INTO usuarios (id, email, password_hash, rol, nombre, apellidos, dni, activo) VALUES ('7e5a57a3-be9f-499e-89a9-824a31960e4c', '603472@academia.edu', '$2b$10$Kt1WXnRsFi4Ux.r1r8SQD.Ps1ksMrVyIVlHWg9o3Z/3N8hWuZV/3G', 'alumno', 'Nenyel Hedley', 'Gambini Rivera', '60342232', true);
INSERT INTO alumnos (id, usuario_id, dni, nombre, apellidos, codigo_barras, aula_id) VALUES ('3caf10e9-8fd2-4713-aa9d-5d00bb6b3056', '7e5a57a3-be9f-499e-89a9-824a31960e4c', '60342232', 'Nenyel Hedley', 'Gambini Rivera', '603472', 'f525d3ef-fda4-4dd8-a95e-3888c014d8c5');
INSERT INTO usuarios (id, email, password_hash, rol, nombre, apellidos, dni, activo) VALUES ('8c3e579f-4f87-41f9-b400-4ad743f4f385', '626527@academia.edu', '$2b$10$Kt1WXnRsFi4Ux.r1r8SQD.Ps1ksMrVyIVlHWg9o3Z/3N8hWuZV/3G', 'alumno', 'Fernando Valentino', 'Guerrero Morales', '62656917', true);
INSERT INTO alumnos (id, usuario_id, dni, nombre, apellidos, codigo_barras, aula_id) VALUES ('64562061-55c0-490d-ba2a-21137ccaa040', '8c3e579f-4f87-41f9-b400-4ad743f4f385', '62656917', 'Fernando Valentino', 'Guerrero Morales', '626527', 'f525d3ef-fda4-4dd8-a95e-3888c014d8c5');
INSERT INTO usuarios (id, email, password_hash, rol, nombre, apellidos, dni, activo) VALUES ('b245b597-a864-4ed0-a031-fb3a340db00a', '771394@academia.edu', '$2b$10$Kt1WXnRsFi4Ux.r1r8SQD.Ps1ksMrVyIVlHWg9o3Z/3N8hWuZV/3G', 'alumno', 'Lincol Keny', 'Guillen Torres', '77136679', true);
INSERT INTO alumnos (id, usuario_id, dni, nombre, apellidos, codigo_barras, aula_id) VALUES ('130070bb-4f81-49c3-a7fc-f1e90bf08518', 'b245b597-a864-4ed0-a031-fb3a340db00a', '77136679', 'Lincol Keny', 'Guillen Torres', '771394', 'f525d3ef-fda4-4dd8-a95e-3888c014d8c5');
INSERT INTO usuarios (id, email, password_hash, rol, nombre, apellidos, dni, activo) VALUES ('4c9f3a93-1ad4-477a-88cb-3fff13679218', '613157@academia.edu', '$2b$10$Kt1WXnRsFi4Ux.r1r8SQD.Ps1ksMrVyIVlHWg9o3Z/3N8hWuZV/3G', 'alumno', 'Leonel Cristian', 'Henostroza Chauca', '61314634', true);
INSERT INTO alumnos (id, usuario_id, dni, nombre, apellidos, codigo_barras, aula_id) VALUES ('16445eb0-172a-4ef0-b077-67e2f22fd8a4', '4c9f3a93-1ad4-477a-88cb-3fff13679218', '61314634', 'Leonel Cristian', 'Henostroza Chauca', '613157', 'f525d3ef-fda4-4dd8-a95e-3888c014d8c5');
INSERT INTO usuarios (id, email, password_hash, rol, nombre, apellidos, dni, activo) VALUES ('90f1bc6e-a742-4d47-bed8-7be50d590cb5', '606992@academia.edu', '$2b$10$Kt1WXnRsFi4Ux.r1r8SQD.Ps1ksMrVyIVlHWg9o3Z/3N8hWuZV/3G', 'alumno', 'Jhan Lincol', 'Huata Espinoza', '60691884', true);
INSERT INTO alumnos (id, usuario_id, dni, nombre, apellidos, codigo_barras, aula_id) VALUES ('05f019f7-38e7-412f-902c-bd8997a1955a', '90f1bc6e-a742-4d47-bed8-7be50d590cb5', '60691884', 'Jhan Lincol', 'Huata Espinoza', '606992', 'f525d3ef-fda4-4dd8-a95e-3888c014d8c5');
INSERT INTO usuarios (id, email, password_hash, rol, nombre, apellidos, dni, activo) VALUES ('b8eec2a5-c9f8-41eb-aa62-fc3f9299c5ba', '614407@academia.edu', '$2b$10$Kt1WXnRsFi4Ux.r1r8SQD.Ps1ksMrVyIVlHWg9o3Z/3N8hWuZV/3G', 'alumno', 'Sehus Forlan', 'Huayta Rodriguez', '61447760', true);
INSERT INTO alumnos (id, usuario_id, dni, nombre, apellidos, codigo_barras, aula_id) VALUES ('19f5f28b-d460-43c3-a89b-0f143248e3c6', 'b8eec2a5-c9f8-41eb-aa62-fc3f9299c5ba', '61447760', 'Sehus Forlan', 'Huayta Rodriguez', '614407', 'f525d3ef-fda4-4dd8-a95e-3888c014d8c5');
INSERT INTO usuarios (id, email, password_hash, rol, nombre, apellidos, dni, activo) VALUES ('90a2b375-87fb-425d-aa08-5add131165b5', '614667@academia.edu', '$2b$10$Kt1WXnRsFi4Ux.r1r8SQD.Ps1ksMrVyIVlHWg9o3Z/3N8hWuZV/3G', 'alumno', 'Gustavo Eduardo', 'Huerta Bardales', '61463726', true);
INSERT INTO alumnos (id, usuario_id, dni, nombre, apellidos, codigo_barras, aula_id) VALUES ('0cf9bd92-a26f-488e-894f-3daa8e6df7f9', '90a2b375-87fb-425d-aa08-5add131165b5', '61463726', 'Gustavo Eduardo', 'Huerta Bardales', '614667', 'f525d3ef-fda4-4dd8-a95e-3888c014d8c5');
INSERT INTO usuarios (id, email, password_hash, rol, nombre, apellidos, dni, activo) VALUES ('0eb53e4c-32df-4d8a-a1d2-70b476ea5f90', '615905@academia.edu', '$2b$10$Kt1WXnRsFi4Ux.r1r8SQD.Ps1ksMrVyIVlHWg9o3Z/3N8hWuZV/3G', 'alumno', 'Roy Mario', 'Jimenez Maylle', '61590666', true);
INSERT INTO alumnos (id, usuario_id, dni, nombre, apellidos, codigo_barras, aula_id) VALUES ('5f8c99f2-1818-49e6-83f9-22eba2d26d55', '0eb53e4c-32df-4d8a-a1d2-70b476ea5f90', '61590666', 'Roy Mario', 'Jimenez Maylle', '615905', 'f525d3ef-fda4-4dd8-a95e-3888c014d8c5');
INSERT INTO usuarios (id, email, password_hash, rol, nombre, apellidos, dni, activo) VALUES ('29753d4e-ab52-4d24-b737-a55b866f281b', '605905@academia.edu', '$2b$10$Kt1WXnRsFi4Ux.r1r8SQD.Ps1ksMrVyIVlHWg9o3Z/3N8hWuZV/3G', 'alumno', 'Sayury Ivana', 'Julca De La Cruz', '60594809', true);
INSERT INTO alumnos (id, usuario_id, dni, nombre, apellidos, codigo_barras, aula_id) VALUES ('f37c3f05-9e61-4b06-9b2b-8d70f10a9439', '29753d4e-ab52-4d24-b737-a55b866f281b', '60594809', 'Sayury Ivana', 'Julca De La Cruz', '605905', 'f525d3ef-fda4-4dd8-a95e-3888c014d8c5');
INSERT INTO usuarios (id, email, password_hash, rol, nombre, apellidos, dni, activo) VALUES ('60bc6145-42a9-45b2-b869-da18c9e2a829', '612488@academia.edu', '$2b$10$Kt1WXnRsFi4Ux.r1r8SQD.Ps1ksMrVyIVlHWg9o3Z/3N8hWuZV/3G', 'alumno', 'Alex Fernando', 'Lindo Sosa', '61245297', true);
INSERT INTO alumnos (id, usuario_id, dni, nombre, apellidos, codigo_barras, aula_id) VALUES ('7fa22951-ff6d-46b5-be79-393d121ff158', '60bc6145-42a9-45b2-b869-da18c9e2a829', '61245297', 'Alex Fernando', 'Lindo Sosa', '612488', 'f525d3ef-fda4-4dd8-a95e-3888c014d8c5');
INSERT INTO usuarios (id, email, password_hash, rol, nombre, apellidos, dni, activo) VALUES ('4b987450-c9e2-4994-93af-f9a043a82482', '616436@academia.edu', '$2b$10$Kt1WXnRsFi4Ux.r1r8SQD.Ps1ksMrVyIVlHWg9o3Z/3N8hWuZV/3G', 'alumno', 'Kenedy Alexis', 'Lopez Graciano', '61649105', true);
INSERT INTO alumnos (id, usuario_id, dni, nombre, apellidos, codigo_barras, aula_id) VALUES ('a8880d3d-fb2e-433a-b7f0-a55435bb97cc', '4b987450-c9e2-4994-93af-f9a043a82482', '61649105', 'Kenedy Alexis', 'Lopez Graciano', '616436', 'f525d3ef-fda4-4dd8-a95e-3888c014d8c5');
INSERT INTO usuarios (id, email, password_hash, rol, nombre, apellidos, dni, activo) VALUES ('ed889fcb-0a79-46bc-95bf-47543095b4fa', '616008@academia.edu', '$2b$10$Kt1WXnRsFi4Ux.r1r8SQD.Ps1ksMrVyIVlHWg9o3Z/3N8hWuZV/3G', 'alumno', 'Mayra Hillary', 'Marquina Veramendi', '61605564', true);
INSERT INTO alumnos (id, usuario_id, dni, nombre, apellidos, codigo_barras, aula_id) VALUES ('475d958a-c6a6-4c7a-982e-715ec9043c81', 'ed889fcb-0a79-46bc-95bf-47543095b4fa', '61605564', 'Mayra Hillary', 'Marquina Veramendi', '616008', 'f525d3ef-fda4-4dd8-a95e-3888c014d8c5');
INSERT INTO usuarios (id, email, password_hash, rol, nombre, apellidos, dni, activo) VALUES ('1684d06c-0225-46e5-9638-919884090a0c', '602860@academia.edu', '$2b$10$Kt1WXnRsFi4Ux.r1r8SQD.Ps1ksMrVyIVlHWg9o3Z/3N8hWuZV/3G', 'alumno', 'Marco Antonio', 'Maylle Muñoz', '60287439', true);
INSERT INTO alumnos (id, usuario_id, dni, nombre, apellidos, codigo_barras, aula_id) VALUES ('9761ac35-2b9a-4465-8da7-f7b96136567f', '1684d06c-0225-46e5-9638-919884090a0c', '60287439', 'Marco Antonio', 'Maylle Muñoz', '602860', 'f525d3ef-fda4-4dd8-a95e-3888c014d8c5');
INSERT INTO usuarios (id, email, password_hash, rol, nombre, apellidos, dni, activo) VALUES ('4fc55b20-0a32-4f82-b3cc-475bdfa69e18', '605764@academia.edu', '$2b$10$Kt1WXnRsFi4Ux.r1r8SQD.Ps1ksMrVyIVlHWg9o3Z/3N8hWuZV/3G', 'alumno', 'Ronald Diego', 'Mory Espinoza', '60576585', true);
INSERT INTO alumnos (id, usuario_id, dni, nombre, apellidos, codigo_barras, aula_id) VALUES ('3c296c75-3110-4629-bf11-db2cb48f70e9', '4fc55b20-0a32-4f82-b3cc-475bdfa69e18', '60576585', 'Ronald Diego', 'Mory Espinoza', '605764', 'f525d3ef-fda4-4dd8-a95e-3888c014d8c5');
INSERT INTO usuarios (id, email, password_hash, rol, nombre, apellidos, dni, activo) VALUES ('93f69fea-2180-401b-949b-09fbf2f3560b', '616166@academia.edu', '$2b$10$Kt1WXnRsFi4Ux.r1r8SQD.Ps1ksMrVyIVlHWg9o3Z/3N8hWuZV/3G', 'alumno', 'Gyady Yassin', 'Nieto Huerta', '61611967', true);
INSERT INTO alumnos (id, usuario_id, dni, nombre, apellidos, codigo_barras, aula_id) VALUES ('bceb0479-4158-4e37-954a-2bece509c6be', '93f69fea-2180-401b-949b-09fbf2f3560b', '61611967', 'Gyady Yassin', 'Nieto Huerta', '616166', 'f525d3ef-fda4-4dd8-a95e-3888c014d8c5');
INSERT INTO usuarios (id, email, password_hash, rol, nombre, apellidos, dni, activo) VALUES ('96777813-c5cb-466f-aa0a-f3822d1e3be9', '601889@academia.edu', '$2b$10$Kt1WXnRsFi4Ux.r1r8SQD.Ps1ksMrVyIVlHWg9o3Z/3N8hWuZV/3G', 'alumno', 'Edwin Aynor', 'Norabuena Chinchay', '60188514', true);
INSERT INTO alumnos (id, usuario_id, dni, nombre, apellidos, codigo_barras, aula_id) VALUES ('cd8e7613-29eb-4a5d-9103-efa7cb5aa7f9', '96777813-c5cb-466f-aa0a-f3822d1e3be9', '60188514', 'Edwin Aynor', 'Norabuena Chinchay', '601889', 'f525d3ef-fda4-4dd8-a95e-3888c014d8c5');
INSERT INTO usuarios (id, email, password_hash, rol, nombre, apellidos, dni, activo) VALUES ('41fd5fa1-9681-44e5-a6b3-8f519a8f0dc8', '601239@academia.edu', '$2b$10$Kt1WXnRsFi4Ux.r1r8SQD.Ps1ksMrVyIVlHWg9o3Z/3N8hWuZV/3G', 'alumno', 'Yanela Beatriz', 'Obregon Muñuz', '60123277', true);
INSERT INTO alumnos (id, usuario_id, dni, nombre, apellidos, codigo_barras, aula_id) VALUES ('4620e90d-b06a-4a1a-9359-9f1f8fc47689', '41fd5fa1-9681-44e5-a6b3-8f519a8f0dc8', '60123277', 'Yanela Beatriz', 'Obregon Muñuz', '601239', 'f525d3ef-fda4-4dd8-a95e-3888c014d8c5');
INSERT INTO usuarios (id, email, password_hash, rol, nombre, apellidos, dni, activo) VALUES ('69ad53bb-b230-4df7-88b9-e638988109bb', '603385@academia.edu', '$2b$10$Kt1WXnRsFi4Ux.r1r8SQD.Ps1ksMrVyIVlHWg9o3Z/3N8hWuZV/3G', 'alumno', 'Jhordy Miker', 'Perez Solorzano', '60338179', true);
INSERT INTO alumnos (id, usuario_id, dni, nombre, apellidos, codigo_barras, aula_id) VALUES ('00026a1b-fec7-42e1-823e-9843cca5940a', '69ad53bb-b230-4df7-88b9-e638988109bb', '60338179', 'Jhordy Miker', 'Perez Solorzano', '603385', 'f525d3ef-fda4-4dd8-a95e-3888c014d8c5');
INSERT INTO usuarios (id, email, password_hash, rol, nombre, apellidos, dni, activo) VALUES ('38a477d6-69c2-4e02-a010-dad477cf3299', '603205@academia.edu', '$2b$10$Kt1WXnRsFi4Ux.r1r8SQD.Ps1ksMrVyIVlHWg9o3Z/3N8hWuZV/3G', 'alumno', 'Deyvis Gino', 'Ramirez Evaristo', '60327254', true);
INSERT INTO alumnos (id, usuario_id, dni, nombre, apellidos, codigo_barras, aula_id) VALUES ('18d77e51-2919-4308-8a66-0afc4d2cd58f', '38a477d6-69c2-4e02-a010-dad477cf3299', '60327254', 'Deyvis Gino', 'Ramirez Evaristo', '603205', 'f525d3ef-fda4-4dd8-a95e-3888c014d8c5');
INSERT INTO usuarios (id, email, password_hash, rol, nombre, apellidos, dni, activo) VALUES ('2280c3db-6584-4fc3-b028-160cbeaf284d', '614231@academia.edu', '$2b$10$Kt1WXnRsFi4Ux.r1r8SQD.Ps1ksMrVyIVlHWg9o3Z/3N8hWuZV/3G', 'alumno', 'Josep Estiven', 'Rimac Quispe', '61429224', true);
INSERT INTO alumnos (id, usuario_id, dni, nombre, apellidos, codigo_barras, aula_id) VALUES ('82be4e6d-18a6-4d70-9c82-b21824b0184e', '2280c3db-6584-4fc3-b028-160cbeaf284d', '61429224', 'Josep Estiven', 'Rimac Quispe', '614231', 'f525d3ef-fda4-4dd8-a95e-3888c014d8c5');
INSERT INTO usuarios (id, email, password_hash, rol, nombre, apellidos, dni, activo) VALUES ('11ae302c-c4fd-4d1a-9384-92c54e4ee27f', '709654@academia.edu', '$2b$10$Kt1WXnRsFi4Ux.r1r8SQD.Ps1ksMrVyIVlHWg9o3Z/3N8hWuZV/3G', 'alumno', 'Jerry Daniel', 'Rivera Lazo', '70966518', true);
INSERT INTO alumnos (id, usuario_id, dni, nombre, apellidos, codigo_barras, aula_id) VALUES ('9e56dd35-77df-4c0d-9fd7-a74ae5c43770', '11ae302c-c4fd-4d1a-9384-92c54e4ee27f', '70966518', 'Jerry Daniel', 'Rivera Lazo', '709654', 'f525d3ef-fda4-4dd8-a95e-3888c014d8c5');
INSERT INTO usuarios (id, email, password_hash, rol, nombre, apellidos, dni, activo) VALUES ('a8a39134-c9bc-46c7-99f6-3a3a303a31fb', '614926@academia.edu', '$2b$10$Kt1WXnRsFi4Ux.r1r8SQD.Ps1ksMrVyIVlHWg9o3Z/3N8hWuZV/3G', 'alumno', 'Cesarluis Manuel', 'Salazar Tamariz', '61490178', true);
INSERT INTO alumnos (id, usuario_id, dni, nombre, apellidos, codigo_barras, aula_id) VALUES ('79345564-8609-42b1-8370-d7b6c657aa21', 'a8a39134-c9bc-46c7-99f6-3a3a303a31fb', '61490178', 'Cesarluis Manuel', 'Salazar Tamariz', '614926', 'f525d3ef-fda4-4dd8-a95e-3888c014d8c5');
INSERT INTO usuarios (id, email, password_hash, rol, nombre, apellidos, dni, activo) VALUES ('4fd0cf94-2c44-4c64-b4c4-94a3ccc6cc7e', '616197@academia.edu', '$2b$10$Kt1WXnRsFi4Ux.r1r8SQD.Ps1ksMrVyIVlHWg9o3Z/3N8hWuZV/3G', 'alumno', 'Jhamil Jesus', 'Tolentino Oyola', '61611681', true);
INSERT INTO alumnos (id, usuario_id, dni, nombre, apellidos, codigo_barras, aula_id) VALUES ('bd4e10d1-14fb-48f7-8299-53190c83f3df', '4fd0cf94-2c44-4c64-b4c4-94a3ccc6cc7e', '61611681', 'Jhamil Jesus', 'Tolentino Oyola', '616197', 'f525d3ef-fda4-4dd8-a95e-3888c014d8c5');
INSERT INTO usuarios (id, email, password_hash, rol, nombre, apellidos, dni, activo) VALUES ('3dd76899-59d2-459e-8f34-7184bb511c45', '606159@academia.edu', '$2b$10$Kt1WXnRsFi4Ux.r1r8SQD.Ps1ksMrVyIVlHWg9o3Z/3N8hWuZV/3G', 'alumno', 'Yeferson', 'Ugarte Veramendi', '60611422', true);
INSERT INTO alumnos (id, usuario_id, dni, nombre, apellidos, codigo_barras, aula_id) VALUES ('a636db75-1c2e-476f-934b-68607610b3aa', '3dd76899-59d2-459e-8f34-7184bb511c45', '60611422', 'Yeferson', 'Ugarte Veramendi', '606159', 'f525d3ef-fda4-4dd8-a95e-3888c014d8c5');
INSERT INTO usuarios (id, email, password_hash, rol, nombre, apellidos, dni, activo) VALUES ('c58da1e9-8603-4748-92ed-03e9c52832b7', '618279@academia.edu', '$2b$10$Kt1WXnRsFi4Ux.r1r8SQD.Ps1ksMrVyIVlHWg9o3Z/3N8hWuZV/3G', 'alumno', 'Cory Mayte', 'Valverde Retuerto', '61822200', true);
INSERT INTO alumnos (id, usuario_id, dni, nombre, apellidos, codigo_barras, aula_id) VALUES ('bf6e1b34-ce8d-4b51-bc68-d4a5fad13d50', 'c58da1e9-8603-4748-92ed-03e9c52832b7', '61822200', 'Cory Mayte', 'Valverde Retuerto', '618279', 'f525d3ef-fda4-4dd8-a95e-3888c014d8c5');
INSERT INTO usuarios (id, email, password_hash, rol, nombre, apellidos, dni, activo) VALUES ('53ef57d1-9494-4f0d-aeb2-9fa45a87e3c3', '620155@academia.edu', '$2b$10$Kt1WXnRsFi4Ux.r1r8SQD.Ps1ksMrVyIVlHWg9o3Z/3N8hWuZV/3G', 'alumno', 'Leandro Joaquin', 'Andrade Deledesma', '62015147', true);
INSERT INTO alumnos (id, usuario_id, dni, nombre, apellidos, codigo_barras, aula_id) VALUES ('8f8765ba-db77-47fd-8cd7-bb7a3cefee74', '53ef57d1-9494-4f0d-aeb2-9fa45a87e3c3', '62015147', 'Leandro Joaquin', 'Andrade Deledesma', '620155', '70e74985-85b5-4ade-b9df-4ca55510451b');
INSERT INTO usuarios (id, email, password_hash, rol, nombre, apellidos, dni, activo) VALUES ('8aae6a10-7399-4d38-a398-d311052859b2', '613172@academia.edu', '$2b$10$Kt1WXnRsFi4Ux.r1r8SQD.Ps1ksMrVyIVlHWg9o3Z/3N8hWuZV/3G', 'alumno', 'Yampier Americo', 'Apolinario Santiago', '61314645', true);
INSERT INTO alumnos (id, usuario_id, dni, nombre, apellidos, codigo_barras, aula_id) VALUES ('6084edf9-99ae-4573-b126-8ab4f99e51f4', '8aae6a10-7399-4d38-a398-d311052859b2', '61314645', 'Yampier Americo', 'Apolinario Santiago', '613172', '70e74985-85b5-4ade-b9df-4ca55510451b');
INSERT INTO usuarios (id, email, password_hash, rol, nombre, apellidos, dni, activo) VALUES ('5428c41d-b1bf-4c14-87ec-04c90853db37', '758226@academia.edu', '$2b$10$Kt1WXnRsFi4Ux.r1r8SQD.Ps1ksMrVyIVlHWg9o3Z/3N8hWuZV/3G', 'alumno', 'Midian Merari', 'Bautista Tamara', '75820892', true);
INSERT INTO alumnos (id, usuario_id, dni, nombre, apellidos, codigo_barras, aula_id) VALUES ('6d4c0fc8-4641-49cb-88d6-fb00c8002e7d', '5428c41d-b1bf-4c14-87ec-04c90853db37', '75820892', 'Midian Merari', 'Bautista Tamara', '758226', '70e74985-85b5-4ade-b9df-4ca55510451b');
INSERT INTO usuarios (id, email, password_hash, rol, nombre, apellidos, dni, activo) VALUES ('86cc85ed-c35f-47cd-b08d-f27f06728e6a', '604832@academia.edu', '$2b$10$Kt1WXnRsFi4Ux.r1r8SQD.Ps1ksMrVyIVlHWg9o3Z/3N8hWuZV/3G', 'alumno', 'Andrea Celeste', 'Blas Espinoza', '60486141', true);
INSERT INTO alumnos (id, usuario_id, dni, nombre, apellidos, codigo_barras, aula_id) VALUES ('c6172bba-75e6-45e3-a127-74b7803a404f', '86cc85ed-c35f-47cd-b08d-f27f06728e6a', '60486141', 'Andrea Celeste', 'Blas Espinoza', '604832', '70e74985-85b5-4ade-b9df-4ca55510451b');
INSERT INTO usuarios (id, email, password_hash, rol, nombre, apellidos, dni, activo) VALUES ('3a5d2ceb-ed58-4690-b024-f9165858f466', '757611@academia.edu', '$2b$10$Kt1WXnRsFi4Ux.r1r8SQD.Ps1ksMrVyIVlHWg9o3Z/3N8hWuZV/3G', 'alumno', 'Marco Victor', 'Botello Mendoza', '75762364', true);
INSERT INTO alumnos (id, usuario_id, dni, nombre, apellidos, codigo_barras, aula_id) VALUES ('74991a24-e29a-4977-b6b8-996925dc6a70', '3a5d2ceb-ed58-4690-b024-f9165858f466', '75762364', 'Marco Victor', 'Botello Mendoza', '757611', '70e74985-85b5-4ade-b9df-4ca55510451b');
INSERT INTO usuarios (id, email, password_hash, rol, nombre, apellidos, dni, activo) VALUES ('6652406e-4bf2-432d-97c3-3976bc7bc395', '611593@academia.edu', '$2b$10$Kt1WXnRsFi4Ux.r1r8SQD.Ps1ksMrVyIVlHWg9o3Z/3N8hWuZV/3G', 'alumno', 'Meliton Clemente', 'Cadillo Salas', '61155358', true);
INSERT INTO alumnos (id, usuario_id, dni, nombre, apellidos, codigo_barras, aula_id) VALUES ('1847c998-6f1f-4c30-bb77-1087c6a5a0da', '6652406e-4bf2-432d-97c3-3976bc7bc395', '61155358', 'Meliton Clemente', 'Cadillo Salas', '611593', '70e74985-85b5-4ade-b9df-4ca55510451b');
INSERT INTO usuarios (id, email, password_hash, rol, nombre, apellidos, dni, activo) VALUES ('746662e8-f37f-48b2-83c6-4cbb9c70a182', '601285@academia.edu', '$2b$10$Kt1WXnRsFi4Ux.r1r8SQD.Ps1ksMrVyIVlHWg9o3Z/3N8hWuZV/3G', 'alumno', 'Royer Efrain', 'Caro Guerrero', '60123872', true);
INSERT INTO alumnos (id, usuario_id, dni, nombre, apellidos, codigo_barras, aula_id) VALUES ('d00bb518-1b34-4030-a1a1-7048a6991bf2', '746662e8-f37f-48b2-83c6-4cbb9c70a182', '60123872', 'Royer Efrain', 'Caro Guerrero', '601285', '70e74985-85b5-4ade-b9df-4ca55510451b');
INSERT INTO usuarios (id, email, password_hash, rol, nombre, apellidos, dni, activo) VALUES ('1cdb2519-0d2e-47c9-b5f3-0cb72c445665', '614499@academia.edu', '$2b$10$Kt1WXnRsFi4Ux.r1r8SQD.Ps1ksMrVyIVlHWg9o3Z/3N8hWuZV/3G', 'alumno', 'Marco Antonio', 'Cornelio Reyes', '61447690', true);
INSERT INTO alumnos (id, usuario_id, dni, nombre, apellidos, codigo_barras, aula_id) VALUES ('b42e9aa6-7af6-41e0-b984-65a8be04fb2b', '1cdb2519-0d2e-47c9-b5f3-0cb72c445665', '61447690', 'Marco Antonio', 'Cornelio Reyes', '614499', '70e74985-85b5-4ade-b9df-4ca55510451b');
INSERT INTO usuarios (id, email, password_hash, rol, nombre, apellidos, dni, activo) VALUES ('0acc5a1c-c186-4eeb-a73f-c7317369b576', '604080@academia.edu', '$2b$10$Kt1WXnRsFi4Ux.r1r8SQD.Ps1ksMrVyIVlHWg9o3Z/3N8hWuZV/3G', 'alumno', 'Leonel Jhefferson', 'Diaz Ramirez', '60404908', true);
INSERT INTO alumnos (id, usuario_id, dni, nombre, apellidos, codigo_barras, aula_id) VALUES ('42d88927-d7ba-450c-859d-6ac9e02fe6d2', '0acc5a1c-c186-4eeb-a73f-c7317369b576', '60404908', 'Leonel Jhefferson', 'Diaz Ramirez', '604080', '70e74985-85b5-4ade-b9df-4ca55510451b');
INSERT INTO usuarios (id, email, password_hash, rol, nombre, apellidos, dni, activo) VALUES ('ba884cd4-e750-4c35-925b-288871bb0609', '613162@academia.edu', '$2b$10$Kt1WXnRsFi4Ux.r1r8SQD.Ps1ksMrVyIVlHWg9o3Z/3N8hWuZV/3G', 'alumno', 'Anabel Valentina', 'Flores Antunez', '61314400', true);
INSERT INTO alumnos (id, usuario_id, dni, nombre, apellidos, codigo_barras, aula_id) VALUES ('5a01a6f1-422e-4036-a786-2025ebdf5baa', 'ba884cd4-e750-4c35-925b-288871bb0609', '61314400', 'Anabel Valentina', 'Flores Antunez', '613162', '70e74985-85b5-4ade-b9df-4ca55510451b');
INSERT INTO usuarios (id, email, password_hash, rol, nombre, apellidos, dni, activo) VALUES ('dae121b5-588c-46de-907c-3fcc0e76eae6', '601223@academia.edu', '$2b$10$Kt1WXnRsFi4Ux.r1r8SQD.Ps1ksMrVyIVlHWg9o3Z/3N8hWuZV/3G', 'alumno', 'Esmith Isael', 'Flores Regalado', '60127493', true);
INSERT INTO alumnos (id, usuario_id, dni, nombre, apellidos, codigo_barras, aula_id) VALUES ('65df805b-3a34-4939-8128-455335b43aad', 'dae121b5-588c-46de-907c-3fcc0e76eae6', '60127493', 'Esmith Isael', 'Flores Regalado', '601223', '70e74985-85b5-4ade-b9df-4ca55510451b');
INSERT INTO usuarios (id, email, password_hash, rol, nombre, apellidos, dni, activo) VALUES ('af185576-ab81-4484-be4e-686ce2024255', '602094@academia.edu', '$2b$10$Kt1WXnRsFi4Ux.r1r8SQD.Ps1ksMrVyIVlHWg9o3Z/3N8hWuZV/3G', 'alumno', 'Jovert Jacinto', 'Flores Silva', '60208478', true);
INSERT INTO alumnos (id, usuario_id, dni, nombre, apellidos, codigo_barras, aula_id) VALUES ('926a6dc1-98bb-41d7-aa9b-070f3a2c8aba', 'af185576-ab81-4484-be4e-686ce2024255', '60208478', 'Jovert Jacinto', 'Flores Silva', '602094', '70e74985-85b5-4ade-b9df-4ca55510451b');
INSERT INTO usuarios (id, email, password_hash, rol, nombre, apellidos, dni, activo) VALUES ('a7d134ff-ee00-43db-8028-30cc49c17ae0', '612966@academia.edu', '$2b$10$Kt1WXnRsFi4Ux.r1r8SQD.Ps1ksMrVyIVlHWg9o3Z/3N8hWuZV/3G', 'alumno', 'Alexis Alejandrito', 'Gamarra Araucano', '61298784', true);
INSERT INTO alumnos (id, usuario_id, dni, nombre, apellidos, codigo_barras, aula_id) VALUES ('fecbe979-1086-432e-9761-ec11b702731e', 'a7d134ff-ee00-43db-8028-30cc49c17ae0', '61298784', 'Alexis Alejandrito', 'Gamarra Araucano', '612966', '70e74985-85b5-4ade-b9df-4ca55510451b');
INSERT INTO usuarios (id, email, password_hash, rol, nombre, apellidos, dni, activo) VALUES ('72da5eaf-e7f4-4ab4-a1ff-2e8501a5dc78', '612960@academia.edu', '$2b$10$Kt1WXnRsFi4Ux.r1r8SQD.Ps1ksMrVyIVlHWg9o3Z/3N8hWuZV/3G', 'alumno', 'Erick Jesus', 'Gargate Flores', '61298714', true);
INSERT INTO alumnos (id, usuario_id, dni, nombre, apellidos, codigo_barras, aula_id) VALUES ('b2815391-bfd7-424d-97fb-42ce61f5f73a', '72da5eaf-e7f4-4ab4-a1ff-2e8501a5dc78', '61298714', 'Erick Jesus', 'Gargate Flores', '612960', '70e74985-85b5-4ade-b9df-4ca55510451b');
INSERT INTO usuarios (id, email, password_hash, rol, nombre, apellidos, dni, activo) VALUES ('a715ad62-0b44-43ac-ac42-55019881d370', '713554@academia.edu', '$2b$10$Kt1WXnRsFi4Ux.r1r8SQD.Ps1ksMrVyIVlHWg9o3Z/3N8hWuZV/3G', 'alumno', 'Piero Renzo', 'Huerta Ocaña', '71352322', true);
INSERT INTO alumnos (id, usuario_id, dni, nombre, apellidos, codigo_barras, aula_id) VALUES ('a3c7b763-57ec-40bd-9499-afd984178e04', 'a715ad62-0b44-43ac-ac42-55019881d370', '71352322', 'Piero Renzo', 'Huerta Ocaña', '713554', '70e74985-85b5-4ade-b9df-4ca55510451b');
INSERT INTO usuarios (id, email, password_hash, rol, nombre, apellidos, dni, activo) VALUES ('463c64d7-dad7-4496-8331-e874bace5c25', '601256@academia.edu', '$2b$10$Kt1WXnRsFi4Ux.r1r8SQD.Ps1ksMrVyIVlHWg9o3Z/3N8hWuZV/3G', 'alumno', 'Rosaria Liset', 'Jamanca Flores', '60123055', true);
INSERT INTO alumnos (id, usuario_id, dni, nombre, apellidos, codigo_barras, aula_id) VALUES ('9aad8234-de8e-4871-b6ff-8a17898067ce', '463c64d7-dad7-4496-8331-e874bace5c25', '60123055', 'Rosaria Liset', 'Jamanca Flores', '601256', '70e74985-85b5-4ade-b9df-4ca55510451b');
INSERT INTO usuarios (id, email, password_hash, rol, nombre, apellidos, dni, activo) VALUES ('7f270501-4e33-40e2-b58d-dcdd5d9378ca', '720527@academia.edu', '$2b$10$Kt1WXnRsFi4Ux.r1r8SQD.Ps1ksMrVyIVlHWg9o3Z/3N8hWuZV/3G', 'alumno', 'Erick Samuel', 'Jara Inti', '72059283', true);
INSERT INTO alumnos (id, usuario_id, dni, nombre, apellidos, codigo_barras, aula_id) VALUES ('53f8a489-a9f0-4451-8897-2fe351c4f0fa', '7f270501-4e33-40e2-b58d-dcdd5d9378ca', '72059283', 'Erick Samuel', 'Jara Inti', '720527', '70e74985-85b5-4ade-b9df-4ca55510451b');
INSERT INTO usuarios (id, email, password_hash, rol, nombre, apellidos, dni, activo) VALUES ('9446e17a-d55d-49b5-8531-dd28e6772d8e', '612972@academia.edu', '$2b$10$Kt1WXnRsFi4Ux.r1r8SQD.Ps1ksMrVyIVlHWg9o3Z/3N8hWuZV/3G', 'alumno', 'Jansen Nahum', 'Justo Sanez', '61298788', true);
INSERT INTO alumnos (id, usuario_id, dni, nombre, apellidos, codigo_barras, aula_id) VALUES ('5bf062e1-5e56-4031-80a6-09d2bbfafeb6', '9446e17a-d55d-49b5-8531-dd28e6772d8e', '61298788', 'Jansen Nahum', 'Justo Sanez', '612972', '70e74985-85b5-4ade-b9df-4ca55510451b');
INSERT INTO usuarios (id, email, password_hash, rol, nombre, apellidos, dni, activo) VALUES ('28b6225c-6684-4886-9c92-e1a141596737', '612462@academia.edu', '$2b$10$Kt1WXnRsFi4Ux.r1r8SQD.Ps1ksMrVyIVlHWg9o3Z/3N8hWuZV/3G', 'alumno', 'Luis Roger', 'Lara Mejia Avila', '61240846', true);
INSERT INTO alumnos (id, usuario_id, dni, nombre, apellidos, codigo_barras, aula_id) VALUES ('a444f8b8-6ccf-4c8e-ba44-c37f20c442ce', '28b6225c-6684-4886-9c92-e1a141596737', '61240846', 'Luis Roger', 'Lara Mejia Avila', '612462', '70e74985-85b5-4ade-b9df-4ca55510451b');
INSERT INTO usuarios (id, email, password_hash, rol, nombre, apellidos, dni, activo) VALUES ('74aceff7-0be9-4703-ad1a-c5694abf2250', '603195@academia.edu', '$2b$10$Kt1WXnRsFi4Ux.r1r8SQD.Ps1ksMrVyIVlHWg9o3Z/3N8hWuZV/3G', 'alumno', 'Jans Eliseo', 'Lopez Gonzales', '60311016', true);
INSERT INTO alumnos (id, usuario_id, dni, nombre, apellidos, codigo_barras, aula_id) VALUES ('62e6753a-73a8-4a08-81a5-819c1f128870', '74aceff7-0be9-4703-ad1a-c5694abf2250', '60311016', 'Jans Eliseo', 'Lopez Gonzales', '603195', '70e74985-85b5-4ade-b9df-4ca55510451b');
INSERT INTO usuarios (id, email, password_hash, rol, nombre, apellidos, dni, activo) VALUES ('add15ea6-f7cc-4f48-bd68-a22886edf54e', '614879@academia.edu', '$2b$10$Kt1WXnRsFi4Ux.r1r8SQD.Ps1ksMrVyIVlHWg9o3Z/3N8hWuZV/3G', 'alumno', 'Brayan Dennis', 'Lucero Villanueva', '61480298', true);
INSERT INTO alumnos (id, usuario_id, dni, nombre, apellidos, codigo_barras, aula_id) VALUES ('eec7d2fa-bf23-409e-8a8e-865a36563492', 'add15ea6-f7cc-4f48-bd68-a22886edf54e', '61480298', 'Brayan Dennis', 'Lucero Villanueva', '614879', '70e74985-85b5-4ade-b9df-4ca55510451b');
INSERT INTO usuarios (id, email, password_hash, rol, nombre, apellidos, dni, activo) VALUES ('0cd007ca-0728-4f11-9a1c-39c4964a5ec3', '610606@academia.edu', '$2b$10$Kt1WXnRsFi4Ux.r1r8SQD.Ps1ksMrVyIVlHWg9o3Z/3N8hWuZV/3G', 'alumno', 'Miguel Angel', 'Mautino Lucero', '61064133', true);
INSERT INTO alumnos (id, usuario_id, dni, nombre, apellidos, codigo_barras, aula_id) VALUES ('b474a5e3-9594-49f5-b7a9-ff4cf7343abf', '0cd007ca-0728-4f11-9a1c-39c4964a5ec3', '61064133', 'Miguel Angel', 'Mautino Lucero', '610606', '70e74985-85b5-4ade-b9df-4ca55510451b');
INSERT INTO usuarios (id, email, password_hash, rol, nombre, apellidos, dni, activo) VALUES ('971aec4e-56af-47bd-9ae4-99bdd0138676', '620126@academia.edu', '$2b$10$Kt1WXnRsFi4Ux.r1r8SQD.Ps1ksMrVyIVlHWg9o3Z/3N8hWuZV/3G', 'alumno', 'Deyvis Modesto', 'Moises Prudencio', '62014837', true);
INSERT INTO alumnos (id, usuario_id, dni, nombre, apellidos, codigo_barras, aula_id) VALUES ('4b4d2db7-f49c-426b-a55c-91b8dfd65b60', '971aec4e-56af-47bd-9ae4-99bdd0138676', '62014837', 'Deyvis Modesto', 'Moises Prudencio', '620126', '70e74985-85b5-4ade-b9df-4ca55510451b');
INSERT INTO usuarios (id, email, password_hash, rol, nombre, apellidos, dni, activo) VALUES ('1970b233-4c3b-491b-bf90-9ba5036073d6', '614807@academia.edu', '$2b$10$Kt1WXnRsFi4Ux.r1r8SQD.Ps1ksMrVyIVlHWg9o3Z/3N8hWuZV/3G', 'alumno', 'Sofia Guadalupe', 'Moreno Cueva', '61480304', true);
INSERT INTO alumnos (id, usuario_id, dni, nombre, apellidos, codigo_barras, aula_id) VALUES ('63248417-c101-4463-9cc2-f43bf7dcee8c', '1970b233-4c3b-491b-bf90-9ba5036073d6', '61480304', 'Sofia Guadalupe', 'Moreno Cueva', '614807', '70e74985-85b5-4ade-b9df-4ca55510451b');
INSERT INTO usuarios (id, email, password_hash, rol, nombre, apellidos, dni, activo) VALUES ('0e58488a-8d86-424c-abd7-4ab01d6a0240', '620171@academia.edu', '$2b$10$Kt1WXnRsFi4Ux.r1r8SQD.Ps1ksMrVyIVlHWg9o3Z/3N8hWuZV/3G', 'alumno', 'Deivi Manuel', 'Norabuena Granados', '62014844', true);
INSERT INTO alumnos (id, usuario_id, dni, nombre, apellidos, codigo_barras, aula_id) VALUES ('5f87e0c3-0fb4-4f11-a501-3c54f3897578', '0e58488a-8d86-424c-abd7-4ab01d6a0240', '62014844', 'Deivi Manuel', 'Norabuena Granados', '620171', '70e74985-85b5-4ade-b9df-4ca55510451b');
INSERT INTO usuarios (id, email, password_hash, rol, nombre, apellidos, dni, activo) VALUES ('2978e842-08e8-402e-a0fc-344bb02e004b', '620064@academia.edu', '$2b$10$Kt1WXnRsFi4Ux.r1r8SQD.Ps1ksMrVyIVlHWg9o3Z/3N8hWuZV/3G', 'alumno', 'Liliana Lizet', 'Pariachi Milla', '62009883', true);
INSERT INTO alumnos (id, usuario_id, dni, nombre, apellidos, codigo_barras, aula_id) VALUES ('ec696817-701b-4071-821b-b645f5027cee', '2978e842-08e8-402e-a0fc-344bb02e004b', '62009883', 'Liliana Lizet', 'Pariachi Milla', '620064', '70e74985-85b5-4ade-b9df-4ca55510451b');
INSERT INTO usuarios (id, email, password_hash, rol, nombre, apellidos, dni, activo) VALUES ('82f9032c-df69-4ef2-ad38-47d8cfc2b095', '615280@academia.edu', '$2b$10$Kt1WXnRsFi4Ux.r1r8SQD.Ps1ksMrVyIVlHWg9o3Z/3N8hWuZV/3G', 'alumno', 'Gabriel Iiakov Eliahu', 'Peralta Aranda', '61525645', true);
INSERT INTO alumnos (id, usuario_id, dni, nombre, apellidos, codigo_barras, aula_id) VALUES ('d9268ccb-c63b-48af-abc4-3481639fbfe9', '82f9032c-df69-4ef2-ad38-47d8cfc2b095', '61525645', 'Gabriel Iiakov Eliahu', 'Peralta Aranda', '615280', '70e74985-85b5-4ade-b9df-4ca55510451b');
INSERT INTO usuarios (id, email, password_hash, rol, nombre, apellidos, dni, activo) VALUES ('12825328-764e-4982-b2cf-491235c386aa', '715462@academia.edu', '$2b$10$Kt1WXnRsFi4Ux.r1r8SQD.Ps1ksMrVyIVlHWg9o3Z/3N8hWuZV/3G', 'alumno', 'Moises Josue', 'Quiroz Rosales', '71547428', true);
INSERT INTO alumnos (id, usuario_id, dni, nombre, apellidos, codigo_barras, aula_id) VALUES ('d48e3ec4-ca37-4a88-b131-4241a87e3e56', '12825328-764e-4982-b2cf-491235c386aa', '71547428', 'Moises Josue', 'Quiroz Rosales', '715462', '70e74985-85b5-4ade-b9df-4ca55510451b');
INSERT INTO usuarios (id, email, password_hash, rol, nombre, apellidos, dni, activo) VALUES ('408e5820-5cf5-4669-9209-5fc2ca17a306', '613124@academia.edu', '$2b$10$Kt1WXnRsFi4Ux.r1r8SQD.Ps1ksMrVyIVlHWg9o3Z/3N8hWuZV/3G', 'alumno', 'Leonel Aldair', 'Regalado Aguilar', '61314306', true);
INSERT INTO alumnos (id, usuario_id, dni, nombre, apellidos, codigo_barras, aula_id) VALUES ('944a689a-b85c-4eb1-960c-00e6f64513d8', '408e5820-5cf5-4669-9209-5fc2ca17a306', '61314306', 'Leonel Aldair', 'Regalado Aguilar', '613124', '70e74985-85b5-4ade-b9df-4ca55510451b');
INSERT INTO usuarios (id, email, password_hash, rol, nombre, apellidos, dni, activo) VALUES ('8b63dc75-f737-462b-973e-191beab962fd', '617557@academia.edu', '$2b$10$Kt1WXnRsFi4Ux.r1r8SQD.Ps1ksMrVyIVlHWg9o3Z/3N8hWuZV/3G', 'alumno', 'Velisario Marcio', 'Rivera Rojas', '61750163', true);
INSERT INTO alumnos (id, usuario_id, dni, nombre, apellidos, codigo_barras, aula_id) VALUES ('f810aa68-049f-429d-9d28-7b30157bba28', '8b63dc75-f737-462b-973e-191beab962fd', '61750163', 'Velisario Marcio', 'Rivera Rojas', '617557', '70e74985-85b5-4ade-b9df-4ca55510451b');
INSERT INTO usuarios (id, email, password_hash, rol, nombre, apellidos, dni, activo) VALUES ('afeaa893-71c8-4437-ba36-9f3bb81a310a', '603924@academia.edu', '$2b$10$Kt1WXnRsFi4Ux.r1r8SQD.Ps1ksMrVyIVlHWg9o3Z/3N8hWuZV/3G', 'alumno', 'Mark Andrei', 'Rosas Flores', '60390377', true);
INSERT INTO alumnos (id, usuario_id, dni, nombre, apellidos, codigo_barras, aula_id) VALUES ('c45bb35c-ffdd-4519-835e-b37c178063a9', 'afeaa893-71c8-4437-ba36-9f3bb81a310a', '60390377', 'Mark Andrei', 'Rosas Flores', '603924', '70e74985-85b5-4ade-b9df-4ca55510451b');
INSERT INTO usuarios (id, email, password_hash, rol, nombre, apellidos, dni, activo) VALUES ('9ca8d08d-f531-46d8-890e-e4dce919a235', '601278@academia.edu', '$2b$10$Kt1WXnRsFi4Ux.r1r8SQD.Ps1ksMrVyIVlHWg9o3Z/3N8hWuZV/3G', 'alumno', 'Williams Arturo', 'Sanchez Ramirez', '60124914', true);
INSERT INTO alumnos (id, usuario_id, dni, nombre, apellidos, codigo_barras, aula_id) VALUES ('6b4763be-3748-46e4-ac28-92e00e5f9aef', '9ca8d08d-f531-46d8-890e-e4dce919a235', '60124914', 'Williams Arturo', 'Sanchez Ramirez', '601278', '70e74985-85b5-4ade-b9df-4ca55510451b');
INSERT INTO usuarios (id, email, password_hash, rol, nombre, apellidos, dni, activo) VALUES ('f20c13d6-80b4-4098-b07e-c4675b5f60cb', '603974@academia.edu', '$2b$10$Kt1WXnRsFi4Ux.r1r8SQD.Ps1ksMrVyIVlHWg9o3Z/3N8hWuZV/3G', 'alumno', 'Josued Abner', 'Santos Leiva', '60391960', true);
INSERT INTO alumnos (id, usuario_id, dni, nombre, apellidos, codigo_barras, aula_id) VALUES ('9e0f47c4-55cc-48af-9f42-5993f6877c73', 'f20c13d6-80b4-4098-b07e-c4675b5f60cb', '60391960', 'Josued Abner', 'Santos Leiva', '603974', '70e74985-85b5-4ade-b9df-4ca55510451b');
INSERT INTO usuarios (id, email, password_hash, rol, nombre, apellidos, dni, activo) VALUES ('0403f712-0dd1-4e25-837f-8eb2d16801a1', '613138@academia.edu', '$2b$10$Kt1WXnRsFi4Ux.r1r8SQD.Ps1ksMrVyIVlHWg9o3Z/3N8hWuZV/3G', 'alumno', 'Jhelssin Anthony', 'Shuan Dominguez', '61314541', true);
INSERT INTO alumnos (id, usuario_id, dni, nombre, apellidos, codigo_barras, aula_id) VALUES ('2671860c-b491-4693-96b8-982018a95482', '0403f712-0dd1-4e25-837f-8eb2d16801a1', '61314541', 'Jhelssin Anthony', 'Shuan Dominguez', '613138', '70e74985-85b5-4ade-b9df-4ca55510451b');
INSERT INTO usuarios (id, email, password_hash, rol, nombre, apellidos, dni, activo) VALUES ('c59bfdeb-a048-483e-8466-f46b0625b9a6', '751378@academia.edu', '$2b$10$Kt1WXnRsFi4Ux.r1r8SQD.Ps1ksMrVyIVlHWg9o3Z/3N8hWuZV/3G', 'alumno', 'Erika Mayda', 'Solis Macedo', '75133125', true);
INSERT INTO alumnos (id, usuario_id, dni, nombre, apellidos, codigo_barras, aula_id) VALUES ('830d2141-5725-4cb9-940c-276a3c0f7fd1', 'c59bfdeb-a048-483e-8466-f46b0625b9a6', '75133125', 'Erika Mayda', 'Solis Macedo', '751378', '70e74985-85b5-4ade-b9df-4ca55510451b');
INSERT INTO usuarios (id, email, password_hash, rol, nombre, apellidos, dni, activo) VALUES ('5ccd780e-f594-45b0-b77f-aaa315069e3f', '614421@academia.edu', '$2b$10$Kt1WXnRsFi4Ux.r1r8SQD.Ps1ksMrVyIVlHWg9o3Z/3N8hWuZV/3G', 'alumno', 'Anghelly Mileydi', 'Tadeo Huaman', '61447683', true);
INSERT INTO alumnos (id, usuario_id, dni, nombre, apellidos, codigo_barras, aula_id) VALUES ('0a77ce6b-52bd-4d24-a287-18e85bbcacc6', '5ccd780e-f594-45b0-b77f-aaa315069e3f', '61447683', 'Anghelly Mileydi', 'Tadeo Huaman', '614421', '70e74985-85b5-4ade-b9df-4ca55510451b');
INSERT INTO usuarios (id, email, password_hash, rol, nombre, apellidos, dni, activo) VALUES ('822e4a3a-5448-4c6a-a249-ac4c388c0f33', '613139@academia.edu', '$2b$10$Kt1WXnRsFi4Ux.r1r8SQD.Ps1ksMrVyIVlHWg9o3Z/3N8hWuZV/3G', 'alumno', 'Gianella Jimena', 'Torre Jacome', '61314649', true);
INSERT INTO alumnos (id, usuario_id, dni, nombre, apellidos, codigo_barras, aula_id) VALUES ('fb487f57-a703-4c2a-8a4e-1a9812f6f9bd', '822e4a3a-5448-4c6a-a249-ac4c388c0f33', '61314649', 'Gianella Jimena', 'Torre Jacome', '613139', '70e74985-85b5-4ade-b9df-4ca55510451b');
INSERT INTO usuarios (id, email, password_hash, rol, nombre, apellidos, dni, activo) VALUES ('657f8d76-b585-46d2-9253-609c6a248ef4', '616324@academia.edu', '$2b$10$Kt1WXnRsFi4Ux.r1r8SQD.Ps1ksMrVyIVlHWg9o3Z/3N8hWuZV/3G', 'alumno', 'Jeferson David', 'Trejo Herrera', '61631488', true);
INSERT INTO alumnos (id, usuario_id, dni, nombre, apellidos, codigo_barras, aula_id) VALUES ('90abffa1-b3e6-4a6a-b33e-b41bfd1e49c6', '657f8d76-b585-46d2-9253-609c6a248ef4', '61631488', 'Jeferson David', 'Trejo Herrera', '616324', '70e74985-85b5-4ade-b9df-4ca55510451b');
INSERT INTO usuarios (id, email, password_hash, rol, nombre, apellidos, dni, activo) VALUES ('1986474f-83a6-48a9-954f-006fb363b026', '603395@academia.edu', '$2b$10$Kt1WXnRsFi4Ux.r1r8SQD.Ps1ksMrVyIVlHWg9o3Z/3N8hWuZV/3G', 'alumno', 'Rebeca Marilu', 'Trujillo Huerta', '60336893', true);
INSERT INTO alumnos (id, usuario_id, dni, nombre, apellidos, codigo_barras, aula_id) VALUES ('4cb43402-cf4b-4474-91ea-d6b1fad7bfa4', '1986474f-83a6-48a9-954f-006fb363b026', '60336893', 'Rebeca Marilu', 'Trujillo Huerta', '603395', '70e74985-85b5-4ade-b9df-4ca55510451b');
INSERT INTO usuarios (id, email, password_hash, rol, nombre, apellidos, dni, activo) VALUES ('85a09a03-5a75-4e11-a62f-c481e96f01fb', '614055@academia.edu', '$2b$10$Kt1WXnRsFi4Ux.r1r8SQD.Ps1ksMrVyIVlHWg9o3Z/3N8hWuZV/3G', 'alumno', 'Romi Valentina', 'Vera Lizarzaburo', '61406551', true);
INSERT INTO alumnos (id, usuario_id, dni, nombre, apellidos, codigo_barras, aula_id) VALUES ('ef812a0d-9a61-4a35-99c1-be0601c932af', '85a09a03-5a75-4e11-a62f-c481e96f01fb', '61406551', 'Romi Valentina', 'Vera Lizarzaburo', '614055', '70e74985-85b5-4ade-b9df-4ca55510451b');
INSERT INTO usuarios (id, email, password_hash, rol, nombre, apellidos, dni, activo) VALUES ('d80eb294-9bcb-43f0-8bf6-99049bb99b4e', '611508@academia.edu', '$2b$10$Kt1WXnRsFi4Ux.r1r8SQD.Ps1ksMrVyIVlHWg9o3Z/3N8hWuZV/3G', 'alumno', 'Delina Elizabeth', 'Zarzosa Guerrero', '61155524', true);
INSERT INTO alumnos (id, usuario_id, dni, nombre, apellidos, codigo_barras, aula_id) VALUES ('9dd95f19-0823-4a64-9665-7561dfbd9162', 'd80eb294-9bcb-43f0-8bf6-99049bb99b4e', '61155524', 'Delina Elizabeth', 'Zarzosa Guerrero', '611508', '70e74985-85b5-4ade-b9df-4ca55510451b');
INSERT INTO usuarios (id, email, password_hash, rol, nombre, apellidos, dni, activo) VALUES ('1bef8743-f8ac-42bf-85d2-9f711e4c2eb4', '615171@academia.edu', '$2b$10$Kt1WXnRsFi4Ux.r1r8SQD.Ps1ksMrVyIVlHWg9o3Z/3N8hWuZV/3G', 'alumno', 'Eduard Rodrigo', 'Angeles Guerrero', '61517133', true);
INSERT INTO alumnos (id, usuario_id, dni, nombre, apellidos, codigo_barras, aula_id) VALUES ('236eba19-2fe2-4f11-a80d-f73d726e7f1f', '1bef8743-f8ac-42bf-85d2-9f711e4c2eb4', '61517133', 'Eduard Rodrigo', 'Angeles Guerrero', '615171', 'a41e627c-0222-4b7c-a6c6-3dc33646475e');
INSERT INTO usuarios (id, email, password_hash, rol, nombre, apellidos, dni, activo) VALUES ('921b4c64-dbdb-4aa3-801e-0a43a18b6b02', '602625@academia.edu', '$2b$10$Kt1WXnRsFi4Ux.r1r8SQD.Ps1ksMrVyIVlHWg9o3Z/3N8hWuZV/3G', 'alumno', 'Jhohan Edson', 'Arellan Soriano', '60267844', true);
INSERT INTO alumnos (id, usuario_id, dni, nombre, apellidos, codigo_barras, aula_id) VALUES ('3106ef50-bdbf-4989-9c71-c11743238b26', '921b4c64-dbdb-4aa3-801e-0a43a18b6b02', '60267844', 'Jhohan Edson', 'Arellan Soriano', '602625', 'a41e627c-0222-4b7c-a6c6-3dc33646475e');
INSERT INTO usuarios (id, email, password_hash, rol, nombre, apellidos, dni, activo) VALUES ('d9a0d52f-327f-415c-bd69-abe36867e28b', '473992@academia.edu', '$2b$10$Kt1WXnRsFi4Ux.r1r8SQD.Ps1ksMrVyIVlHWg9o3Z/3N8hWuZV/3G', 'alumno', 'Erik Jhoel', 'Calvo Guzman', '47392922', true);
INSERT INTO alumnos (id, usuario_id, dni, nombre, apellidos, codigo_barras, aula_id) VALUES ('dc9c3c9a-be8d-409c-a812-d055e638d842', 'd9a0d52f-327f-415c-bd69-abe36867e28b', '47392922', 'Erik Jhoel', 'Calvo Guzman', '473992', 'a41e627c-0222-4b7c-a6c6-3dc33646475e');
INSERT INTO usuarios (id, email, password_hash, rol, nombre, apellidos, dni, activo) VALUES ('dc6a3adf-e6ab-4917-a29f-1453bd8acca1', '607029@academia.edu', '$2b$10$Kt1WXnRsFi4Ux.r1r8SQD.Ps1ksMrVyIVlHWg9o3Z/3N8hWuZV/3G', 'alumno', 'Franco Adriano', 'Castillo Gallardo', '60708031', true);
INSERT INTO alumnos (id, usuario_id, dni, nombre, apellidos, codigo_barras, aula_id) VALUES ('e92b6892-7a6a-4830-9cce-b43dfd8b6b13', 'dc6a3adf-e6ab-4917-a29f-1453bd8acca1', '60708031', 'Franco Adriano', 'Castillo Gallardo', '607029', 'a41e627c-0222-4b7c-a6c6-3dc33646475e');
INSERT INTO usuarios (id, email, password_hash, rol, nombre, apellidos, dni, activo) VALUES ('04e1dc0f-16d1-4fc6-a55c-4e9dda3f6d8d', '752002@academia.edu', '$2b$10$Kt1WXnRsFi4Ux.r1r8SQD.Ps1ksMrVyIVlHWg9o3Z/3N8hWuZV/3G', 'alumno', 'Cristian Nelson', 'Chavez Medina', '75206582', true);
INSERT INTO alumnos (id, usuario_id, dni, nombre, apellidos, codigo_barras, aula_id) VALUES ('4caf1598-d858-4aa1-8fc7-84dc1af02313', '04e1dc0f-16d1-4fc6-a55c-4e9dda3f6d8d', '75206582', 'Cristian Nelson', 'Chavez Medina', '752002', 'a41e627c-0222-4b7c-a6c6-3dc33646475e');
INSERT INTO usuarios (id, email, password_hash, rol, nombre, apellidos, dni, activo) VALUES ('b69b5ed3-b8fd-4813-a386-220ec48614fe', '601258@academia.edu', '$2b$10$Kt1WXnRsFi4Ux.r1r8SQD.Ps1ksMrVyIVlHWg9o3Z/3N8hWuZV/3G', 'alumno', 'Jhunior Alex', 'Cochachin Cochachin', '60123458', true);
INSERT INTO alumnos (id, usuario_id, dni, nombre, apellidos, codigo_barras, aula_id) VALUES ('8cfc8a4f-98a0-44eb-b75f-fd93862d1cd2', 'b69b5ed3-b8fd-4813-a386-220ec48614fe', '60123458', 'Jhunior Alex', 'Cochachin Cochachin', '601258', 'a41e627c-0222-4b7c-a6c6-3dc33646475e');
INSERT INTO usuarios (id, email, password_hash, rol, nombre, apellidos, dni, activo) VALUES ('95fb24ee-577c-40fc-8ac1-8cc181d4fea4', '605343@academia.edu', '$2b$10$Kt1WXnRsFi4Ux.r1r8SQD.Ps1ksMrVyIVlHWg9o3Z/3N8hWuZV/3G', 'alumno', 'Milagros Keyla', 'De La Cruz Apolinario', '60539822', true);
INSERT INTO alumnos (id, usuario_id, dni, nombre, apellidos, codigo_barras, aula_id) VALUES ('0a0ac2d7-edfc-4bfc-8125-873b40f7a1cd', '95fb24ee-577c-40fc-8ac1-8cc181d4fea4', '60539822', 'Milagros Keyla', 'De La Cruz Apolinario', '605343', 'a41e627c-0222-4b7c-a6c6-3dc33646475e');
INSERT INTO usuarios (id, email, password_hash, rol, nombre, apellidos, dni, activo) VALUES ('406c4e09-3225-40d4-b984-58d327f8f58e', '615588@academia.edu', '$2b$10$Kt1WXnRsFi4Ux.r1r8SQD.Ps1ksMrVyIVlHWg9o3Z/3N8hWuZV/3G', 'alumno', 'Henry Raul', 'Granados Rayo', '61557564', true);
INSERT INTO alumnos (id, usuario_id, dni, nombre, apellidos, codigo_barras, aula_id) VALUES ('30d9132d-2935-46cd-abdc-205021b22f28', '406c4e09-3225-40d4-b984-58d327f8f58e', '61557564', 'Henry Raul', 'Granados Rayo', '615588', 'a41e627c-0222-4b7c-a6c6-3dc33646475e');
INSERT INTO usuarios (id, email, password_hash, rol, nombre, apellidos, dni, activo) VALUES ('1aecc72d-84a0-4f3b-9e5d-3c273656fada', '601858@academia.edu', '$2b$10$Kt1WXnRsFi4Ux.r1r8SQD.Ps1ksMrVyIVlHWg9o3Z/3N8hWuZV/3G', 'alumno', 'Jhojan Fano', 'Haro Jaramillo', '60186563', true);
INSERT INTO alumnos (id, usuario_id, dni, nombre, apellidos, codigo_barras, aula_id) VALUES ('94b9c06c-ba15-42e0-be54-ec63abeaef86', '1aecc72d-84a0-4f3b-9e5d-3c273656fada', '60186563', 'Jhojan Fano', 'Haro Jaramillo', '601858', 'a41e627c-0222-4b7c-a6c6-3dc33646475e');
INSERT INTO usuarios (id, email, password_hash, rol, nombre, apellidos, dni, activo) VALUES ('90b53c01-e1b8-4574-aca1-6f2fdbf809b8', '614866@academia.edu', '$2b$10$Kt1WXnRsFi4Ux.r1r8SQD.Ps1ksMrVyIVlHWg9o3Z/3N8hWuZV/3G', 'alumno', 'Sebastian Mathias', 'Jamanca Manrique', '61480360', true);
INSERT INTO alumnos (id, usuario_id, dni, nombre, apellidos, codigo_barras, aula_id) VALUES ('c6fb9c2a-61f3-42b6-8a4a-b10cc2e602da', '90b53c01-e1b8-4574-aca1-6f2fdbf809b8', '61480360', 'Sebastian Mathias', 'Jamanca Manrique', '614866', 'a41e627c-0222-4b7c-a6c6-3dc33646475e');
INSERT INTO usuarios (id, email, password_hash, rol, nombre, apellidos, dni, activo) VALUES ('a3b0aa81-a3b9-4487-951a-5f444c89b160', '600224@academia.edu', '$2b$10$Kt1WXnRsFi4Ux.r1r8SQD.Ps1ksMrVyIVlHWg9o3Z/3N8hWuZV/3G', 'alumno', 'Deyvis Ademir', 'Jara Salas', '60022712', true);
INSERT INTO alumnos (id, usuario_id, dni, nombre, apellidos, codigo_barras, aula_id) VALUES ('55e03e5b-2a3e-4e50-a527-7732b57eb83b', 'a3b0aa81-a3b9-4487-951a-5f444c89b160', '60022712', 'Deyvis Ademir', 'Jara Salas', '600224', 'a41e627c-0222-4b7c-a6c6-3dc33646475e');
INSERT INTO usuarios (id, email, password_hash, rol, nombre, apellidos, dni, activo) VALUES ('2d4633c3-793e-4c08-88b4-0062f8aebf2f', '603724@academia.edu', '$2b$10$Kt1WXnRsFi4Ux.r1r8SQD.Ps1ksMrVyIVlHWg9o3Z/3N8hWuZV/3G', 'alumno', 'Thoni Jhickler', 'Jara Vega', '60374453', true);
INSERT INTO alumnos (id, usuario_id, dni, nombre, apellidos, codigo_barras, aula_id) VALUES ('b6b17022-a846-413d-a43c-fe01e5f1d325', '2d4633c3-793e-4c08-88b4-0062f8aebf2f', '60374453', 'Thoni Jhickler', 'Jara Vega', '603724', 'a41e627c-0222-4b7c-a6c6-3dc33646475e');
INSERT INTO usuarios (id, email, password_hash, rol, nombre, apellidos, dni, activo) VALUES ('c2cf538c-8bb1-4dbb-aec4-37aabed2a008', '616091@academia.edu', '$2b$10$Kt1WXnRsFi4Ux.r1r8SQD.Ps1ksMrVyIVlHWg9o3Z/3N8hWuZV/3G', 'alumno', 'Esthefany Ximena', 'Julca Ñope', '61608268', true);
INSERT INTO alumnos (id, usuario_id, dni, nombre, apellidos, codigo_barras, aula_id) VALUES ('dd34f83e-7a00-422c-b5ce-209faba8969f', 'c2cf538c-8bb1-4dbb-aec4-37aabed2a008', '61608268', 'Esthefany Ximena', 'Julca Ñope', '616091', 'a41e627c-0222-4b7c-a6c6-3dc33646475e');
INSERT INTO usuarios (id, email, password_hash, rol, nombre, apellidos, dni, activo) VALUES ('322923eb-43da-40a7-88eb-1a077a830c64', '601211@academia.edu', '$2b$10$Kt1WXnRsFi4Ux.r1r8SQD.Ps1ksMrVyIVlHWg9o3Z/3N8hWuZV/3G', 'alumno', 'Abrahan Eliceo', 'Lezameta Montalvo', '60124753', true);
INSERT INTO alumnos (id, usuario_id, dni, nombre, apellidos, codigo_barras, aula_id) VALUES ('a2e2095d-6ad7-45ab-b665-728c822ac761', '322923eb-43da-40a7-88eb-1a077a830c64', '60124753', 'Abrahan Eliceo', 'Lezameta Montalvo', '601211', 'a41e627c-0222-4b7c-a6c6-3dc33646475e');
INSERT INTO usuarios (id, email, password_hash, rol, nombre, apellidos, dni, activo) VALUES ('41213475-da10-4c5e-b295-e391d8a693a8', '720228@academia.edu', '$2b$10$Kt1WXnRsFi4Ux.r1r8SQD.Ps1ksMrVyIVlHWg9o3Z/3N8hWuZV/3G', 'alumno', 'Jefferson', 'Lezameta Montalvo', '72026656', true);
INSERT INTO alumnos (id, usuario_id, dni, nombre, apellidos, codigo_barras, aula_id) VALUES ('2e2be309-bcac-44f9-9c85-c476861b6c68', '41213475-da10-4c5e-b295-e391d8a693a8', '72026656', 'Jefferson', 'Lezameta Montalvo', '720228', 'a41e627c-0222-4b7c-a6c6-3dc33646475e');
INSERT INTO usuarios (id, email, password_hash, rol, nombre, apellidos, dni, activo) VALUES ('09454d13-9b0e-4510-887a-9af20f6e3ac6', '603293@academia.edu', '$2b$10$Kt1WXnRsFi4Ux.r1r8SQD.Ps1ksMrVyIVlHWg9o3Z/3N8hWuZV/3G', 'alumno', 'Zarahi Jannelly', 'Mejia Maguiña', '60320184', true);
INSERT INTO alumnos (id, usuario_id, dni, nombre, apellidos, codigo_barras, aula_id) VALUES ('05313555-639f-439b-88bd-46ad6d1a187d', '09454d13-9b0e-4510-887a-9af20f6e3ac6', '60320184', 'Zarahi Jannelly', 'Mejia Maguiña', '603293', 'a41e627c-0222-4b7c-a6c6-3dc33646475e');
INSERT INTO usuarios (id, email, password_hash, rol, nombre, apellidos, dni, activo) VALUES ('428b8971-3ccd-4757-9bc6-6267898f7066', '776927@academia.edu', '$2b$10$Kt1WXnRsFi4Ux.r1r8SQD.Ps1ksMrVyIVlHWg9o3Z/3N8hWuZV/3G', 'alumno', 'Maite Ysabel', 'Melgarejo Condor', '77698717', true);
INSERT INTO alumnos (id, usuario_id, dni, nombre, apellidos, codigo_barras, aula_id) VALUES ('6866bafe-4d9b-49f0-93d3-82a863e3574e', '428b8971-3ccd-4757-9bc6-6267898f7066', '77698717', 'Maite Ysabel', 'Melgarejo Condor', '776927', 'a41e627c-0222-4b7c-a6c6-3dc33646475e');
INSERT INTO usuarios (id, email, password_hash, rol, nombre, apellidos, dni, activo) VALUES ('7349fb49-3fc1-4888-bc33-f315d273ad88', '612335@academia.edu', '$2b$10$Kt1WXnRsFi4Ux.r1r8SQD.Ps1ksMrVyIVlHWg9o3Z/3N8hWuZV/3G', 'alumno', 'Ronal Cleiber', 'Melgarejo Mendoza', '61233111', true);
INSERT INTO alumnos (id, usuario_id, dni, nombre, apellidos, codigo_barras, aula_id) VALUES ('6e415d28-247a-4d91-89b2-82dc555e8995', '7349fb49-3fc1-4888-bc33-f315d273ad88', '61233111', 'Ronal Cleiber', 'Melgarejo Mendoza', '612335', 'a41e627c-0222-4b7c-a6c6-3dc33646475e');
INSERT INTO usuarios (id, email, password_hash, rol, nombre, apellidos, dni, activo) VALUES ('46a2a67b-f251-41b0-bd1f-94ef59965e93', '608768@academia.edu', '$2b$10$Kt1WXnRsFi4Ux.r1r8SQD.Ps1ksMrVyIVlHWg9o3Z/3N8hWuZV/3G', 'alumno', 'Marianela Anacristina', 'Morales Caldua', '60876051', true);
INSERT INTO alumnos (id, usuario_id, dni, nombre, apellidos, codigo_barras, aula_id) VALUES ('3999a69c-c416-4634-9fa3-78092570d251', '46a2a67b-f251-41b0-bd1f-94ef59965e93', '60876051', 'Marianela Anacristina', 'Morales Caldua', '608768', 'a41e627c-0222-4b7c-a6c6-3dc33646475e');
INSERT INTO usuarios (id, email, password_hash, rol, nombre, apellidos, dni, activo) VALUES ('c423faa3-aae2-4d56-a055-fd3905172270', '603263@academia.edu', '$2b$10$Kt1WXnRsFi4Ux.r1r8SQD.Ps1ksMrVyIVlHWg9o3Z/3N8hWuZV/3G', 'alumno', 'Kevin Jhosep', 'Moreno Minaya', '60323971', true);
INSERT INTO alumnos (id, usuario_id, dni, nombre, apellidos, codigo_barras, aula_id) VALUES ('bb2e640d-079c-4bf9-90b7-dd3459bbe05d', 'c423faa3-aae2-4d56-a055-fd3905172270', '60323971', 'Kevin Jhosep', 'Moreno Minaya', '603263', 'a41e627c-0222-4b7c-a6c6-3dc33646475e');
INSERT INTO usuarios (id, email, password_hash, rol, nombre, apellidos, dni, activo) VALUES ('532c8ba1-41c9-404b-a0ac-ab173a133714', '614447@academia.edu', '$2b$10$Kt1WXnRsFi4Ux.r1r8SQD.Ps1ksMrVyIVlHWg9o3Z/3N8hWuZV/3G', 'alumno', 'Jhonel Oswaldo Kevin', 'Natividad Botin', '61447721', true);
INSERT INTO alumnos (id, usuario_id, dni, nombre, apellidos, codigo_barras, aula_id) VALUES ('6d71b4f4-8ca4-4e09-85c6-adb3445ba015', '532c8ba1-41c9-404b-a0ac-ab173a133714', '61447721', 'Jhonel Oswaldo Kevin', 'Natividad Botin', '614447', 'a41e627c-0222-4b7c-a6c6-3dc33646475e');
INSERT INTO usuarios (id, email, password_hash, rol, nombre, apellidos, dni, activo) VALUES ('ddcb2018-ee9e-4355-8ec4-3dfb84408b28', '725874@academia.edu', '$2b$10$Kt1WXnRsFi4Ux.r1r8SQD.Ps1ksMrVyIVlHWg9o3Z/3N8hWuZV/3G', 'alumno', 'Judith Lina', 'Pineda Medina', '72581769', true);
INSERT INTO alumnos (id, usuario_id, dni, nombre, apellidos, codigo_barras, aula_id) VALUES ('8f3173a0-fa42-4561-8310-7a411317d827', 'ddcb2018-ee9e-4355-8ec4-3dfb84408b28', '72581769', 'Judith Lina', 'Pineda Medina', '725874', 'a41e627c-0222-4b7c-a6c6-3dc33646475e');
INSERT INTO usuarios (id, email, password_hash, rol, nombre, apellidos, dni, activo) VALUES ('a18090e7-9372-4f10-9f26-34cd2aeebafc', '602376@academia.edu', '$2b$10$Kt1WXnRsFi4Ux.r1r8SQD.Ps1ksMrVyIVlHWg9o3Z/3N8hWuZV/3G', 'alumno', 'Anyelina Rosario', 'Ramirez Maza', '60230289', true);
INSERT INTO alumnos (id, usuario_id, dni, nombre, apellidos, codigo_barras, aula_id) VALUES ('1f53e820-d680-45a1-bfb2-ce6f47619100', 'a18090e7-9372-4f10-9f26-34cd2aeebafc', '60230289', 'Anyelina Rosario', 'Ramirez Maza', '602376', 'a41e627c-0222-4b7c-a6c6-3dc33646475e');
INSERT INTO usuarios (id, email, password_hash, rol, nombre, apellidos, dni, activo) VALUES ('b5041d51-8c70-479a-b77b-dc49ce4a9671', '807406@academia.edu', '$2b$10$Kt1WXnRsFi4Ux.r1r8SQD.Ps1ksMrVyIVlHWg9o3Z/3N8hWuZV/3G', 'alumno', 'Alex Yosimir', 'Rapray Jara', '80741211', true);
INSERT INTO alumnos (id, usuario_id, dni, nombre, apellidos, codigo_barras, aula_id) VALUES ('1b8dcaa6-2fe5-40c6-9350-aa23a7e67b84', 'b5041d51-8c70-479a-b77b-dc49ce4a9671', '80741211', 'Alex Yosimir', 'Rapray Jara', '807406', 'a41e627c-0222-4b7c-a6c6-3dc33646475e');
INSERT INTO usuarios (id, email, password_hash, rol, nombre, apellidos, dni, activo) VALUES ('be5eb487-8295-4a8c-9884-c045404a578d', '603844@academia.edu', '$2b$10$Kt1WXnRsFi4Ux.r1r8SQD.Ps1ksMrVyIVlHWg9o3Z/3N8hWuZV/3G', 'alumno', 'Neysha Jhaky', 'Sales Moreno', '60389110', true);
INSERT INTO alumnos (id, usuario_id, dni, nombre, apellidos, codigo_barras, aula_id) VALUES ('5d944a5d-24b5-4549-b07b-fa118b0753eb', 'be5eb487-8295-4a8c-9884-c045404a578d', '60389110', 'Neysha Jhaky', 'Sales Moreno', '603844', 'a41e627c-0222-4b7c-a6c6-3dc33646475e');
INSERT INTO usuarios (id, email, password_hash, rol, nombre, apellidos, dni, activo) VALUES ('f852d07d-2df6-4bc9-88a1-660cf79e4975', '609227@academia.edu', '$2b$10$Kt1WXnRsFi4Ux.r1r8SQD.Ps1ksMrVyIVlHWg9o3Z/3N8hWuZV/3G', 'alumno', 'Elby Giovanny', 'Sanchez Casimiro', '60927568', true);
INSERT INTO alumnos (id, usuario_id, dni, nombre, apellidos, codigo_barras, aula_id) VALUES ('045c64d4-a9f0-40d3-843a-844deb869217', 'f852d07d-2df6-4bc9-88a1-660cf79e4975', '60927568', 'Elby Giovanny', 'Sanchez Casimiro', '609227', 'a41e627c-0222-4b7c-a6c6-3dc33646475e');
INSERT INTO usuarios (id, email, password_hash, rol, nombre, apellidos, dni, activo) VALUES ('5f891054-44eb-4b61-bd21-ce83e84b41ac', '602550@academia.edu', '$2b$10$Kt1WXnRsFi4Ux.r1r8SQD.Ps1ksMrVyIVlHWg9o3Z/3N8hWuZV/3G', 'alumno', 'Rosalinda Tatiana', 'Sanchez Paucar', '60250830', true);
INSERT INTO alumnos (id, usuario_id, dni, nombre, apellidos, codigo_barras, aula_id) VALUES ('347504bf-e0e1-40c3-9f9a-e0470535c585', '5f891054-44eb-4b61-bd21-ce83e84b41ac', '60250830', 'Rosalinda Tatiana', 'Sanchez Paucar', '602550', 'a41e627c-0222-4b7c-a6c6-3dc33646475e');
INSERT INTO usuarios (id, email, password_hash, rol, nombre, apellidos, dni, activo) VALUES ('110386a7-353b-4377-86d0-dba56e8104e2', '608393@academia.edu', '$2b$10$Kt1WXnRsFi4Ux.r1r8SQD.Ps1ksMrVyIVlHWg9o3Z/3N8hWuZV/3G', 'alumno', 'Nicolas Jhonny', 'Significacion Mejia', '60839812', true);
INSERT INTO alumnos (id, usuario_id, dni, nombre, apellidos, codigo_barras, aula_id) VALUES ('e2243ed0-b01d-4122-b34d-ca45a017b877', '110386a7-353b-4377-86d0-dba56e8104e2', '60839812', 'Nicolas Jhonny', 'Significacion Mejia', '608393', 'a41e627c-0222-4b7c-a6c6-3dc33646475e');
INSERT INTO usuarios (id, email, password_hash, rol, nombre, apellidos, dni, activo) VALUES ('b18f4075-16e2-433e-9d9c-5c5e7d1e6e79', '707116@academia.edu', '$2b$10$Kt1WXnRsFi4Ux.r1r8SQD.Ps1ksMrVyIVlHWg9o3Z/3N8hWuZV/3G', 'alumno', 'Marializ Jimena', 'Vega Ayala', '70719297', true);
INSERT INTO alumnos (id, usuario_id, dni, nombre, apellidos, codigo_barras, aula_id) VALUES ('532abcf4-99e9-4c25-8a7b-ab831522fd40', 'b18f4075-16e2-433e-9d9c-5c5e7d1e6e79', '70719297', 'Marializ Jimena', 'Vega Ayala', '707116', 'a41e627c-0222-4b7c-a6c6-3dc33646475e');
INSERT INTO usuarios (id, email, password_hash, rol, nombre, apellidos, dni, activo) VALUES ('02133cde-93c2-4200-9677-6a17f414cb4d', '605380@academia.edu', '$2b$10$Kt1WXnRsFi4Ux.r1r8SQD.Ps1ksMrVyIVlHWg9o3Z/3N8hWuZV/3G', 'alumno', 'Robert Jheyson', 'Vidal Apeña', '60539815', true);
INSERT INTO alumnos (id, usuario_id, dni, nombre, apellidos, codigo_barras, aula_id) VALUES ('6ad8312c-69c1-4e55-bd00-364cebb4f4c3', '02133cde-93c2-4200-9677-6a17f414cb4d', '60539815', 'Robert Jheyson', 'Vidal Apeña', '605380', 'a41e627c-0222-4b7c-a6c6-3dc33646475e');
INSERT INTO usuarios (id, email, password_hash, rol, nombre, apellidos, dni, activo) VALUES ('480b1bb3-f51d-4ef0-8f96-388aef49328b', '750057@academia.edu', '$2b$10$Kt1WXnRsFi4Ux.r1r8SQD.Ps1ksMrVyIVlHWg9o3Z/3N8hWuZV/3G', 'alumno', 'Edinson Dalyn', 'Yunca Flores', '75004791', true);
INSERT INTO alumnos (id, usuario_id, dni, nombre, apellidos, codigo_barras, aula_id) VALUES ('23b625b4-2c88-489c-a0eb-8767a2340ac4', '480b1bb3-f51d-4ef0-8f96-388aef49328b', '75004791', 'Edinson Dalyn', 'Yunca Flores', '750057', 'a41e627c-0222-4b7c-a6c6-3dc33646475e');
INSERT INTO usuarios (id, email, password_hash, rol, nombre, apellidos, dni, activo) VALUES ('7c99c208-3f4e-40aa-9109-d2342010aa23', '614060@academia.edu', '$2b$10$Kt1WXnRsFi4Ux.r1r8SQD.Ps1ksMrVyIVlHWg9o3Z/3N8hWuZV/3G', 'alumno', 'Deyvis Kevin', 'Achic Cajaleon', '61409539', true);
INSERT INTO alumnos (id, usuario_id, dni, nombre, apellidos, codigo_barras, aula_id) VALUES ('b25461f2-ef59-4595-8e92-006b849f5561', '7c99c208-3f4e-40aa-9109-d2342010aa23', '61409539', 'Deyvis Kevin', 'Achic Cajaleon', '614060', '9b4917ab-bb24-46ce-b761-62031913cb59');
INSERT INTO usuarios (id, email, password_hash, rol, nombre, apellidos, dni, activo) VALUES ('5457218d-0e8a-4ffe-ae6c-b1541f9fe977', '601259@academia.edu', '$2b$10$Kt1WXnRsFi4Ux.r1r8SQD.Ps1ksMrVyIVlHWg9o3Z/3N8hWuZV/3G', 'alumno', 'Jheyson Fernando', 'Aguilar Moreno', '60125346', true);
INSERT INTO alumnos (id, usuario_id, dni, nombre, apellidos, codigo_barras, aula_id) VALUES ('93f731e3-6a78-4128-ba0c-1f0142689a9c', '5457218d-0e8a-4ffe-ae6c-b1541f9fe977', '60125346', 'Jheyson Fernando', 'Aguilar Moreno', '601259', '9b4917ab-bb24-46ce-b761-62031913cb59');
INSERT INTO usuarios (id, email, password_hash, rol, nombre, apellidos, dni, activo) VALUES ('c06758d9-e4dd-4789-a5a1-42d34bef05e4', '606771@academia.edu', '$2b$10$Kt1WXnRsFi4Ux.r1r8SQD.Ps1ksMrVyIVlHWg9o3Z/3N8hWuZV/3G', 'alumno', 'Blanca Estefani', 'Aguirre Morales', '60677188', true);
INSERT INTO alumnos (id, usuario_id, dni, nombre, apellidos, codigo_barras, aula_id) VALUES ('d534976d-519a-4475-a844-0d2e444bb29b', 'c06758d9-e4dd-4789-a5a1-42d34bef05e4', '60677188', 'Blanca Estefani', 'Aguirre Morales', '606771', '9b4917ab-bb24-46ce-b761-62031913cb59');
INSERT INTO usuarios (id, email, password_hash, rol, nombre, apellidos, dni, activo) VALUES ('a3769240-be05-44ed-a02a-5b3e75f834fa', '609821@academia.edu', '$2b$10$Kt1WXnRsFi4Ux.r1r8SQD.Ps1ksMrVyIVlHWg9o3Z/3N8hWuZV/3G', 'alumno', 'Brighit Esmeralda', 'Albino Lucero', '60983940', true);
INSERT INTO alumnos (id, usuario_id, dni, nombre, apellidos, codigo_barras, aula_id) VALUES ('4c9df644-baa3-40c3-834d-d3c01c04d4f2', 'a3769240-be05-44ed-a02a-5b3e75f834fa', '60983940', 'Brighit Esmeralda', 'Albino Lucero', '609821', '9b4917ab-bb24-46ce-b761-62031913cb59');
INSERT INTO usuarios (id, email, password_hash, rol, nombre, apellidos, dni, activo) VALUES ('f42a6b5e-d898-4037-acf9-78b170bce726', '603111@academia.edu', '$2b$10$Kt1WXnRsFi4Ux.r1r8SQD.Ps1ksMrVyIVlHWg9o3Z/3N8hWuZV/3G', 'alumno', 'Yasser Joshua', 'Ayala Villon', '60311587', true);
INSERT INTO alumnos (id, usuario_id, dni, nombre, apellidos, codigo_barras, aula_id) VALUES ('ed9d166e-71b8-4d74-84e2-ea65f23c37f7', 'f42a6b5e-d898-4037-acf9-78b170bce726', '60311587', 'Yasser Joshua', 'Ayala Villon', '603111', '9b4917ab-bb24-46ce-b761-62031913cb59');
INSERT INTO usuarios (id, email, password_hash, rol, nombre, apellidos, dni, activo) VALUES ('bfe57621-f7fc-4b3c-8320-35a2ee7f41f2', '620106@academia.edu', '$2b$10$Kt1WXnRsFi4Ux.r1r8SQD.Ps1ksMrVyIVlHWg9o3Z/3N8hWuZV/3G', 'alumno', 'Gustavo Dionicio', 'Azaña Cordova', '62014997', true);
INSERT INTO alumnos (id, usuario_id, dni, nombre, apellidos, codigo_barras, aula_id) VALUES ('bb61f294-8da7-4be3-a478-3aada792e970', 'bfe57621-f7fc-4b3c-8320-35a2ee7f41f2', '62014997', 'Gustavo Dionicio', 'Azaña Cordova', '620106', '9b4917ab-bb24-46ce-b761-62031913cb59');
INSERT INTO usuarios (id, email, password_hash, rol, nombre, apellidos, dni, activo) VALUES ('317591d8-9187-417c-9dae-0db509a59996', '616145@academia.edu', '$2b$10$Kt1WXnRsFi4Ux.r1r8SQD.Ps1ksMrVyIVlHWg9o3Z/3N8hWuZV/3G', 'alumno', 'Ithoe Christale', 'Barreto Tinoco', '61612994', true);
INSERT INTO alumnos (id, usuario_id, dni, nombre, apellidos, codigo_barras, aula_id) VALUES ('6892b157-13a6-4a54-bb1c-92e9d83a99e6', '317591d8-9187-417c-9dae-0db509a59996', '61612994', 'Ithoe Christale', 'Barreto Tinoco', '616145', '9b4917ab-bb24-46ce-b761-62031913cb59');
INSERT INTO usuarios (id, email, password_hash, rol, nombre, apellidos, dni, activo) VALUES ('366ed6ed-37c2-4ec5-bb84-4b7da060634c', '601999@academia.edu', '$2b$10$Kt1WXnRsFi4Ux.r1r8SQD.Ps1ksMrVyIVlHWg9o3Z/3N8hWuZV/3G', 'alumno', 'Yenmer Edisson', 'Bazan Ocaña', '60191924', true);
INSERT INTO alumnos (id, usuario_id, dni, nombre, apellidos, codigo_barras, aula_id) VALUES ('2d2ccedb-6701-4e2d-8130-e4a0583a4121', '366ed6ed-37c2-4ec5-bb84-4b7da060634c', '60191924', 'Yenmer Edisson', 'Bazan Ocaña', '601999', '9b4917ab-bb24-46ce-b761-62031913cb59');
INSERT INTO usuarios (id, email, password_hash, rol, nombre, apellidos, dni, activo) VALUES ('b9f55835-3d2d-495e-ac4e-14a765441bb5', '604085@academia.edu', '$2b$10$Kt1WXnRsFi4Ux.r1r8SQD.Ps1ksMrVyIVlHWg9o3Z/3N8hWuZV/3G', 'alumno', 'Sebastian Yelstin', 'Castillo Ramirez', '60406472', true);
INSERT INTO alumnos (id, usuario_id, dni, nombre, apellidos, codigo_barras, aula_id) VALUES ('f94168b3-6796-4198-8b80-2fd91a31a3ea', 'b9f55835-3d2d-495e-ac4e-14a765441bb5', '60406472', 'Sebastian Yelstin', 'Castillo Ramirez', '604085', '9b4917ab-bb24-46ce-b761-62031913cb59');
INSERT INTO usuarios (id, email, password_hash, rol, nombre, apellidos, dni, activo) VALUES ('186c0bd6-a257-4c42-a209-a8d38488934a', '604609@academia.edu', '$2b$10$Kt1WXnRsFi4Ux.r1r8SQD.Ps1ksMrVyIVlHWg9o3Z/3N8hWuZV/3G', 'alumno', 'Jhon Brayan', 'Chavez Oyola', '60463488', true);
INSERT INTO alumnos (id, usuario_id, dni, nombre, apellidos, codigo_barras, aula_id) VALUES ('9f6fd8e2-b4e0-4c28-b47e-e18bc7512224', '186c0bd6-a257-4c42-a209-a8d38488934a', '60463488', 'Jhon Brayan', 'Chavez Oyola', '604609', '9b4917ab-bb24-46ce-b761-62031913cb59');
INSERT INTO usuarios (id, email, password_hash, rol, nombre, apellidos, dni, activo) VALUES ('6dbbb5e7-f51c-4bba-a166-a6bf31cd8279', '602061@academia.edu', '$2b$10$Kt1WXnRsFi4Ux.r1r8SQD.Ps1ksMrVyIVlHWg9o3Z/3N8hWuZV/3G', 'alumno', 'Flor Lizbeth', 'Clemente Flores', '60207816', true);
INSERT INTO alumnos (id, usuario_id, dni, nombre, apellidos, codigo_barras, aula_id) VALUES ('e5406c84-9e5e-457e-b628-99ad448b152a', '6dbbb5e7-f51c-4bba-a166-a6bf31cd8279', '60207816', 'Flor Lizbeth', 'Clemente Flores', '602061', '9b4917ab-bb24-46ce-b761-62031913cb59');
INSERT INTO usuarios (id, email, password_hash, rol, nombre, apellidos, dni, activo) VALUES ('000f989a-69ac-4976-a35b-268b6e1269d1', '614880@academia.edu', '$2b$10$Kt1WXnRsFi4Ux.r1r8SQD.Ps1ksMrVyIVlHWg9o3Z/3N8hWuZV/3G', 'alumno', 'Ayelen Hade', 'Dextre Oncoy', '61480317', true);
INSERT INTO alumnos (id, usuario_id, dni, nombre, apellidos, codigo_barras, aula_id) VALUES ('fa4309ba-6cd2-49b5-a1f3-5745605848d8', '000f989a-69ac-4976-a35b-268b6e1269d1', '61480317', 'Ayelen Hade', 'Dextre Oncoy', '614880', '9b4917ab-bb24-46ce-b761-62031913cb59');
INSERT INTO usuarios (id, email, password_hash, rol, nombre, apellidos, dni, activo) VALUES ('d89be15b-7f17-46a9-9972-a0805d9a9141', '613156@academia.edu', '$2b$10$Kt1WXnRsFi4Ux.r1r8SQD.Ps1ksMrVyIVlHWg9o3Z/3N8hWuZV/3G', 'alumno', 'Luz Maria', 'Diaz Minaya', '61314486', true);
INSERT INTO alumnos (id, usuario_id, dni, nombre, apellidos, codigo_barras, aula_id) VALUES ('3828c454-7c69-472a-9670-14669409a7ab', 'd89be15b-7f17-46a9-9972-a0805d9a9141', '61314486', 'Luz Maria', 'Diaz Minaya', '613156', '9b4917ab-bb24-46ce-b761-62031913cb59');
INSERT INTO usuarios (id, email, password_hash, rol, nombre, apellidos, dni, activo) VALUES ('f4cd34af-8327-4580-9da7-c952eb01c0b0', '603944@academia.edu', '$2b$10$Kt1WXnRsFi4Ux.r1r8SQD.Ps1ksMrVyIVlHWg9o3Z/3N8hWuZV/3G', 'alumno', 'Jaime', 'Espinoza Calderon', '60392361', true);
INSERT INTO alumnos (id, usuario_id, dni, nombre, apellidos, codigo_barras, aula_id) VALUES ('d5f17f46-0dd4-4ecb-82ea-5310b0dcf2ba', 'f4cd34af-8327-4580-9da7-c952eb01c0b0', '60392361', 'Jaime', 'Espinoza Calderon', '603944', '9b4917ab-bb24-46ce-b761-62031913cb59');
INSERT INTO usuarios (id, email, password_hash, rol, nombre, apellidos, dni, activo) VALUES ('3511950c-a8b6-4e48-8cfe-0be96d53eb7c', '601202@academia.edu', '$2b$10$Kt1WXnRsFi4Ux.r1r8SQD.Ps1ksMrVyIVlHWg9o3Z/3N8hWuZV/3G', 'alumno', 'Jazmin Johany', 'Espinoza Calvo', '60128235', true);
INSERT INTO alumnos (id, usuario_id, dni, nombre, apellidos, codigo_barras, aula_id) VALUES ('bac5c2ff-562f-4c0a-8902-eed0575b355a', '3511950c-a8b6-4e48-8cfe-0be96d53eb7c', '60128235', 'Jazmin Johany', 'Espinoza Calvo', '601202', '9b4917ab-bb24-46ce-b761-62031913cb59');
INSERT INTO usuarios (id, email, password_hash, rol, nombre, apellidos, dni, activo) VALUES ('c172eeec-3008-4147-8c7a-c99f4cc279cc', '728714@academia.edu', '$2b$10$Kt1WXnRsFi4Ux.r1r8SQD.Ps1ksMrVyIVlHWg9o3Z/3N8hWuZV/3G', 'alumno', 'Alioshpaki Justina', 'Figueroa Ayala', '72870303', true);
INSERT INTO alumnos (id, usuario_id, dni, nombre, apellidos, codigo_barras, aula_id) VALUES ('b7269686-1f9d-43b1-8ad4-1e6b6de6ee44', 'c172eeec-3008-4147-8c7a-c99f4cc279cc', '72870303', 'Alioshpaki Justina', 'Figueroa Ayala', '728714', '9b4917ab-bb24-46ce-b761-62031913cb59');
INSERT INTO usuarios (id, email, password_hash, rol, nombre, apellidos, dni, activo) VALUES ('9787b1a6-1269-4029-8818-14c8c1e8c189', '611517@academia.edu', '$2b$10$Kt1WXnRsFi4Ux.r1r8SQD.Ps1ksMrVyIVlHWg9o3Z/3N8hWuZV/3G', 'alumno', 'Duban Jhordy', 'Figueroa Milla', '61155346', true);
INSERT INTO alumnos (id, usuario_id, dni, nombre, apellidos, codigo_barras, aula_id) VALUES ('768365f9-6a6d-4fb8-9446-dffce5a7f913', '9787b1a6-1269-4029-8818-14c8c1e8c189', '61155346', 'Duban Jhordy', 'Figueroa Milla', '611517', '9b4917ab-bb24-46ce-b761-62031913cb59');
INSERT INTO usuarios (id, email, password_hash, rol, nombre, apellidos, dni, activo) VALUES ('18096eeb-d509-4903-aae6-5f5b6c54efb4', '614842@academia.edu', '$2b$10$Kt1WXnRsFi4Ux.r1r8SQD.Ps1ksMrVyIVlHWg9o3Z/3N8hWuZV/3G', 'alumno', 'Ana Esther', 'Flores Tarazona', '61480220', true);
INSERT INTO alumnos (id, usuario_id, dni, nombre, apellidos, codigo_barras, aula_id) VALUES ('d7365e3b-f3ac-49db-8895-35963f0233f5', '18096eeb-d509-4903-aae6-5f5b6c54efb4', '61480220', 'Ana Esther', 'Flores Tarazona', '614842', '9b4917ab-bb24-46ce-b761-62031913cb59');
INSERT INTO usuarios (id, email, password_hash, rol, nombre, apellidos, dni, activo) VALUES ('b070c60e-63df-4cac-8dce-879b497891ef', '602596@academia.edu', '$2b$10$Kt1WXnRsFi4Ux.r1r8SQD.Ps1ksMrVyIVlHWg9o3Z/3N8hWuZV/3G', 'alumno', 'Melvin Eliel', 'Flores Vela', '60250542', true);
INSERT INTO alumnos (id, usuario_id, dni, nombre, apellidos, codigo_barras, aula_id) VALUES ('22e41718-d029-4265-9ae5-3170819d21ec', 'b070c60e-63df-4cac-8dce-879b497891ef', '60250542', 'Melvin Eliel', 'Flores Vela', '602596', '9b4917ab-bb24-46ce-b761-62031913cb59');
INSERT INTO usuarios (id, email, password_hash, rol, nombre, apellidos, dni, activo) VALUES ('f0822245-93d2-4f6a-af42-95b10e1e5742', '606757@academia.edu', '$2b$10$Kt1WXnRsFi4Ux.r1r8SQD.Ps1ksMrVyIVlHWg9o3Z/3N8hWuZV/3G', 'alumno', 'Ariana Nicol', 'Fructuoso Ortiz', '60672285', true);
INSERT INTO alumnos (id, usuario_id, dni, nombre, apellidos, codigo_barras, aula_id) VALUES ('7541e52b-e052-48da-9230-eb1c46634b12', 'f0822245-93d2-4f6a-af42-95b10e1e5742', '60672285', 'Ariana Nicol', 'Fructuoso Ortiz', '606757', '9b4917ab-bb24-46ce-b761-62031913cb59');
INSERT INTO usuarios (id, email, password_hash, rol, nombre, apellidos, dni, activo) VALUES ('5d7bd3a7-5dc1-4c02-8e99-52c8eb094432', '614483@academia.edu', '$2b$10$Kt1WXnRsFi4Ux.r1r8SQD.Ps1ksMrVyIVlHWg9o3Z/3N8hWuZV/3G', 'alumno', 'Yamill Enrique', 'Giraldo Rodriguez', '61447755', true);
INSERT INTO alumnos (id, usuario_id, dni, nombre, apellidos, codigo_barras, aula_id) VALUES ('c939ae9b-2412-4e96-bc82-023ae3028033', '5d7bd3a7-5dc1-4c02-8e99-52c8eb094432', '61447755', 'Yamill Enrique', 'Giraldo Rodriguez', '614483', '9b4917ab-bb24-46ce-b761-62031913cb59');
INSERT INTO usuarios (id, email, password_hash, rol, nombre, apellidos, dni, activo) VALUES ('a6dbfe03-b498-4a97-a900-3b82f805a46d', '603778@academia.edu', '$2b$10$Kt1WXnRsFi4Ux.r1r8SQD.Ps1ksMrVyIVlHWg9o3Z/3N8hWuZV/3G', 'alumno', 'Tracy Ximena', 'Gomez Castillo', '60379656', true);
INSERT INTO alumnos (id, usuario_id, dni, nombre, apellidos, codigo_barras, aula_id) VALUES ('d273a06c-8a66-4596-adad-c53e2282c638', 'a6dbfe03-b498-4a97-a900-3b82f805a46d', '60379656', 'Tracy Ximena', 'Gomez Castillo', '603778', '9b4917ab-bb24-46ce-b761-62031913cb59');
INSERT INTO usuarios (id, email, password_hash, rol, nombre, apellidos, dni, activo) VALUES ('f6b6c955-e8f5-47b1-aec7-39629eb5f6dd', '606835@academia.edu', '$2b$10$Kt1WXnRsFi4Ux.r1r8SQD.Ps1ksMrVyIVlHWg9o3Z/3N8hWuZV/3G', 'alumno', 'Alexander Cristian', 'Gomez Huanry', '60680101', true);
INSERT INTO alumnos (id, usuario_id, dni, nombre, apellidos, codigo_barras, aula_id) VALUES ('6f7ec618-938c-4aa7-a2e5-656f9dec3ae2', 'f6b6c955-e8f5-47b1-aec7-39629eb5f6dd', '60680101', 'Alexander Cristian', 'Gomez Huanry', '606835', '9b4917ab-bb24-46ce-b761-62031913cb59');
INSERT INTO usuarios (id, email, password_hash, rol, nombre, apellidos, dni, activo) VALUES ('e52374b2-f1d2-453f-bb9e-9a4e9978a409', '604990@academia.edu', '$2b$10$Kt1WXnRsFi4Ux.r1r8SQD.Ps1ksMrVyIVlHWg9o3Z/3N8hWuZV/3G', 'alumno', 'Jimena Kiara', 'Huaman Villafan', '60497330', true);
INSERT INTO alumnos (id, usuario_id, dni, nombre, apellidos, codigo_barras, aula_id) VALUES ('7b70b60d-07dc-4767-a646-51fb57ddb443', 'e52374b2-f1d2-453f-bb9e-9a4e9978a409', '60497330', 'Jimena Kiara', 'Huaman Villafan', '604990', '9b4917ab-bb24-46ce-b761-62031913cb59');
INSERT INTO usuarios (id, email, password_hash, rol, nombre, apellidos, dni, activo) VALUES ('c900cc1c-605b-49ce-a138-24beee75c579', '620380@academia.edu', '$2b$10$Kt1WXnRsFi4Ux.r1r8SQD.Ps1ksMrVyIVlHWg9o3Z/3N8hWuZV/3G', 'alumno', 'Ariana Graciela', 'Huayaney Diaz', '62036000', true);
INSERT INTO alumnos (id, usuario_id, dni, nombre, apellidos, codigo_barras, aula_id) VALUES ('fff5cc9d-c5e5-47ab-ba6b-17c8a2835847', 'c900cc1c-605b-49ce-a138-24beee75c579', '62036000', 'Ariana Graciela', 'Huayaney Diaz', '620380', '9b4917ab-bb24-46ce-b761-62031913cb59');
INSERT INTO usuarios (id, email, password_hash, rol, nombre, apellidos, dni, activo) VALUES ('cf5c2f16-8d2f-4b2d-a153-4bf9cd49a37a', '616932@academia.edu', '$2b$10$Kt1WXnRsFi4Ux.r1r8SQD.Ps1ksMrVyIVlHWg9o3Z/3N8hWuZV/3G', 'alumno', 'Cristian Brayan', 'Huerta Catalino', '61696570', true);
INSERT INTO alumnos (id, usuario_id, dni, nombre, apellidos, codigo_barras, aula_id) VALUES ('642eab83-048c-400d-97f5-3af1f41fe712', 'cf5c2f16-8d2f-4b2d-a153-4bf9cd49a37a', '61696570', 'Cristian Brayan', 'Huerta Catalino', '616932', '9b4917ab-bb24-46ce-b761-62031913cb59');
INSERT INTO usuarios (id, email, password_hash, rol, nombre, apellidos, dni, activo) VALUES ('64524bc4-264a-4cee-a595-19a2a9e79117', '609886@academia.edu', '$2b$10$Kt1WXnRsFi4Ux.r1r8SQD.Ps1ksMrVyIVlHWg9o3Z/3N8hWuZV/3G', 'alumno', 'Bachelet Helen', 'Lliuya Shuan', '60983881', true);
INSERT INTO alumnos (id, usuario_id, dni, nombre, apellidos, codigo_barras, aula_id) VALUES ('4b106dd4-72c2-4189-9f7a-81e0abdae592', '64524bc4-264a-4cee-a595-19a2a9e79117', '60983881', 'Bachelet Helen', 'Lliuya Shuan', '609886', '9b4917ab-bb24-46ce-b761-62031913cb59');
INSERT INTO usuarios (id, email, password_hash, rol, nombre, apellidos, dni, activo) VALUES ('e4a5e70b-84f7-4830-9682-68578e07e2aa', '614401@academia.edu', '$2b$10$Kt1WXnRsFi4Ux.r1r8SQD.Ps1ksMrVyIVlHWg9o3Z/3N8hWuZV/3G', 'alumno', 'Maricielo Milagros', 'Mallqui Bautista', '61447651', true);
INSERT INTO alumnos (id, usuario_id, dni, nombre, apellidos, codigo_barras, aula_id) VALUES ('941fc14a-7943-4ecc-b9a3-8913c9150132', 'e4a5e70b-84f7-4830-9682-68578e07e2aa', '61447651', 'Maricielo Milagros', 'Mallqui Bautista', '614401', '9b4917ab-bb24-46ce-b761-62031913cb59');
INSERT INTO usuarios (id, email, password_hash, rol, nombre, apellidos, dni, activo) VALUES ('2a323086-f8ad-4fc3-853a-282fae79a516', '606699@academia.edu', '$2b$10$Kt1WXnRsFi4Ux.r1r8SQD.Ps1ksMrVyIVlHWg9o3Z/3N8hWuZV/3G', 'alumno', 'Roger Jean', 'Ocrospoma Torres', '60668747', true);
INSERT INTO alumnos (id, usuario_id, dni, nombre, apellidos, codigo_barras, aula_id) VALUES ('48c28b12-5990-4c6d-9c83-b80f710c72c9', '2a323086-f8ad-4fc3-853a-282fae79a516', '60668747', 'Roger Jean', 'Ocrospoma Torres', '606699', '9b4917ab-bb24-46ce-b761-62031913cb59');
INSERT INTO usuarios (id, email, password_hash, rol, nombre, apellidos, dni, activo) VALUES ('a5eb237b-978a-4bcc-b358-0c42f82176be', '614046@academia.edu', '$2b$10$Kt1WXnRsFi4Ux.r1r8SQD.Ps1ksMrVyIVlHWg9o3Z/3N8hWuZV/3G', 'alumno', 'Lizbeth Luzmila', 'Paucar Macedo', '61409125', true);
INSERT INTO alumnos (id, usuario_id, dni, nombre, apellidos, codigo_barras, aula_id) VALUES ('ddad0587-96d7-451d-9980-07652fc921c9', 'a5eb237b-978a-4bcc-b358-0c42f82176be', '61409125', 'Lizbeth Luzmila', 'Paucar Macedo', '614046', '9b4917ab-bb24-46ce-b761-62031913cb59');
INSERT INTO usuarios (id, email, password_hash, rol, nombre, apellidos, dni, activo) VALUES ('15bae7d4-0ac6-42ab-b0ef-b6d6d210b41f', '612309@academia.edu', '$2b$10$Kt1WXnRsFi4Ux.r1r8SQD.Ps1ksMrVyIVlHWg9o3Z/3N8hWuZV/3G', 'alumno', 'Nayely Elizabeth', 'Picon Marquina', '61233020', true);
INSERT INTO alumnos (id, usuario_id, dni, nombre, apellidos, codigo_barras, aula_id) VALUES ('e008ee5d-8473-45cd-b822-9ff76f76c1e3', '15bae7d4-0ac6-42ab-b0ef-b6d6d210b41f', '61233020', 'Nayely Elizabeth', 'Picon Marquina', '612309', '9b4917ab-bb24-46ce-b761-62031913cb59');
INSERT INTO usuarios (id, email, password_hash, rol, nombre, apellidos, dni, activo) VALUES ('46bfcec8-9b31-488b-b407-20b2ae387056', '600297@academia.edu', '$2b$10$Kt1WXnRsFi4Ux.r1r8SQD.Ps1ksMrVyIVlHWg9o3Z/3N8hWuZV/3G', 'alumno', 'Nilton Augusto', 'Quispe Murillo', '60028094', true);
INSERT INTO alumnos (id, usuario_id, dni, nombre, apellidos, codigo_barras, aula_id) VALUES ('fe9da1b9-6d05-4c1b-98ed-6019725f0b9a', '46bfcec8-9b31-488b-b407-20b2ae387056', '60028094', 'Nilton Augusto', 'Quispe Murillo', '600297', '9b4917ab-bb24-46ce-b761-62031913cb59');
INSERT INTO usuarios (id, email, password_hash, rol, nombre, apellidos, dni, activo) VALUES ('6d346ba2-8aed-4db5-abcb-be5dd4feb2c8', '607123@academia.edu', '$2b$10$Kt1WXnRsFi4Ux.r1r8SQD.Ps1ksMrVyIVlHWg9o3Z/3N8hWuZV/3G', 'alumno', 'Amit Taywa', 'Quito Mejia', '60711368', true);
INSERT INTO alumnos (id, usuario_id, dni, nombre, apellidos, codigo_barras, aula_id) VALUES ('b8b1a002-8caf-467e-8cb8-3c0e8d5ee184', '6d346ba2-8aed-4db5-abcb-be5dd4feb2c8', '60711368', 'Amit Taywa', 'Quito Mejia', '607123', '9b4917ab-bb24-46ce-b761-62031913cb59');
INSERT INTO usuarios (id, email, password_hash, rol, nombre, apellidos, dni, activo) VALUES ('895a00a7-dd31-4952-a0db-f9511f72da5f', '601247@academia.edu', '$2b$10$Kt1WXnRsFi4Ux.r1r8SQD.Ps1ksMrVyIVlHWg9o3Z/3N8hWuZV/3G', 'alumno', 'Jheydi Kiara', 'Rimac Castro', '60123109', true);
INSERT INTO alumnos (id, usuario_id, dni, nombre, apellidos, codigo_barras, aula_id) VALUES ('c43cacbd-d0ad-4992-ab5c-28b1daa8cda9', '895a00a7-dd31-4952-a0db-f9511f72da5f', '60123109', 'Jheydi Kiara', 'Rimac Castro', '601247', '9b4917ab-bb24-46ce-b761-62031913cb59');
INSERT INTO usuarios (id, email, password_hash, rol, nombre, apellidos, dni, activo) VALUES ('32d4a881-cc4a-4bd5-9f9e-419b901625e9', '614826@academia.edu', '$2b$10$Kt1WXnRsFi4Ux.r1r8SQD.Ps1ksMrVyIVlHWg9o3Z/3N8hWuZV/3G', 'alumno', 'William David', 'Robles Dueñas', '61480288', true);
INSERT INTO alumnos (id, usuario_id, dni, nombre, apellidos, codigo_barras, aula_id) VALUES ('fe7773fb-ba5d-4152-8307-c8e52a79a37e', '32d4a881-cc4a-4bd5-9f9e-419b901625e9', '61480288', 'William David', 'Robles Dueñas', '614826', '9b4917ab-bb24-46ce-b761-62031913cb59');
INSERT INTO usuarios (id, email, password_hash, rol, nombre, apellidos, dni, activo) VALUES ('18dcd685-56c1-4cf2-8fbe-5aaa0158daa4', '602565@academia.edu', '$2b$10$Kt1WXnRsFi4Ux.r1r8SQD.Ps1ksMrVyIVlHWg9o3Z/3N8hWuZV/3G', 'alumno', 'Mayra Jade', 'Rojas Rivas', '60252997', true);
INSERT INTO alumnos (id, usuario_id, dni, nombre, apellidos, codigo_barras, aula_id) VALUES ('1316701a-9483-4d1d-9b77-d83bee3f45d1', '18dcd685-56c1-4cf2-8fbe-5aaa0158daa4', '60252997', 'Mayra Jade', 'Rojas Rivas', '602565', '9b4917ab-bb24-46ce-b761-62031913cb59');
INSERT INTO usuarios (id, email, password_hash, rol, nombre, apellidos, dni, activo) VALUES ('93ec9efe-8557-498b-bcb8-471a386b2aed', '602354@academia.edu', '$2b$10$Kt1WXnRsFi4Ux.r1r8SQD.Ps1ksMrVyIVlHWg9o3Z/3N8hWuZV/3G', 'alumno', 'Josselin Maritza', 'Roque Soto', '60233419', true);
INSERT INTO alumnos (id, usuario_id, dni, nombre, apellidos, codigo_barras, aula_id) VALUES ('c9a713d6-972d-492a-aacf-8260a9245b5d', '93ec9efe-8557-498b-bcb8-471a386b2aed', '60233419', 'Josselin Maritza', 'Roque Soto', '602354', '9b4917ab-bb24-46ce-b761-62031913cb59');
INSERT INTO usuarios (id, email, password_hash, rol, nombre, apellidos, dni, activo) VALUES ('9a8d3eac-f568-4037-a4f6-9e530313e4bd', '612342@academia.edu', '$2b$10$Kt1WXnRsFi4Ux.r1r8SQD.Ps1ksMrVyIVlHWg9o3Z/3N8hWuZV/3G', 'alumno', 'Kevin Edicson', 'Velasquez Trinidad', '61233226', true);
INSERT INTO alumnos (id, usuario_id, dni, nombre, apellidos, codigo_barras, aula_id) VALUES ('08754c18-e74b-43fa-bc32-537877d8e2df', '9a8d3eac-f568-4037-a4f6-9e530313e4bd', '61233226', 'Kevin Edicson', 'Velasquez Trinidad', '612342', '9b4917ab-bb24-46ce-b761-62031913cb59');
INSERT INTO usuarios (id, email, password_hash, rol, nombre, apellidos, dni, activo) VALUES ('6565952f-33ee-4c90-a1af-4f8c35039ef2', '754963@academia.edu', '$2b$10$Kt1WXnRsFi4Ux.r1r8SQD.Ps1ksMrVyIVlHWg9o3Z/3N8hWuZV/3G', 'alumno', 'Anahi Pricila', 'Broncano Obregon', '75493964', true);
INSERT INTO alumnos (id, usuario_id, dni, nombre, apellidos, codigo_barras, aula_id) VALUES ('152df9ee-5374-4a18-937b-9447e25b8f2d', '6565952f-33ee-4c90-a1af-4f8c35039ef2', '75493964', 'Anahi Pricila', 'Broncano Obregon', '754963', '5351da14-19c6-4c41-986b-341827d2f528');
INSERT INTO usuarios (id, email, password_hash, rol, nombre, apellidos, dni, activo) VALUES ('e2c78078-57ff-4205-966c-811b6a46ce41', '600292@academia.edu', '$2b$10$Kt1WXnRsFi4Ux.r1r8SQD.Ps1ksMrVyIVlHWg9o3Z/3N8hWuZV/3G', 'alumno', 'Marjean Margareth', 'Cantu Cantu', '60022439', true);
INSERT INTO alumnos (id, usuario_id, dni, nombre, apellidos, codigo_barras, aula_id) VALUES ('b96bd1cc-8534-494e-9d53-fbab256a7616', 'e2c78078-57ff-4205-966c-811b6a46ce41', '60022439', 'Marjean Margareth', 'Cantu Cantu', '600292', '5351da14-19c6-4c41-986b-341827d2f528');
INSERT INTO usuarios (id, email, password_hash, rol, nombre, apellidos, dni, activo) VALUES ('5ebfe49b-e13c-4ef0-adea-6b247dd0021e', '604807@academia.edu', '$2b$10$Kt1WXnRsFi4Ux.r1r8SQD.Ps1ksMrVyIVlHWg9o3Z/3N8hWuZV/3G', 'alumno', 'Reynalda Luz', 'Carhuayano Huerta', '60484733', true);
INSERT INTO alumnos (id, usuario_id, dni, nombre, apellidos, codigo_barras, aula_id) VALUES ('79b74354-04a8-43be-beaa-83167d08ca9f', '5ebfe49b-e13c-4ef0-adea-6b247dd0021e', '60484733', 'Reynalda Luz', 'Carhuayano Huerta', '604807', '5351da14-19c6-4c41-986b-341827d2f528');
INSERT INTO usuarios (id, email, password_hash, rol, nombre, apellidos, dni, activo) VALUES ('fe349acf-584d-48e1-b468-2aa0d83a6d51', '601236@academia.edu', '$2b$10$Kt1WXnRsFi4Ux.r1r8SQD.Ps1ksMrVyIVlHWg9o3Z/3N8hWuZV/3G', 'alumno', 'Khiara Arciely', 'Carrion Vino', '60124142', true);
INSERT INTO alumnos (id, usuario_id, dni, nombre, apellidos, codigo_barras, aula_id) VALUES ('0f5e518a-d15a-4289-9253-b7c9af781ce8', 'fe349acf-584d-48e1-b468-2aa0d83a6d51', '60124142', 'Khiara Arciely', 'Carrion Vino', '601236', '5351da14-19c6-4c41-986b-341827d2f528');
INSERT INTO usuarios (id, email, password_hash, rol, nombre, apellidos, dni, activo) VALUES ('49514307-59d0-456d-be8c-175e578d0c5d', '614201@academia.edu', '$2b$10$Kt1WXnRsFi4Ux.r1r8SQD.Ps1ksMrVyIVlHWg9o3Z/3N8hWuZV/3G', 'alumno', 'Jimena Angeles', 'Cipriano Sanchez', '61429143', true);
INSERT INTO alumnos (id, usuario_id, dni, nombre, apellidos, codigo_barras, aula_id) VALUES ('5fd90e1e-fbba-4e7e-bda0-ef33efcec135', '49514307-59d0-456d-be8c-175e578d0c5d', '61429143', 'Jimena Angeles', 'Cipriano Sanchez', '614201', '5351da14-19c6-4c41-986b-341827d2f528');
INSERT INTO usuarios (id, email, password_hash, rol, nombre, apellidos, dni, activo) VALUES ('a39120a9-7444-4ea2-96c2-62f176e06263', '620140@academia.edu', '$2b$10$Kt1WXnRsFi4Ux.r1r8SQD.Ps1ksMrVyIVlHWg9o3Z/3N8hWuZV/3G', 'alumno', 'Gabriela Florencia', 'Corcino Dominguez', '62015105', true);
INSERT INTO alumnos (id, usuario_id, dni, nombre, apellidos, codigo_barras, aula_id) VALUES ('6e6b47de-0407-4164-bc1f-5ec79eafe050', 'a39120a9-7444-4ea2-96c2-62f176e06263', '62015105', 'Gabriela Florencia', 'Corcino Dominguez', '620140', '5351da14-19c6-4c41-986b-341827d2f528');
INSERT INTO usuarios (id, email, password_hash, rol, nombre, apellidos, dni, activo) VALUES ('c0faed21-edd2-4a54-814c-37dedb079843', '615971@academia.edu', '$2b$10$Kt1WXnRsFi4Ux.r1r8SQD.Ps1ksMrVyIVlHWg9o3Z/3N8hWuZV/3G', 'alumno', 'Elizabeth', 'Cordova Azaña', '61591982', true);
INSERT INTO alumnos (id, usuario_id, dni, nombre, apellidos, codigo_barras, aula_id) VALUES ('095faf18-d16e-4fae-bbd4-5d51a4ef1eef', 'c0faed21-edd2-4a54-814c-37dedb079843', '61591982', 'Elizabeth', 'Cordova Azaña', '615971', '5351da14-19c6-4c41-986b-341827d2f528');
INSERT INTO usuarios (id, email, password_hash, rol, nombre, apellidos, dni, activo) VALUES ('2d3581e5-7441-4e3a-9c8c-6d817fc0f834', '612336@academia.edu', '$2b$10$Kt1WXnRsFi4Ux.r1r8SQD.Ps1ksMrVyIVlHWg9o3Z/3N8hWuZV/3G', 'alumno', 'Yamir Hiromi', 'Depaz Ramirez', '61233090', true);
INSERT INTO alumnos (id, usuario_id, dni, nombre, apellidos, codigo_barras, aula_id) VALUES ('bea77738-86ce-418a-9d92-9a5e2189c969', '2d3581e5-7441-4e3a-9c8c-6d817fc0f834', '61233090', 'Yamir Hiromi', 'Depaz Ramirez', '612336', '5351da14-19c6-4c41-986b-341827d2f528');
INSERT INTO usuarios (id, email, password_hash, rol, nombre, apellidos, dni, activo) VALUES ('1837281e-9bfa-4130-9191-9670cb892284', '740838@academia.edu', '$2b$10$Kt1WXnRsFi4Ux.r1r8SQD.Ps1ksMrVyIVlHWg9o3Z/3N8hWuZV/3G', 'alumno', 'Francisco Juver', 'Dionicio Leandro', '74081364', true);
INSERT INTO alumnos (id, usuario_id, dni, nombre, apellidos, codigo_barras, aula_id) VALUES ('df0f6df1-96cd-40ab-ae3d-736f6f5be155', '1837281e-9bfa-4130-9191-9670cb892284', '74081364', 'Francisco Juver', 'Dionicio Leandro', '740838', '5351da14-19c6-4c41-986b-341827d2f528');
INSERT INTO usuarios (id, email, password_hash, rol, nombre, apellidos, dni, activo) VALUES ('6b9fbea1-da75-41c7-9cdd-9c5e32dd1361', '614977@academia.edu', '$2b$10$Kt1WXnRsFi4Ux.r1r8SQD.Ps1ksMrVyIVlHWg9o3Z/3N8hWuZV/3G', 'alumno', 'Mishel Milagros', 'Durand Chilca', '61490156', true);
INSERT INTO alumnos (id, usuario_id, dni, nombre, apellidos, codigo_barras, aula_id) VALUES ('53e4b71a-2248-4be5-a910-32aaab9222c1', '6b9fbea1-da75-41c7-9cdd-9c5e32dd1361', '61490156', 'Mishel Milagros', 'Durand Chilca', '614977', '5351da14-19c6-4c41-986b-341827d2f528');
INSERT INTO usuarios (id, email, password_hash, rol, nombre, apellidos, dni, activo) VALUES ('eb2f0655-cb4b-4ebf-a06e-558fbed3d82b', '615887@academia.edu', '$2b$10$Kt1WXnRsFi4Ux.r1r8SQD.Ps1ksMrVyIVlHWg9o3Z/3N8hWuZV/3G', 'alumno', 'Dayana Mileny', 'Evaristo Gutierrez', '61589919', true);
INSERT INTO alumnos (id, usuario_id, dni, nombre, apellidos, codigo_barras, aula_id) VALUES ('e24a8ebf-88c0-448e-a166-688854c92a16', 'eb2f0655-cb4b-4ebf-a06e-558fbed3d82b', '61589919', 'Dayana Mileny', 'Evaristo Gutierrez', '615887', '5351da14-19c6-4c41-986b-341827d2f528');
INSERT INTO usuarios (id, email, password_hash, rol, nombre, apellidos, dni, activo) VALUES ('e41d338b-fa54-4b5b-901f-bf3ea37ff63b', '601268@academia.edu', '$2b$10$Kt1WXnRsFi4Ux.r1r8SQD.Ps1ksMrVyIVlHWg9o3Z/3N8hWuZV/3G', 'alumno', 'Heylim Sayuri', 'Gambini Rivera', '60124818', true);
INSERT INTO alumnos (id, usuario_id, dni, nombre, apellidos, codigo_barras, aula_id) VALUES ('78be62aa-273f-4b7a-b2b4-9c9470be2e5e', 'e41d338b-fa54-4b5b-901f-bf3ea37ff63b', '60124818', 'Heylim Sayuri', 'Gambini Rivera', '601268', '5351da14-19c6-4c41-986b-341827d2f528');
INSERT INTO usuarios (id, email, password_hash, rol, nombre, apellidos, dni, activo) VALUES ('01340fed-c810-422e-9e98-d860d7b9fd73', '602928@academia.edu', '$2b$10$Kt1WXnRsFi4Ux.r1r8SQD.Ps1ksMrVyIVlHWg9o3Z/3N8hWuZV/3G', 'alumno', 'Yury Janeth', 'Garcia Fernandez', '60293154', true);
INSERT INTO alumnos (id, usuario_id, dni, nombre, apellidos, codigo_barras, aula_id) VALUES ('05851c98-99d9-4033-a0fc-e434e7b0ea2a', '01340fed-c810-422e-9e98-d860d7b9fd73', '60293154', 'Yury Janeth', 'Garcia Fernandez', '602928', '5351da14-19c6-4c41-986b-341827d2f528');
INSERT INTO usuarios (id, email, password_hash, rol, nombre, apellidos, dni, activo) VALUES ('f4935818-ddc2-427f-8b46-3f31a92a759f', '614295@academia.edu', '$2b$10$Kt1WXnRsFi4Ux.r1r8SQD.Ps1ksMrVyIVlHWg9o3Z/3N8hWuZV/3G', 'alumno', 'Sergio Andre', 'Gonzales Arnido', '61429182', true);
INSERT INTO alumnos (id, usuario_id, dni, nombre, apellidos, codigo_barras, aula_id) VALUES ('c2cdfb17-68f2-4ebd-92f6-59c5d282d133', 'f4935818-ddc2-427f-8b46-3f31a92a759f', '61429182', 'Sergio Andre', 'Gonzales Arnido', '614295', '5351da14-19c6-4c41-986b-341827d2f528');
INSERT INTO usuarios (id, email, password_hash, rol, nombre, apellidos, dni, activo) VALUES ('61bc6555-bb00-4c51-8690-dea5029a989c', '615856@academia.edu', '$2b$10$Kt1WXnRsFi4Ux.r1r8SQD.Ps1ksMrVyIVlHWg9o3Z/3N8hWuZV/3G', 'alumno', 'Josue Nehemias', 'Gregorio Jara', '61583404', true);
INSERT INTO alumnos (id, usuario_id, dni, nombre, apellidos, codigo_barras, aula_id) VALUES ('9b255fe4-858e-4509-b0f7-acbc653f1a69', '61bc6555-bb00-4c51-8690-dea5029a989c', '61583404', 'Josue Nehemias', 'Gregorio Jara', '615856', '5351da14-19c6-4c41-986b-341827d2f528');
INSERT INTO usuarios (id, email, password_hash, rol, nombre, apellidos, dni, activo) VALUES ('51560d79-7e9c-4683-8a56-5d698f3f8512', '616042@academia.edu', '$2b$10$Kt1WXnRsFi4Ux.r1r8SQD.Ps1ksMrVyIVlHWg9o3Z/3N8hWuZV/3G', 'alumno', 'Deydi Angelika', 'Huaman Huamaliano', '61603724', true);
INSERT INTO alumnos (id, usuario_id, dni, nombre, apellidos, codigo_barras, aula_id) VALUES ('e81d21d7-4f4c-4996-aee2-f7e9d4d63cde', '51560d79-7e9c-4683-8a56-5d698f3f8512', '61603724', 'Deydi Angelika', 'Huaman Huamaliano', '616042', '5351da14-19c6-4c41-986b-341827d2f528');
INSERT INTO usuarios (id, email, password_hash, rol, nombre, apellidos, dni, activo) VALUES ('28459dda-f891-4efe-8f7b-3575ff166444', '765236@academia.edu', '$2b$10$Kt1WXnRsFi4Ux.r1r8SQD.Ps1ksMrVyIVlHWg9o3Z/3N8hWuZV/3G', 'alumno', 'Miguel Angel', 'Laguna Aguado', '76520337', true);
INSERT INTO alumnos (id, usuario_id, dni, nombre, apellidos, codigo_barras, aula_id) VALUES ('f4183f49-77a0-40fa-b136-a1a0a85db2c1', '28459dda-f891-4efe-8f7b-3575ff166444', '76520337', 'Miguel Angel', 'Laguna Aguado', '765236', '5351da14-19c6-4c41-986b-341827d2f528');
INSERT INTO usuarios (id, email, password_hash, rol, nombre, apellidos, dni, activo) VALUES ('a38ab4b5-cff4-4839-8ca4-b613e3690943', '616129@academia.edu', '$2b$10$Kt1WXnRsFi4Ux.r1r8SQD.Ps1ksMrVyIVlHWg9o3Z/3N8hWuZV/3G', 'alumno', 'Esmeralda Selena', 'Leon Pacha', '61612981', true);
INSERT INTO alumnos (id, usuario_id, dni, nombre, apellidos, codigo_barras, aula_id) VALUES ('35195d6c-dfe6-4d19-96b1-852c2def28b7', 'a38ab4b5-cff4-4839-8ca4-b613e3690943', '61612981', 'Esmeralda Selena', 'Leon Pacha', '616129', '5351da14-19c6-4c41-986b-341827d2f528');
INSERT INTO usuarios (id, email, password_hash, rol, nombre, apellidos, dni, activo) VALUES ('672aa327-1567-46cd-b6f0-8fb47d6da39a', '613166@academia.edu', '$2b$10$Kt1WXnRsFi4Ux.r1r8SQD.Ps1ksMrVyIVlHWg9o3Z/3N8hWuZV/3G', 'alumno', 'Aracely Tatiana', 'Lopez Lliuya', '61314684', true);
INSERT INTO alumnos (id, usuario_id, dni, nombre, apellidos, codigo_barras, aula_id) VALUES ('c2c27911-6d5d-4226-bb3b-bfc730860af2', '672aa327-1567-46cd-b6f0-8fb47d6da39a', '61314684', 'Aracely Tatiana', 'Lopez Lliuya', '613166', '5351da14-19c6-4c41-986b-341827d2f528');
INSERT INTO usuarios (id, email, password_hash, rol, nombre, apellidos, dni, activo) VALUES ('4a6ae3ac-8324-43a2-8c78-0f5a75669ecd', '620475@academia.edu', '$2b$10$Kt1WXnRsFi4Ux.r1r8SQD.Ps1ksMrVyIVlHWg9o3Z/3N8hWuZV/3G', 'alumno', 'Cristina Layeska', 'Maguiña Quiñones', '62042840', true);
INSERT INTO alumnos (id, usuario_id, dni, nombre, apellidos, codigo_barras, aula_id) VALUES ('49963516-9659-423d-a74a-2dc4375c70fe', '4a6ae3ac-8324-43a2-8c78-0f5a75669ecd', '62042840', 'Cristina Layeska', 'Maguiña Quiñones', '620475', '5351da14-19c6-4c41-986b-341827d2f528');
INSERT INTO usuarios (id, email, password_hash, rol, nombre, apellidos, dni, activo) VALUES ('c7f94fb1-e8a1-4083-9be4-e601b45cae5d', '602720@academia.edu', '$2b$10$Kt1WXnRsFi4Ux.r1r8SQD.Ps1ksMrVyIVlHWg9o3Z/3N8hWuZV/3G', 'alumno', 'Yanina', 'Manpis Javier', '60274462', true);
INSERT INTO alumnos (id, usuario_id, dni, nombre, apellidos, codigo_barras, aula_id) VALUES ('fd98ce84-66a7-4d62-8cf8-418ee39aeb67', 'c7f94fb1-e8a1-4083-9be4-e601b45cae5d', '60274462', 'Yanina', 'Manpis Javier', '602720', '5351da14-19c6-4c41-986b-341827d2f528');
INSERT INTO usuarios (id, email, password_hash, rol, nombre, apellidos, dni, activo) VALUES ('39fcc1ed-dd00-4e4b-b7d6-5ee73f6c3698', '613127@academia.edu', '$2b$10$Kt1WXnRsFi4Ux.r1r8SQD.Ps1ksMrVyIVlHWg9o3Z/3N8hWuZV/3G', 'alumno', 'Mayra Danitza', 'Mejia Alba', '61314613', true);
INSERT INTO alumnos (id, usuario_id, dni, nombre, apellidos, codigo_barras, aula_id) VALUES ('e8b16abb-3088-424c-affc-a45f72af934f', '39fcc1ed-dd00-4e4b-b7d6-5ee73f6c3698', '61314613', 'Mayra Danitza', 'Mejia Alba', '613127', '5351da14-19c6-4c41-986b-341827d2f528');
INSERT INTO usuarios (id, email, password_hash, rol, nombre, apellidos, dni, activo) VALUES ('66c893e3-b265-4269-a7cd-051d8e79c38a', '614088@academia.edu', '$2b$10$Kt1WXnRsFi4Ux.r1r8SQD.Ps1ksMrVyIVlHWg9o3Z/3N8hWuZV/3G', 'alumno', 'Brenda Shirley', 'Menacho Rojas', '61409119', true);
INSERT INTO alumnos (id, usuario_id, dni, nombre, apellidos, codigo_barras, aula_id) VALUES ('5b44b679-7e2f-461b-8dc4-0ebaf955e935', '66c893e3-b265-4269-a7cd-051d8e79c38a', '61409119', 'Brenda Shirley', 'Menacho Rojas', '614088', '5351da14-19c6-4c41-986b-341827d2f528');
INSERT INTO usuarios (id, email, password_hash, rol, nombre, apellidos, dni, activo) VALUES ('29f84c87-a115-4eaa-b0d7-a6e66536e54c', '612345@academia.edu', '$2b$10$Kt1WXnRsFi4Ux.r1r8SQD.Ps1ksMrVyIVlHWg9o3Z/3N8hWuZV/3G', 'alumno', 'Neil Roland', 'Mendoza Cayo', '61233144', true);
INSERT INTO alumnos (id, usuario_id, dni, nombre, apellidos, codigo_barras, aula_id) VALUES ('20fc21cb-f78a-49e3-8fb4-9eaad1838aba', '29f84c87-a115-4eaa-b0d7-a6e66536e54c', '61233144', 'Neil Roland', 'Mendoza Cayo', '612345', '5351da14-19c6-4c41-986b-341827d2f528');
INSERT INTO usuarios (id, email, password_hash, rol, nombre, apellidos, dni, activo) VALUES ('4505fce9-07df-4889-9d45-c03b8e3ea299', '606710@academia.edu', '$2b$10$Kt1WXnRsFi4Ux.r1r8SQD.Ps1ksMrVyIVlHWg9o3Z/3N8hWuZV/3G', 'alumno', 'Margarita Yennyferd', 'Pantoja Sifuentes', '60677198', true);
INSERT INTO alumnos (id, usuario_id, dni, nombre, apellidos, codigo_barras, aula_id) VALUES ('cd9d046a-247f-4917-933f-f05f0d24e557', '4505fce9-07df-4889-9d45-c03b8e3ea299', '60677198', 'Margarita Yennyferd', 'Pantoja Sifuentes', '606710', '5351da14-19c6-4c41-986b-341827d2f528');
INSERT INTO usuarios (id, email, password_hash, rol, nombre, apellidos, dni, activo) VALUES ('9e6ca099-a9bc-4ac8-bfab-ace1977194eb', '614983@academia.edu', '$2b$10$Kt1WXnRsFi4Ux.r1r8SQD.Ps1ksMrVyIVlHWg9o3Z/3N8hWuZV/3G', 'alumno', 'Geraldine Briceida', 'Perez Lomote', '61490162', true);
INSERT INTO alumnos (id, usuario_id, dni, nombre, apellidos, codigo_barras, aula_id) VALUES ('984ce167-0d7a-4f1d-a1e1-84712a640565', '9e6ca099-a9bc-4ac8-bfab-ace1977194eb', '61490162', 'Geraldine Briceida', 'Perez Lomote', '614983', '5351da14-19c6-4c41-986b-341827d2f528');
INSERT INTO usuarios (id, email, password_hash, rol, nombre, apellidos, dni, activo) VALUES ('e0b2e327-537c-477c-91c6-5644b57ad19c', '619177@academia.edu', '$2b$10$Kt1WXnRsFi4Ux.r1r8SQD.Ps1ksMrVyIVlHWg9o3Z/3N8hWuZV/3G', 'alumno', 'Jarumi Nicole', 'Piñashca Gonzales', '61917299', true);
INSERT INTO alumnos (id, usuario_id, dni, nombre, apellidos, codigo_barras, aula_id) VALUES ('ab43a28f-2dd2-4582-8b6b-e3795ca67734', 'e0b2e327-537c-477c-91c6-5644b57ad19c', '61917299', 'Jarumi Nicole', 'Piñashca Gonzales', '619177', '5351da14-19c6-4c41-986b-341827d2f528');
INSERT INTO usuarios (id, email, password_hash, rol, nombre, apellidos, dni, activo) VALUES ('ff4df3b7-0773-4e9a-9adc-e98ae70ba56b', '614031@academia.edu', '$2b$10$Kt1WXnRsFi4Ux.r1r8SQD.Ps1ksMrVyIVlHWg9o3Z/3N8hWuZV/3G', 'alumno', 'Israel Jarushell', 'Ponce Espinoza', '61409409', true);
INSERT INTO alumnos (id, usuario_id, dni, nombre, apellidos, codigo_barras, aula_id) VALUES ('5da3b507-d41c-4a33-9745-9e954eb88ca9', 'ff4df3b7-0773-4e9a-9adc-e98ae70ba56b', '61409409', 'Israel Jarushell', 'Ponce Espinoza', '614031', '5351da14-19c6-4c41-986b-341827d2f528');
INSERT INTO usuarios (id, email, password_hash, rol, nombre, apellidos, dni, activo) VALUES ('19c503f4-86fe-4f6c-b12f-f44ab5c9369b', '616654@academia.edu', '$2b$10$Kt1WXnRsFi4Ux.r1r8SQD.Ps1ksMrVyIVlHWg9o3Z/3N8hWuZV/3G', 'alumno', 'Mariajulia', 'Ramirez Vargas', '61665913', true);
INSERT INTO alumnos (id, usuario_id, dni, nombre, apellidos, codigo_barras, aula_id) VALUES ('d5f9edb7-2b17-4250-8474-7c7473f64c9b', '19c503f4-86fe-4f6c-b12f-f44ab5c9369b', '61665913', 'Mariajulia', 'Ramirez Vargas', '616654', '5351da14-19c6-4c41-986b-341827d2f528');
INSERT INTO usuarios (id, email, password_hash, rol, nombre, apellidos, dni, activo) VALUES ('eff604cc-01a4-405c-9827-e34087e80b6b', '757584@academia.edu', '$2b$10$Kt1WXnRsFi4Ux.r1r8SQD.Ps1ksMrVyIVlHWg9o3Z/3N8hWuZV/3G', 'alumno', 'Jhordan Alexander', 'Rodriguez Bedon', '75750051', true);
INSERT INTO alumnos (id, usuario_id, dni, nombre, apellidos, codigo_barras, aula_id) VALUES ('be975a58-be8d-4fff-a22d-8ed0784b3486', 'eff604cc-01a4-405c-9827-e34087e80b6b', '75750051', 'Jhordan Alexander', 'Rodriguez Bedon', '757584', '5351da14-19c6-4c41-986b-341827d2f528');
INSERT INTO usuarios (id, email, password_hash, rol, nombre, apellidos, dni, activo) VALUES ('1c6f7759-5b6d-458a-ba7a-53a45cce5d5b', '614260@academia.edu', '$2b$10$Kt1WXnRsFi4Ux.r1r8SQD.Ps1ksMrVyIVlHWg9o3Z/3N8hWuZV/3G', 'alumno', 'Andy Esaut', 'Salinas Roque', '61429219', true);
INSERT INTO alumnos (id, usuario_id, dni, nombre, apellidos, codigo_barras, aula_id) VALUES ('f8676bc3-5985-40a0-952f-0979e4c700de', '1c6f7759-5b6d-458a-ba7a-53a45cce5d5b', '61429219', 'Andy Esaut', 'Salinas Roque', '614260', '5351da14-19c6-4c41-986b-341827d2f528');
INSERT INTO usuarios (id, email, password_hash, rol, nombre, apellidos, dni, activo) VALUES ('f0df1e69-e947-44ea-98b6-065fa045c7cf', '605280@academia.edu', '$2b$10$Kt1WXnRsFi4Ux.r1r8SQD.Ps1ksMrVyIVlHWg9o3Z/3N8hWuZV/3G', 'alumno', 'David Sidany', 'Sanchez Albornoz', '60522739', true);
INSERT INTO alumnos (id, usuario_id, dni, nombre, apellidos, codigo_barras, aula_id) VALUES ('88fbf5fd-01d3-4e55-b915-ad85c26227cc', 'f0df1e69-e947-44ea-98b6-065fa045c7cf', '60522739', 'David Sidany', 'Sanchez Albornoz', '605280', '5351da14-19c6-4c41-986b-341827d2f528');
INSERT INTO usuarios (id, email, password_hash, rol, nombre, apellidos, dni, activo) VALUES ('d16b2f4f-7217-47de-a695-24058118300e', '602612@academia.edu', '$2b$10$Kt1WXnRsFi4Ux.r1r8SQD.Ps1ksMrVyIVlHWg9o3Z/3N8hWuZV/3G', 'alumno', 'Zhaeli Lorena', 'Santillan Lazaro', '60266576', true);
INSERT INTO alumnos (id, usuario_id, dni, nombre, apellidos, codigo_barras, aula_id) VALUES ('bd8b95b0-e8a6-41e0-9b35-240e7aebc17a', 'd16b2f4f-7217-47de-a695-24058118300e', '60266576', 'Zhaeli Lorena', 'Santillan Lazaro', '602612', '5351da14-19c6-4c41-986b-341827d2f528');
INSERT INTO usuarios (id, email, password_hash, rol, nombre, apellidos, dni, activo) VALUES ('3ae865b1-2d58-401c-b850-9b4e835e4d8b', '605174@academia.edu', '$2b$10$Kt1WXnRsFi4Ux.r1r8SQD.Ps1ksMrVyIVlHWg9o3Z/3N8hWuZV/3G', 'alumno', 'Karina Mayli', 'Santos Leiva', '60517964', true);
INSERT INTO alumnos (id, usuario_id, dni, nombre, apellidos, codigo_barras, aula_id) VALUES ('cc592346-5ef9-4da1-b106-e6cb4c52f780', '3ae865b1-2d58-401c-b850-9b4e835e4d8b', '60517964', 'Karina Mayli', 'Santos Leiva', '605174', '5351da14-19c6-4c41-986b-341827d2f528');
INSERT INTO usuarios (id, email, password_hash, rol, nombre, apellidos, dni, activo) VALUES ('5c6f51b4-c94a-42d4-b066-9ef385fe59f4', '614805@academia.edu', '$2b$10$Kt1WXnRsFi4Ux.r1r8SQD.Ps1ksMrVyIVlHWg9o3Z/3N8hWuZV/3G', 'alumno', 'Yampol Jimy', 'Silverio Sotelo', '61480273', true);
INSERT INTO alumnos (id, usuario_id, dni, nombre, apellidos, codigo_barras, aula_id) VALUES ('6e106c26-e871-407a-b6c4-53f286ab66f6', '5c6f51b4-c94a-42d4-b066-9ef385fe59f4', '61480273', 'Yampol Jimy', 'Silverio Sotelo', '614805', '5351da14-19c6-4c41-986b-341827d2f528');
INSERT INTO usuarios (id, email, password_hash, rol, nombre, apellidos, dni, activo) VALUES ('fda8ccdb-150b-4b93-b792-2774f168438a', '606815@academia.edu', '$2b$10$Kt1WXnRsFi4Ux.r1r8SQD.Ps1ksMrVyIVlHWg9o3Z/3N8hWuZV/3G', 'alumno', 'Yesenia Viannet', 'Tarazona Lopez', '60682893', true);
INSERT INTO alumnos (id, usuario_id, dni, nombre, apellidos, codigo_barras, aula_id) VALUES ('1c928f79-9f6f-4459-83f4-053b81ea03cf', 'fda8ccdb-150b-4b93-b792-2774f168438a', '60682893', 'Yesenia Viannet', 'Tarazona Lopez', '606815', '5351da14-19c6-4c41-986b-341827d2f528');
INSERT INTO usuarios (id, email, password_hash, rol, nombre, apellidos, dni, activo) VALUES ('624b5bf8-47f5-40a6-8f92-64359febc61d', '620199@academia.edu', '$2b$10$Kt1WXnRsFi4Ux.r1r8SQD.Ps1ksMrVyIVlHWg9o3Z/3N8hWuZV/3G', 'alumno', 'Veronica Alejandra', 'Toledo Rojas', '62014763', true);
INSERT INTO alumnos (id, usuario_id, dni, nombre, apellidos, codigo_barras, aula_id) VALUES ('f1b8ec19-0991-4fb2-8a12-29138652e7f6', '624b5bf8-47f5-40a6-8f92-64359febc61d', '62014763', 'Veronica Alejandra', 'Toledo Rojas', '620199', '5351da14-19c6-4c41-986b-341827d2f528');
INSERT INTO usuarios (id, email, password_hash, rol, nombre, apellidos, dni, activo) VALUES ('b2e0b58f-82d2-42be-9e08-3ba8bc7a59d7', '605982@academia.edu', '$2b$10$Kt1WXnRsFi4Ux.r1r8SQD.Ps1ksMrVyIVlHWg9o3Z/3N8hWuZV/3G', 'alumno', 'Leonel Maycol', 'Trinidad Jaramillo', '60594836', true);
INSERT INTO alumnos (id, usuario_id, dni, nombre, apellidos, codigo_barras, aula_id) VALUES ('c6dface2-3e85-4c30-a7b9-eccc71049577', 'b2e0b58f-82d2-42be-9e08-3ba8bc7a59d7', '60594836', 'Leonel Maycol', 'Trinidad Jaramillo', '605982', '5351da14-19c6-4c41-986b-341827d2f528');
INSERT INTO usuarios (id, email, password_hash, rol, nombre, apellidos, dni, activo) VALUES ('1bce09f4-b5ac-47e2-bbc0-53f05c276359', '614207@academia.edu', '$2b$10$Kt1WXnRsFi4Ux.r1r8SQD.Ps1ksMrVyIVlHWg9o3Z/3N8hWuZV/3G', 'alumno', 'Lesly Naomi', 'Vargas Mejia', '61429248', true);
INSERT INTO alumnos (id, usuario_id, dni, nombre, apellidos, codigo_barras, aula_id) VALUES ('398a089c-d589-41f0-af5e-e402d015dcb2', '1bce09f4-b5ac-47e2-bbc0-53f05c276359', '61429248', 'Lesly Naomi', 'Vargas Mejia', '614207', '5351da14-19c6-4c41-986b-341827d2f528');
INSERT INTO usuarios (id, email, password_hash, rol, nombre, apellidos, dni, activo) VALUES ('fe35cb5b-cae6-4fc5-8fe1-879d7bba7de0', '612933@academia.edu', '$2b$10$Kt1WXnRsFi4Ux.r1r8SQD.Ps1ksMrVyIVlHWg9o3Z/3N8hWuZV/3G', 'alumno', 'Kelly Betsy', 'Aguirre Mariño', '61298828', true);
INSERT INTO alumnos (id, usuario_id, dni, nombre, apellidos, codigo_barras, aula_id) VALUES ('e417e84d-97c3-4671-8903-994a58002992', 'fe35cb5b-cae6-4fc5-8fe1-879d7bba7de0', '61298828', 'Kelly Betsy', 'Aguirre Mariño', '612933', '7b9a3937-e856-48ee-854c-59be910fc57c');
INSERT INTO usuarios (id, email, password_hash, rol, nombre, apellidos, dni, activo) VALUES ('9284c90b-6f8c-472f-a45c-184a3b07f754', '773488@academia.edu', '$2b$10$Kt1WXnRsFi4Ux.r1r8SQD.Ps1ksMrVyIVlHWg9o3Z/3N8hWuZV/3G', 'alumno', 'Katia Jennifer', 'Aldave Felix', '77343649', true);
INSERT INTO alumnos (id, usuario_id, dni, nombre, apellidos, codigo_barras, aula_id) VALUES ('b9922c8a-aa6c-4148-85ac-52372d94b47a', '9284c90b-6f8c-472f-a45c-184a3b07f754', '77343649', 'Katia Jennifer', 'Aldave Felix', '773488', '7b9a3937-e856-48ee-854c-59be910fc57c');
INSERT INTO usuarios (id, email, password_hash, rol, nombre, apellidos, dni, activo) VALUES ('3f221518-233f-4c6b-997a-becefc374898', '617520@academia.edu', '$2b$10$Kt1WXnRsFi4Ux.r1r8SQD.Ps1ksMrVyIVlHWg9o3Z/3N8hWuZV/3G', 'alumno', 'Alexandra Nicole', 'Alvarado Almendrades', '61757836', true);
INSERT INTO alumnos (id, usuario_id, dni, nombre, apellidos, codigo_barras, aula_id) VALUES ('50ce0fb3-165b-4bce-bcd8-9fdefb3bc099', '3f221518-233f-4c6b-997a-becefc374898', '61757836', 'Alexandra Nicole', 'Alvarado Almendrades', '617520', '7b9a3937-e856-48ee-854c-59be910fc57c');
INSERT INTO usuarios (id, email, password_hash, rol, nombre, apellidos, dni, activo) VALUES ('7a5fb595-793d-4307-acb4-836ec9321955', '765517@academia.edu', '$2b$10$Kt1WXnRsFi4Ux.r1r8SQD.Ps1ksMrVyIVlHWg9o3Z/3N8hWuZV/3G', 'alumno', 'Jhan Pool', 'Barrenechea Vargas', '76556627', true);
INSERT INTO alumnos (id, usuario_id, dni, nombre, apellidos, codigo_barras, aula_id) VALUES ('9c0147da-2ca1-4dab-9870-dd689bc30360', '7a5fb595-793d-4307-acb4-836ec9321955', '76556627', 'Jhan Pool', 'Barrenechea Vargas', '765517', '7b9a3937-e856-48ee-854c-59be910fc57c');
INSERT INTO usuarios (id, email, password_hash, rol, nombre, apellidos, dni, activo) VALUES ('664ab63c-1621-4ca4-b381-1ee5d2186f70', '616139@academia.edu', '$2b$10$Kt1WXnRsFi4Ux.r1r8SQD.Ps1ksMrVyIVlHWg9o3Z/3N8hWuZV/3G', 'alumno', 'Cindy Sayuri', 'Bravo Rios', '61611973', true);
INSERT INTO alumnos (id, usuario_id, dni, nombre, apellidos, codigo_barras, aula_id) VALUES ('e2ef237c-bf16-493c-a902-5d29c51b0ce8', '664ab63c-1621-4ca4-b381-1ee5d2186f70', '61611973', 'Cindy Sayuri', 'Bravo Rios', '616139', '7b9a3937-e856-48ee-854c-59be910fc57c');
INSERT INTO usuarios (id, email, password_hash, rol, nombre, apellidos, dni, activo) VALUES ('b0abdf42-d121-4abc-9f85-d67691d7bb5a', '767429@academia.edu', '$2b$10$Kt1WXnRsFi4Ux.r1r8SQD.Ps1ksMrVyIVlHWg9o3Z/3N8hWuZV/3G', 'alumno', 'Jhosue Gerardo', 'Castillo Paucar', '76741661', true);
INSERT INTO alumnos (id, usuario_id, dni, nombre, apellidos, codigo_barras, aula_id) VALUES ('94afbadc-011d-422c-88b9-e211affb5ac8', 'b0abdf42-d121-4abc-9f85-d67691d7bb5a', '76741661', 'Jhosue Gerardo', 'Castillo Paucar', '767429', '7b9a3937-e856-48ee-854c-59be910fc57c');
INSERT INTO usuarios (id, email, password_hash, rol, nombre, apellidos, dni, activo) VALUES ('2f5d818c-65c7-4e73-9d89-92658b0d1359', '725024@academia.edu', '$2b$10$Kt1WXnRsFi4Ux.r1r8SQD.Ps1ksMrVyIVlHWg9o3Z/3N8hWuZV/3G', 'alumno', 'Marili', 'Castillo Pinedo', '72502862', true);
INSERT INTO alumnos (id, usuario_id, dni, nombre, apellidos, codigo_barras, aula_id) VALUES ('0205f4a5-8666-4f42-852d-a1e33863ba25', '2f5d818c-65c7-4e73-9d89-92658b0d1359', '72502862', 'Marili', 'Castillo Pinedo', '725024', '7b9a3937-e856-48ee-854c-59be910fc57c');
INSERT INTO usuarios (id, email, password_hash, rol, nombre, apellidos, dni, activo) VALUES ('0f0771d8-d685-4555-9677-1306e381bd62', '615125@academia.edu', '$2b$10$Kt1WXnRsFi4Ux.r1r8SQD.Ps1ksMrVyIVlHWg9o3Z/3N8hWuZV/3G', 'alumno', 'Mariajesus Yenevit', 'Castillo Villacorta', '61517267', true);
INSERT INTO alumnos (id, usuario_id, dni, nombre, apellidos, codigo_barras, aula_id) VALUES ('4729f485-02a3-4774-8e62-4d9dacaec07e', '0f0771d8-d685-4555-9677-1306e381bd62', '61517267', 'Mariajesus Yenevit', 'Castillo Villacorta', '615125', '7b9a3937-e856-48ee-854c-59be910fc57c');
INSERT INTO usuarios (id, email, password_hash, rol, nombre, apellidos, dni, activo) VALUES ('9b33bef0-b552-410c-a5da-0efa95ebaa00', '612936@academia.edu', '$2b$10$Kt1WXnRsFi4Ux.r1r8SQD.Ps1ksMrVyIVlHWg9o3Z/3N8hWuZV/3G', 'alumno', 'Jhon Imanol', 'Catiri Bañez', '61298646', true);
INSERT INTO alumnos (id, usuario_id, dni, nombre, apellidos, codigo_barras, aula_id) VALUES ('fd693b96-d1f4-4b04-adb6-5bd5eecb4192', '9b33bef0-b552-410c-a5da-0efa95ebaa00', '61298646', 'Jhon Imanol', 'Catiri Bañez', '612936', '7b9a3937-e856-48ee-854c-59be910fc57c');
INSERT INTO usuarios (id, email, password_hash, rol, nombre, apellidos, dni, activo) VALUES ('b4f98d28-ce53-4a26-b8bd-0f694db78168', '604012@academia.edu', '$2b$10$Kt1WXnRsFi4Ux.r1r8SQD.Ps1ksMrVyIVlHWg9o3Z/3N8hWuZV/3G', 'alumno', 'Angeli Khiara', 'Chinchey Baltazar', '60407847', true);
INSERT INTO alumnos (id, usuario_id, dni, nombre, apellidos, codigo_barras, aula_id) VALUES ('eb2a5492-5927-40d7-aa28-778e4b248ade', 'b4f98d28-ce53-4a26-b8bd-0f694db78168', '60407847', 'Angeli Khiara', 'Chinchey Baltazar', '604012', '7b9a3937-e856-48ee-854c-59be910fc57c');
INSERT INTO usuarios (id, email, password_hash, rol, nombre, apellidos, dni, activo) VALUES ('b5fa9379-c1eb-47e2-9f4e-3032e35dea06', '616063@academia.edu', '$2b$10$Kt1WXnRsFi4Ux.r1r8SQD.Ps1ksMrVyIVlHWg9o3Z/3N8hWuZV/3G', 'alumno', 'Luz Clarita', 'Cilio Norabuena', '61603714', true);
INSERT INTO alumnos (id, usuario_id, dni, nombre, apellidos, codigo_barras, aula_id) VALUES ('74834b50-d052-46c4-abb1-88b2679efbff', 'b5fa9379-c1eb-47e2-9f4e-3032e35dea06', '61603714', 'Luz Clarita', 'Cilio Norabuena', '616063', '7b9a3937-e856-48ee-854c-59be910fc57c');
INSERT INTO usuarios (id, email, password_hash, rol, nombre, apellidos, dni, activo) VALUES ('d54dc2a4-01c6-4ddc-b241-f084545b55c0', '613362@academia.edu', '$2b$10$Kt1WXnRsFi4Ux.r1r8SQD.Ps1ksMrVyIVlHWg9o3Z/3N8hWuZV/3G', 'alumno', 'Jorge Alejandro', 'Copaja Collasos', '61331049', true);
INSERT INTO alumnos (id, usuario_id, dni, nombre, apellidos, codigo_barras, aula_id) VALUES ('62a6afa3-ded3-4f78-b528-b612049adb52', 'd54dc2a4-01c6-4ddc-b241-f084545b55c0', '61331049', 'Jorge Alejandro', 'Copaja Collasos', '613362', '7b9a3937-e856-48ee-854c-59be910fc57c');
INSERT INTO usuarios (id, email, password_hash, rol, nombre, apellidos, dni, activo) VALUES ('6031ba98-0479-4677-aeaf-411974734cdb', '610645@academia.edu', '$2b$10$Kt1WXnRsFi4Ux.r1r8SQD.Ps1ksMrVyIVlHWg9o3Z/3N8hWuZV/3G', 'alumno', 'Christopher Emanuel', 'Dominguez Guillen', '61064074', true);
INSERT INTO alumnos (id, usuario_id, dni, nombre, apellidos, codigo_barras, aula_id) VALUES ('9fa7fe73-0e4d-42fb-a3b7-43541138f3bd', '6031ba98-0479-4677-aeaf-411974734cdb', '61064074', 'Christopher Emanuel', 'Dominguez Guillen', '610645', '7b9a3937-e856-48ee-854c-59be910fc57c');
INSERT INTO usuarios (id, email, password_hash, rol, nombre, apellidos, dni, activo) VALUES ('ba7b255c-6c53-4f8d-afe3-3389e9a5ff76', '601273@academia.edu', '$2b$10$Kt1WXnRsFi4Ux.r1r8SQD.Ps1ksMrVyIVlHWg9o3Z/3N8hWuZV/3G', 'alumno', 'Liszeth Melina', 'Fabian Milla', '60125295', true);
INSERT INTO alumnos (id, usuario_id, dni, nombre, apellidos, codigo_barras, aula_id) VALUES ('1de843eb-13ba-4dcb-83a6-ef4a30417204', 'ba7b255c-6c53-4f8d-afe3-3389e9a5ff76', '60125295', 'Liszeth Melina', 'Fabian Milla', '601273', '7b9a3937-e856-48ee-854c-59be910fc57c');
INSERT INTO usuarios (id, email, password_hash, rol, nombre, apellidos, dni, activo) VALUES ('cd59f1de-aa49-4ef0-875e-b8e7e21f7c56', '723538@academia.edu', '$2b$10$Kt1WXnRsFi4Ux.r1r8SQD.Ps1ksMrVyIVlHWg9o3Z/3N8hWuZV/3G', 'alumno', 'Ivan Paul', 'Fernandez Diaz', '72353923', true);
INSERT INTO alumnos (id, usuario_id, dni, nombre, apellidos, codigo_barras, aula_id) VALUES ('d6016022-f6bf-4aca-9e2a-dfd70a406dcf', 'cd59f1de-aa49-4ef0-875e-b8e7e21f7c56', '72353923', 'Ivan Paul', 'Fernandez Diaz', '723538', '7b9a3937-e856-48ee-854c-59be910fc57c');
INSERT INTO usuarios (id, email, password_hash, rol, nombre, apellidos, dni, activo) VALUES ('c8654daa-1cb9-4604-9b49-b65f539112f6', '620298@academia.edu', '$2b$10$Kt1WXnRsFi4Ux.r1r8SQD.Ps1ksMrVyIVlHWg9o3Z/3N8hWuZV/3G', 'alumno', 'Juan Manuel', 'Flores Barros', '62028763', true);
INSERT INTO alumnos (id, usuario_id, dni, nombre, apellidos, codigo_barras, aula_id) VALUES ('73617a67-8c00-4dee-bfdf-fe8a92367e66', 'c8654daa-1cb9-4604-9b49-b65f539112f6', '62028763', 'Juan Manuel', 'Flores Barros', '620298', '7b9a3937-e856-48ee-854c-59be910fc57c');
INSERT INTO usuarios (id, email, password_hash, rol, nombre, apellidos, dni, activo) VALUES ('7113b03b-df80-4294-af14-32dcf3cb4aa4', '613168@academia.edu', '$2b$10$Kt1WXnRsFi4Ux.r1r8SQD.Ps1ksMrVyIVlHWg9o3Z/3N8hWuZV/3G', 'alumno', 'Maricielolucero', 'Flores Urbano', '61314654', true);
INSERT INTO alumnos (id, usuario_id, dni, nombre, apellidos, codigo_barras, aula_id) VALUES ('8c388bbd-8db5-4869-8244-92ee62996546', '7113b03b-df80-4294-af14-32dcf3cb4aa4', '61314654', 'Maricielolucero', 'Flores Urbano', '613168', '7b9a3937-e856-48ee-854c-59be910fc57c');
INSERT INTO usuarios (id, email, password_hash, rol, nombre, apellidos, dni, activo) VALUES ('fe8d0d26-a672-40e9-a8d3-54a6a9d9a4c5', '613123@academia.edu', '$2b$10$Kt1WXnRsFi4Ux.r1r8SQD.Ps1ksMrVyIVlHWg9o3Z/3N8hWuZV/3G', 'alumno', 'Jean', 'Garcia Ardiles', '61314482', true);
INSERT INTO alumnos (id, usuario_id, dni, nombre, apellidos, codigo_barras, aula_id) VALUES ('6f1c6263-25c9-4d55-8f88-c82ebe720bc3', 'fe8d0d26-a672-40e9-a8d3-54a6a9d9a4c5', '61314482', 'Jean', 'Garcia Ardiles', '613123', '7b9a3937-e856-48ee-854c-59be910fc57c');
INSERT INTO usuarios (id, email, password_hash, rol, nombre, apellidos, dni, activo) VALUES ('1a91b30f-09c5-4a1c-97d7-7ae23b77d2d1', '610693@academia.edu', '$2b$10$Kt1WXnRsFi4Ux.r1r8SQD.Ps1ksMrVyIVlHWg9o3Z/3N8hWuZV/3G', 'alumno', 'Arturo Yamir De Jesus', 'Garcia Navarro', '61064161', true);
INSERT INTO alumnos (id, usuario_id, dni, nombre, apellidos, codigo_barras, aula_id) VALUES ('489a52f2-5d89-47a7-b77f-b9162a2ff467', '1a91b30f-09c5-4a1c-97d7-7ae23b77d2d1', '61064161', 'Arturo Yamir De Jesus', 'Garcia Navarro', '610693', '7b9a3937-e856-48ee-854c-59be910fc57c');
INSERT INTO usuarios (id, email, password_hash, rol, nombre, apellidos, dni, activo) VALUES ('1cbe7248-1190-46f2-8de4-77fbe55cd918', '616696@academia.edu', '$2b$10$Kt1WXnRsFi4Ux.r1r8SQD.Ps1ksMrVyIVlHWg9o3Z/3N8hWuZV/3G', 'alumno', 'Arnold Beckan', 'Gomero Depaz', '61667466', true);
INSERT INTO alumnos (id, usuario_id, dni, nombre, apellidos, codigo_barras, aula_id) VALUES ('a7dc2137-ac3f-41b4-8e69-06a1942f081c', '1cbe7248-1190-46f2-8de4-77fbe55cd918', '61667466', 'Arnold Beckan', 'Gomero Depaz', '616696', '7b9a3937-e856-48ee-854c-59be910fc57c');
INSERT INTO usuarios (id, email, password_hash, rol, nombre, apellidos, dni, activo) VALUES ('671515d6-0ffb-49f9-817d-a6e9becda0e1', '601233@academia.edu', '$2b$10$Kt1WXnRsFi4Ux.r1r8SQD.Ps1ksMrVyIVlHWg9o3Z/3N8hWuZV/3G', 'alumno', 'Roberto Carlos', 'Huaman Jamanca', '60123062', true);
INSERT INTO alumnos (id, usuario_id, dni, nombre, apellidos, codigo_barras, aula_id) VALUES ('643a6e53-5b86-42c1-b16f-b357e2a2b131', '671515d6-0ffb-49f9-817d-a6e9becda0e1', '60123062', 'Roberto Carlos', 'Huaman Jamanca', '601233', '7b9a3937-e856-48ee-854c-59be910fc57c');
INSERT INTO usuarios (id, email, password_hash, rol, nombre, apellidos, dni, activo) VALUES ('b55d38c1-a4cb-4c1f-9dd7-1a9026e85c4b', '601227@academia.edu', '$2b$10$Kt1WXnRsFi4Ux.r1r8SQD.Ps1ksMrVyIVlHWg9o3Z/3N8hWuZV/3G', 'alumno', 'Carlosraul', 'Huaranga Valentin', '60120879', true);
INSERT INTO alumnos (id, usuario_id, dni, nombre, apellidos, codigo_barras, aula_id) VALUES ('f8910f6c-c43d-4d66-8e30-17f03e3f739b', 'b55d38c1-a4cb-4c1f-9dd7-1a9026e85c4b', '60120879', 'Carlosraul', 'Huaranga Valentin', '601227', '7b9a3937-e856-48ee-854c-59be910fc57c');
INSERT INTO usuarios (id, email, password_hash, rol, nombre, apellidos, dni, activo) VALUES ('d4f6298a-bea1-4709-a51b-912679ee51c0', '614829@academia.edu', '$2b$10$Kt1WXnRsFi4Ux.r1r8SQD.Ps1ksMrVyIVlHWg9o3Z/3N8hWuZV/3G', 'alumno', 'Sharon Mireya', 'Lozano Cierto', '61480140', true);
INSERT INTO alumnos (id, usuario_id, dni, nombre, apellidos, codigo_barras, aula_id) VALUES ('e1b6abaf-2896-4a35-b243-3c28518a36fb', 'd4f6298a-bea1-4709-a51b-912679ee51c0', '61480140', 'Sharon Mireya', 'Lozano Cierto', '614829', '7b9a3937-e856-48ee-854c-59be910fc57c');
INSERT INTO usuarios (id, email, password_hash, rol, nombre, apellidos, dni, activo) VALUES ('c7d3e9d3-037f-4e85-8cb2-bcd65b757e2a', '611178@academia.edu', '$2b$10$Kt1WXnRsFi4Ux.r1r8SQD.Ps1ksMrVyIVlHWg9o3Z/3N8hWuZV/3G', 'alumno', 'Jhannet Elina', 'Macedo Albino', '61119873', true);
INSERT INTO alumnos (id, usuario_id, dni, nombre, apellidos, codigo_barras, aula_id) VALUES ('450b6179-ad74-48d3-95a6-baa51fea4124', 'c7d3e9d3-037f-4e85-8cb2-bcd65b757e2a', '61119873', 'Jhannet Elina', 'Macedo Albino', '611178', '7b9a3937-e856-48ee-854c-59be910fc57c');
INSERT INTO usuarios (id, email, password_hash, rol, nombre, apellidos, dni, activo) VALUES ('78eeaf90-255e-4d99-95fc-2e60ad855774', '616103@academia.edu', '$2b$10$Kt1WXnRsFi4Ux.r1r8SQD.Ps1ksMrVyIVlHWg9o3Z/3N8hWuZV/3G', 'alumno', 'Medaly', 'Moreno Blas', '61611609', true);
INSERT INTO alumnos (id, usuario_id, dni, nombre, apellidos, codigo_barras, aula_id) VALUES ('74344c7b-4760-409a-ac5e-367dd3041c28', '78eeaf90-255e-4d99-95fc-2e60ad855774', '61611609', 'Medaly', 'Moreno Blas', '616103', '7b9a3937-e856-48ee-854c-59be910fc57c');
INSERT INTO usuarios (id, email, password_hash, rol, nombre, apellidos, dni, activo) VALUES ('df2c2cc4-cc9a-4329-b84e-c0fb83f574aa', '620170@academia.edu', '$2b$10$Kt1WXnRsFi4Ux.r1r8SQD.Ps1ksMrVyIVlHWg9o3Z/3N8hWuZV/3G', 'alumno', 'Gabriel Alexander', 'Neire Toledo', '62014828', true);
INSERT INTO alumnos (id, usuario_id, dni, nombre, apellidos, codigo_barras, aula_id) VALUES ('6bde3d34-7f6c-4476-bfe9-336f7627d968', 'df2c2cc4-cc9a-4329-b84e-c0fb83f574aa', '62014828', 'Gabriel Alexander', 'Neire Toledo', '620170', '7b9a3937-e856-48ee-854c-59be910fc57c');
INSERT INTO usuarios (id, email, password_hash, rol, nombre, apellidos, dni, activo) VALUES ('ee927bc6-5b76-41e8-ad28-d5a646497b8d', '615118@academia.edu', '$2b$10$Kt1WXnRsFi4Ux.r1r8SQD.Ps1ksMrVyIVlHWg9o3Z/3N8hWuZV/3G', 'alumno', 'Isabel Ximena', 'Paredes Cano', '61517225', true);
INSERT INTO alumnos (id, usuario_id, dni, nombre, apellidos, codigo_barras, aula_id) VALUES ('c47198ea-7e36-4d08-b240-c1b705a12f10', 'ee927bc6-5b76-41e8-ad28-d5a646497b8d', '61517225', 'Isabel Ximena', 'Paredes Cano', '615118', '7b9a3937-e856-48ee-854c-59be910fc57c');
INSERT INTO usuarios (id, email, password_hash, rol, nombre, apellidos, dni, activo) VALUES ('064a6ca7-1b8a-4752-b893-c95aef8b8ba0', '603972@academia.edu', '$2b$10$Kt1WXnRsFi4Ux.r1r8SQD.Ps1ksMrVyIVlHWg9o3Z/3N8hWuZV/3G', 'alumno', 'Jheison Steven', 'Paucar Peña', '60394909', true);
INSERT INTO alumnos (id, usuario_id, dni, nombre, apellidos, codigo_barras, aula_id) VALUES ('d2114daf-67ce-42b3-ae0a-fc6037626b70', '064a6ca7-1b8a-4752-b893-c95aef8b8ba0', '60394909', 'Jheison Steven', 'Paucar Peña', '603972', '7b9a3937-e856-48ee-854c-59be910fc57c');
INSERT INTO usuarios (id, email, password_hash, rol, nombre, apellidos, dni, activo) VALUES ('38b0cee0-05b9-4c9e-a4f6-7b0b51166a49', '724011@academia.edu', '$2b$10$Kt1WXnRsFi4Ux.r1r8SQD.Ps1ksMrVyIVlHWg9o3Z/3N8hWuZV/3G', 'alumno', 'Danny Zocimo', 'Peña Meza', '72404631', true);
INSERT INTO alumnos (id, usuario_id, dni, nombre, apellidos, codigo_barras, aula_id) VALUES ('ccb3e76d-2754-4e80-aed8-a536b6e4592f', '38b0cee0-05b9-4c9e-a4f6-7b0b51166a49', '72404631', 'Danny Zocimo', 'Peña Meza', '724011', '7b9a3937-e856-48ee-854c-59be910fc57c');
INSERT INTO usuarios (id, email, password_hash, rol, nombre, apellidos, dni, activo) VALUES ('75552337-37a6-49f3-af65-1b26c0340bc6', '602512@academia.edu', '$2b$10$Kt1WXnRsFi4Ux.r1r8SQD.Ps1ksMrVyIVlHWg9o3Z/3N8hWuZV/3G', 'alumno', 'Flor Deliz', 'Principe Juan', '60259078', true);
INSERT INTO alumnos (id, usuario_id, dni, nombre, apellidos, codigo_barras, aula_id) VALUES ('5fe59fe7-0322-41b9-bbfb-3914209a298e', '75552337-37a6-49f3-af65-1b26c0340bc6', '60259078', 'Flor Deliz', 'Principe Juan', '602512', '7b9a3937-e856-48ee-854c-59be910fc57c');
INSERT INTO usuarios (id, email, password_hash, rol, nombre, apellidos, dni, activo) VALUES ('5b1e8577-2c61-46b6-9e9c-5f65e665782a', '620185@academia.edu', '$2b$10$Kt1WXnRsFi4Ux.r1r8SQD.Ps1ksMrVyIVlHWg9o3Z/3N8hWuZV/3G', 'alumno', 'Melrouse Kiara', 'Rodriguez Chucho', '62014995', true);
INSERT INTO alumnos (id, usuario_id, dni, nombre, apellidos, codigo_barras, aula_id) VALUES ('4215422d-5173-48b7-8f9e-d9b68fd79952', '5b1e8577-2c61-46b6-9e9c-5f65e665782a', '62014995', 'Melrouse Kiara', 'Rodriguez Chucho', '620185', '7b9a3937-e856-48ee-854c-59be910fc57c');
INSERT INTO usuarios (id, email, password_hash, rol, nombre, apellidos, dni, activo) VALUES ('9f903d3e-e049-4204-8052-15b767c542d2', '608591@academia.edu', '$2b$10$Kt1WXnRsFi4Ux.r1r8SQD.Ps1ksMrVyIVlHWg9o3Z/3N8hWuZV/3G', 'alumno', 'Pool Cristopher', 'Rodriguez Toledo', '60858221', true);
INSERT INTO alumnos (id, usuario_id, dni, nombre, apellidos, codigo_barras, aula_id) VALUES ('23296f3d-60d7-47f7-bcc7-566b4cc34b43', '9f903d3e-e049-4204-8052-15b767c542d2', '60858221', 'Pool Cristopher', 'Rodriguez Toledo', '608591', '7b9a3937-e856-48ee-854c-59be910fc57c');
INSERT INTO usuarios (id, email, password_hash, rol, nombre, apellidos, dni, activo) VALUES ('1e211ebe-a6cc-4d1f-82d0-24e785b2cf86', '604188@academia.edu', '$2b$10$Kt1WXnRsFi4Ux.r1r8SQD.Ps1ksMrVyIVlHWg9o3Z/3N8hWuZV/3G', 'alumno', 'Jenny Zenaida', 'Romero Martin', '60411165', true);
INSERT INTO alumnos (id, usuario_id, dni, nombre, apellidos, codigo_barras, aula_id) VALUES ('fb00b7c1-ec5c-4526-9449-15db289dfb82', '1e211ebe-a6cc-4d1f-82d0-24e785b2cf86', '60411165', 'Jenny Zenaida', 'Romero Martin', '604188', '7b9a3937-e856-48ee-854c-59be910fc57c');
INSERT INTO usuarios (id, email, password_hash, rol, nombre, apellidos, dni, activo) VALUES ('475a6753-1304-479a-827e-0f2b1ee8d8ae', '759740@academia.edu', '$2b$10$Kt1WXnRsFi4Ux.r1r8SQD.Ps1ksMrVyIVlHWg9o3Z/3N8hWuZV/3G', 'alumno', 'Jhonatan Smith', 'Tamara Rosales', '75977080', true);
INSERT INTO alumnos (id, usuario_id, dni, nombre, apellidos, codigo_barras, aula_id) VALUES ('e4eaf41b-d2f8-4667-8911-0f94d3de1deb', '475a6753-1304-479a-827e-0f2b1ee8d8ae', '75977080', 'Jhonatan Smith', 'Tamara Rosales', '759740', '7b9a3937-e856-48ee-854c-59be910fc57c');
INSERT INTO usuarios (id, email, password_hash, rol, nombre, apellidos, dni, activo) VALUES ('77f90552-3672-41d0-95d9-a5efb6e0df4b', '608559@academia.edu', '$2b$10$Kt1WXnRsFi4Ux.r1r8SQD.Ps1ksMrVyIVlHWg9o3Z/3N8hWuZV/3G', 'alumno', 'Jeanpol Luigui', 'Tapia Salazar', '60858257', true);
INSERT INTO alumnos (id, usuario_id, dni, nombre, apellidos, codigo_barras, aula_id) VALUES ('80439a54-d181-4f75-854f-ceff9b587012', '77f90552-3672-41d0-95d9-a5efb6e0df4b', '60858257', 'Jeanpol Luigui', 'Tapia Salazar', '608559', '7b9a3937-e856-48ee-854c-59be910fc57c');
INSERT INTO usuarios (id, email, password_hash, rol, nombre, apellidos, dni, activo) VALUES ('2147335c-cb4b-49dd-9bd3-b209eb00a90e', '732071@academia.edu', '$2b$10$Kt1WXnRsFi4Ux.r1r8SQD.Ps1ksMrVyIVlHWg9o3Z/3N8hWuZV/3G', 'alumno', 'Robert Victor', 'Tarazona Robles', '73200610', true);
INSERT INTO alumnos (id, usuario_id, dni, nombre, apellidos, codigo_barras, aula_id) VALUES ('00b4dde3-1512-4b7a-a445-fcbfbc590698', '2147335c-cb4b-49dd-9bd3-b209eb00a90e', '73200610', 'Robert Victor', 'Tarazona Robles', '732071', '7b9a3937-e856-48ee-854c-59be910fc57c');
INSERT INTO usuarios (id, email, password_hash, rol, nombre, apellidos, dni, activo) VALUES ('3420db47-f825-4cad-8dbe-b86aee049f8f', '605649@academia.edu', '$2b$10$Kt1WXnRsFi4Ux.r1r8SQD.Ps1ksMrVyIVlHWg9o3Z/3N8hWuZV/3G', 'alumno', 'Jerick Leonardo', 'Trejo Figueroa', '60564728', true);
INSERT INTO alumnos (id, usuario_id, dni, nombre, apellidos, codigo_barras, aula_id) VALUES ('0615ae2f-ed80-4578-8c15-80ef7530cf64', '3420db47-f825-4cad-8dbe-b86aee049f8f', '60564728', 'Jerick Leonardo', 'Trejo Figueroa', '605649', '7b9a3937-e856-48ee-854c-59be910fc57c');
INSERT INTO usuarios (id, email, password_hash, rol, nombre, apellidos, dni, activo) VALUES ('b995717c-899f-4574-9a57-0a5559fd4cdc', '717328@academia.edu', '$2b$10$Kt1WXnRsFi4Ux.r1r8SQD.Ps1ksMrVyIVlHWg9o3Z/3N8hWuZV/3G', 'alumno', 'Dina Margarita', 'Trejo Herrera', '71736095', true);
INSERT INTO alumnos (id, usuario_id, dni, nombre, apellidos, codigo_barras, aula_id) VALUES ('70db6e33-3b1c-4328-bfd9-b51fae58feca', 'b995717c-899f-4574-9a57-0a5559fd4cdc', '71736095', 'Dina Margarita', 'Trejo Herrera', '717328', '7b9a3937-e856-48ee-854c-59be910fc57c');
INSERT INTO usuarios (id, email, password_hash, rol, nombre, apellidos, dni, activo) VALUES ('4e608e94-6a0e-4ef9-8da5-4ba87362d5e7', '606752@academia.edu', '$2b$10$Kt1WXnRsFi4Ux.r1r8SQD.Ps1ksMrVyIVlHWg9o3Z/3N8hWuZV/3G', 'alumno', 'Medali Yoselin', 'Bonifacio Flores', '60677227', true);
INSERT INTO alumnos (id, usuario_id, dni, nombre, apellidos, codigo_barras, aula_id) VALUES ('18752147-9c97-4e5b-91f8-a3937037d337', '4e608e94-6a0e-4ef9-8da5-4ba87362d5e7', '60677227', 'Medali Yoselin', 'Bonifacio Flores', '606752', '1cddbf00-002c-469b-a55d-9ee6cc478ec4');
INSERT INTO usuarios (id, email, password_hash, rol, nombre, apellidos, dni, activo) VALUES ('1156e3a8-d5f6-48d5-8c7a-71cdf1b6edec', '601829@academia.edu', '$2b$10$Kt1WXnRsFi4Ux.r1r8SQD.Ps1ksMrVyIVlHWg9o3Z/3N8hWuZV/3G', 'alumno', 'Franky Damneo', 'Cadillo Mory', '60186579', true);
INSERT INTO alumnos (id, usuario_id, dni, nombre, apellidos, codigo_barras, aula_id) VALUES ('4f314ef0-7995-4c59-8e0e-60bdf6ff517b', '1156e3a8-d5f6-48d5-8c7a-71cdf1b6edec', '60186579', 'Franky Damneo', 'Cadillo Mory', '601829', '1cddbf00-002c-469b-a55d-9ee6cc478ec4');
INSERT INTO usuarios (id, email, password_hash, rol, nombre, apellidos, dni, activo) VALUES ('b9824a7a-1c29-49bc-b17b-33f184720c5e', '601212@academia.edu', '$2b$10$Kt1WXnRsFi4Ux.r1r8SQD.Ps1ksMrVyIVlHWg9o3Z/3N8hWuZV/3G', 'alumno', 'Caterin Romina', 'Cueva Salvador', '60124991', true);
INSERT INTO alumnos (id, usuario_id, dni, nombre, apellidos, codigo_barras, aula_id) VALUES ('11f2950d-aad8-4305-8945-13e62b615d49', 'b9824a7a-1c29-49bc-b17b-33f184720c5e', '60124991', 'Caterin Romina', 'Cueva Salvador', '601212', '1cddbf00-002c-469b-a55d-9ee6cc478ec4');
INSERT INTO usuarios (id, email, password_hash, rol, nombre, apellidos, dni, activo) VALUES ('60cae00c-265f-44a3-884b-4ed2d079477a', '600289@academia.edu', '$2b$10$Kt1WXnRsFi4Ux.r1r8SQD.Ps1ksMrVyIVlHWg9o3Z/3N8hWuZV/3G', 'alumno', 'Dayana Cielo', 'De La Cruz Retuerto', '60024844', true);
INSERT INTO alumnos (id, usuario_id, dni, nombre, apellidos, codigo_barras, aula_id) VALUES ('6f1cdc2b-91e8-49e6-a3fd-573add483e4a', '60cae00c-265f-44a3-884b-4ed2d079477a', '60024844', 'Dayana Cielo', 'De La Cruz Retuerto', '600289', '1cddbf00-002c-469b-a55d-9ee6cc478ec4');
INSERT INTO usuarios (id, email, password_hash, rol, nombre, apellidos, dni, activo) VALUES ('c1404fdd-696d-4988-95aa-2c8c35674dc1', '606172@academia.edu', '$2b$10$Kt1WXnRsFi4Ux.r1r8SQD.Ps1ksMrVyIVlHWg9o3Z/3N8hWuZV/3G', 'alumno', 'Juan Jairo', 'Dominguez Rodriguez', '60611388', true);
INSERT INTO alumnos (id, usuario_id, dni, nombre, apellidos, codigo_barras, aula_id) VALUES ('02f8dbd2-a5ba-488b-86d3-c6f4c40f36dc', 'c1404fdd-696d-4988-95aa-2c8c35674dc1', '60611388', 'Juan Jairo', 'Dominguez Rodriguez', '606172', '1cddbf00-002c-469b-a55d-9ee6cc478ec4');
INSERT INTO usuarios (id, email, password_hash, rol, nombre, apellidos, dni, activo) VALUES ('9941f8ba-1d1e-4147-ac33-d472b6b6ed69', '608774@academia.edu', '$2b$10$Kt1WXnRsFi4Ux.r1r8SQD.Ps1ksMrVyIVlHWg9o3Z/3N8hWuZV/3G', 'alumno', 'Jason Angel', 'Duran Coral', '60874948', true);
INSERT INTO alumnos (id, usuario_id, dni, nombre, apellidos, codigo_barras, aula_id) VALUES ('e9752021-97ef-4f77-828c-3ae17d0c516c', '9941f8ba-1d1e-4147-ac33-d472b6b6ed69', '60874948', 'Jason Angel', 'Duran Coral', '608774', '1cddbf00-002c-469b-a55d-9ee6cc478ec4');
INSERT INTO usuarios (id, email, password_hash, rol, nombre, apellidos, dni, activo) VALUES ('2c235c8c-e1a8-46c9-a6f4-3b7761bf31d2', '600407@academia.edu', '$2b$10$Kt1WXnRsFi4Ux.r1r8SQD.Ps1ksMrVyIVlHWg9o3Z/3N8hWuZV/3G', 'alumno', 'Yesely Yery', 'Escudero Aburto', '60042439', true);
INSERT INTO alumnos (id, usuario_id, dni, nombre, apellidos, codigo_barras, aula_id) VALUES ('6e978640-1c92-45fe-bc48-7fcee393e4e8', '2c235c8c-e1a8-46c9-a6f4-3b7761bf31d2', '60042439', 'Yesely Yery', 'Escudero Aburto', '600407', '1cddbf00-002c-469b-a55d-9ee6cc478ec4');
INSERT INTO usuarios (id, email, password_hash, rol, nombre, apellidos, dni, activo) VALUES ('f58bea9c-bc07-41e1-aef6-2e383f0d43cc', '764366@academia.edu', '$2b$10$Kt1WXnRsFi4Ux.r1r8SQD.Ps1ksMrVyIVlHWg9o3Z/3N8hWuZV/3G', 'alumno', 'Rita Esperanza', 'Euscatigue Silvestre', '76435226', true);
INSERT INTO alumnos (id, usuario_id, dni, nombre, apellidos, codigo_barras, aula_id) VALUES ('b0f126e1-db11-4270-81ab-c4f79d625e19', 'f58bea9c-bc07-41e1-aef6-2e383f0d43cc', '76435226', 'Rita Esperanza', 'Euscatigue Silvestre', '764366', '1cddbf00-002c-469b-a55d-9ee6cc478ec4');
INSERT INTO usuarios (id, email, password_hash, rol, nombre, apellidos, dni, activo) VALUES ('eb6ed86e-3c8a-4e03-8b41-b80b251214eb', '615952@academia.edu', '$2b$10$Kt1WXnRsFi4Ux.r1r8SQD.Ps1ksMrVyIVlHWg9o3Z/3N8hWuZV/3G', 'alumno', 'Keluhi Emil', 'Gamboa Bello', '61590673', true);
INSERT INTO alumnos (id, usuario_id, dni, nombre, apellidos, codigo_barras, aula_id) VALUES ('9a299f1c-159a-4a50-8077-1999e2345f79', 'eb6ed86e-3c8a-4e03-8b41-b80b251214eb', '61590673', 'Keluhi Emil', 'Gamboa Bello', '615952', '1cddbf00-002c-469b-a55d-9ee6cc478ec4');
INSERT INTO usuarios (id, email, password_hash, rol, nombre, apellidos, dni, activo) VALUES ('397dbd88-f66a-4520-bb73-b2757fc146ea', '619583@academia.edu', '$2b$10$Kt1WXnRsFi4Ux.r1r8SQD.Ps1ksMrVyIVlHWg9o3Z/3N8hWuZV/3G', 'alumno', 'Luciano Alessandro', 'Garcia Romero', '61957788', true);
INSERT INTO alumnos (id, usuario_id, dni, nombre, apellidos, codigo_barras, aula_id) VALUES ('aaff7e85-e86b-467d-a1c5-19f00a02c479', '397dbd88-f66a-4520-bb73-b2757fc146ea', '61957788', 'Luciano Alessandro', 'Garcia Romero', '619583', '1cddbf00-002c-469b-a55d-9ee6cc478ec4');
INSERT INTO usuarios (id, email, password_hash, rol, nombre, apellidos, dni, activo) VALUES ('db285918-4f32-474d-9b19-30fa462a2f8e', '612920@academia.edu', '$2b$10$Kt1WXnRsFi4Ux.r1r8SQD.Ps1ksMrVyIVlHWg9o3Z/3N8hWuZV/3G', 'alumno', 'Nicolas', 'Gaviria Carrillo', '61298833', true);
INSERT INTO alumnos (id, usuario_id, dni, nombre, apellidos, codigo_barras, aula_id) VALUES ('3f73e57f-7b2a-4c8e-98cb-84ccca05f278', 'db285918-4f32-474d-9b19-30fa462a2f8e', '61298833', 'Nicolas', 'Gaviria Carrillo', '612920', '1cddbf00-002c-469b-a55d-9ee6cc478ec4');
INSERT INTO usuarios (id, email, password_hash, rol, nombre, apellidos, dni, activo) VALUES ('48355eef-5d36-46bb-8a64-fccc347ebd31', '602566@academia.edu', '$2b$10$Kt1WXnRsFi4Ux.r1r8SQD.Ps1ksMrVyIVlHWg9o3Z/3N8hWuZV/3G', 'alumno', 'Evelin Mayuri', 'Guerrero Raymundo', '60250488', true);
INSERT INTO alumnos (id, usuario_id, dni, nombre, apellidos, codigo_barras, aula_id) VALUES ('ec1178f3-d273-4d17-9076-ae7b81c05a75', '48355eef-5d36-46bb-8a64-fccc347ebd31', '60250488', 'Evelin Mayuri', 'Guerrero Raymundo', '602566', '1cddbf00-002c-469b-a55d-9ee6cc478ec4');
INSERT INTO usuarios (id, email, password_hash, rol, nombre, apellidos, dni, activo) VALUES ('d7851b6f-6683-4951-9e13-a4d562d53720', '604718@academia.edu', '$2b$10$Kt1WXnRsFi4Ux.r1r8SQD.Ps1ksMrVyIVlHWg9o3Z/3N8hWuZV/3G', 'alumno', 'Joel', 'Hurtado Huayanay', '60478368', true);
INSERT INTO alumnos (id, usuario_id, dni, nombre, apellidos, codigo_barras, aula_id) VALUES ('990d1abb-5321-4006-89fe-b04116a37089', 'd7851b6f-6683-4951-9e13-a4d562d53720', '60478368', 'Joel', 'Hurtado Huayanay', '604718', '1cddbf00-002c-469b-a55d-9ee6cc478ec4');
INSERT INTO usuarios (id, email, password_hash, rol, nombre, apellidos, dni, activo) VALUES ('67fa4933-c347-4314-a11f-4f97638bb95a', '607403@academia.edu', '$2b$10$Kt1WXnRsFi4Ux.r1r8SQD.Ps1ksMrVyIVlHWg9o3Z/3N8hWuZV/3G', 'alumno', 'Gabriela Estefani', 'Jara Trujillo', '60740070', true);
INSERT INTO alumnos (id, usuario_id, dni, nombre, apellidos, codigo_barras, aula_id) VALUES ('5d9285e4-221e-48da-b74e-d71e4e2cf1e4', '67fa4933-c347-4314-a11f-4f97638bb95a', '60740070', 'Gabriela Estefani', 'Jara Trujillo', '607403', '1cddbf00-002c-469b-a55d-9ee6cc478ec4');
INSERT INTO usuarios (id, email, password_hash, rol, nombre, apellidos, dni, activo) VALUES ('cc715065-6e87-40d3-9e4c-e3833275eeda', '617148@academia.edu', '$2b$10$Kt1WXnRsFi4Ux.r1r8SQD.Ps1ksMrVyIVlHWg9o3Z/3N8hWuZV/3G', 'alumno', 'Genesis Sofia', 'Minaya Toledo', '61713540', true);
INSERT INTO alumnos (id, usuario_id, dni, nombre, apellidos, codigo_barras, aula_id) VALUES ('acd6e321-d9b3-4766-a662-9c4eefa242bc', 'cc715065-6e87-40d3-9e4c-e3833275eeda', '61713540', 'Genesis Sofia', 'Minaya Toledo', '617148', '1cddbf00-002c-469b-a55d-9ee6cc478ec4');
INSERT INTO usuarios (id, email, password_hash, rol, nombre, apellidos, dni, activo) VALUES ('f1207629-60ac-4712-af06-e004277c850b', '614848@academia.edu', '$2b$10$Kt1WXnRsFi4Ux.r1r8SQD.Ps1ksMrVyIVlHWg9o3Z/3N8hWuZV/3G', 'alumno', 'Jose Alejandr', 'Nuñez Solis', '61480458', true);
INSERT INTO alumnos (id, usuario_id, dni, nombre, apellidos, codigo_barras, aula_id) VALUES ('b6ed40ee-0cf3-486f-a510-3685e42d597d', 'f1207629-60ac-4712-af06-e004277c850b', '61480458', 'Jose Alejandr', 'Nuñez Solis', '614848', '1cddbf00-002c-469b-a55d-9ee6cc478ec4');
INSERT INTO usuarios (id, email, password_hash, rol, nombre, apellidos, dni, activo) VALUES ('e4a24b86-8cbf-455b-8073-5ba860f0508d', '620163@academia.edu', '$2b$10$Kt1WXnRsFi4Ux.r1r8SQD.Ps1ksMrVyIVlHWg9o3Z/3N8hWuZV/3G', 'alumno', 'Yahir Antony', 'Romero Mata', '62015071', true);
INSERT INTO alumnos (id, usuario_id, dni, nombre, apellidos, codigo_barras, aula_id) VALUES ('5c5c295c-6c62-4827-81a8-a86c2b39a880', 'e4a24b86-8cbf-455b-8073-5ba860f0508d', '62015071', 'Yahir Antony', 'Romero Mata', '620163', '1cddbf00-002c-469b-a55d-9ee6cc478ec4');
INSERT INTO usuarios (id, email, password_hash, rol, nombre, apellidos, dni, activo) VALUES ('a64b4c57-0333-4f99-a59b-45f9ad378b1a', '601254@academia.edu', '$2b$10$Kt1WXnRsFi4Ux.r1r8SQD.Ps1ksMrVyIVlHWg9o3Z/3N8hWuZV/3G', 'alumno', 'Marili Elizabeth', 'Salinas Anaya', '60124965', true);
INSERT INTO alumnos (id, usuario_id, dni, nombre, apellidos, codigo_barras, aula_id) VALUES ('6608643f-4261-444d-84b1-5107769b3d64', 'a64b4c57-0333-4f99-a59b-45f9ad378b1a', '60124965', 'Marili Elizabeth', 'Salinas Anaya', '601254', '1cddbf00-002c-469b-a55d-9ee6cc478ec4');
INSERT INTO usuarios (id, email, password_hash, rol, nombre, apellidos, dni, activo) VALUES ('40b86b9b-d013-4c1c-bb4d-97184ff35e61', '604229@academia.edu', '$2b$10$Kt1WXnRsFi4Ux.r1r8SQD.Ps1ksMrVyIVlHWg9o3Z/3N8hWuZV/3G', 'alumno', 'Silvia Chela', 'Tadeo Cilio', '60425135', true);
INSERT INTO alumnos (id, usuario_id, dni, nombre, apellidos, codigo_barras, aula_id) VALUES ('7b63a7c0-1c99-4050-9fbf-d6ab10a1e767', '40b86b9b-d013-4c1c-bb4d-97184ff35e61', '60425135', 'Silvia Chela', 'Tadeo Cilio', '604229', '1cddbf00-002c-469b-a55d-9ee6cc478ec4');
INSERT INTO usuarios (id, email, password_hash, rol, nombre, apellidos, dni, activo) VALUES ('b7550f20-4f12-4155-9f50-4bcd5703f3b1', '610602@academia.edu', '$2b$10$Kt1WXnRsFi4Ux.r1r8SQD.Ps1ksMrVyIVlHWg9o3Z/3N8hWuZV/3G', 'alumno', 'Milena Margiori', 'Torres Molina', '61064085', true);
INSERT INTO alumnos (id, usuario_id, dni, nombre, apellidos, codigo_barras, aula_id) VALUES ('90bcebd4-2aff-4156-ad00-da7a203a5bcf', 'b7550f20-4f12-4155-9f50-4bcd5703f3b1', '61064085', 'Milena Margiori', 'Torres Molina', '610602', '1cddbf00-002c-469b-a55d-9ee6cc478ec4');
INSERT INTO usuarios (id, email, password_hash, rol, nombre, apellidos, dni, activo) VALUES ('fd94ebed-232a-4bf0-ae6a-e56c976ae358', '603838@academia.edu', '$2b$10$Kt1WXnRsFi4Ux.r1r8SQD.Ps1ksMrVyIVlHWg9o3Z/3N8hWuZV/3G', 'alumno', 'Deysi Janeth', 'Trejo Arrostegui', '60388106', true);
INSERT INTO alumnos (id, usuario_id, dni, nombre, apellidos, codigo_barras, aula_id) VALUES ('469dff29-520d-4449-9f84-7d733c07636e', 'fd94ebed-232a-4bf0-ae6a-e56c976ae358', '60388106', 'Deysi Janeth', 'Trejo Arrostegui', '603838', '1cddbf00-002c-469b-a55d-9ee6cc478ec4');
INSERT INTO usuarios (id, email, password_hash, rol, nombre, apellidos, dni, activo) VALUES ('ac8ae006-222f-43bf-bff3-ed5def37dcd5', '600288@academia.edu', '$2b$10$Kt1WXnRsFi4Ux.r1r8SQD.Ps1ksMrVyIVlHWg9o3Z/3N8hWuZV/3G', 'alumno', 'Yosselin Sadith', 'Vargas Haro', '60026277', true);
INSERT INTO alumnos (id, usuario_id, dni, nombre, apellidos, codigo_barras, aula_id) VALUES ('eca69f2d-0dac-4ef4-8ef9-f8d94cc7f780', 'ac8ae006-222f-43bf-bff3-ed5def37dcd5', '60026277', 'Yosselin Sadith', 'Vargas Haro', '600288', '1cddbf00-002c-469b-a55d-9ee6cc478ec4');
INSERT INTO usuarios (id, email, password_hash, rol, nombre, apellidos, dni, activo) VALUES ('2d36a783-b556-408c-b131-489ce4dd6457', '612917@academia.edu', '$2b$10$Kt1WXnRsFi4Ux.r1r8SQD.Ps1ksMrVyIVlHWg9o3Z/3N8hWuZV/3G', 'alumno', 'Miguel Angel', 'Villarreal Toledo', '61298621', true);
INSERT INTO alumnos (id, usuario_id, dni, nombre, apellidos, codigo_barras, aula_id) VALUES ('bcc760e7-cd77-48b1-869a-052765d85c7e', '2d36a783-b556-408c-b131-489ce4dd6457', '61298621', 'Miguel Angel', 'Villarreal Toledo', '612917', '1cddbf00-002c-469b-a55d-9ee6cc478ec4');
INSERT INTO usuarios (id, email, password_hash, rol, nombre, apellidos, dni, activo) VALUES ('66a2d975-6d1c-4bda-b2e9-a8d6aa685603', '602375@academia.edu', '$2b$10$Kt1WXnRsFi4Ux.r1r8SQD.Ps1ksMrVyIVlHWg9o3Z/3N8hWuZV/3G', 'alumno', 'Leysi Yudany', 'Advincula Oropeza', '60233413', true);
INSERT INTO alumnos (id, usuario_id, dni, nombre, apellidos, codigo_barras, aula_id) VALUES ('76f04cfb-4642-47a6-9835-1ce79449d6a4', '66a2d975-6d1c-4bda-b2e9-a8d6aa685603', '60233413', 'Leysi Yudany', 'Advincula Oropeza', '602375', '95a0346d-544a-45f0-8de7-461a3161754c');
INSERT INTO usuarios (id, email, password_hash, rol, nombre, apellidos, dni, activo) VALUES ('aa77b3c6-ab3c-4842-8cf2-c23ab1fe8332', '721030@academia.edu', '$2b$10$Kt1WXnRsFi4Ux.r1r8SQD.Ps1ksMrVyIVlHWg9o3Z/3N8hWuZV/3G', 'alumno', 'Leydi Lizet Freyda', 'Agustin Cespedes', '72101660', true);
INSERT INTO alumnos (id, usuario_id, dni, nombre, apellidos, codigo_barras, aula_id) VALUES ('b4564a0e-4048-4444-8182-852b4e34150d', 'aa77b3c6-ab3c-4842-8cf2-c23ab1fe8332', '72101660', 'Leydi Lizet Freyda', 'Agustin Cespedes', '721030', '95a0346d-544a-45f0-8de7-461a3161754c');
INSERT INTO usuarios (id, email, password_hash, rol, nombre, apellidos, dni, activo) VALUES ('f48c7212-e89d-4663-98b4-278502542d79', '614877@academia.edu', '$2b$10$Kt1WXnRsFi4Ux.r1r8SQD.Ps1ksMrVyIVlHWg9o3Z/3N8hWuZV/3G', 'alumno', 'Erica Shadid', 'Alvarado Bustamante', '61480312', true);
INSERT INTO alumnos (id, usuario_id, dni, nombre, apellidos, codigo_barras, aula_id) VALUES ('bd8495e4-c545-4042-8439-afc01805b827', 'f48c7212-e89d-4663-98b4-278502542d79', '61480312', 'Erica Shadid', 'Alvarado Bustamante', '614877', '95a0346d-544a-45f0-8de7-461a3161754c');
INSERT INTO usuarios (id, email, password_hash, rol, nombre, apellidos, dni, activo) VALUES ('8d8d3e9d-18ab-4808-87d5-56240cd5ac79', '615662@academia.edu', '$2b$10$Kt1WXnRsFi4Ux.r1r8SQD.Ps1ksMrVyIVlHWg9o3Z/3N8hWuZV/3G', 'alumno', 'Claudio Edinzon', 'Ayala Espinoza', '61565767', true);
INSERT INTO alumnos (id, usuario_id, dni, nombre, apellidos, codigo_barras, aula_id) VALUES ('5034694e-d646-4c4b-a5a6-a255d450ebc7', '8d8d3e9d-18ab-4808-87d5-56240cd5ac79', '61565767', 'Claudio Edinzon', 'Ayala Espinoza', '615662', '95a0346d-544a-45f0-8de7-461a3161754c');
INSERT INTO usuarios (id, email, password_hash, rol, nombre, apellidos, dni, activo) VALUES ('cbc314b8-8339-42cd-a67e-d82cb4279ff9', '603926@academia.edu', '$2b$10$Kt1WXnRsFi4Ux.r1r8SQD.Ps1ksMrVyIVlHWg9o3Z/3N8hWuZV/3G', 'alumno', 'Melani Pamela', 'Casimiro Aparicio', '60394019', true);
INSERT INTO alumnos (id, usuario_id, dni, nombre, apellidos, codigo_barras, aula_id) VALUES ('61990477-1595-4aeb-9d42-ffcbbad05dee', 'cbc314b8-8339-42cd-a67e-d82cb4279ff9', '60394019', 'Melani Pamela', 'Casimiro Aparicio', '603926', '95a0346d-544a-45f0-8de7-461a3161754c');
INSERT INTO usuarios (id, email, password_hash, rol, nombre, apellidos, dni, activo) VALUES ('1416848e-ff96-40b3-b0a9-623520d634e3', '718587@academia.edu', '$2b$10$Kt1WXnRsFi4Ux.r1r8SQD.Ps1ksMrVyIVlHWg9o3Z/3N8hWuZV/3G', 'alumno', 'Albert Saul', 'Castillo Leon', '71855498', true);
INSERT INTO alumnos (id, usuario_id, dni, nombre, apellidos, codigo_barras, aula_id) VALUES ('05d78868-0ae1-475f-8428-08168626206a', '1416848e-ff96-40b3-b0a9-623520d634e3', '71855498', 'Albert Saul', 'Castillo Leon', '718587', '95a0346d-544a-45f0-8de7-461a3161754c');
INSERT INTO usuarios (id, email, password_hash, rol, nombre, apellidos, dni, activo) VALUES ('9b5dfaf8-410e-41bf-b01a-35012737096b', '603348@academia.edu', '$2b$10$Kt1WXnRsFi4Ux.r1r8SQD.Ps1ksMrVyIVlHWg9o3Z/3N8hWuZV/3G', 'alumno', 'Yerelin Yesbit', 'Cordova Liñan', '60334135', true);
INSERT INTO alumnos (id, usuario_id, dni, nombre, apellidos, codigo_barras, aula_id) VALUES ('62d904ab-f456-42e8-9696-258e4af160bc', '9b5dfaf8-410e-41bf-b01a-35012737096b', '60334135', 'Yerelin Yesbit', 'Cordova Liñan', '603348', '95a0346d-544a-45f0-8de7-461a3161754c');
INSERT INTO usuarios (id, email, password_hash, rol, nombre, apellidos, dni, activo) VALUES ('23835572-a1f4-4763-a785-d2889ce61a3a', '618198@academia.edu', '$2b$10$Kt1WXnRsFi4Ux.r1r8SQD.Ps1ksMrVyIVlHWg9o3Z/3N8hWuZV/3G', 'alumno', 'Arnaldo Denilson', 'Corso Sarmiento', '61815673', true);
INSERT INTO alumnos (id, usuario_id, dni, nombre, apellidos, codigo_barras, aula_id) VALUES ('7f64bc4d-c57f-4414-a629-35d091ed3ede', '23835572-a1f4-4763-a785-d2889ce61a3a', '61815673', 'Arnaldo Denilson', 'Corso Sarmiento', '618198', '95a0346d-544a-45f0-8de7-461a3161754c');
INSERT INTO usuarios (id, email, password_hash, rol, nombre, apellidos, dni, activo) VALUES ('ba6b601e-792c-45f9-b987-ac04aae6f53e', '619466@academia.edu', '$2b$10$Kt1WXnRsFi4Ux.r1r8SQD.Ps1ksMrVyIVlHWg9o3Z/3N8hWuZV/3G', 'alumno', 'Marilu', 'Diaz Fernández', '61946551', true);
INSERT INTO alumnos (id, usuario_id, dni, nombre, apellidos, codigo_barras, aula_id) VALUES ('5d8af7f8-3391-4877-826b-d2b47ae0abf9', 'ba6b601e-792c-45f9-b987-ac04aae6f53e', '61946551', 'Marilu', 'Diaz Fernández', '619466', '95a0346d-544a-45f0-8de7-461a3161754c');
INSERT INTO usuarios (id, email, password_hash, rol, nombre, apellidos, dni, activo) VALUES ('3047acf3-3440-4183-861b-ad4afd41a29b', '725614@academia.edu', '$2b$10$Kt1WXnRsFi4Ux.r1r8SQD.Ps1ksMrVyIVlHWg9o3Z/3N8hWuZV/3G', 'alumno', 'Nelva Andrea', 'Espinoza Calderon', '72566005', true);
INSERT INTO alumnos (id, usuario_id, dni, nombre, apellidos, codigo_barras, aula_id) VALUES ('4e7d7243-e387-4d48-8657-bfb809953c83', '3047acf3-3440-4183-861b-ad4afd41a29b', '72566005', 'Nelva Andrea', 'Espinoza Calderon', '725614', '95a0346d-544a-45f0-8de7-461a3161754c');
INSERT INTO usuarios (id, email, password_hash, rol, nombre, apellidos, dni, activo) VALUES ('53cbceb6-8eea-45e2-8767-0e076c07567f', '769450@academia.edu', '$2b$10$Kt1WXnRsFi4Ux.r1r8SQD.Ps1ksMrVyIVlHWg9o3Z/3N8hWuZV/3G', 'alumno', 'Kiara Brissa', 'Flores Solorzano', '76944291', true);
INSERT INTO alumnos (id, usuario_id, dni, nombre, apellidos, codigo_barras, aula_id) VALUES ('57c22808-7bfe-4da7-91ab-632d47ebc79e', '53cbceb6-8eea-45e2-8767-0e076c07567f', '76944291', 'Kiara Brissa', 'Flores Solorzano', '769450', '95a0346d-544a-45f0-8de7-461a3161754c');
INSERT INTO usuarios (id, email, password_hash, rol, nombre, apellidos, dni, activo) VALUES ('d27ea8a0-f4a9-426a-8e89-bc7391a32294', '616069@academia.edu', '$2b$10$Kt1WXnRsFi4Ux.r1r8SQD.Ps1ksMrVyIVlHWg9o3Z/3N8hWuZV/3G', 'alumno', 'Luz Mariza', 'Galan Cunza', '61603708', true);
INSERT INTO alumnos (id, usuario_id, dni, nombre, apellidos, codigo_barras, aula_id) VALUES ('c6de358a-8500-4fa6-bc93-c633b34d2a33', 'd27ea8a0-f4a9-426a-8e89-bc7391a32294', '61603708', 'Luz Mariza', 'Galan Cunza', '616069', '95a0346d-544a-45f0-8de7-461a3161754c');
INSERT INTO usuarios (id, email, password_hash, rol, nombre, apellidos, dni, activo) VALUES ('8fd4ae85-a300-45b9-b240-bbaf4343c768', '613146@academia.edu', '$2b$10$Kt1WXnRsFi4Ux.r1r8SQD.Ps1ksMrVyIVlHWg9o3Z/3N8hWuZV/3G', 'alumno', 'Rosa Mariluz', 'Giraldo Medoza', '61314732', true);
INSERT INTO alumnos (id, usuario_id, dni, nombre, apellidos, codigo_barras, aula_id) VALUES ('7dfa251f-5cba-4870-88cc-ff0fe85088d9', '8fd4ae85-a300-45b9-b240-bbaf4343c768', '61314732', 'Rosa Mariluz', 'Giraldo Medoza', '613146', '95a0346d-544a-45f0-8de7-461a3161754c');
INSERT INTO usuarios (id, email, password_hash, rol, nombre, apellidos, dni, activo) VALUES ('83c69598-fc44-42fe-b88c-26d23eefe5bd', '614296@academia.edu', '$2b$10$Kt1WXnRsFi4Ux.r1r8SQD.Ps1ksMrVyIVlHWg9o3Z/3N8hWuZV/3G', 'alumno', 'Maricel Dafne', 'Huaman Huaman', '61429161', true);
INSERT INTO alumnos (id, usuario_id, dni, nombre, apellidos, codigo_barras, aula_id) VALUES ('179e0792-d255-42a7-8812-a9b4fdc1ddcc', '83c69598-fc44-42fe-b88c-26d23eefe5bd', '61429161', 'Maricel Dafne', 'Huaman Huaman', '614296', '95a0346d-544a-45f0-8de7-461a3161754c');
INSERT INTO usuarios (id, email, password_hash, rol, nombre, apellidos, dni, activo) VALUES ('1e07f1dd-a63f-4445-a05f-bc9a28636aa1', '603687@academia.edu', '$2b$10$Kt1WXnRsFi4Ux.r1r8SQD.Ps1ksMrVyIVlHWg9o3Z/3N8hWuZV/3G', 'alumno', 'Rosse Aszuminc', 'Isidro Vega', '60363946', true);
INSERT INTO alumnos (id, usuario_id, dni, nombre, apellidos, codigo_barras, aula_id) VALUES ('9968fed4-274b-458e-9d0d-e1777fafc97f', '1e07f1dd-a63f-4445-a05f-bc9a28636aa1', '60363946', 'Rosse Aszuminc', 'Isidro Vega', '603687', '95a0346d-544a-45f0-8de7-461a3161754c');
INSERT INTO usuarios (id, email, password_hash, rol, nombre, apellidos, dni, activo) VALUES ('1f5792cd-6eb0-40b3-9333-3d362eaa3f67', '606015@academia.edu', '$2b$10$Kt1WXnRsFi4Ux.r1r8SQD.Ps1ksMrVyIVlHWg9o3Z/3N8hWuZV/3G', 'alumno', 'Yamille Yasira', 'Llecllish Quispe', '60609277', true);
INSERT INTO alumnos (id, usuario_id, dni, nombre, apellidos, codigo_barras, aula_id) VALUES ('57f29e1a-28e3-4cb3-be58-1b4db8c1e5fa', '1f5792cd-6eb0-40b3-9333-3d362eaa3f67', '60609277', 'Yamille Yasira', 'Llecllish Quispe', '606015', '95a0346d-544a-45f0-8de7-461a3161754c');
INSERT INTO usuarios (id, email, password_hash, rol, nombre, apellidos, dni, activo) VALUES ('6a3983a7-8cca-4ca5-b479-d0008ed337dc', '620113@academia.edu', '$2b$10$Kt1WXnRsFi4Ux.r1r8SQD.Ps1ksMrVyIVlHWg9o3Z/3N8hWuZV/3G', 'alumno', 'Deysi Lizbet', 'Lliuya De La Cruz', '62015020', true);
INSERT INTO alumnos (id, usuario_id, dni, nombre, apellidos, codigo_barras, aula_id) VALUES ('d2a2dcc5-fb85-4169-89f1-0e7065fd6fc1', '6a3983a7-8cca-4ca5-b479-d0008ed337dc', '62015020', 'Deysi Lizbet', 'Lliuya De La Cruz', '620113', '95a0346d-544a-45f0-8de7-461a3161754c');
INSERT INTO usuarios (id, email, password_hash, rol, nombre, apellidos, dni, activo) VALUES ('b89418e4-fc84-4578-b1ff-98f203fc801e', '601209@academia.edu', '$2b$10$Kt1WXnRsFi4Ux.r1r8SQD.Ps1ksMrVyIVlHWg9o3Z/3N8hWuZV/3G', 'alumno', 'Froylan Miguel', 'Maguiña Albino', '60123287', true);
INSERT INTO alumnos (id, usuario_id, dni, nombre, apellidos, codigo_barras, aula_id) VALUES ('05bd9c47-3929-4357-843c-b5abb8871399', 'b89418e4-fc84-4578-b1ff-98f203fc801e', '60123287', 'Froylan Miguel', 'Maguiña Albino', '601209', '95a0346d-544a-45f0-8de7-461a3161754c');
INSERT INTO usuarios (id, email, password_hash, rol, nombre, apellidos, dni, activo) VALUES ('04bc28ac-16f9-4b14-9ebe-21b893f9312a', '604061@academia.edu', '$2b$10$Kt1WXnRsFi4Ux.r1r8SQD.Ps1ksMrVyIVlHWg9o3Z/3N8hWuZV/3G', 'alumno', 'Yesenia Elida', 'Matias Valentin', '60400683', true);
INSERT INTO alumnos (id, usuario_id, dni, nombre, apellidos, codigo_barras, aula_id) VALUES ('97732e91-439a-4701-94f7-a7f620fd2c60', '04bc28ac-16f9-4b14-9ebe-21b893f9312a', '60400683', 'Yesenia Elida', 'Matias Valentin', '604061', '95a0346d-544a-45f0-8de7-461a3161754c');
INSERT INTO usuarios (id, email, password_hash, rol, nombre, apellidos, dni, activo) VALUES ('e7d2781a-50a7-48d0-bb2a-eea868bb5aea', '765757@academia.edu', '$2b$10$Kt1WXnRsFi4Ux.r1r8SQD.Ps1ksMrVyIVlHWg9o3Z/3N8hWuZV/3G', 'alumno', 'Elvira Libia', 'Mejia Chavez', '76575090', true);
INSERT INTO alumnos (id, usuario_id, dni, nombre, apellidos, codigo_barras, aula_id) VALUES ('31431a30-f3aa-459f-97b1-4cbd01da3ec0', 'e7d2781a-50a7-48d0-bb2a-eea868bb5aea', '76575090', 'Elvira Libia', 'Mejia Chavez', '765757', '95a0346d-544a-45f0-8de7-461a3161754c');
INSERT INTO usuarios (id, email, password_hash, rol, nombre, apellidos, dni, activo) VALUES ('e149ccc0-0109-43ae-9efb-17a435033772', '615133@academia.edu', '$2b$10$Kt1WXnRsFi4Ux.r1r8SQD.Ps1ksMrVyIVlHWg9o3Z/3N8hWuZV/3G', 'alumno', 'Xiomara Alexandra', 'Menacho Sabino', '61517333', true);
INSERT INTO alumnos (id, usuario_id, dni, nombre, apellidos, codigo_barras, aula_id) VALUES ('0f06e4b6-0194-4b8d-9986-5ee126585ebc', 'e149ccc0-0109-43ae-9efb-17a435033772', '61517333', 'Xiomara Alexandra', 'Menacho Sabino', '615133', '95a0346d-544a-45f0-8de7-461a3161754c');
INSERT INTO usuarios (id, email, password_hash, rol, nombre, apellidos, dni, activo) VALUES ('2dfe48c6-ef00-4759-8a21-b086d6e88004', '619516@academia.edu', '$2b$10$Kt1WXnRsFi4Ux.r1r8SQD.Ps1ksMrVyIVlHWg9o3Z/3N8hWuZV/3G', 'alumno', 'Victor Del Piero', 'Mendoza Melgarejo', '61957660', true);
INSERT INTO alumnos (id, usuario_id, dni, nombre, apellidos, codigo_barras, aula_id) VALUES ('1cb80348-42e2-4d8a-857e-761bfd9c5812', '2dfe48c6-ef00-4759-8a21-b086d6e88004', '61957660', 'Victor Del Piero', 'Mendoza Melgarejo', '619516', '95a0346d-544a-45f0-8de7-461a3161754c');
INSERT INTO usuarios (id, email, password_hash, rol, nombre, apellidos, dni, activo) VALUES ('a0a463b2-1dba-4fba-bfae-5bcdf30e6f36', '614827@academia.edu', '$2b$10$Kt1WXnRsFi4Ux.r1r8SQD.Ps1ksMrVyIVlHWg9o3Z/3N8hWuZV/3G', 'alumno', 'Jeanella Mirella', 'Mendoza Ortega', '61480235', true);
INSERT INTO alumnos (id, usuario_id, dni, nombre, apellidos, codigo_barras, aula_id) VALUES ('c441cab1-efee-4c3f-a2f2-5d227dfeb808', 'a0a463b2-1dba-4fba-bfae-5bcdf30e6f36', '61480235', 'Jeanella Mirella', 'Mendoza Ortega', '614827', '95a0346d-544a-45f0-8de7-461a3161754c');
INSERT INTO usuarios (id, email, password_hash, rol, nombre, apellidos, dni, activo) VALUES ('6a1e1644-3392-42c5-8a4c-fbf60ae6c83a', '614841@academia.edu', '$2b$10$Kt1WXnRsFi4Ux.r1r8SQD.Ps1ksMrVyIVlHWg9o3Z/3N8hWuZV/3G', 'alumno', 'Claudia Qorianka Gina', 'Morales Flores', '61480357', true);
INSERT INTO alumnos (id, usuario_id, dni, nombre, apellidos, codigo_barras, aula_id) VALUES ('2708fc49-3bb6-473f-a01e-cdbbb67e72c7', '6a1e1644-3392-42c5-8a4c-fbf60ae6c83a', '61480357', 'Claudia Qorianka Gina', 'Morales Flores', '614841', '95a0346d-544a-45f0-8de7-461a3161754c');
INSERT INTO usuarios (id, email, password_hash, rol, nombre, apellidos, dni, activo) VALUES ('7fa837c1-d36b-4604-8647-9210b0cb11a2', '611311@academia.edu', '$2b$10$Kt1WXnRsFi4Ux.r1r8SQD.Ps1ksMrVyIVlHWg9o3Z/3N8hWuZV/3G', 'alumno', 'Angel Sebastian', 'Natividad Cano', '61136737', true);
INSERT INTO alumnos (id, usuario_id, dni, nombre, apellidos, codigo_barras, aula_id) VALUES ('2d2ed3bb-f536-4552-8d3b-67d766a91740', '7fa837c1-d36b-4604-8647-9210b0cb11a2', '61136737', 'Angel Sebastian', 'Natividad Cano', '611311', '95a0346d-544a-45f0-8de7-461a3161754c');
INSERT INTO usuarios (id, email, password_hash, rol, nombre, apellidos, dni, activo) VALUES ('232053fb-d617-43a2-9fcb-6da1f9715840', '614254@academia.edu', '$2b$10$Kt1WXnRsFi4Ux.r1r8SQD.Ps1ksMrVyIVlHWg9o3Z/3N8hWuZV/3G', 'alumno', 'Denilson Roylan', 'Norabuena Mejia', '61429243', true);
INSERT INTO alumnos (id, usuario_id, dni, nombre, apellidos, codigo_barras, aula_id) VALUES ('425bb477-2ffc-4789-be14-158f71c32bd3', '232053fb-d617-43a2-9fcb-6da1f9715840', '61429243', 'Denilson Roylan', 'Norabuena Mejia', '614254', '95a0346d-544a-45f0-8de7-461a3161754c');
INSERT INTO usuarios (id, email, password_hash, rol, nombre, apellidos, dni, activo) VALUES ('ebba7890-5568-4b1b-91d9-8c4f7b8656f1', '601244@academia.edu', '$2b$10$Kt1WXnRsFi4Ux.r1r8SQD.Ps1ksMrVyIVlHWg9o3Z/3N8hWuZV/3G', 'alumno', 'Anghelly Jhomira', 'Oropeza Alvino', '60123766', true);
INSERT INTO alumnos (id, usuario_id, dni, nombre, apellidos, codigo_barras, aula_id) VALUES ('071296a4-3bd2-4379-a318-a443a684c58c', 'ebba7890-5568-4b1b-91d9-8c4f7b8656f1', '60123766', 'Anghelly Jhomira', 'Oropeza Alvino', '601244', '95a0346d-544a-45f0-8de7-461a3161754c');
INSERT INTO usuarios (id, email, password_hash, rol, nombre, apellidos, dni, activo) VALUES ('06671ac6-6813-4804-89cc-9cbd305ad296', '614891@academia.edu', '$2b$10$Kt1WXnRsFi4Ux.r1r8SQD.Ps1ksMrVyIVlHWg9o3Z/3N8hWuZV/3G', 'alumno', 'Jose Emanuel', 'Ortega Rodriguez', '61480154', true);
INSERT INTO alumnos (id, usuario_id, dni, nombre, apellidos, codigo_barras, aula_id) VALUES ('1bd6acb9-b41b-4331-8724-0e78a777cf7e', '06671ac6-6813-4804-89cc-9cbd305ad296', '61480154', 'Jose Emanuel', 'Ortega Rodriguez', '614891', '95a0346d-544a-45f0-8de7-461a3161754c');
INSERT INTO usuarios (id, email, password_hash, rol, nombre, apellidos, dni, activo) VALUES ('ba8179c9-2121-49a9-99bc-67d3c68972d0', '612334@academia.edu', '$2b$10$Kt1WXnRsFi4Ux.r1r8SQD.Ps1ksMrVyIVlHWg9o3Z/3N8hWuZV/3G', 'alumno', 'Jakelyn Xiomara', 'Polo Mautino', '61233257', true);
INSERT INTO alumnos (id, usuario_id, dni, nombre, apellidos, codigo_barras, aula_id) VALUES ('a0a20151-dde8-4dbc-bc5c-221dc6867572', 'ba8179c9-2121-49a9-99bc-67d3c68972d0', '61233257', 'Jakelyn Xiomara', 'Polo Mautino', '612334', '95a0346d-544a-45f0-8de7-461a3161754c');
INSERT INTO usuarios (id, email, password_hash, rol, nombre, apellidos, dni, activo) VALUES ('4ed5da6b-7c05-4543-81ea-9611b1215857', '606793@academia.edu', '$2b$10$Kt1WXnRsFi4Ux.r1r8SQD.Ps1ksMrVyIVlHWg9o3Z/3N8hWuZV/3G', 'alumno', 'Mayly Pilar', 'Portella Romero', '60677192', true);
INSERT INTO alumnos (id, usuario_id, dni, nombre, apellidos, codigo_barras, aula_id) VALUES ('e4473b0d-a347-498a-9663-5edc2e81a1f4', '4ed5da6b-7c05-4543-81ea-9611b1215857', '60677192', 'Mayly Pilar', 'Portella Romero', '606793', '95a0346d-544a-45f0-8de7-461a3161754c');
INSERT INTO usuarios (id, email, password_hash, rol, nombre, apellidos, dni, activo) VALUES ('0ad94654-5691-4377-927a-3cdb0fbe3423', '603339@academia.edu', '$2b$10$Kt1WXnRsFi4Ux.r1r8SQD.Ps1ksMrVyIVlHWg9o3Z/3N8hWuZV/3G', 'alumno', 'Lida Wendy', 'Primo Murga', '60335098', true);
INSERT INTO alumnos (id, usuario_id, dni, nombre, apellidos, codigo_barras, aula_id) VALUES ('1c7f9970-5ace-4f7e-b98c-d9547928b1e9', '0ad94654-5691-4377-927a-3cdb0fbe3423', '60335098', 'Lida Wendy', 'Primo Murga', '603339', '95a0346d-544a-45f0-8de7-461a3161754c');
INSERT INTO usuarios (id, email, password_hash, rol, nombre, apellidos, dni, activo) VALUES ('ef8abe0c-1e95-40b0-a0f7-7cbbb6ccae75', '620098@academia.edu', '$2b$10$Kt1WXnRsFi4Ux.r1r8SQD.Ps1ksMrVyIVlHWg9o3Z/3N8hWuZV/3G', 'alumno', 'Rocio Maricielo', 'Pumaricra Granados', '62009957', true);
INSERT INTO alumnos (id, usuario_id, dni, nombre, apellidos, codigo_barras, aula_id) VALUES ('b1850b94-e5cd-4652-b992-4beba2f7c932', 'ef8abe0c-1e95-40b0-a0f7-7cbbb6ccae75', '62009957', 'Rocio Maricielo', 'Pumaricra Granados', '620098', '95a0346d-544a-45f0-8de7-461a3161754c');
INSERT INTO usuarios (id, email, password_hash, rol, nombre, apellidos, dni, activo) VALUES ('40af3be9-0c21-474f-b3f3-a8fd4c895dcf', '610653@academia.edu', '$2b$10$Kt1WXnRsFi4Ux.r1r8SQD.Ps1ksMrVyIVlHWg9o3Z/3N8hWuZV/3G', 'alumno', 'Brits Mariabelen', 'Quito Norabuena', '61064381', true);
INSERT INTO alumnos (id, usuario_id, dni, nombre, apellidos, codigo_barras, aula_id) VALUES ('14f8fb7e-7af6-48ad-b508-37ff5e65922a', '40af3be9-0c21-474f-b3f3-a8fd4c895dcf', '61064381', 'Brits Mariabelen', 'Quito Norabuena', '610653', '95a0346d-544a-45f0-8de7-461a3161754c');
INSERT INTO usuarios (id, email, password_hash, rol, nombre, apellidos, dni, activo) VALUES ('db7ec5c4-a6d8-4df8-b1c8-66e74cedf8e3', '606786@academia.edu', '$2b$10$Kt1WXnRsFi4Ux.r1r8SQD.Ps1ksMrVyIVlHWg9o3Z/3N8hWuZV/3G', 'alumno', 'Blanca Flor', 'Reyes Crispin', '60672271', true);
INSERT INTO alumnos (id, usuario_id, dni, nombre, apellidos, codigo_barras, aula_id) VALUES ('2d52413a-075c-4b88-a030-c206cede89e6', 'db7ec5c4-a6d8-4df8-b1c8-66e74cedf8e3', '60672271', 'Blanca Flor', 'Reyes Crispin', '606786', '95a0346d-544a-45f0-8de7-461a3161754c');
INSERT INTO usuarios (id, email, password_hash, rol, nombre, apellidos, dni, activo) VALUES ('2eec0511-6fe1-41f4-b64a-748ae835a756', '603705@academia.edu', '$2b$10$Kt1WXnRsFi4Ux.r1r8SQD.Ps1ksMrVyIVlHWg9o3Z/3N8hWuZV/3G', 'alumno', 'Mariela Sofia', 'Rodriguez Vergara', '60379691', true);
INSERT INTO alumnos (id, usuario_id, dni, nombre, apellidos, codigo_barras, aula_id) VALUES ('8e944ed2-5bf4-4494-92f9-dee0e01518e0', '2eec0511-6fe1-41f4-b64a-748ae835a756', '60379691', 'Mariela Sofia', 'Rodriguez Vergara', '603705', '95a0346d-544a-45f0-8de7-461a3161754c');
INSERT INTO usuarios (id, email, password_hash, rol, nombre, apellidos, dni, activo) VALUES ('6ed80d82-5aed-4537-99c3-c75e0bf71ee4', '614080@academia.edu', '$2b$10$Kt1WXnRsFi4Ux.r1r8SQD.Ps1ksMrVyIVlHWg9o3Z/3N8hWuZV/3G', 'alumno', 'Maribel Antonia', 'Rosario Atusparia', '61409384', true);
INSERT INTO alumnos (id, usuario_id, dni, nombre, apellidos, codigo_barras, aula_id) VALUES ('5d51a20e-9e13-422a-a25c-b6293c6940e1', '6ed80d82-5aed-4537-99c3-c75e0bf71ee4', '61409384', 'Maribel Antonia', 'Rosario Atusparia', '614080', '95a0346d-544a-45f0-8de7-461a3161754c');
INSERT INTO usuarios (id, email, password_hash, rol, nombre, apellidos, dni, activo) VALUES ('57786146-c9b5-4ab3-8974-1eb5526f3bcc', '616198@academia.edu', '$2b$10$Kt1WXnRsFi4Ux.r1r8SQD.Ps1ksMrVyIVlHWg9o3Z/3N8hWuZV/3G', 'alumno', 'Angie Nohelia', 'Salas Castillo', '61611690', true);
INSERT INTO alumnos (id, usuario_id, dni, nombre, apellidos, codigo_barras, aula_id) VALUES ('7df32c2c-cf1b-4ecc-bc4f-a97b050e3b98', '57786146-c9b5-4ab3-8974-1eb5526f3bcc', '61611690', 'Angie Nohelia', 'Salas Castillo', '616198', '95a0346d-544a-45f0-8de7-461a3161754c');
INSERT INTO usuarios (id, email, password_hash, rol, nombre, apellidos, dni, activo) VALUES ('451acc95-44d3-49ab-b0a7-d1350d76056a', '606118@academia.edu', '$2b$10$Kt1WXnRsFi4Ux.r1r8SQD.Ps1ksMrVyIVlHWg9o3Z/3N8hWuZV/3G', 'alumno', 'Sali Keico', 'Sobrados Quispe', '60618126', true);
INSERT INTO alumnos (id, usuario_id, dni, nombre, apellidos, codigo_barras, aula_id) VALUES ('7ef7ab54-8946-4f57-a1c0-ced0944cb4b8', '451acc95-44d3-49ab-b0a7-d1350d76056a', '60618126', 'Sali Keico', 'Sobrados Quispe', '606118', '95a0346d-544a-45f0-8de7-461a3161754c');
INSERT INTO usuarios (id, email, password_hash, rol, nombre, apellidos, dni, activo) VALUES ('88384b13-a8b6-4408-bb3b-4c220d631de0', '619536@academia.edu', '$2b$10$Kt1WXnRsFi4Ux.r1r8SQD.Ps1ksMrVyIVlHWg9o3Z/3N8hWuZV/3G', 'alumno', 'Sanyi Alexander', 'Tamara Olivares', '61957695', true);
INSERT INTO alumnos (id, usuario_id, dni, nombre, apellidos, codigo_barras, aula_id) VALUES ('08db4906-cf62-444e-b4c5-49f75c08df2f', '88384b13-a8b6-4408-bb3b-4c220d631de0', '61957695', 'Sanyi Alexander', 'Tamara Olivares', '619536', '95a0346d-544a-45f0-8de7-461a3161754c');
INSERT INTO usuarios (id, email, password_hash, rol, nombre, apellidos, dni, activo) VALUES ('27245381-d089-412d-aca2-db2dfdc3d95d', '607069@academia.edu', '$2b$10$Kt1WXnRsFi4Ux.r1r8SQD.Ps1ksMrVyIVlHWg9o3Z/3N8hWuZV/3G', 'alumno', 'Jeanpiere Gregory', 'Tarazona Salcedo', '60705128', true);
INSERT INTO alumnos (id, usuario_id, dni, nombre, apellidos, codigo_barras, aula_id) VALUES ('1b331e0e-68b1-4d32-8e49-65cb0ec0402c', '27245381-d089-412d-aca2-db2dfdc3d95d', '60705128', 'Jeanpiere Gregory', 'Tarazona Salcedo', '607069', '95a0346d-544a-45f0-8de7-461a3161754c');
INSERT INTO usuarios (id, email, password_hash, rol, nombre, apellidos, dni, activo) VALUES ('217d5956-3458-4ee9-86e8-56617f2cb4dd', '603759@academia.edu', '$2b$10$Kt1WXnRsFi4Ux.r1r8SQD.Ps1ksMrVyIVlHWg9o3Z/3N8hWuZV/3G', 'alumno', 'Shanel Iomara', 'Vergara Cacha', '60379666', true);
INSERT INTO alumnos (id, usuario_id, dni, nombre, apellidos, codigo_barras, aula_id) VALUES ('4f517150-e649-4a9c-b9c6-3811da7d5d0e', '217d5956-3458-4ee9-86e8-56617f2cb4dd', '60379666', 'Shanel Iomara', 'Vergara Cacha', '603759', '95a0346d-544a-45f0-8de7-461a3161754c');
INSERT INTO usuarios (id, email, password_hash, rol, nombre, apellidos, dni, activo) VALUES ('e22b95bb-8bdb-425d-af05-42e84c1d32dd', '605094@academia.edu', '$2b$10$Kt1WXnRsFi4Ux.r1r8SQD.Ps1ksMrVyIVlHWg9o3Z/3N8hWuZV/3G', 'alumno', 'Sonaly Bethzabe', 'Yldefonso Arias', '60507368', true);
INSERT INTO alumnos (id, usuario_id, dni, nombre, apellidos, codigo_barras, aula_id) VALUES ('c453ede5-ac4d-4768-b948-3659250466dd', 'e22b95bb-8bdb-425d-af05-42e84c1d32dd', '60507368', 'Sonaly Bethzabe', 'Yldefonso Arias', '605094', '95a0346d-544a-45f0-8de7-461a3161754c');
INSERT INTO usuarios (id, email, password_hash, rol, nombre, apellidos, dni, activo) VALUES ('bdf95285-601a-46ce-8dbd-662d17e596bb', '607255@academia.edu', '$2b$10$Kt1WXnRsFi4Ux.r1r8SQD.Ps1ksMrVyIVlHWg9o3Z/3N8hWuZV/3G', 'alumno', 'Rossely Britney', 'Zarzosa Cubillas', '60724728', true);
INSERT INTO alumnos (id, usuario_id, dni, nombre, apellidos, codigo_barras, aula_id) VALUES ('d743c46b-fd68-4e92-9394-9eaf67362495', 'bdf95285-601a-46ce-8dbd-662d17e596bb', '60724728', 'Rossely Britney', 'Zarzosa Cubillas', '607255', '95a0346d-544a-45f0-8de7-461a3161754c');
INSERT INTO usuarios (id, email, password_hash, rol, nombre, apellidos, dni, activo) VALUES ('dad86db0-f872-4561-b92a-5a55e4c02bb1', '601255@academia.edu', '$2b$10$Kt1WXnRsFi4Ux.r1r8SQD.Ps1ksMrVyIVlHWg9o3Z/3N8hWuZV/3G', 'alumno', 'Cielo Briggith Mishell', 'Zavala Rodriguez', '60126822', true);
INSERT INTO alumnos (id, usuario_id, dni, nombre, apellidos, codigo_barras, aula_id) VALUES ('8c54ef22-ceed-4226-8fdd-4af0ff1cd29b', 'dad86db0-f872-4561-b92a-5a55e4c02bb1', '60126822', 'Cielo Briggith Mishell', 'Zavala Rodriguez', '601255', '95a0346d-544a-45f0-8de7-461a3161754c');
INSERT INTO usuarios (id, email, password_hash, rol, nombre, apellidos, dni, activo) VALUES ('641f2470-c778-4940-a694-bf32a7cb2e44', '614240@academia.edu', '$2b$10$Kt1WXnRsFi4Ux.r1r8SQD.Ps1ksMrVyIVlHWg9o3Z/3N8hWuZV/3G', 'alumno', 'Shantal Anabel', 'Albino Cacha', '61429318', true);
INSERT INTO alumnos (id, usuario_id, dni, nombre, apellidos, codigo_barras, aula_id) VALUES ('8d3397b0-7ba3-494f-ad4d-e62975c5adf7', '641f2470-c778-4940-a694-bf32a7cb2e44', '61429318', 'Shantal Anabel', 'Albino Cacha', '614240', 'f1ac4074-6103-4ea2-8e7a-f7b13f4b003f');
INSERT INTO usuarios (id, email, password_hash, rol, nombre, apellidos, dni, activo) VALUES ('ca540fb4-057a-4f7a-92ba-b967f3795ec0', '614804@academia.edu', '$2b$10$Kt1WXnRsFi4Ux.r1r8SQD.Ps1ksMrVyIVlHWg9o3Z/3N8hWuZV/3G', 'alumno', 'Aylin Clariett', 'Alva Polo', '61480332', true);
INSERT INTO alumnos (id, usuario_id, dni, nombre, apellidos, codigo_barras, aula_id) VALUES ('edb51b84-3d7a-4550-8983-d5967d49b085', 'ca540fb4-057a-4f7a-92ba-b967f3795ec0', '61480332', 'Aylin Clariett', 'Alva Polo', '614804', 'f1ac4074-6103-4ea2-8e7a-f7b13f4b003f');
INSERT INTO usuarios (id, email, password_hash, rol, nombre, apellidos, dni, activo) VALUES ('128ecf2b-f0ec-493e-8b27-55203569b2ba', '620535@academia.edu', '$2b$10$Kt1WXnRsFi4Ux.r1r8SQD.Ps1ksMrVyIVlHWg9o3Z/3N8hWuZV/3G', 'alumno', 'Jheyms Menly', 'Aranda Cerna', '62058318', true);
INSERT INTO alumnos (id, usuario_id, dni, nombre, apellidos, codigo_barras, aula_id) VALUES ('49016aab-f3f6-4194-a7ff-7b6115069f59', '128ecf2b-f0ec-493e-8b27-55203569b2ba', '62058318', 'Jheyms Menly', 'Aranda Cerna', '620535', 'f1ac4074-6103-4ea2-8e7a-f7b13f4b003f');
INSERT INTO usuarios (id, email, password_hash, rol, nombre, apellidos, dni, activo) VALUES ('9e18279f-3ffb-4139-a1af-cd0d68309eda', '616360@academia.edu', '$2b$10$Kt1WXnRsFi4Ux.r1r8SQD.Ps1ksMrVyIVlHWg9o3Z/3N8hWuZV/3G', 'alumno', 'Maylin Yuri', 'Bazan Vargas', '61632058', true);
INSERT INTO alumnos (id, usuario_id, dni, nombre, apellidos, codigo_barras, aula_id) VALUES ('91b4bf58-7275-46f2-8d8c-90fbcb19986e', '9e18279f-3ffb-4139-a1af-cd0d68309eda', '61632058', 'Maylin Yuri', 'Bazan Vargas', '616360', 'f1ac4074-6103-4ea2-8e7a-f7b13f4b003f');
INSERT INTO usuarios (id, email, password_hash, rol, nombre, apellidos, dni, activo) VALUES ('05d8c019-d647-471e-8e14-73bdbada6650', '603427@academia.edu', '$2b$10$Kt1WXnRsFi4Ux.r1r8SQD.Ps1ksMrVyIVlHWg9o3Z/3N8hWuZV/3G', 'alumno', 'Evelyn Sofia', 'Blas Tarazona', '60346694', true);
INSERT INTO alumnos (id, usuario_id, dni, nombre, apellidos, codigo_barras, aula_id) VALUES ('501ee82c-7a08-4021-8b42-8750dc0edb35', '05d8c019-d647-471e-8e14-73bdbada6650', '60346694', 'Evelyn Sofia', 'Blas Tarazona', '603427', 'f1ac4074-6103-4ea2-8e7a-f7b13f4b003f');
INSERT INTO usuarios (id, email, password_hash, rol, nombre, apellidos, dni, activo) VALUES ('8910da83-bb64-4ef6-ae99-624a34bfb58a', '619415@academia.edu', '$2b$10$Kt1WXnRsFi4Ux.r1r8SQD.Ps1ksMrVyIVlHWg9o3Z/3N8hWuZV/3G', 'alumno', 'Enith Lizeth', 'Brioso Salazar', '61948093', true);
INSERT INTO alumnos (id, usuario_id, dni, nombre, apellidos, codigo_barras, aula_id) VALUES ('e1b3ebc4-d918-45a6-b797-deef0273a293', '8910da83-bb64-4ef6-ae99-624a34bfb58a', '61948093', 'Enith Lizeth', 'Brioso Salazar', '619415', 'f1ac4074-6103-4ea2-8e7a-f7b13f4b003f');
INSERT INTO usuarios (id, email, password_hash, rol, nombre, apellidos, dni, activo) VALUES ('8a3e930a-1ca3-4425-8c33-c3a1e3d51031', '620183@academia.edu', '$2b$10$Kt1WXnRsFi4Ux.r1r8SQD.Ps1ksMrVyIVlHWg9o3Z/3N8hWuZV/3G', 'alumno', 'Damaris Lucero', 'Broncano Rashta', '62015039', true);
INSERT INTO alumnos (id, usuario_id, dni, nombre, apellidos, codigo_barras, aula_id) VALUES ('1f67ce12-f600-4089-86b8-b5542866bf9c', '8a3e930a-1ca3-4425-8c33-c3a1e3d51031', '62015039', 'Damaris Lucero', 'Broncano Rashta', '620183', 'f1ac4074-6103-4ea2-8e7a-f7b13f4b003f');
INSERT INTO usuarios (id, email, password_hash, rol, nombre, apellidos, dni, activo) VALUES ('a1396adf-6354-4a6b-8d97-f802ca94e481', '612361@academia.edu', '$2b$10$Kt1WXnRsFi4Ux.r1r8SQD.Ps1ksMrVyIVlHWg9o3Z/3N8hWuZV/3G', 'alumno', 'Sayuri Fatima Del Rosario', 'Castillo Mendez', '61232909', true);
INSERT INTO alumnos (id, usuario_id, dni, nombre, apellidos, codigo_barras, aula_id) VALUES ('f4231338-4fbf-4a14-95d5-aff252672953', 'a1396adf-6354-4a6b-8d97-f802ca94e481', '61232909', 'Sayuri Fatima Del Rosario', 'Castillo Mendez', '612361', 'f1ac4074-6103-4ea2-8e7a-f7b13f4b003f');
INSERT INTO usuarios (id, email, password_hash, rol, nombre, apellidos, dni, activo) VALUES ('1b4d9794-d913-48a1-9fc8-fb27179c1e8f', '602113@academia.edu', '$2b$10$Kt1WXnRsFi4Ux.r1r8SQD.Ps1ksMrVyIVlHWg9o3Z/3N8hWuZV/3G', 'alumno', 'Rosa Flor', 'Castillo Morales', '60212622', true);
INSERT INTO alumnos (id, usuario_id, dni, nombre, apellidos, codigo_barras, aula_id) VALUES ('9df3a46e-af61-4684-917d-053d049ad3a6', '1b4d9794-d913-48a1-9fc8-fb27179c1e8f', '60212622', 'Rosa Flor', 'Castillo Morales', '602113', 'f1ac4074-6103-4ea2-8e7a-f7b13f4b003f');
INSERT INTO usuarios (id, email, password_hash, rol, nombre, apellidos, dni, activo) VALUES ('4528beab-c513-4d12-937f-199d1acdc42a', '603946@academia.edu', '$2b$10$Kt1WXnRsFi4Ux.r1r8SQD.Ps1ksMrVyIVlHWg9o3Z/3N8hWuZV/3G', 'alumno', 'Jeferson Yasler', 'Chavez Guerra', '60392356', true);
INSERT INTO alumnos (id, usuario_id, dni, nombre, apellidos, codigo_barras, aula_id) VALUES ('11f1be17-3e4b-4d0f-84c2-a415cbc996b6', '4528beab-c513-4d12-937f-199d1acdc42a', '60392356', 'Jeferson Yasler', 'Chavez Guerra', '603946', 'f1ac4074-6103-4ea2-8e7a-f7b13f4b003f');
INSERT INTO usuarios (id, email, password_hash, rol, nombre, apellidos, dni, activo) VALUES ('e95ed165-bd76-446e-8ee7-40165ed5e544', '603903@academia.edu', '$2b$10$Kt1WXnRsFi4Ux.r1r8SQD.Ps1ksMrVyIVlHWg9o3Z/3N8hWuZV/3G', 'alumno', 'Jhan Carlos', 'Chavez Guerra', '60392357', true);
INSERT INTO alumnos (id, usuario_id, dni, nombre, apellidos, codigo_barras, aula_id) VALUES ('fd89cb95-926c-4d9f-8b1a-f82175c2daab', 'e95ed165-bd76-446e-8ee7-40165ed5e544', '60392357', 'Jhan Carlos', 'Chavez Guerra', '603903', 'f1ac4074-6103-4ea2-8e7a-f7b13f4b003f');
INSERT INTO usuarios (id, email, password_hash, rol, nombre, apellidos, dni, activo) VALUES ('9bcffea8-e7f6-40e5-a56b-026d76833bf8', '614066@academia.edu', '$2b$10$Kt1WXnRsFi4Ux.r1r8SQD.Ps1ksMrVyIVlHWg9o3Z/3N8hWuZV/3G', 'alumno', 'Daniela Alejandra', 'Cochachin Castillo', '61409187', true);
INSERT INTO alumnos (id, usuario_id, dni, nombre, apellidos, codigo_barras, aula_id) VALUES ('efedd6ba-4d6f-4ef8-ad95-b309ddcefe22', '9bcffea8-e7f6-40e5-a56b-026d76833bf8', '61409187', 'Daniela Alejandra', 'Cochachin Castillo', '614066', 'f1ac4074-6103-4ea2-8e7a-f7b13f4b003f');
INSERT INTO usuarios (id, email, password_hash, rol, nombre, apellidos, dni, activo) VALUES ('cedc4416-a07e-47c8-9b42-2f55fadd7b46', '612984@academia.edu', '$2b$10$Kt1WXnRsFi4Ux.r1r8SQD.Ps1ksMrVyIVlHWg9o3Z/3N8hWuZV/3G', 'alumno', 'Anahy Angela', 'Cordova Macedo', '61298839', true);
INSERT INTO alumnos (id, usuario_id, dni, nombre, apellidos, codigo_barras, aula_id) VALUES ('a0c36443-638b-40b9-bdb0-730e34009371', 'cedc4416-a07e-47c8-9b42-2f55fadd7b46', '61298839', 'Anahy Angela', 'Cordova Macedo', '612984', 'f1ac4074-6103-4ea2-8e7a-f7b13f4b003f');
INSERT INTO usuarios (id, email, password_hash, rol, nombre, apellidos, dni, activo) VALUES ('13f82816-dd34-4cb2-95fb-266970370f57', '616487@academia.edu', '$2b$10$Kt1WXnRsFi4Ux.r1r8SQD.Ps1ksMrVyIVlHWg9o3Z/3N8hWuZV/3G', 'alumno', 'Sharik Sarelly', 'Corpus Vara', '61642159', true);
INSERT INTO alumnos (id, usuario_id, dni, nombre, apellidos, codigo_barras, aula_id) VALUES ('e8501e9e-cbd8-4983-8324-2e34493dd74f', '13f82816-dd34-4cb2-95fb-266970370f57', '61642159', 'Sharik Sarelly', 'Corpus Vara', '616487', 'f1ac4074-6103-4ea2-8e7a-f7b13f4b003f');
INSERT INTO usuarios (id, email, password_hash, rol, nombre, apellidos, dni, activo) VALUES ('3c2b6e9b-8c15-48a3-bd8b-b22e1b700e6e', '603225@academia.edu', '$2b$10$Kt1WXnRsFi4Ux.r1r8SQD.Ps1ksMrVyIVlHWg9o3Z/3N8hWuZV/3G', 'alumno', 'Kenndy Yadith', 'Cueva Dextre', '60320171', true);
INSERT INTO alumnos (id, usuario_id, dni, nombre, apellidos, codigo_barras, aula_id) VALUES ('c88c51f4-a68c-427d-862a-d1bb9f4ee308', '3c2b6e9b-8c15-48a3-bd8b-b22e1b700e6e', '60320171', 'Kenndy Yadith', 'Cueva Dextre', '603225', 'f1ac4074-6103-4ea2-8e7a-f7b13f4b003f');
INSERT INTO usuarios (id, email, password_hash, rol, nombre, apellidos, dni, activo) VALUES ('b8a42f1e-68b2-4eb8-83d3-80b3e78068e5', '609198@academia.edu', '$2b$10$Kt1WXnRsFi4Ux.r1r8SQD.Ps1ksMrVyIVlHWg9o3Z/3N8hWuZV/3G', 'alumno', 'Angelica Victoria', 'De La Cruz Aguilar', '60912429', true);
INSERT INTO alumnos (id, usuario_id, dni, nombre, apellidos, codigo_barras, aula_id) VALUES ('600e7057-3db9-42dd-8463-cfcd6b1e4c96', 'b8a42f1e-68b2-4eb8-83d3-80b3e78068e5', '60912429', 'Angelica Victoria', 'De La Cruz Aguilar', '609198', 'f1ac4074-6103-4ea2-8e7a-f7b13f4b003f');
INSERT INTO usuarios (id, email, password_hash, rol, nombre, apellidos, dni, activo) VALUES ('fab7e92a-b2cc-4ba3-a025-c16cc2a9d7c4', '614825@academia.edu', '$2b$10$Kt1WXnRsFi4Ux.r1r8SQD.Ps1ksMrVyIVlHWg9o3Z/3N8hWuZV/3G', 'alumno', 'Alejandra Guadalupe', 'Depaz Huaman', '61480240', true);
INSERT INTO alumnos (id, usuario_id, dni, nombre, apellidos, codigo_barras, aula_id) VALUES ('37ea7cec-fc77-4766-8fe3-3e4477a2dc20', 'fab7e92a-b2cc-4ba3-a025-c16cc2a9d7c4', '61480240', 'Alejandra Guadalupe', 'Depaz Huaman', '614825', 'f1ac4074-6103-4ea2-8e7a-f7b13f4b003f');
INSERT INTO usuarios (id, email, password_hash, rol, nombre, apellidos, dni, activo) VALUES ('a0f6e7a7-8016-4106-a1d8-81d6e10d07dc', '600284@academia.edu', '$2b$10$Kt1WXnRsFi4Ux.r1r8SQD.Ps1ksMrVyIVlHWg9o3Z/3N8hWuZV/3G', 'alumno', 'Ziomara Aidair', 'Gamarra Paucar', '60022477', true);
INSERT INTO alumnos (id, usuario_id, dni, nombre, apellidos, codigo_barras, aula_id) VALUES ('8680b9e0-63f7-4e1e-839a-25d960ad34fd', 'a0f6e7a7-8016-4106-a1d8-81d6e10d07dc', '60022477', 'Ziomara Aidair', 'Gamarra Paucar', '600284', 'f1ac4074-6103-4ea2-8e7a-f7b13f4b003f');
INSERT INTO usuarios (id, email, password_hash, rol, nombre, apellidos, dni, activo) VALUES ('cf6f87b5-15f5-40c6-9a4b-ead6a9900a15', '810200@academia.edu', '$2b$10$Kt1WXnRsFi4Ux.r1r8SQD.Ps1ksMrVyIVlHWg9o3Z/3N8hWuZV/3G', 'alumno', 'Karla Valeria Gabriella', 'Guzman Rimac', '81024521', true);
INSERT INTO alumnos (id, usuario_id, dni, nombre, apellidos, codigo_barras, aula_id) VALUES ('fafc5fd9-1c32-4a62-9e67-e8f2678334ff', 'cf6f87b5-15f5-40c6-9a4b-ead6a9900a15', '81024521', 'Karla Valeria Gabriella', 'Guzman Rimac', '810200', 'f1ac4074-6103-4ea2-8e7a-f7b13f4b003f');
INSERT INTO usuarios (id, email, password_hash, rol, nombre, apellidos, dni, activo) VALUES ('9044c079-4eac-46ff-adb9-db8e8b477edb', '620119@academia.edu', '$2b$10$Kt1WXnRsFi4Ux.r1r8SQD.Ps1ksMrVyIVlHWg9o3Z/3N8hWuZV/3G', 'alumno', 'Erikson Rodrigo', 'Haro Maguiña', '62014767', true);
INSERT INTO alumnos (id, usuario_id, dni, nombre, apellidos, codigo_barras, aula_id) VALUES ('59340309-5e0f-44ab-99c5-0b89b58db33d', '9044c079-4eac-46ff-adb9-db8e8b477edb', '62014767', 'Erikson Rodrigo', 'Haro Maguiña', '620119', 'f1ac4074-6103-4ea2-8e7a-f7b13f4b003f');
INSERT INTO usuarios (id, email, password_hash, rol, nombre, apellidos, dni, activo) VALUES ('c06a5053-8dd5-46b0-8ee8-aba5d0f4144c', '616337@academia.edu', '$2b$10$Kt1WXnRsFi4Ux.r1r8SQD.Ps1ksMrVyIVlHWg9o3Z/3N8hWuZV/3G', 'alumno', 'Anabely Jhusbeli', 'Jimeno Roca', '61632169', true);
INSERT INTO alumnos (id, usuario_id, dni, nombre, apellidos, codigo_barras, aula_id) VALUES ('890a06df-51cf-428c-a0d5-6e064c9ffcb5', 'c06a5053-8dd5-46b0-8ee8-aba5d0f4144c', '61632169', 'Anabely Jhusbeli', 'Jimeno Roca', '616337', 'f1ac4074-6103-4ea2-8e7a-f7b13f4b003f');
INSERT INTO usuarios (id, email, password_hash, rol, nombre, apellidos, dni, activo) VALUES ('13dad24b-b4da-4eec-b8e3-bdd7b123b0c5', '601263@academia.edu', '$2b$10$Kt1WXnRsFi4Ux.r1r8SQD.Ps1ksMrVyIVlHWg9o3Z/3N8hWuZV/3G', 'alumno', 'Heysen Kennedy', 'Leon Garcia', '60126776', true);
INSERT INTO alumnos (id, usuario_id, dni, nombre, apellidos, codigo_barras, aula_id) VALUES ('c982076a-d2ef-4128-afcd-8f718afe819c', '13dad24b-b4da-4eec-b8e3-bdd7b123b0c5', '60126776', 'Heysen Kennedy', 'Leon Garcia', '601263', 'f1ac4074-6103-4ea2-8e7a-f7b13f4b003f');
INSERT INTO usuarios (id, email, password_hash, rol, nombre, apellidos, dni, activo) VALUES ('8d5d1bb5-213b-49e2-a6cd-b58d9b7d2fb3', '722080@academia.edu', '$2b$10$Kt1WXnRsFi4Ux.r1r8SQD.Ps1ksMrVyIVlHWg9o3Z/3N8hWuZV/3G', 'alumno', 'Jhosep Emmanuel Adrian', 'Macedo Rios', '72207524', true);
INSERT INTO alumnos (id, usuario_id, dni, nombre, apellidos, codigo_barras, aula_id) VALUES ('5f4a80e3-2bd5-43dd-964e-57cf89c75992', '8d5d1bb5-213b-49e2-a6cd-b58d9b7d2fb3', '72207524', 'Jhosep Emmanuel Adrian', 'Macedo Rios', '722080', 'f1ac4074-6103-4ea2-8e7a-f7b13f4b003f');
INSERT INTO usuarios (id, email, password_hash, rol, nombre, apellidos, dni, activo) VALUES ('fa2f2de2-93b6-46ec-9a9f-2fa66bb97400', '606716@academia.edu', '$2b$10$Kt1WXnRsFi4Ux.r1r8SQD.Ps1ksMrVyIVlHWg9o3Z/3N8hWuZV/3G', 'alumno', 'Briza Celeste', 'Obregon Fernandez', '60675688', true);
INSERT INTO alumnos (id, usuario_id, dni, nombre, apellidos, codigo_barras, aula_id) VALUES ('7ea3b355-8ec4-4f8c-a0e0-0136b334438e', 'fa2f2de2-93b6-46ec-9a9f-2fa66bb97400', '60675688', 'Briza Celeste', 'Obregon Fernandez', '606716', 'f1ac4074-6103-4ea2-8e7a-f7b13f4b003f');
INSERT INTO usuarios (id, email, password_hash, rol, nombre, apellidos, dni, activo) VALUES ('0f88e3ef-e90b-4bf1-8d29-312bbc973821', '723465@academia.edu', '$2b$10$Kt1WXnRsFi4Ux.r1r8SQD.Ps1ksMrVyIVlHWg9o3Z/3N8hWuZV/3G', 'alumno', 'Mary Gracia', 'Olivo Tarazona', '72345080', true);
INSERT INTO alumnos (id, usuario_id, dni, nombre, apellidos, codigo_barras, aula_id) VALUES ('09361408-672b-407f-91a0-d3a638748757', '0f88e3ef-e90b-4bf1-8d29-312bbc973821', '72345080', 'Mary Gracia', 'Olivo Tarazona', '723465', 'f1ac4074-6103-4ea2-8e7a-f7b13f4b003f');
INSERT INTO usuarios (id, email, password_hash, rol, nombre, apellidos, dni, activo) VALUES ('ff09d30b-b83e-4e7f-bc1c-d750b294019c', '601203@academia.edu', '$2b$10$Kt1WXnRsFi4Ux.r1r8SQD.Ps1ksMrVyIVlHWg9o3Z/3N8hWuZV/3G', 'alumno', 'Yeyson Marco', 'Palma Obregon', '60121257', true);
INSERT INTO alumnos (id, usuario_id, dni, nombre, apellidos, codigo_barras, aula_id) VALUES ('e60c58d9-485b-455c-b6bc-0d3991d2fbc1', 'ff09d30b-b83e-4e7f-bc1c-d750b294019c', '60121257', 'Yeyson Marco', 'Palma Obregon', '601203', 'f1ac4074-6103-4ea2-8e7a-f7b13f4b003f');
INSERT INTO usuarios (id, email, password_hash, rol, nombre, apellidos, dni, activo) VALUES ('ef4b6670-8c0b-44a0-9eee-5be5b7126aa1', '611413@academia.edu', '$2b$10$Kt1WXnRsFi4Ux.r1r8SQD.Ps1ksMrVyIVlHWg9o3Z/3N8hWuZV/3G', 'alumno', 'Pily Araceli', 'Parari Santillan', '61147293', true);
INSERT INTO alumnos (id, usuario_id, dni, nombre, apellidos, codigo_barras, aula_id) VALUES ('ec18d7f0-70f3-4e44-8a23-dcb76bcbb442', 'ef4b6670-8c0b-44a0-9eee-5be5b7126aa1', '61147293', 'Pily Araceli', 'Parari Santillan', '611413', 'f1ac4074-6103-4ea2-8e7a-f7b13f4b003f');
INSERT INTO usuarios (id, email, password_hash, rol, nombre, apellidos, dni, activo) VALUES ('40201770-1ada-432d-97ad-f187b7bd40e5', '762099@academia.edu', '$2b$10$Kt1WXnRsFi4Ux.r1r8SQD.Ps1ksMrVyIVlHWg9o3Z/3N8hWuZV/3G', 'alumno', 'Thalia Nathaly', 'Picon Rosas', '76202551', true);
INSERT INTO alumnos (id, usuario_id, dni, nombre, apellidos, codigo_barras, aula_id) VALUES ('4af5c7fe-703e-487c-bf26-a6da60da5900', '40201770-1ada-432d-97ad-f187b7bd40e5', '76202551', 'Thalia Nathaly', 'Picon Rosas', '762099', 'f1ac4074-6103-4ea2-8e7a-f7b13f4b003f');
INSERT INTO usuarios (id, email, password_hash, rol, nombre, apellidos, dni, activo) VALUES ('92f8ac4b-02ba-4909-9255-16f97a05cb09', '602820@academia.edu', '$2b$10$Kt1WXnRsFi4Ux.r1r8SQD.Ps1ksMrVyIVlHWg9o3Z/3N8hWuZV/3G', 'alumno', 'Charlotte Jessi', 'Quesada Gamarra', '60289476', true);
INSERT INTO alumnos (id, usuario_id, dni, nombre, apellidos, codigo_barras, aula_id) VALUES ('0765ee8a-9854-4bf4-9309-01d0c8713cbc', '92f8ac4b-02ba-4909-9255-16f97a05cb09', '60289476', 'Charlotte Jessi', 'Quesada Gamarra', '602820', 'f1ac4074-6103-4ea2-8e7a-f7b13f4b003f');
INSERT INTO usuarios (id, email, password_hash, rol, nombre, apellidos, dni, activo) VALUES ('a2d9c880-3019-49c8-b67a-a11746ebfebb', '711951@academia.edu', '$2b$10$Kt1WXnRsFi4Ux.r1r8SQD.Ps1ksMrVyIVlHWg9o3Z/3N8hWuZV/3G', 'alumno', 'Luis Fernando Timoteo', 'Requez Espinoza', '71191828', true);
INSERT INTO alumnos (id, usuario_id, dni, nombre, apellidos, codigo_barras, aula_id) VALUES ('edcf0567-ca5a-464e-a984-ef2c9ed21ce9', 'a2d9c880-3019-49c8-b67a-a11746ebfebb', '71191828', 'Luis Fernando Timoteo', 'Requez Espinoza', '711951', 'f1ac4074-6103-4ea2-8e7a-f7b13f4b003f');
INSERT INTO usuarios (id, email, password_hash, rol, nombre, apellidos, dni, activo) VALUES ('b5dac16c-5d9b-4626-a1a7-c6741fa2b88b', '613191@academia.edu', '$2b$10$Kt1WXnRsFi4Ux.r1r8SQD.Ps1ksMrVyIVlHWg9o3Z/3N8hWuZV/3G', 'alumno', 'Sarita Kelem', 'Rodriguez Cadillo', '61314526', true);
INSERT INTO alumnos (id, usuario_id, dni, nombre, apellidos, codigo_barras, aula_id) VALUES ('4e2f6998-acf5-4f5b-bc99-1f5c0ced66bd', 'b5dac16c-5d9b-4626-a1a7-c6741fa2b88b', '61314526', 'Sarita Kelem', 'Rodriguez Cadillo', '613191', 'f1ac4074-6103-4ea2-8e7a-f7b13f4b003f');
INSERT INTO usuarios (id, email, password_hash, rol, nombre, apellidos, dni, activo) VALUES ('9b9ae19a-0592-428b-87d8-a338b773d9d4', '759339@academia.edu', '$2b$10$Kt1WXnRsFi4Ux.r1r8SQD.Ps1ksMrVyIVlHWg9o3Z/3N8hWuZV/3G', 'alumno', 'Sebastian Gabriel', 'Rosales Garro', '75939693', true);
INSERT INTO alumnos (id, usuario_id, dni, nombre, apellidos, codigo_barras, aula_id) VALUES ('76e64181-a25a-4477-8bb7-cb26e9e67b69', '9b9ae19a-0592-428b-87d8-a338b773d9d4', '75939693', 'Sebastian Gabriel', 'Rosales Garro', '759339', 'f1ac4074-6103-4ea2-8e7a-f7b13f4b003f');
INSERT INTO usuarios (id, email, password_hash, rol, nombre, apellidos, dni, activo) VALUES ('62c0e840-addd-4f9b-b772-55e7a587f2cc', '620182@academia.edu', '$2b$10$Kt1WXnRsFi4Ux.r1r8SQD.Ps1ksMrVyIVlHWg9o3Z/3N8hWuZV/3G', 'alumno', 'Dhafnner Sebastian', 'Sanchez Cacha', '62015084', true);
INSERT INTO alumnos (id, usuario_id, dni, nombre, apellidos, codigo_barras, aula_id) VALUES ('59ac7c39-8bda-4c69-b3cb-6074bb10c42e', '62c0e840-addd-4f9b-b772-55e7a587f2cc', '62015084', 'Dhafnner Sebastian', 'Sanchez Cacha', '620182', 'f1ac4074-6103-4ea2-8e7a-f7b13f4b003f');
INSERT INTO usuarios (id, email, password_hash, rol, nombre, apellidos, dni, activo) VALUES ('8d3afdd1-4677-48bc-b756-b7c3eb165a4d', '610623@academia.edu', '$2b$10$Kt1WXnRsFi4Ux.r1r8SQD.Ps1ksMrVyIVlHWg9o3Z/3N8hWuZV/3G', 'alumno', 'Ariana Nicolle', 'Sigueñas Rimac', '61063957', true);
INSERT INTO alumnos (id, usuario_id, dni, nombre, apellidos, codigo_barras, aula_id) VALUES ('719ee2dc-4a01-4c09-be91-4fe84a29596b', '8d3afdd1-4677-48bc-b756-b7c3eb165a4d', '61063957', 'Ariana Nicolle', 'Sigueñas Rimac', '610623', 'f1ac4074-6103-4ea2-8e7a-f7b13f4b003f');
INSERT INTO usuarios (id, email, password_hash, rol, nombre, apellidos, dni, activo) VALUES ('760284de-bfac-4be3-b1a9-a2a63df57074', '707240@academia.edu', '$2b$10$Kt1WXnRsFi4Ux.r1r8SQD.Ps1ksMrVyIVlHWg9o3Z/3N8hWuZV/3G', 'alumno', 'Nancy Celeste', 'Tavara Luciano', '70723415', true);
INSERT INTO alumnos (id, usuario_id, dni, nombre, apellidos, codigo_barras, aula_id) VALUES ('cb612e98-8faf-473c-a313-b02a31071682', '760284de-bfac-4be3-b1a9-a2a63df57074', '70723415', 'Nancy Celeste', 'Tavara Luciano', '707240', 'f1ac4074-6103-4ea2-8e7a-f7b13f4b003f');
INSERT INTO usuarios (id, email, password_hash, rol, nombre, apellidos, dni, activo) VALUES ('a606293e-5090-4798-9ed3-587b766b4ed9', '614001@academia.edu', '$2b$10$Kt1WXnRsFi4Ux.r1r8SQD.Ps1ksMrVyIVlHWg9o3Z/3N8hWuZV/3G', 'alumno', 'Amira Alejandra', 'Valdivieso Chavez', '61409162', true);
INSERT INTO alumnos (id, usuario_id, dni, nombre, apellidos, codigo_barras, aula_id) VALUES ('a7fe8035-e39e-448a-b317-d103448ee164', 'a606293e-5090-4798-9ed3-587b766b4ed9', '61409162', 'Amira Alejandra', 'Valdivieso Chavez', '614001', 'f1ac4074-6103-4ea2-8e7a-f7b13f4b003f');
INSERT INTO usuarios (id, email, password_hash, rol, nombre, apellidos, dni, activo) VALUES ('887e2b86-6fc0-4c86-94e5-73309db60075', '610627@academia.edu', '$2b$10$Kt1WXnRsFi4Ux.r1r8SQD.Ps1ksMrVyIVlHWg9o3Z/3N8hWuZV/3G', 'alumno', 'Yojibeth Dayany', 'Vasquez Vino', '61064210', true);
INSERT INTO alumnos (id, usuario_id, dni, nombre, apellidos, codigo_barras, aula_id) VALUES ('6b46d19a-8acf-49f6-97c2-51b48efd7050', '887e2b86-6fc0-4c86-94e5-73309db60075', '61064210', 'Yojibeth Dayany', 'Vasquez Vino', '610627', 'f1ac4074-6103-4ea2-8e7a-f7b13f4b003f');
INSERT INTO usuarios (id, email, password_hash, rol, nombre, apellidos, dni, activo) VALUES ('cd5f03db-ea09-47a4-94f1-91346fafd743', '611516@academia.edu', '$2b$10$Kt1WXnRsFi4Ux.r1r8SQD.Ps1ksMrVyIVlHWg9o3Z/3N8hWuZV/3G', 'alumno', 'Juan David', 'Cadillo Asencio', '61155619', true);
INSERT INTO alumnos (id, usuario_id, dni, nombre, apellidos, codigo_barras, aula_id) VALUES ('036fba45-4916-4e5a-8f4c-1eddc68106bd', 'cd5f03db-ea09-47a4-94f1-91346fafd743', '61155619', 'Juan David', 'Cadillo Asencio', '611516', '9b4917ab-bb24-46ce-b761-62031913cb59');
INSERT INTO usuarios (id, email, password_hash, rol, nombre, apellidos, dni, activo) VALUES ('08299977-3b7c-4cbc-97f5-2982d06bf496', '075540@academia.edu', '$2b$10$Kt1WXnRsFi4Ux.r1r8SQD.Ps1ksMrVyIVlHWg9o3Z/3N8hWuZV/3G', 'alumno', 'Ana Rosa', 'Algendones Ramos', '07552426', true);
INSERT INTO alumnos (id, usuario_id, dni, nombre, apellidos, codigo_barras, aula_id) VALUES ('fef3966a-fa35-43cf-9f65-2d13012207e0', '08299977-3b7c-4cbc-97f5-2982d06bf496', '07552426', 'Ana Rosa', 'Algendones Ramos', '075540', '1cddbf00-002c-469b-a55d-9ee6cc478ec4');
INSERT INTO usuarios (id, email, password_hash, rol, nombre, apellidos, dni, activo) VALUES ('775cd23c-859d-477c-8cbb-04f8de06c173', '611988@academia.edu', '$2b$10$Kt1WXnRsFi4Ux.r1r8SQD.Ps1ksMrVyIVlHWg9o3Z/3N8hWuZV/3G', 'alumno', 'Emerzon Eduardo', 'Crisolo Minaya', '61191512', true);
INSERT INTO alumnos (id, usuario_id, dni, nombre, apellidos, codigo_barras, aula_id) VALUES ('065659d6-d018-4627-b59a-37cb568d9ce0', '775cd23c-859d-477c-8cbb-04f8de06c173', '61191512', 'Emerzon Eduardo', 'Crisolo Minaya', '611988', '1cddbf00-002c-469b-a55d-9ee6cc478ec4');
INSERT INTO usuarios (id, email, password_hash, rol, nombre, apellidos, dni, activo) VALUES ('d828ef95-bd3d-488a-976d-ad53601f2803', '620016@academia.edu', '$2b$10$Kt1WXnRsFi4Ux.r1r8SQD.Ps1ksMrVyIVlHWg9o3Z/3N8hWuZV/3G', 'alumno', 'Yamely Yanely', 'Osorio Mendez', '62009834', true);
INSERT INTO alumnos (id, usuario_id, dni, nombre, apellidos, codigo_barras, aula_id) VALUES ('b77d918b-3ac1-4368-9687-0742feac9053', 'd828ef95-bd3d-488a-976d-ad53601f2803', '62009834', 'Yamely Yanely', 'Osorio Mendez', '620016', 'a41e627c-0222-4b7c-a6c6-3dc33646475e');
INSERT INTO usuarios (id, email, password_hash, rol, nombre, apellidos, dni, activo) VALUES ('20fbb025-9251-47c0-abe0-a5e173d4f54e', '606917@academia.edu', '$2b$10$Kt1WXnRsFi4Ux.r1r8SQD.Ps1ksMrVyIVlHWg9o3Z/3N8hWuZV/3G', 'alumno', 'Max Gesu', 'Ponte Silva', '60695067', true);
INSERT INTO alumnos (id, usuario_id, dni, nombre, apellidos, codigo_barras, aula_id) VALUES ('67f89df9-2e1f-4326-8fe5-7ec625179c96', '20fbb025-9251-47c0-abe0-a5e173d4f54e', '60695067', 'Max Gesu', 'Ponte Silva', '606917', 'a41e627c-0222-4b7c-a6c6-3dc33646475e');
INSERT INTO usuarios (id, email, password_hash, rol, nombre, apellidos, dni, activo) VALUES ('bb8612ee-8bc9-492c-ab25-b4fa8c2c44ca', '609593@academia.edu', '$2b$10$Kt1WXnRsFi4Ux.r1r8SQD.Ps1ksMrVyIVlHWg9o3Z/3N8hWuZV/3G', 'alumno', 'Zoila Guadalupe', 'Andavisa Corpus', '60957691', true);
INSERT INTO alumnos (id, usuario_id, dni, nombre, apellidos, codigo_barras, aula_id) VALUES ('29212fa3-f361-4b58-8ab2-2d8fe31f075b', 'bb8612ee-8bc9-492c-ab25-b4fa8c2c44ca', '60957691', 'Zoila Guadalupe', 'Andavisa Corpus', '609593', 'f1ac4074-6103-4ea2-8e7a-f7b13f4b003f');
INSERT INTO usuarios (id, email, password_hash, rol, nombre, apellidos, dni, activo) VALUES ('b4edc854-7131-4e27-94f6-3f6e28f562a4', '605902@academia.edu', '$2b$10$Kt1WXnRsFi4Ux.r1r8SQD.Ps1ksMrVyIVlHWg9o3Z/3N8hWuZV/3G', 'alumno', 'Medalith Rosa', 'Garcia Cueva', '60594781', true);
INSERT INTO alumnos (id, usuario_id, dni, nombre, apellidos, codigo_barras, aula_id) VALUES ('557f1c3e-d3cc-4ad8-a09d-7ed92a96f216', 'b4edc854-7131-4e27-94f6-3f6e28f562a4', '60594781', 'Medalith Rosa', 'Garcia Cueva', '605902', 'f1ac4074-6103-4ea2-8e7a-f7b13f4b003f');
INSERT INTO usuarios (id, email, password_hash, rol, nombre, apellidos, dni, activo) VALUES ('07df9640-2749-47ed-9228-9494e1a72701', '756719@academia.edu', '$2b$10$Kt1WXnRsFi4Ux.r1r8SQD.Ps1ksMrVyIVlHWg9o3Z/3N8hWuZV/3G', 'alumno', 'Beatriz Rosmery', 'Septimo Matias', '75675571', true);
INSERT INTO alumnos (id, usuario_id, dni, nombre, apellidos, codigo_barras, aula_id) VALUES ('bb8af2c4-966f-4ca3-b26f-9f788ad3c5be', '07df9640-2749-47ed-9228-9494e1a72701', '75675571', 'Beatriz Rosmery', 'Septimo Matias', '756719', '1cddbf00-002c-469b-a55d-9ee6cc478ec4');
INSERT INTO usuarios (id, email, password_hash, rol, nombre, apellidos, dni, activo) VALUES ('1694ec7a-9d4e-4b83-96ae-c4fba9c2b80f', '602870@academia.edu', '$2b$10$Kt1WXnRsFi4Ux.r1r8SQD.Ps1ksMrVyIVlHWg9o3Z/3N8hWuZV/3G', 'alumno', 'Elvira Sofia', 'Calvo Toledo', '60286010', true);
INSERT INTO alumnos (id, usuario_id, dni, nombre, apellidos, codigo_barras, aula_id) VALUES ('87d65baa-512b-4563-9cc6-100c5a9533b7', '1694ec7a-9d4e-4b83-96ae-c4fba9c2b80f', '60286010', 'Elvira Sofia', 'Calvo Toledo', '602870', '1cddbf00-002c-469b-a55d-9ee6cc478ec4');
INSERT INTO usuarios (id, email, password_hash, rol, nombre, apellidos, dni, activo) VALUES ('de774bd7-1470-472a-8dd4-59504032a2eb', '620132@academia.edu', '$2b$10$Kt1WXnRsFi4Ux.r1r8SQD.Ps1ksMrVyIVlHWg9o3Z/3N8hWuZV/3G', 'alumno', 'Alexander Daniel', 'Ramirez Lirion', '62014801', true);
INSERT INTO alumnos (id, usuario_id, dni, nombre, apellidos, codigo_barras, aula_id) VALUES ('e3d14aeb-72bd-4563-9292-8ecf00bdd51d', 'de774bd7-1470-472a-8dd4-59504032a2eb', '62014801', 'Alexander Daniel', 'Ramirez Lirion', '620132', 'f1ac4074-6103-4ea2-8e7a-f7b13f4b003f');
INSERT INTO usuarios (id, email, password_hash, rol, nombre, apellidos, dni, activo) VALUES ('e45bf053-9247-44ea-b13d-569694e35492', '602853@academia.edu', '$2b$10$Kt1WXnRsFi4Ux.r1r8SQD.Ps1ksMrVyIVlHWg9o3Z/3N8hWuZV/3G', 'alumno', 'Eduardo Fredy', 'Calvo Toledo', '60286009', true);
INSERT INTO alumnos (id, usuario_id, dni, nombre, apellidos, codigo_barras, aula_id) VALUES ('4a53d654-e8df-492d-b677-03fd717d7893', 'e45bf053-9247-44ea-b13d-569694e35492', '60286009', 'Eduardo Fredy', 'Calvo Toledo', '602853', 'a41e627c-0222-4b7c-a6c6-3dc33646475e');
INSERT INTO usuarios (id, email, password_hash, rol, nombre, apellidos, dni, activo) VALUES ('0567c873-3d59-4adc-bf19-7dfd3205f543', '614072@academia.edu', '$2b$10$Kt1WXnRsFi4Ux.r1r8SQD.Ps1ksMrVyIVlHWg9o3Z/3N8hWuZV/3G', 'alumno', 'Daniel Jairo', 'Velasquez Gavino', '61409390', true);
INSERT INTO alumnos (id, usuario_id, dni, nombre, apellidos, codigo_barras, aula_id) VALUES ('e407c12d-9fa1-454f-8462-41ef417b0b52', '0567c873-3d59-4adc-bf19-7dfd3205f543', '61409390', 'Daniel Jairo', 'Velasquez Gavino', '614072', 'a41e627c-0222-4b7c-a6c6-3dc33646475e');
INSERT INTO usuarios (id, email, password_hash, rol, nombre, apellidos, dni, activo) VALUES ('b8e29917-61f7-4756-890e-aabfa7e7dace', '614224@academia.edu', '$2b$10$Kt1WXnRsFi4Ux.r1r8SQD.Ps1ksMrVyIVlHWg9o3Z/3N8hWuZV/3G', 'alumno', 'Fiorella Dennis', 'Cruz Vargas', '61429289', true);
INSERT INTO alumnos (id, usuario_id, dni, nombre, apellidos, codigo_barras, aula_id) VALUES ('640c7448-594e-480e-9623-633d4bf0d0aa', 'b8e29917-61f7-4756-890e-aabfa7e7dace', '61429289', 'Fiorella Dennis', 'Cruz Vargas', '614224', 'a41e627c-0222-4b7c-a6c6-3dc33646475e');
INSERT INTO usuarios (id, email, password_hash, rol, nombre, apellidos, dni, activo) VALUES ('d1682680-b08d-4dd4-a323-03d3c8313a55', '602399@academia.edu', '$2b$10$Kt1WXnRsFi4Ux.r1r8SQD.Ps1ksMrVyIVlHWg9o3Z/3N8hWuZV/3G', 'alumno', 'Alvaro', 'Alarcon Ariza', '60235320', true);
INSERT INTO alumnos (id, usuario_id, dni, nombre, apellidos, codigo_barras, aula_id) VALUES ('b74c8e49-170e-43ca-947e-c682e0f78977', 'd1682680-b08d-4dd4-a323-03d3c8313a55', '60235320', 'Alvaro', 'Alarcon Ariza', '602399', 'f1ac4074-6103-4ea2-8e7a-f7b13f4b003f');
INSERT INTO usuarios (id, email, password_hash, rol, nombre, apellidos, dni, activo) VALUES ('cb462dd1-3e71-4839-9e58-059b4e6e118d', '604147@academia.edu', '$2b$10$Kt1WXnRsFi4Ux.r1r8SQD.Ps1ksMrVyIVlHWg9o3Z/3N8hWuZV/3G', 'alumno', 'Elot Noel', 'Silvestre Lopez', '60411345', true);
INSERT INTO alumnos (id, usuario_id, dni, nombre, apellidos, codigo_barras, aula_id) VALUES ('fef0eb54-55a6-4935-a81c-80ec7d43bdec', 'cb462dd1-3e71-4839-9e58-059b4e6e118d', '60411345', 'Elot Noel', 'Silvestre Lopez', '604147', 'a41e627c-0222-4b7c-a6c6-3dc33646475e');
INSERT INTO usuarios (id, email, password_hash, rol, nombre, apellidos, dni, activo) VALUES ('aa488aab-4b12-4166-8e5d-dc50eacdf134', '612370@academia.edu', '$2b$10$Kt1WXnRsFi4Ux.r1r8SQD.Ps1ksMrVyIVlHWg9o3Z/3N8hWuZV/3G', 'alumno', 'Gianpier Eduardo', 'Mejia Bazan', '61232893', true);
INSERT INTO alumnos (id, usuario_id, dni, nombre, apellidos, codigo_barras, aula_id) VALUES ('7ddbca9d-6bef-439b-93c1-1769926704d2', 'aa488aab-4b12-4166-8e5d-dc50eacdf134', '61232893', 'Gianpier Eduardo', 'Mejia Bazan', '612370', '1cddbf00-002c-469b-a55d-9ee6cc478ec4');
INSERT INTO usuarios (id, email, password_hash, rol, nombre, apellidos, dni, activo) VALUES ('e830f0cc-5f39-4f63-b4ad-08a4372de32c', '731005@academia.edu', '$2b$10$Kt1WXnRsFi4Ux.r1r8SQD.Ps1ksMrVyIVlHWg9o3Z/3N8hWuZV/3G', 'alumno', 'Enders Gianmarco', 'Aguirre Montalvo', '73103733', true);
INSERT INTO alumnos (id, usuario_id, dni, nombre, apellidos, codigo_barras, aula_id) VALUES ('a950e31a-a267-4fbd-8c45-e31c025583d2', 'e830f0cc-5f39-4f63-b4ad-08a4372de32c', '73103733', 'Enders Gianmarco', 'Aguirre Montalvo', '731005', 'a41e627c-0222-4b7c-a6c6-3dc33646475e');
INSERT INTO usuarios (id, email, password_hash, rol, nombre, apellidos, dni, activo) VALUES ('1d34bc59-0ece-4701-b577-cb51266f7f66', '615761@academia.edu', '$2b$10$Kt1WXnRsFi4Ux.r1r8SQD.Ps1ksMrVyIVlHWg9o3Z/3N8hWuZV/3G', 'alumno', 'Nora Luzmila', 'Obregon Cabrera', '61577179', true);
INSERT INTO alumnos (id, usuario_id, dni, nombre, apellidos, codigo_barras, aula_id) VALUES ('cded9b7c-4de5-4ed0-a2c5-364e946297a5', '1d34bc59-0ece-4701-b577-cb51266f7f66', '61577179', 'Nora Luzmila', 'Obregon Cabrera', '615761', 'f1ac4074-6103-4ea2-8e7a-f7b13f4b003f');
INSERT INTO usuarios (id, email, password_hash, rol, nombre, apellidos, dni, activo) VALUES ('c67715f5-9f52-492a-8880-cab581063233', '603068@academia.edu', '$2b$10$Kt1WXnRsFi4Ux.r1r8SQD.Ps1ksMrVyIVlHWg9o3Z/3N8hWuZV/3G', 'alumno', 'Neysa Tabita', 'Apolinario Gomez', '60302161', true);
INSERT INTO alumnos (id, usuario_id, dni, nombre, apellidos, codigo_barras, aula_id) VALUES ('8e723da8-8af3-4a03-85fe-b645363e481d', 'c67715f5-9f52-492a-8880-cab581063233', '60302161', 'Neysa Tabita', 'Apolinario Gomez', '603068', 'f1ac4074-6103-4ea2-8e7a-f7b13f4b003f');
INSERT INTO usuarios (id, email, password_hash, rol, nombre, apellidos, dni, activo) VALUES ('1f73caca-cadf-4d75-8615-3d8c9b53d438', '617084@academia.edu', '$2b$10$Kt1WXnRsFi4Ux.r1r8SQD.Ps1ksMrVyIVlHWg9o3Z/3N8hWuZV/3G', 'alumno', 'Florencia Eugenia', 'Machco Gomez', '61708138', true);
INSERT INTO alumnos (id, usuario_id, dni, nombre, apellidos, codigo_barras, aula_id) VALUES ('ede71572-cf8f-45be-8b69-75fc29dfdc32', '1f73caca-cadf-4d75-8615-3d8c9b53d438', '61708138', 'Florencia Eugenia', 'Machco Gomez', '617084', '1cddbf00-002c-469b-a55d-9ee6cc478ec4');
INSERT INTO usuarios (id, email, password_hash, rol, nombre, apellidos, dni, activo) VALUES ('c9598bb9-c1b9-47a5-b9e2-cdd9779221e9', '618317@academia.edu', '$2b$10$Kt1WXnRsFi4Ux.r1r8SQD.Ps1ksMrVyIVlHWg9o3Z/3N8hWuZV/3G', 'alumno', 'Yamira Jimena Televisa', 'Ramirez Ramirez', '61831644', true);
INSERT INTO alumnos (id, usuario_id, dni, nombre, apellidos, codigo_barras, aula_id) VALUES ('9d919c31-7339-448a-90a6-72cf087f232b', 'c9598bb9-c1b9-47a5-b9e2-cdd9779221e9', '61831644', 'Yamira Jimena Televisa', 'Ramirez Ramirez', '618317', '1cddbf00-002c-469b-a55d-9ee6cc478ec4');
INSERT INTO usuarios (id, email, password_hash, rol, nombre, apellidos, dni, activo) VALUES ('4020f87c-c64b-4e36-ab44-169b5a5d1a6d', '620142@academia.edu', '$2b$10$Kt1WXnRsFi4Ux.r1r8SQD.Ps1ksMrVyIVlHWg9o3Z/3N8hWuZV/3G', 'alumno', 'James Enmsi', 'Medina Rodriguez', '62014776', true);
INSERT INTO alumnos (id, usuario_id, dni, nombre, apellidos, codigo_barras, aula_id) VALUES ('cea73f8e-b38e-4454-8964-96704c70c463', '4020f87c-c64b-4e36-ab44-169b5a5d1a6d', '62014776', 'James Enmsi', 'Medina Rodriguez', '620142', '1cddbf00-002c-469b-a55d-9ee6cc478ec4');
INSERT INTO usuarios (id, email, password_hash, rol, nombre, apellidos, dni, activo) VALUES ('461d79a5-ac9c-4137-9f3b-80277c501c76', '614927@academia.edu', '$2b$10$Kt1WXnRsFi4Ux.r1r8SQD.Ps1ksMrVyIVlHWg9o3Z/3N8hWuZV/3G', 'alumno', 'Maite Guadalupe', 'Chilca Mejia', '61490184', true);
INSERT INTO alumnos (id, usuario_id, dni, nombre, apellidos, codigo_barras, aula_id) VALUES ('73439ce4-26fb-40f8-a137-17e3c7645a2e', '461d79a5-ac9c-4137-9f3b-80277c501c76', '61490184', 'Maite Guadalupe', 'Chilca Mejia', '614927', '1cddbf00-002c-469b-a55d-9ee6cc478ec4');
INSERT INTO usuarios (id, email, password_hash, rol, nombre, apellidos, dni, activo) VALUES ('9bbe6510-a079-409d-8bf4-f1a5f13a896f', '603331@academia.edu', '$2b$10$Kt1WXnRsFi4Ux.r1r8SQD.Ps1ksMrVyIVlHWg9o3Z/3N8hWuZV/3G', 'alumno', 'Kelly Sheyla', 'Sandoval Saavedra', '60336861', true);
INSERT INTO alumnos (id, usuario_id, dni, nombre, apellidos, codigo_barras, aula_id) VALUES ('fbb921fc-b7d7-4e0d-a3ab-35183fe2b5d3', '9bbe6510-a079-409d-8bf4-f1a5f13a896f', '60336861', 'Kelly Sheyla', 'Sandoval Saavedra', '603331', '1cddbf00-002c-469b-a55d-9ee6cc478ec4');
INSERT INTO usuarios (id, email, password_hash, rol, nombre, apellidos, dni, activo) VALUES ('ed3fa9a8-7b13-479b-9128-a5a9686dc07c', '614233@academia.edu', '$2b$10$Kt1WXnRsFi4Ux.r1r8SQD.Ps1ksMrVyIVlHWg9o3Z/3N8hWuZV/3G', 'alumno', 'Jhadde Estrella Paloma', 'Gilio Norabuena', '61429052', true);
INSERT INTO alumnos (id, usuario_id, dni, nombre, apellidos, codigo_barras, aula_id) VALUES ('e45b5766-2bb4-469d-9279-76fea0bac49e', 'ed3fa9a8-7b13-479b-9128-a5a9686dc07c', '61429052', 'Jhadde Estrella Paloma', 'Gilio Norabuena', '614233', '2d286663-14ff-43d7-b7dd-6fc3ae79be88');
INSERT INTO usuarios (id, email, password_hash, rol, nombre, apellidos, dni, activo) VALUES ('9dcf788f-4804-4582-a440-12a565c452a4', '711745@academia.edu', '$2b$10$Kt1WXnRsFi4Ux.r1r8SQD.Ps1ksMrVyIVlHWg9o3Z/3N8hWuZV/3G', 'alumno', 'Jeymi Mayli', 'Macedo Castro', '71178762', true);
INSERT INTO alumnos (id, usuario_id, dni, nombre, apellidos, codigo_barras, aula_id) VALUES ('0a137aba-33dd-4252-99ad-4a2e4cce97d5', '9dcf788f-4804-4582-a440-12a565c452a4', '71178762', 'Jeymi Mayli', 'Macedo Castro', '711745', '1cddbf00-002c-469b-a55d-9ee6cc478ec4');
INSERT INTO usuarios (id, email, password_hash, rol, nombre, apellidos, dni, activo) VALUES ('93cbcee5-0643-4d56-ba73-c0dc4e8de022', '600281@academia.edu', '$2b$10$Kt1WXnRsFi4Ux.r1r8SQD.Ps1ksMrVyIVlHWg9o3Z/3N8hWuZV/3G', 'alumno', 'Kevin Alex', 'Mallqui Figueroa', '60028589', true);
INSERT INTO alumnos (id, usuario_id, dni, nombre, apellidos, codigo_barras, aula_id) VALUES ('7014ad15-5ad2-4d4a-92e1-d5a00458b26a', '93cbcee5-0643-4d56-ba73-c0dc4e8de022', '60028589', 'Kevin Alex', 'Mallqui Figueroa', '600281', '1cddbf00-002c-469b-a55d-9ee6cc478ec4');
INSERT INTO usuarios (id, email, password_hash, rol, nombre, apellidos, dni, activo) VALUES ('240560d5-8d8c-4dea-994a-69cf63fefd8c', '603912@academia.edu', '$2b$10$Kt1WXnRsFi4Ux.r1r8SQD.Ps1ksMrVyIVlHWg9o3Z/3N8hWuZV/3G', 'alumno', 'Fabricio Alexander', 'Cantu Vidal', '60393546', true);
INSERT INTO alumnos (id, usuario_id, dni, nombre, apellidos, codigo_barras, aula_id) VALUES ('229df8a8-4e6c-490b-91bd-50729e0c1ee4', '240560d5-8d8c-4dea-994a-69cf63fefd8c', '60393546', 'Fabricio Alexander', 'Cantu Vidal', '603912', '1cddbf00-002c-469b-a55d-9ee6cc478ec4');
INSERT INTO usuarios (id, email, password_hash, rol, nombre, apellidos, dni, activo) VALUES ('73b8a486-8c42-4d96-97cd-aa81397e293b', '621038@academia.edu', '$2b$10$Kt1WXnRsFi4Ux.r1r8SQD.Ps1ksMrVyIVlHWg9o3Z/3N8hWuZV/3G', 'alumno', 'Marco Antonio', 'Atencia Espinoza', '62105200', true);
INSERT INTO alumnos (id, usuario_id, dni, nombre, apellidos, codigo_barras, aula_id) VALUES ('3ec9691b-8e35-40a5-929c-811b603dd060', '73b8a486-8c42-4d96-97cd-aa81397e293b', '62105200', 'Marco Antonio', 'Atencia Espinoza', '621038', '1cddbf00-002c-469b-a55d-9ee6cc478ec4');
INSERT INTO usuarios (id, email, password_hash, rol, nombre, apellidos, dni, activo) VALUES ('1452d9bb-25f5-4c9a-8f71-e7de5dda6b38', '604055@academia.edu', '$2b$10$Kt1WXnRsFi4Ux.r1r8SQD.Ps1ksMrVyIVlHWg9o3Z/3N8hWuZV/3G', 'alumno', 'Jeremy Deyvis', 'Palma Rapray', '60405063', true);
INSERT INTO alumnos (id, usuario_id, dni, nombre, apellidos, codigo_barras, aula_id) VALUES ('507f738f-8149-4765-8667-28790fbbd659', '1452d9bb-25f5-4c9a-8f71-e7de5dda6b38', '60405063', 'Jeremy Deyvis', 'Palma Rapray', '604055', '2d286663-14ff-43d7-b7dd-6fc3ae79be88');
INSERT INTO usuarios (id, email, password_hash, rol, nombre, apellidos, dni, activo) VALUES ('ae5d77be-a411-4cb3-932b-104546e024c0', '606183@academia.edu', '$2b$10$Kt1WXnRsFi4Ux.r1r8SQD.Ps1ksMrVyIVlHWg9o3Z/3N8hWuZV/3G', 'alumno', 'Mario Eusebio', 'Vega Arce', '60614329', true);
INSERT INTO alumnos (id, usuario_id, dni, nombre, apellidos, codigo_barras, aula_id) VALUES ('e1853d3c-d55b-45ef-baf5-925028dd5917', 'ae5d77be-a411-4cb3-932b-104546e024c0', '60614329', 'Mario Eusebio', 'Vega Arce', '606183', '7b9a3937-e856-48ee-854c-59be910fc57c');
INSERT INTO usuarios (id, email, password_hash, rol, nombre, apellidos, dni, activo) VALUES ('6349f16a-7e8d-4723-8d04-258523286b0c', '615866@academia.edu', '$2b$10$Kt1WXnRsFi4Ux.r1r8SQD.Ps1ksMrVyIVlHWg9o3Z/3N8hWuZV/3G', 'alumno', 'Lorgio Antoni', 'Vega Reyes', '61589932', true);
INSERT INTO alumnos (id, usuario_id, dni, nombre, apellidos, codigo_barras, aula_id) VALUES ('ecf07b28-4eb6-4ba3-b418-ef29c6c4b532', '6349f16a-7e8d-4723-8d04-258523286b0c', '61589932', 'Lorgio Antoni', 'Vega Reyes', '615866', '2d286663-14ff-43d7-b7dd-6fc3ae79be88');
INSERT INTO usuarios (id, email, password_hash, rol, nombre, apellidos, dni, activo) VALUES ('5173fdea-962f-4ff5-bdd5-921cf250c735', '746600@academia.edu', '$2b$10$Kt1WXnRsFi4Ux.r1r8SQD.Ps1ksMrVyIVlHWg9o3Z/3N8hWuZV/3G', 'alumno', 'Liliana Mary', 'Huanri Sanchez', '74660855', true);
INSERT INTO alumnos (id, usuario_id, dni, nombre, apellidos, codigo_barras, aula_id) VALUES ('307d968f-0abb-4bb8-802c-dce9183ad234', '5173fdea-962f-4ff5-bdd5-921cf250c735', '74660855', 'Liliana Mary', 'Huanri Sanchez', '746600', '7b9a3937-e856-48ee-854c-59be910fc57c');
INSERT INTO usuarios (id, email, password_hash, rol, nombre, apellidos, dni, activo) VALUES ('6a07d91e-5059-4f60-a843-93708d9ab0af', '713688@academia.edu', '$2b$10$Kt1WXnRsFi4Ux.r1r8SQD.Ps1ksMrVyIVlHWg9o3Z/3N8hWuZV/3G', 'alumno', 'Anhai Maribel', 'Ugarte Sanchez', '71367474', true);
INSERT INTO alumnos (id, usuario_id, dni, nombre, apellidos, codigo_barras, aula_id) VALUES ('869a3672-af30-43c9-974e-05de22f64b38', '6a07d91e-5059-4f60-a843-93708d9ab0af', '71367474', 'Anhai Maribel', 'Ugarte Sanchez', '713688', '5351da14-19c6-4c41-986b-341827d2f528');
INSERT INTO usuarios (id, email, password_hash, rol, nombre, apellidos, dni, activo) VALUES ('76d5347d-abaf-4bff-8482-fa9d06e8fc90', '609516@academia.edu', '$2b$10$Kt1WXnRsFi4Ux.r1r8SQD.Ps1ksMrVyIVlHWg9o3Z/3N8hWuZV/3G', 'alumno', 'Laura Valentina', 'Chuquilin Duran', '60957472', true);
INSERT INTO alumnos (id, usuario_id, dni, nombre, apellidos, codigo_barras, aula_id) VALUES ('df37b465-c51d-49a3-891c-e683dfeee2cb', '76d5347d-abaf-4bff-8482-fa9d06e8fc90', '60957472', 'Laura Valentina', 'Chuquilin Duran', '609516', '9b4917ab-bb24-46ce-b761-62031913cb59');
INSERT INTO usuarios (id, email, password_hash, rol, nombre, apellidos, dni, activo) VALUES ('55a06121-d710-41be-bf77-1ad6ddf9490a', '614032@academia.edu', '$2b$10$Kt1WXnRsFi4Ux.r1r8SQD.Ps1ksMrVyIVlHWg9o3Z/3N8hWuZV/3G', 'alumno', 'Dayana Beatriz', 'Velasquez Norabuena', '61409499', true);
INSERT INTO alumnos (id, usuario_id, dni, nombre, apellidos, codigo_barras, aula_id) VALUES ('0ad8ce41-322e-4a02-8c5a-827bd16f7e2b', '55a06121-d710-41be-bf77-1ad6ddf9490a', '61409499', 'Dayana Beatriz', 'Velasquez Norabuena', '614032', '9b4917ab-bb24-46ce-b761-62031913cb59');
INSERT INTO usuarios (id, email, password_hash, rol, nombre, apellidos, dni, activo) VALUES ('83212dc0-d630-4af6-8013-0146c945ec3a', '602748@academia.edu', '$2b$10$Kt1WXnRsFi4Ux.r1r8SQD.Ps1ksMrVyIVlHWg9o3Z/3N8hWuZV/3G', 'alumno', 'Leiner Nicol', 'Vega Chico', '60274471', true);
INSERT INTO alumnos (id, usuario_id, dni, nombre, apellidos, codigo_barras, aula_id) VALUES ('9d40c78c-74bc-4230-949a-77e39ccad932', '83212dc0-d630-4af6-8013-0146c945ec3a', '60274471', 'Leiner Nicol', 'Vega Chico', '602748', '2d286663-14ff-43d7-b7dd-6fc3ae79be88');
INSERT INTO usuarios (id, email, password_hash, rol, nombre, apellidos, dni, activo) VALUES ('f09be910-00d3-4e66-9c8a-703a4529cea5', '707356@academia.edu', '$2b$10$Kt1WXnRsFi4Ux.r1r8SQD.Ps1ksMrVyIVlHWg9o3Z/3N8hWuZV/3G', 'alumno', 'Said Angel', 'Vasconsuelo Fernandez', '70736203', true);
INSERT INTO alumnos (id, usuario_id, dni, nombre, apellidos, codigo_barras, aula_id) VALUES ('cb4591bf-49bc-4428-b972-7368ebfc4912', 'f09be910-00d3-4e66-9c8a-703a4529cea5', '70736203', 'Said Angel', 'Vasconsuelo Fernandez', '707356', '5351da14-19c6-4c41-986b-341827d2f528');
INSERT INTO usuarios (id, email, password_hash, rol, nombre, apellidos, dni, activo) VALUES ('06661da6-60a8-44fb-a469-0f7ad0830401', '602488@academia.edu', '$2b$10$Kt1WXnRsFi4Ux.r1r8SQD.Ps1ksMrVyIVlHWg9o3Z/3N8hWuZV/3G', 'alumno', 'Aron Maximo', 'Angeles Avelino', '60241980', true);
INSERT INTO alumnos (id, usuario_id, dni, nombre, apellidos, codigo_barras, aula_id) VALUES ('ba55889e-31a4-44f0-8a5f-c46feaedef1c', '06661da6-60a8-44fb-a469-0f7ad0830401', '60241980', 'Aron Maximo', 'Angeles Avelino', '602488', '5351da14-19c6-4c41-986b-341827d2f528');
INSERT INTO usuarios (id, email, password_hash, rol, nombre, apellidos, dni, activo) VALUES ('04d02ccd-0ce2-4e7a-a6f2-82fcecf47550', '604062@academia.edu', '$2b$10$Kt1WXnRsFi4Ux.r1r8SQD.Ps1ksMrVyIVlHWg9o3Z/3N8hWuZV/3G', 'alumno', 'Huampoy Johangia', 'Matos Mendez', '60406310', true);
INSERT INTO alumnos (id, usuario_id, dni, nombre, apellidos, codigo_barras, aula_id) VALUES ('46ce85bf-f7ba-4ade-bd3a-bff198a3ac2c', '04d02ccd-0ce2-4e7a-a6f2-82fcecf47550', '60406310', 'Huampoy Johangia', 'Matos Mendez', '604062', 'a41e627c-0222-4b7c-a6c6-3dc33646475e');
INSERT INTO usuarios (id, email, password_hash, rol, nombre, apellidos, dni, activo) VALUES ('63f82ef8-0a96-4929-bb52-bfaf70690c95', '616182@academia.edu', '$2b$10$Kt1WXnRsFi4Ux.r1r8SQD.Ps1ksMrVyIVlHWg9o3Z/3N8hWuZV/3G', 'alumno', 'Crisly Maria Fernanda', 'Gabriel De La Cruz', '61612960', true);
INSERT INTO alumnos (id, usuario_id, dni, nombre, apellidos, codigo_barras, aula_id) VALUES ('5f1633a0-0dfb-43ee-bc41-97bfc2a7cb36', '63f82ef8-0a96-4929-bb52-bfaf70690c95', '61612960', 'Crisly Maria Fernanda', 'Gabriel De La Cruz', '616182', '1cddbf00-002c-469b-a55d-9ee6cc478ec4');
INSERT INTO usuarios (id, email, password_hash, rol, nombre, apellidos, dni, activo) VALUES ('f5f957e2-1df8-4266-98d4-3355def7ca05', '605168@academia.edu', '$2b$10$Kt1WXnRsFi4Ux.r1r8SQD.Ps1ksMrVyIVlHWg9o3Z/3N8hWuZV/3G', 'alumno', 'Alvaro Franco', 'Ortiz Huerta', '60517401', true);
INSERT INTO alumnos (id, usuario_id, dni, nombre, apellidos, codigo_barras, aula_id) VALUES ('01d27694-9794-4fe4-8361-d77f10030756', 'f5f957e2-1df8-4266-98d4-3355def7ca05', '60517401', 'Alvaro Franco', 'Ortiz Huerta', '605168', '1cddbf00-002c-469b-a55d-9ee6cc478ec4');
INSERT INTO usuarios (id, email, password_hash, rol, nombre, apellidos, dni, activo) VALUES ('e37332be-525f-4bfd-9d84-3a587e9d8a88', '602848@academia.edu', '$2b$10$Kt1WXnRsFi4Ux.r1r8SQD.Ps1ksMrVyIVlHWg9o3Z/3N8hWuZV/3G', 'alumno', 'Federico Alfredo', 'Chacpi Gutierrez', '60286692', true);
INSERT INTO alumnos (id, usuario_id, dni, nombre, apellidos, codigo_barras, aula_id) VALUES ('4e8268ed-cde2-4252-b29d-81c22009b29a', 'e37332be-525f-4bfd-9d84-3a587e9d8a88', '60286692', 'Federico Alfredo', 'Chacpi Gutierrez', '602848', 'a41e627c-0222-4b7c-a6c6-3dc33646475e');
INSERT INTO usuarios (id, email, password_hash, rol, nombre, apellidos, dni, activo) VALUES ('34c4f2ce-e925-42ea-988c-d90929aea7ff', '603740@academia.edu', '$2b$10$Kt1WXnRsFi4Ux.r1r8SQD.Ps1ksMrVyIVlHWg9o3Z/3N8hWuZV/3G', 'alumno', 'Katherine Karenn', 'Rupay Alvino', '60379673', true);
INSERT INTO alumnos (id, usuario_id, dni, nombre, apellidos, codigo_barras, aula_id) VALUES ('1db51363-6fc9-4e5b-9bb2-e32b93da2ee8', '34c4f2ce-e925-42ea-988c-d90929aea7ff', '60379673', 'Katherine Karenn', 'Rupay Alvino', '603740', 'f1ac4074-6103-4ea2-8e7a-f7b13f4b003f');
INSERT INTO usuarios (id, email, password_hash, rol, nombre, apellidos, dni, activo) VALUES ('953d30f7-e8d0-4eba-84c0-c731ec917782', '615617@academia.edu', '$2b$10$Kt1WXnRsFi4Ux.r1r8SQD.Ps1ksMrVyIVlHWg9o3Z/3N8hWuZV/3G', 'alumno', 'Axel Yocep', 'Morales Huacanaca', '61568001', true);
INSERT INTO alumnos (id, usuario_id, dni, nombre, apellidos, codigo_barras, aula_id) VALUES ('ca569bbd-94fa-4081-b205-36a551e8ff7b', '953d30f7-e8d0-4eba-84c0-c731ec917782', '61568001', 'Axel Yocep', 'Morales Huacanaca', '615617', 'a41e627c-0222-4b7c-a6c6-3dc33646475e');
INSERT INTO usuarios (id, email, password_hash, rol, nombre, apellidos, dni, activo) VALUES ('d23f5120-fca0-4815-81be-7245c0bba4d9', '611583@academia.edu', '$2b$10$Kt1WXnRsFi4Ux.r1r8SQD.Ps1ksMrVyIVlHWg9o3Z/3N8hWuZV/3G', 'alumno', 'Noemi Isabel', 'Figueroa Prudencio', '61155568', true);
INSERT INTO alumnos (id, usuario_id, dni, nombre, apellidos, codigo_barras, aula_id) VALUES ('4f4621af-0a09-4cea-976c-b3d4977ee41e', 'd23f5120-fca0-4815-81be-7245c0bba4d9', '61155568', 'Noemi Isabel', 'Figueroa Prudencio', '611583', '1cddbf00-002c-469b-a55d-9ee6cc478ec4');
INSERT INTO usuarios (id, email, password_hash, rol, nombre, apellidos, dni, activo) VALUES ('3fa0d05f-075f-4b13-8329-4a603aa7afd8', '617100@academia.edu', '$2b$10$Kt1WXnRsFi4Ux.r1r8SQD.Ps1ksMrVyIVlHWg9o3Z/3N8hWuZV/3G', 'alumno', 'Diego Cristofer', 'Minaya Campos', '61713650', true);
INSERT INTO alumnos (id, usuario_id, dni, nombre, apellidos, codigo_barras, aula_id) VALUES ('ef105ada-443c-4a55-8063-f46b2bf025fa', '3fa0d05f-075f-4b13-8329-4a603aa7afd8', '61713650', 'Diego Cristofer', 'Minaya Campos', '617100', 'a41e627c-0222-4b7c-a6c6-3dc33646475e');

COMMIT;

-- Resumen: 969 alumnos | 22 aulas | ciclo 2026-I